<?xml version="1.0" encoding="utf-8"?>
<LCTL_TEXT>
	<DOC id="20121213_WAPO_89fb0ad94e02f710be5c6a3aa2f71402">
		<TEXT>
			<SEG end_char="75" id="20121213_WAPO_89fb0ad94e02f710be5c6a3aa2f71402-0" start_char="0">
				<ORIGINAL_TEXT>New language, same findings: Tax hikes on the rich won’t cripple the economy</ORIGINAL_TEXT>
				<TOKEN end_char="2" id="token-0-0" start_char="0">New</TOKEN>
				<TOKEN end_char="11" id="token-0-1" start_char="4">language</TOKEN>
				<TOKEN end_char="12" id="token-0-2" start_char="12">,</TOKEN>
				<TOKEN end_char="17" id="token-0-3" start_char="14">same</TOKEN>
				<TOKEN end_char="26" id="token-0-4" start_char="19">findings</TOKEN>
				<TOKEN end_char="27" id="token-0-5" start_char="27">:</TOKEN>
				<TOKEN end_char="31" id="token-0-6" start_char="29">Tax</TOKEN>
				<TOKEN end_char="37" id="token-0-7" start_char="33">hikes</TOKEN>
				<TOKEN end_char="40" id="token-0-8" start_char="39">on</TOKEN>
				<TOKEN end_char="44" id="token-0-9" start_char="42">the</TOKEN>
				<TOKEN end_char="49" id="token-0-10" start_char="46">rich</TOKEN>
				<TOKEN end_char="53" id="token-0-11" start_char="51">won</TOKEN>
				<TOKEN end_char="54" id="token-0-12" start_char="54">’</TOKEN>
				<TOKEN end_char="55" id="token-0-13" start_char="55">t</TOKEN>
				<TOKEN end_char="63" id="token-0-14" start_char="57">cripple</TOKEN>
				<TOKEN end_char="67" id="token-0-15" start_char="65">the</TOKEN>
				<TOKEN end_char="75" id="token-0-16" start_char="69">economy</TOKEN>
			</SEG>
			<SEG end_char="122" id="20121213_WAPO_89fb0ad94e02f710be5c6a3aa2f71402-1" start_char="77">
				<ORIGINAL_TEXT>Thursday, December 13, 2012 15:33:05 GMT-05:00</ORIGINAL_TEXT>
				<TOKEN end_char="84" id="token-1-0" start_char="77">Thursday</TOKEN>
				<TOKEN end_char="85" id="token-1-1" start_char="85">,</TOKEN>
				<TOKEN end_char="94" id="token-1-2" start_char="87">December</TOKEN>
				<TOKEN end_char="97" id="token-1-3" start_char="96">13</TOKEN>
				<TOKEN end_char="98" id="token-1-4" start_char="98">,</TOKEN>
				<TOKEN end_char="103" id="token-1-5" start_char="100">2012</TOKEN>
				<TOKEN end_char="106" id="token-1-6" start_char="105">15</TOKEN>
				<TOKEN end_char="107" id="token-1-7" start_char="107">:</TOKEN>
				<TOKEN end_char="109" id="token-1-8" start_char="108">33</TOKEN>
				<TOKEN end_char="110" id="token-1-9" start_char="110">:</TOKEN>
				<TOKEN end_char="112" id="token-1-10" start_char="111">05</TOKEN>
				<TOKEN end_char="116" id="token-1-11" start_char="114">GMT</TOKEN>
				<TOKEN end_char="117" id="token-1-12" start_char="117">-</TOKEN>
				<TOKEN end_char="119" id="token-1-13" start_char="118">05</TOKEN>
				<TOKEN end_char="120" id="token-1-14" start_char="120">:</TOKEN>
				<TOKEN end_char="122" id="token-1-15" start_char="121">00</TOKEN>
			</SEG>
			<SEG end_char="472" id="20121213_WAPO_89fb0ad94e02f710be5c6a3aa2f71402-2" start_char="124">
				<ORIGINAL_TEXT>Under pressure from Senate Republicans, the Congressional Research Service withdrew a September report that concluded that there was no correlation between top individual tax rates and economic growth. Republicans claimed that the report was biased in tone and faulted its methodology, and convinced the agency to remove the report from circulation.</ORIGINAL_TEXT>
				<TOKEN end_char="128" id="token-2-0" start_char="124">Under</TOKEN>
				<TOKEN end_char="137" id="token-2-1" start_char="130">pressure</TOKEN>
				<TOKEN end_char="142" id="token-2-2" start_char="139">from</TOKEN>
				<TOKEN end_char="149" id="token-2-3" start_char="144">Senate</TOKEN>
				<TOKEN end_char="161" id="token-2-4" start_char="151">Republicans</TOKEN>
				<TOKEN end_char="162" id="token-2-5" start_char="162">,</TOKEN>
				<TOKEN end_char="166" id="token-2-6" start_char="164">the</TOKEN>
				<TOKEN end_char="180" id="token-2-7" start_char="168">Congressional</TOKEN>
				<TOKEN end_char="189" id="token-2-8" start_char="182">Research</TOKEN>
				<TOKEN end_char="197" id="token-2-9" start_char="191">Service</TOKEN>
				<TOKEN end_char="206" id="token-2-10" start_char="199">withdrew</TOKEN>
				<TOKEN end_char="208" id="token-2-11" start_char="208">a</TOKEN>
				<TOKEN end_char="218" id="token-2-12" start_char="210">September</TOKEN>
				<TOKEN end_char="225" id="token-2-13" start_char="220">report</TOKEN>
				<TOKEN end_char="230" id="token-2-14" start_char="227">that</TOKEN>
				<TOKEN end_char="240" id="token-2-15" start_char="232">concluded</TOKEN>
				<TOKEN end_char="245" id="token-2-16" start_char="242">that</TOKEN>
				<TOKEN end_char="251" id="token-2-17" start_char="247">there</TOKEN>
				<TOKEN end_char="255" id="token-2-18" start_char="253">was</TOKEN>
				<TOKEN end_char="258" id="token-2-19" start_char="257">no</TOKEN>
				<TOKEN end_char="270" id="token-2-20" start_char="260">correlation</TOKEN>
				<TOKEN end_char="278" id="token-2-21" start_char="272">between</TOKEN>
				<TOKEN end_char="282" id="token-2-22" start_char="280">top</TOKEN>
				<TOKEN end_char="293" id="token-2-23" start_char="284">individual</TOKEN>
				<TOKEN end_char="297" id="token-2-24" start_char="295">tax</TOKEN>
				<TOKEN end_char="303" id="token-2-25" start_char="299">rates</TOKEN>
				<TOKEN end_char="307" id="token-2-26" start_char="305">and</TOKEN>
				<TOKEN end_char="316" id="token-2-27" start_char="309">economic</TOKEN>
				<TOKEN end_char="323" id="token-2-28" start_char="318">growth</TOKEN>
				<TOKEN end_char="324" id="token-2-29" start_char="324">.</TOKEN>
				<TOKEN end_char="336" id="token-2-30" start_char="326">Republicans</TOKEN>
				<TOKEN end_char="344" id="token-2-31" start_char="338">claimed</TOKEN>
				<TOKEN end_char="349" id="token-2-32" start_char="346">that</TOKEN>
				<TOKEN end_char="353" id="token-2-33" start_char="351">the</TOKEN>
				<TOKEN end_char="360" id="token-2-34" start_char="355">report</TOKEN>
				<TOKEN end_char="364" id="token-2-35" start_char="362">was</TOKEN>
				<TOKEN end_char="371" id="token-2-36" start_char="366">biased</TOKEN>
				<TOKEN end_char="374" id="token-2-37" start_char="373">in</TOKEN>
				<TOKEN end_char="379" id="token-2-38" start_char="376">tone</TOKEN>
				<TOKEN end_char="383" id="token-2-39" start_char="381">and</TOKEN>
				<TOKEN end_char="391" id="token-2-40" start_char="385">faulted</TOKEN>
				<TOKEN end_char="395" id="token-2-41" start_char="393">its</TOKEN>
				<TOKEN end_char="407" id="token-2-42" start_char="397">methodology</TOKEN>
				<TOKEN end_char="408" id="token-2-43" start_char="408">,</TOKEN>
				<TOKEN end_char="412" id="token-2-44" start_char="410">and</TOKEN>
				<TOKEN end_char="422" id="token-2-45" start_char="414">convinced</TOKEN>
				<TOKEN end_char="426" id="token-2-46" start_char="424">the</TOKEN>
				<TOKEN end_char="433" id="token-2-47" start_char="428">agency</TOKEN>
				<TOKEN end_char="436" id="token-2-48" start_char="435">to</TOKEN>
				<TOKEN end_char="443" id="token-2-49" start_char="438">remove</TOKEN>
				<TOKEN end_char="447" id="token-2-50" start_char="445">the</TOKEN>
				<TOKEN end_char="454" id="token-2-51" start_char="449">report</TOKEN>
				<TOKEN end_char="459" id="token-2-52" start_char="456">from</TOKEN>
				<TOKEN end_char="471" id="token-2-53" start_char="461">circulation</TOKEN>
				<TOKEN end_char="472" id="token-2-54" start_char="472">.</TOKEN>
			</SEG>
			<SEG end_char="763" id="20121213_WAPO_89fb0ad94e02f710be5c6a3aa2f71402-3" start_char="474">
				<ORIGINAL_TEXT>The CRS has now released a revised edition of the report that changes some of the language that Republicans had found most objectionable, bolsters the arguments cited in favor of tax cuts and clarifies its methodology. But its underlying conclusion about the Bush tax cuts remains the same.</ORIGINAL_TEXT>
				<TOKEN end_char="476" id="token-3-0" start_char="474">The</TOKEN>
				<TOKEN end_char="480" id="token-3-1" start_char="478">CRS</TOKEN>
				<TOKEN end_char="484" id="token-3-2" start_char="482">has</TOKEN>
				<TOKEN end_char="488" id="token-3-3" start_char="486">now</TOKEN>
				<TOKEN end_char="497" id="token-3-4" start_char="490">released</TOKEN>
				<TOKEN end_char="499" id="token-3-5" start_char="499">a</TOKEN>
				<TOKEN end_char="507" id="token-3-6" start_char="501">revised</TOKEN>
				<TOKEN end_char="515" id="token-3-7" start_char="509">edition</TOKEN>
				<TOKEN end_char="518" id="token-3-8" start_char="517">of</TOKEN>
				<TOKEN end_char="522" id="token-3-9" start_char="520">the</TOKEN>
				<TOKEN end_char="529" id="token-3-10" start_char="524">report</TOKEN>
				<TOKEN end_char="534" id="token-3-11" start_char="531">that</TOKEN>
				<TOKEN end_char="542" id="token-3-12" start_char="536">changes</TOKEN>
				<TOKEN end_char="547" id="token-3-13" start_char="544">some</TOKEN>
				<TOKEN end_char="550" id="token-3-14" start_char="549">of</TOKEN>
				<TOKEN end_char="554" id="token-3-15" start_char="552">the</TOKEN>
				<TOKEN end_char="563" id="token-3-16" start_char="556">language</TOKEN>
				<TOKEN end_char="568" id="token-3-17" start_char="565">that</TOKEN>
				<TOKEN end_char="580" id="token-3-18" start_char="570">Republicans</TOKEN>
				<TOKEN end_char="584" id="token-3-19" start_char="582">had</TOKEN>
				<TOKEN end_char="590" id="token-3-20" start_char="586">found</TOKEN>
				<TOKEN end_char="595" id="token-3-21" start_char="592">most</TOKEN>
				<TOKEN end_char="609" id="token-3-22" start_char="597">objectionable</TOKEN>
				<TOKEN end_char="610" id="token-3-23" start_char="610">,</TOKEN>
				<TOKEN end_char="619" id="token-3-24" start_char="612">bolsters</TOKEN>
				<TOKEN end_char="623" id="token-3-25" start_char="621">the</TOKEN>
				<TOKEN end_char="633" id="token-3-26" start_char="625">arguments</TOKEN>
				<TOKEN end_char="639" id="token-3-27" start_char="635">cited</TOKEN>
				<TOKEN end_char="642" id="token-3-28" start_char="641">in</TOKEN>
				<TOKEN end_char="648" id="token-3-29" start_char="644">favor</TOKEN>
				<TOKEN end_char="651" id="token-3-30" start_char="650">of</TOKEN>
				<TOKEN end_char="655" id="token-3-31" start_char="653">tax</TOKEN>
				<TOKEN end_char="660" id="token-3-32" start_char="657">cuts</TOKEN>
				<TOKEN end_char="664" id="token-3-33" start_char="662">and</TOKEN>
				<TOKEN end_char="674" id="token-3-34" start_char="666">clarifies</TOKEN>
				<TOKEN end_char="678" id="token-3-35" start_char="676">its</TOKEN>
				<TOKEN end_char="690" id="token-3-36" start_char="680">methodology</TOKEN>
				<TOKEN end_char="691" id="token-3-37" start_char="691">.</TOKEN>
				<TOKEN end_char="695" id="token-3-38" start_char="693">But</TOKEN>
				<TOKEN end_char="699" id="token-3-39" start_char="697">its</TOKEN>
				<TOKEN end_char="710" id="token-3-40" start_char="701">underlying</TOKEN>
				<TOKEN end_char="721" id="token-3-41" start_char="712">conclusion</TOKEN>
				<TOKEN end_char="727" id="token-3-42" start_char="723">about</TOKEN>
				<TOKEN end_char="731" id="token-3-43" start_char="729">the</TOKEN>
				<TOKEN end_char="736" id="token-3-44" start_char="733">Bush</TOKEN>
				<TOKEN end_char="740" id="token-3-45" start_char="738">tax</TOKEN>
				<TOKEN end_char="745" id="token-3-46" start_char="742">cuts</TOKEN>
				<TOKEN end_char="753" id="token-3-47" start_char="747">remains</TOKEN>
				<TOKEN end_char="757" id="token-3-48" start_char="755">the</TOKEN>
				<TOKEN end_char="762" id="token-3-49" start_char="759">same</TOKEN>
				<TOKEN end_char="763" id="token-3-50" start_char="763">.</TOKEN>
			</SEG>
			<SEG end_char="1105" id="20121213_WAPO_89fb0ad94e02f710be5c6a3aa2f71402-4" start_char="766">
				<ORIGINAL_TEXT>The nonpartisan office, which is part of the Library of Congress, denies that it was simply acting at the whim of Republicans. &quot;CRS decided to report on its own,&quot; said spokesperson Janine D'Addario, stressing the office's commitment to objectivity. &quot;To my knowledge, we have never withdrawn a report based solely on comments from Congress.&quot;</ORIGINAL_TEXT>
				<TOKEN end_char="768" id="token-4-0" start_char="766">The</TOKEN>
				<TOKEN end_char="780" id="token-4-1" start_char="770">nonpartisan</TOKEN>
				<TOKEN end_char="787" id="token-4-2" start_char="782">office</TOKEN>
				<TOKEN end_char="788" id="token-4-3" start_char="788">,</TOKEN>
				<TOKEN end_char="794" id="token-4-4" start_char="790">which</TOKEN>
				<TOKEN end_char="797" id="token-4-5" start_char="796">is</TOKEN>
				<TOKEN end_char="802" id="token-4-6" start_char="799">part</TOKEN>
				<TOKEN end_char="805" id="token-4-7" start_char="804">of</TOKEN>
				<TOKEN end_char="809" id="token-4-8" start_char="807">the</TOKEN>
				<TOKEN end_char="817" id="token-4-9" start_char="811">Library</TOKEN>
				<TOKEN end_char="820" id="token-4-10" start_char="819">of</TOKEN>
				<TOKEN end_char="829" id="token-4-11" start_char="822">Congress</TOKEN>
				<TOKEN end_char="830" id="token-4-12" start_char="830">,</TOKEN>
				<TOKEN end_char="837" id="token-4-13" start_char="832">denies</TOKEN>
				<TOKEN end_char="842" id="token-4-14" start_char="839">that</TOKEN>
				<TOKEN end_char="845" id="token-4-15" start_char="844">it</TOKEN>
				<TOKEN end_char="849" id="token-4-16" start_char="847">was</TOKEN>
				<TOKEN end_char="856" id="token-4-17" start_char="851">simply</TOKEN>
				<TOKEN end_char="863" id="token-4-18" start_char="858">acting</TOKEN>
				<TOKEN end_char="866" id="token-4-19" start_char="865">at</TOKEN>
				<TOKEN end_char="870" id="token-4-20" start_char="868">the</TOKEN>
				<TOKEN end_char="875" id="token-4-21" start_char="872">whim</TOKEN>
				<TOKEN end_char="878" id="token-4-22" start_char="877">of</TOKEN>
				<TOKEN end_char="890" id="token-4-23" start_char="880">Republicans</TOKEN>
				<TOKEN end_char="891" id="token-4-24" start_char="891">.</TOKEN>
				<TOKEN end_char="893" id="token-4-25" start_char="893">&quot;</TOKEN>
				<TOKEN end_char="896" id="token-4-26" start_char="894">CRS</TOKEN>
				<TOKEN end_char="904" id="token-4-27" start_char="898">decided</TOKEN>
				<TOKEN end_char="907" id="token-4-28" start_char="906">to</TOKEN>
				<TOKEN end_char="914" id="token-4-29" start_char="909">report</TOKEN>
				<TOKEN end_char="917" id="token-4-30" start_char="916">on</TOKEN>
				<TOKEN end_char="921" id="token-4-31" start_char="919">its</TOKEN>
				<TOKEN end_char="925" id="token-4-32" start_char="923">own</TOKEN>
				<TOKEN end_char="927" id="token-4-33" start_char="926">,&quot;</TOKEN>
				<TOKEN end_char="932" id="token-4-34" start_char="929">said</TOKEN>
				<TOKEN end_char="945" id="token-4-35" start_char="934">spokesperson</TOKEN>
				<TOKEN end_char="952" id="token-4-36" start_char="947">Janine</TOKEN>
				<TOKEN end_char="954" id="token-4-37" start_char="954">D</TOKEN>
				<TOKEN end_char="955" id="token-4-38" start_char="955">'</TOKEN>
				<TOKEN end_char="962" id="token-4-39" start_char="956">Addario</TOKEN>
				<TOKEN end_char="963" id="token-4-40" start_char="963">,</TOKEN>
				<TOKEN end_char="973" id="token-4-41" start_char="965">stressing</TOKEN>
				<TOKEN end_char="977" id="token-4-42" start_char="975">the</TOKEN>
				<TOKEN end_char="984" id="token-4-43" start_char="979">office</TOKEN>
				<TOKEN end_char="985" id="token-4-44" start_char="985">'</TOKEN>
				<TOKEN end_char="986" id="token-4-45" start_char="986">s</TOKEN>
				<TOKEN end_char="997" id="token-4-46" start_char="988">commitment</TOKEN>
				<TOKEN end_char="1000" id="token-4-47" start_char="999">to</TOKEN>
				<TOKEN end_char="1012" id="token-4-48" start_char="1002">objectivity</TOKEN>
				<TOKEN end_char="1013" id="token-4-49" start_char="1013">.</TOKEN>
				<TOKEN end_char="1015" id="token-4-50" start_char="1015">&quot;</TOKEN>
				<TOKEN end_char="1017" id="token-4-51" start_char="1016">To</TOKEN>
				<TOKEN end_char="1020" id="token-4-52" start_char="1019">my</TOKEN>
				<TOKEN end_char="1030" id="token-4-53" start_char="1022">knowledge</TOKEN>
				<TOKEN end_char="1031" id="token-4-54" start_char="1031">,</TOKEN>
				<TOKEN end_char="1034" id="token-4-55" start_char="1033">we</TOKEN>
				<TOKEN end_char="1039" id="token-4-56" start_char="1036">have</TOKEN>
				<TOKEN end_char="1045" id="token-4-57" start_char="1041">never</TOKEN>
				<TOKEN end_char="1055" id="token-4-58" start_char="1047">withdrawn</TOKEN>
				<TOKEN end_char="1057" id="token-4-59" start_char="1057">a</TOKEN>
				<TOKEN end_char="1064" id="token-4-60" start_char="1059">report</TOKEN>
				<TOKEN end_char="1070" id="token-4-61" start_char="1066">based</TOKEN>
				<TOKEN end_char="1077" id="token-4-62" start_char="1072">solely</TOKEN>
				<TOKEN end_char="1080" id="token-4-63" start_char="1079">on</TOKEN>
				<TOKEN end_char="1089" id="token-4-64" start_char="1082">comments</TOKEN>
				<TOKEN end_char="1094" id="token-4-65" start_char="1091">from</TOKEN>
				<TOKEN end_char="1103" id="token-4-66" start_char="1096">Congress</TOKEN>
				<TOKEN end_char="1105" id="token-4-67" start_char="1104">.&quot;</TOKEN>
			</SEG>
			<SEG end_char="1472" id="20121213_WAPO_89fb0ad94e02f710be5c6a3aa2f71402-5" start_char="1108">
				<ORIGINAL_TEXT>But many of the changes reflect the GOP's criticism of the original report. Republicans were incensed that the original report referred to &quot;tax rates on the rich,&quot; which the CRS has revised to &quot;high-income taxpayers.&quot; The new version of the CRS report is also padded with new citations to research in support of Republicans' view that tax cuts view economic growth.</ORIGINAL_TEXT>
				<TOKEN end_char="1110" id="token-5-0" start_char="1108">But</TOKEN>
				<TOKEN end_char="1115" id="token-5-1" start_char="1112">many</TOKEN>
				<TOKEN end_char="1118" id="token-5-2" start_char="1117">of</TOKEN>
				<TOKEN end_char="1122" id="token-5-3" start_char="1120">the</TOKEN>
				<TOKEN end_char="1130" id="token-5-4" start_char="1124">changes</TOKEN>
				<TOKEN end_char="1138" id="token-5-5" start_char="1132">reflect</TOKEN>
				<TOKEN end_char="1142" id="token-5-6" start_char="1140">the</TOKEN>
				<TOKEN end_char="1146" id="token-5-7" start_char="1144">GOP</TOKEN>
				<TOKEN end_char="1147" id="token-5-8" start_char="1147">'</TOKEN>
				<TOKEN end_char="1148" id="token-5-9" start_char="1148">s</TOKEN>
				<TOKEN end_char="1158" id="token-5-10" start_char="1150">criticism</TOKEN>
				<TOKEN end_char="1161" id="token-5-11" start_char="1160">of</TOKEN>
				<TOKEN end_char="1165" id="token-5-12" start_char="1163">the</TOKEN>
				<TOKEN end_char="1174" id="token-5-13" start_char="1167">original</TOKEN>
				<TOKEN end_char="1181" id="token-5-14" start_char="1176">report</TOKEN>
				<TOKEN end_char="1182" id="token-5-15" start_char="1182">.</TOKEN>
				<TOKEN end_char="1194" id="token-5-16" start_char="1184">Republicans</TOKEN>
				<TOKEN end_char="1199" id="token-5-17" start_char="1196">were</TOKEN>
				<TOKEN end_char="1208" id="token-5-18" start_char="1201">incensed</TOKEN>
				<TOKEN end_char="1213" id="token-5-19" start_char="1210">that</TOKEN>
				<TOKEN end_char="1217" id="token-5-20" start_char="1215">the</TOKEN>
				<TOKEN end_char="1226" id="token-5-21" start_char="1219">original</TOKEN>
				<TOKEN end_char="1233" id="token-5-22" start_char="1228">report</TOKEN>
				<TOKEN end_char="1242" id="token-5-23" start_char="1235">referred</TOKEN>
				<TOKEN end_char="1245" id="token-5-24" start_char="1244">to</TOKEN>
				<TOKEN end_char="1247" id="token-5-25" start_char="1247">&quot;</TOKEN>
				<TOKEN end_char="1250" id="token-5-26" start_char="1248">tax</TOKEN>
				<TOKEN end_char="1256" id="token-5-27" start_char="1252">rates</TOKEN>
				<TOKEN end_char="1259" id="token-5-28" start_char="1258">on</TOKEN>
				<TOKEN end_char="1263" id="token-5-29" start_char="1261">the</TOKEN>
				<TOKEN end_char="1268" id="token-5-30" start_char="1265">rich</TOKEN>
				<TOKEN end_char="1270" id="token-5-31" start_char="1269">,&quot;</TOKEN>
				<TOKEN end_char="1276" id="token-5-32" start_char="1272">which</TOKEN>
				<TOKEN end_char="1280" id="token-5-33" start_char="1278">the</TOKEN>
				<TOKEN end_char="1284" id="token-5-34" start_char="1282">CRS</TOKEN>
				<TOKEN end_char="1288" id="token-5-35" start_char="1286">has</TOKEN>
				<TOKEN end_char="1296" id="token-5-36" start_char="1290">revised</TOKEN>
				<TOKEN end_char="1299" id="token-5-37" start_char="1298">to</TOKEN>
				<TOKEN end_char="1301" id="token-5-38" start_char="1301">&quot;</TOKEN>
				<TOKEN end_char="1305" id="token-5-39" start_char="1302">high</TOKEN>
				<TOKEN end_char="1306" id="token-5-40" start_char="1306">-</TOKEN>
				<TOKEN end_char="1312" id="token-5-41" start_char="1307">income</TOKEN>
				<TOKEN end_char="1322" id="token-5-42" start_char="1314">taxpayers</TOKEN>
				<TOKEN end_char="1324" id="token-5-43" start_char="1323">.&quot;</TOKEN>
				<TOKEN end_char="1328" id="token-5-44" start_char="1326">The</TOKEN>
				<TOKEN end_char="1332" id="token-5-45" start_char="1330">new</TOKEN>
				<TOKEN end_char="1340" id="token-5-46" start_char="1334">version</TOKEN>
				<TOKEN end_char="1343" id="token-5-47" start_char="1342">of</TOKEN>
				<TOKEN end_char="1347" id="token-5-48" start_char="1345">the</TOKEN>
				<TOKEN end_char="1351" id="token-5-49" start_char="1349">CRS</TOKEN>
				<TOKEN end_char="1358" id="token-5-50" start_char="1353">report</TOKEN>
				<TOKEN end_char="1361" id="token-5-51" start_char="1360">is</TOKEN>
				<TOKEN end_char="1366" id="token-5-52" start_char="1363">also</TOKEN>
				<TOKEN end_char="1373" id="token-5-53" start_char="1368">padded</TOKEN>
				<TOKEN end_char="1378" id="token-5-54" start_char="1375">with</TOKEN>
				<TOKEN end_char="1382" id="token-5-55" start_char="1380">new</TOKEN>
				<TOKEN end_char="1392" id="token-5-56" start_char="1384">citations</TOKEN>
				<TOKEN end_char="1395" id="token-5-57" start_char="1394">to</TOKEN>
				<TOKEN end_char="1404" id="token-5-58" start_char="1397">research</TOKEN>
				<TOKEN end_char="1407" id="token-5-59" start_char="1406">in</TOKEN>
				<TOKEN end_char="1415" id="token-5-60" start_char="1409">support</TOKEN>
				<TOKEN end_char="1418" id="token-5-61" start_char="1417">of</TOKEN>
				<TOKEN end_char="1430" id="token-5-62" start_char="1420">Republicans</TOKEN>
				<TOKEN end_char="1431" id="token-5-63" start_char="1431">'</TOKEN>
				<TOKEN end_char="1436" id="token-5-64" start_char="1433">view</TOKEN>
				<TOKEN end_char="1441" id="token-5-65" start_char="1438">that</TOKEN>
				<TOKEN end_char="1445" id="token-5-66" start_char="1443">tax</TOKEN>
				<TOKEN end_char="1450" id="token-5-67" start_char="1447">cuts</TOKEN>
				<TOKEN end_char="1455" id="token-5-68" start_char="1452">view</TOKEN>
				<TOKEN end_char="1464" id="token-5-69" start_char="1457">economic</TOKEN>
				<TOKEN end_char="1471" id="token-5-70" start_char="1466">growth</TOKEN>
				<TOKEN end_char="1472" id="token-5-71" start_char="1472">.</TOKEN>
			</SEG>
			<SEG end_char="1975" id="20121213_WAPO_89fb0ad94e02f710be5c6a3aa2f71402-6" start_char="1474">
				<ORIGINAL_TEXT>In the original report, for instance, the report says that &quot;some have argued that raising tax rates, especially on higher-income taxpayers, to increase tax revenues is part of the solution for long-term debt reduction.&quot; The new report pairs this statement (&quot;On the one hand ...) with the contrary view (&quot;On the other hand, others argue that maintaining low tax rates is necessary to foster economic growth&quot;), citing a House bill for extending the Bush tax cuts that had originally just been a footnote.</ORIGINAL_TEXT>
				<TOKEN end_char="1475" id="token-6-0" start_char="1474">In</TOKEN>
				<TOKEN end_char="1479" id="token-6-1" start_char="1477">the</TOKEN>
				<TOKEN end_char="1488" id="token-6-2" start_char="1481">original</TOKEN>
				<TOKEN end_char="1495" id="token-6-3" start_char="1490">report</TOKEN>
				<TOKEN end_char="1496" id="token-6-4" start_char="1496">,</TOKEN>
				<TOKEN end_char="1500" id="token-6-5" start_char="1498">for</TOKEN>
				<TOKEN end_char="1509" id="token-6-6" start_char="1502">instance</TOKEN>
				<TOKEN end_char="1510" id="token-6-7" start_char="1510">,</TOKEN>
				<TOKEN end_char="1514" id="token-6-8" start_char="1512">the</TOKEN>
				<TOKEN end_char="1521" id="token-6-9" start_char="1516">report</TOKEN>
				<TOKEN end_char="1526" id="token-6-10" start_char="1523">says</TOKEN>
				<TOKEN end_char="1531" id="token-6-11" start_char="1528">that</TOKEN>
				<TOKEN end_char="1533" id="token-6-12" start_char="1533">&quot;</TOKEN>
				<TOKEN end_char="1537" id="token-6-13" start_char="1534">some</TOKEN>
				<TOKEN end_char="1542" id="token-6-14" start_char="1539">have</TOKEN>
				<TOKEN end_char="1549" id="token-6-15" start_char="1544">argued</TOKEN>
				<TOKEN end_char="1554" id="token-6-16" start_char="1551">that</TOKEN>
				<TOKEN end_char="1562" id="token-6-17" start_char="1556">raising</TOKEN>
				<TOKEN end_char="1566" id="token-6-18" start_char="1564">tax</TOKEN>
				<TOKEN end_char="1572" id="token-6-19" start_char="1568">rates</TOKEN>
				<TOKEN end_char="1573" id="token-6-20" start_char="1573">,</TOKEN>
				<TOKEN end_char="1584" id="token-6-21" start_char="1575">especially</TOKEN>
				<TOKEN end_char="1587" id="token-6-22" start_char="1586">on</TOKEN>
				<TOKEN end_char="1594" id="token-6-23" start_char="1589">higher</TOKEN>
				<TOKEN end_char="1595" id="token-6-24" start_char="1595">-</TOKEN>
				<TOKEN end_char="1601" id="token-6-25" start_char="1596">income</TOKEN>
				<TOKEN end_char="1611" id="token-6-26" start_char="1603">taxpayers</TOKEN>
				<TOKEN end_char="1612" id="token-6-27" start_char="1612">,</TOKEN>
				<TOKEN end_char="1615" id="token-6-28" start_char="1614">to</TOKEN>
				<TOKEN end_char="1624" id="token-6-29" start_char="1617">increase</TOKEN>
				<TOKEN end_char="1628" id="token-6-30" start_char="1626">tax</TOKEN>
				<TOKEN end_char="1637" id="token-6-31" start_char="1630">revenues</TOKEN>
				<TOKEN end_char="1640" id="token-6-32" start_char="1639">is</TOKEN>
				<TOKEN end_char="1645" id="token-6-33" start_char="1642">part</TOKEN>
				<TOKEN end_char="1648" id="token-6-34" start_char="1647">of</TOKEN>
				<TOKEN end_char="1652" id="token-6-35" start_char="1650">the</TOKEN>
				<TOKEN end_char="1661" id="token-6-36" start_char="1654">solution</TOKEN>
				<TOKEN end_char="1665" id="token-6-37" start_char="1663">for</TOKEN>
				<TOKEN end_char="1670" id="token-6-38" start_char="1667">long</TOKEN>
				<TOKEN end_char="1671" id="token-6-39" start_char="1671">-</TOKEN>
				<TOKEN end_char="1675" id="token-6-40" start_char="1672">term</TOKEN>
				<TOKEN end_char="1680" id="token-6-41" start_char="1677">debt</TOKEN>
				<TOKEN end_char="1690" id="token-6-42" start_char="1682">reduction</TOKEN>
				<TOKEN end_char="1692" id="token-6-43" start_char="1691">.&quot;</TOKEN>
				<TOKEN end_char="1696" id="token-6-44" start_char="1694">The</TOKEN>
				<TOKEN end_char="1700" id="token-6-45" start_char="1698">new</TOKEN>
				<TOKEN end_char="1707" id="token-6-46" start_char="1702">report</TOKEN>
				<TOKEN end_char="1713" id="token-6-47" start_char="1709">pairs</TOKEN>
				<TOKEN end_char="1718" id="token-6-48" start_char="1715">this</TOKEN>
				<TOKEN end_char="1728" id="token-6-49" start_char="1720">statement</TOKEN>
				<TOKEN end_char="1731" id="token-6-50" start_char="1730">(&quot;</TOKEN>
				<TOKEN end_char="1733" id="token-6-51" start_char="1732">On</TOKEN>
				<TOKEN end_char="1737" id="token-6-52" start_char="1735">the</TOKEN>
				<TOKEN end_char="1741" id="token-6-53" start_char="1739">one</TOKEN>
				<TOKEN end_char="1746" id="token-6-54" start_char="1743">hand</TOKEN>
				<TOKEN end_char="1751" id="token-6-55" start_char="1748">...)</TOKEN>
				<TOKEN end_char="1756" id="token-6-56" start_char="1753">with</TOKEN>
				<TOKEN end_char="1760" id="token-6-57" start_char="1758">the</TOKEN>
				<TOKEN end_char="1769" id="token-6-58" start_char="1762">contrary</TOKEN>
				<TOKEN end_char="1774" id="token-6-59" start_char="1771">view</TOKEN>
				<TOKEN end_char="1777" id="token-6-60" start_char="1776">(&quot;</TOKEN>
				<TOKEN end_char="1779" id="token-6-61" start_char="1778">On</TOKEN>
				<TOKEN end_char="1783" id="token-6-62" start_char="1781">the</TOKEN>
				<TOKEN end_char="1789" id="token-6-63" start_char="1785">other</TOKEN>
				<TOKEN end_char="1794" id="token-6-64" start_char="1791">hand</TOKEN>
				<TOKEN end_char="1795" id="token-6-65" start_char="1795">,</TOKEN>
				<TOKEN end_char="1802" id="token-6-66" start_char="1797">others</TOKEN>
				<TOKEN end_char="1808" id="token-6-67" start_char="1804">argue</TOKEN>
				<TOKEN end_char="1813" id="token-6-68" start_char="1810">that</TOKEN>
				<TOKEN end_char="1825" id="token-6-69" start_char="1815">maintaining</TOKEN>
				<TOKEN end_char="1829" id="token-6-70" start_char="1827">low</TOKEN>
				<TOKEN end_char="1833" id="token-6-71" start_char="1831">tax</TOKEN>
				<TOKEN end_char="1839" id="token-6-72" start_char="1835">rates</TOKEN>
				<TOKEN end_char="1842" id="token-6-73" start_char="1841">is</TOKEN>
				<TOKEN end_char="1852" id="token-6-74" start_char="1844">necessary</TOKEN>
				<TOKEN end_char="1855" id="token-6-75" start_char="1854">to</TOKEN>
				<TOKEN end_char="1862" id="token-6-76" start_char="1857">foster</TOKEN>
				<TOKEN end_char="1871" id="token-6-77" start_char="1864">economic</TOKEN>
				<TOKEN end_char="1878" id="token-6-78" start_char="1873">growth</TOKEN>
				<TOKEN end_char="1881" id="token-6-79" start_char="1879">&quot;),</TOKEN>
				<TOKEN end_char="1888" id="token-6-80" start_char="1883">citing</TOKEN>
				<TOKEN end_char="1890" id="token-6-81" start_char="1890">a</TOKEN>
				<TOKEN end_char="1896" id="token-6-82" start_char="1892">House</TOKEN>
				<TOKEN end_char="1901" id="token-6-83" start_char="1898">bill</TOKEN>
				<TOKEN end_char="1905" id="token-6-84" start_char="1903">for</TOKEN>
				<TOKEN end_char="1915" id="token-6-85" start_char="1907">extending</TOKEN>
				<TOKEN end_char="1919" id="token-6-86" start_char="1917">the</TOKEN>
				<TOKEN end_char="1924" id="token-6-87" start_char="1921">Bush</TOKEN>
				<TOKEN end_char="1928" id="token-6-88" start_char="1926">tax</TOKEN>
				<TOKEN end_char="1933" id="token-6-89" start_char="1930">cuts</TOKEN>
				<TOKEN end_char="1938" id="token-6-90" start_char="1935">that</TOKEN>
				<TOKEN end_char="1942" id="token-6-91" start_char="1940">had</TOKEN>
				<TOKEN end_char="1953" id="token-6-92" start_char="1944">originally</TOKEN>
				<TOKEN end_char="1958" id="token-6-93" start_char="1955">just</TOKEN>
				<TOKEN end_char="1963" id="token-6-94" start_char="1960">been</TOKEN>
				<TOKEN end_char="1965" id="token-6-95" start_char="1965">a</TOKEN>
				<TOKEN end_char="1974" id="token-6-96" start_char="1967">footnote</TOKEN>
				<TOKEN end_char="1975" id="token-6-97" start_char="1975">.</TOKEN>
			</SEG>
			<SEG end_char="2167" id="20121213_WAPO_89fb0ad94e02f710be5c6a3aa2f71402-7" start_char="1977">
				<ORIGINAL_TEXT>The revised report also includes a new section called &quot;methods&quot; that details how the researcher, Thomas Hungerford, went about examining the correlation between tax rates and economic growth.</ORIGINAL_TEXT>
				<TOKEN end_char="1979" id="token-7-0" start_char="1977">The</TOKEN>
				<TOKEN end_char="1987" id="token-7-1" start_char="1981">revised</TOKEN>
				<TOKEN end_char="1994" id="token-7-2" start_char="1989">report</TOKEN>
				<TOKEN end_char="1999" id="token-7-3" start_char="1996">also</TOKEN>
				<TOKEN end_char="2008" id="token-7-4" start_char="2001">includes</TOKEN>
				<TOKEN end_char="2010" id="token-7-5" start_char="2010">a</TOKEN>
				<TOKEN end_char="2014" id="token-7-6" start_char="2012">new</TOKEN>
				<TOKEN end_char="2022" id="token-7-7" start_char="2016">section</TOKEN>
				<TOKEN end_char="2029" id="token-7-8" start_char="2024">called</TOKEN>
				<TOKEN end_char="2031" id="token-7-9" start_char="2031">&quot;</TOKEN>
				<TOKEN end_char="2038" id="token-7-10" start_char="2032">methods</TOKEN>
				<TOKEN end_char="2039" id="token-7-11" start_char="2039">&quot;</TOKEN>
				<TOKEN end_char="2044" id="token-7-12" start_char="2041">that</TOKEN>
				<TOKEN end_char="2052" id="token-7-13" start_char="2046">details</TOKEN>
				<TOKEN end_char="2056" id="token-7-14" start_char="2054">how</TOKEN>
				<TOKEN end_char="2060" id="token-7-15" start_char="2058">the</TOKEN>
				<TOKEN end_char="2071" id="token-7-16" start_char="2062">researcher</TOKEN>
				<TOKEN end_char="2072" id="token-7-17" start_char="2072">,</TOKEN>
				<TOKEN end_char="2079" id="token-7-18" start_char="2074">Thomas</TOKEN>
				<TOKEN end_char="2090" id="token-7-19" start_char="2081">Hungerford</TOKEN>
				<TOKEN end_char="2091" id="token-7-20" start_char="2091">,</TOKEN>
				<TOKEN end_char="2096" id="token-7-21" start_char="2093">went</TOKEN>
				<TOKEN end_char="2102" id="token-7-22" start_char="2098">about</TOKEN>
				<TOKEN end_char="2112" id="token-7-23" start_char="2104">examining</TOKEN>
				<TOKEN end_char="2116" id="token-7-24" start_char="2114">the</TOKEN>
				<TOKEN end_char="2128" id="token-7-25" start_char="2118">correlation</TOKEN>
				<TOKEN end_char="2136" id="token-7-26" start_char="2130">between</TOKEN>
				<TOKEN end_char="2140" id="token-7-27" start_char="2138">tax</TOKEN>
				<TOKEN end_char="2146" id="token-7-28" start_char="2142">rates</TOKEN>
				<TOKEN end_char="2150" id="token-7-29" start_char="2148">and</TOKEN>
				<TOKEN end_char="2159" id="token-7-30" start_char="2152">economic</TOKEN>
				<TOKEN end_char="2166" id="token-7-31" start_char="2161">growth</TOKEN>
				<TOKEN end_char="2167" id="token-7-32" start_char="2167">.</TOKEN>
			</SEG>
			<SEG end_char="2561" id="20121213_WAPO_89fb0ad94e02f710be5c6a3aa2f71402-8" start_char="2170">
				<ORIGINAL_TEXT>Both sides are claiming some kind of vindication. The Republicans who blasted the original report say they're pleased it got another look. &quot;While we don’t necessarily agree with its conclusions, hats off to CRS for hearing out our concerns and agreeing that the report needed to be modified to reach their standards,&quot; says Antonia Ferrier, a spokesperson for the Senate GOP Finance Committee.</ORIGINAL_TEXT>
				<TOKEN end_char="2173" id="token-8-0" start_char="2170">Both</TOKEN>
				<TOKEN end_char="2179" id="token-8-1" start_char="2175">sides</TOKEN>
				<TOKEN end_char="2183" id="token-8-2" start_char="2181">are</TOKEN>
				<TOKEN end_char="2192" id="token-8-3" start_char="2185">claiming</TOKEN>
				<TOKEN end_char="2197" id="token-8-4" start_char="2194">some</TOKEN>
				<TOKEN end_char="2202" id="token-8-5" start_char="2199">kind</TOKEN>
				<TOKEN end_char="2205" id="token-8-6" start_char="2204">of</TOKEN>
				<TOKEN end_char="2217" id="token-8-7" start_char="2207">vindication</TOKEN>
				<TOKEN end_char="2218" id="token-8-8" start_char="2218">.</TOKEN>
				<TOKEN end_char="2222" id="token-8-9" start_char="2220">The</TOKEN>
				<TOKEN end_char="2234" id="token-8-10" start_char="2224">Republicans</TOKEN>
				<TOKEN end_char="2238" id="token-8-11" start_char="2236">who</TOKEN>
				<TOKEN end_char="2246" id="token-8-12" start_char="2240">blasted</TOKEN>
				<TOKEN end_char="2250" id="token-8-13" start_char="2248">the</TOKEN>
				<TOKEN end_char="2259" id="token-8-14" start_char="2252">original</TOKEN>
				<TOKEN end_char="2266" id="token-8-15" start_char="2261">report</TOKEN>
				<TOKEN end_char="2270" id="token-8-16" start_char="2268">say</TOKEN>
				<TOKEN end_char="2275" id="token-8-17" start_char="2272">they</TOKEN>
				<TOKEN end_char="2276" id="token-8-18" start_char="2276">'</TOKEN>
				<TOKEN end_char="2278" id="token-8-19" start_char="2277">re</TOKEN>
				<TOKEN end_char="2286" id="token-8-20" start_char="2280">pleased</TOKEN>
				<TOKEN end_char="2289" id="token-8-21" start_char="2288">it</TOKEN>
				<TOKEN end_char="2293" id="token-8-22" start_char="2291">got</TOKEN>
				<TOKEN end_char="2301" id="token-8-23" start_char="2295">another</TOKEN>
				<TOKEN end_char="2306" id="token-8-24" start_char="2303">look</TOKEN>
				<TOKEN end_char="2307" id="token-8-25" start_char="2307">.</TOKEN>
				<TOKEN end_char="2309" id="token-8-26" start_char="2309">&quot;</TOKEN>
				<TOKEN end_char="2314" id="token-8-27" start_char="2310">While</TOKEN>
				<TOKEN end_char="2317" id="token-8-28" start_char="2316">we</TOKEN>
				<TOKEN end_char="2321" id="token-8-29" start_char="2319">don</TOKEN>
				<TOKEN end_char="2322" id="token-8-30" start_char="2322">’</TOKEN>
				<TOKEN end_char="2323" id="token-8-31" start_char="2323">t</TOKEN>
				<TOKEN end_char="2335" id="token-8-32" start_char="2325">necessarily</TOKEN>
				<TOKEN end_char="2341" id="token-8-33" start_char="2337">agree</TOKEN>
				<TOKEN end_char="2346" id="token-8-34" start_char="2343">with</TOKEN>
				<TOKEN end_char="2350" id="token-8-35" start_char="2348">its</TOKEN>
				<TOKEN end_char="2362" id="token-8-36" start_char="2352">conclusions</TOKEN>
				<TOKEN end_char="2363" id="token-8-37" start_char="2363">,</TOKEN>
				<TOKEN end_char="2368" id="token-8-38" start_char="2365">hats</TOKEN>
				<TOKEN end_char="2372" id="token-8-39" start_char="2370">off</TOKEN>
				<TOKEN end_char="2375" id="token-8-40" start_char="2374">to</TOKEN>
				<TOKEN end_char="2379" id="token-8-41" start_char="2377">CRS</TOKEN>
				<TOKEN end_char="2383" id="token-8-42" start_char="2381">for</TOKEN>
				<TOKEN end_char="2391" id="token-8-43" start_char="2385">hearing</TOKEN>
				<TOKEN end_char="2395" id="token-8-44" start_char="2393">out</TOKEN>
				<TOKEN end_char="2399" id="token-8-45" start_char="2397">our</TOKEN>
				<TOKEN end_char="2408" id="token-8-46" start_char="2401">concerns</TOKEN>
				<TOKEN end_char="2412" id="token-8-47" start_char="2410">and</TOKEN>
				<TOKEN end_char="2421" id="token-8-48" start_char="2414">agreeing</TOKEN>
				<TOKEN end_char="2426" id="token-8-49" start_char="2423">that</TOKEN>
				<TOKEN end_char="2430" id="token-8-50" start_char="2428">the</TOKEN>
				<TOKEN end_char="2437" id="token-8-51" start_char="2432">report</TOKEN>
				<TOKEN end_char="2444" id="token-8-52" start_char="2439">needed</TOKEN>
				<TOKEN end_char="2447" id="token-8-53" start_char="2446">to</TOKEN>
				<TOKEN end_char="2450" id="token-8-54" start_char="2449">be</TOKEN>
				<TOKEN end_char="2459" id="token-8-55" start_char="2452">modified</TOKEN>
				<TOKEN end_char="2462" id="token-8-56" start_char="2461">to</TOKEN>
				<TOKEN end_char="2468" id="token-8-57" start_char="2464">reach</TOKEN>
				<TOKEN end_char="2474" id="token-8-58" start_char="2470">their</TOKEN>
				<TOKEN end_char="2484" id="token-8-59" start_char="2476">standards</TOKEN>
				<TOKEN end_char="2486" id="token-8-60" start_char="2485">,&quot;</TOKEN>
				<TOKEN end_char="2491" id="token-8-61" start_char="2488">says</TOKEN>
				<TOKEN end_char="2499" id="token-8-62" start_char="2493">Antonia</TOKEN>
				<TOKEN end_char="2507" id="token-8-63" start_char="2501">Ferrier</TOKEN>
				<TOKEN end_char="2508" id="token-8-64" start_char="2508">,</TOKEN>
				<TOKEN end_char="2510" id="token-8-65" start_char="2510">a</TOKEN>
				<TOKEN end_char="2523" id="token-8-66" start_char="2512">spokesperson</TOKEN>
				<TOKEN end_char="2527" id="token-8-67" start_char="2525">for</TOKEN>
				<TOKEN end_char="2531" id="token-8-68" start_char="2529">the</TOKEN>
				<TOKEN end_char="2538" id="token-8-69" start_char="2533">Senate</TOKEN>
				<TOKEN end_char="2542" id="token-8-70" start_char="2540">GOP</TOKEN>
				<TOKEN end_char="2550" id="token-8-71" start_char="2544">Finance</TOKEN>
				<TOKEN end_char="2560" id="token-8-72" start_char="2552">Committee</TOKEN>
				<TOKEN end_char="2561" id="token-8-73" start_char="2561">.</TOKEN>
			</SEG>
			<SEG end_char="2837" id="20121213_WAPO_89fb0ad94e02f710be5c6a3aa2f71402-9" start_char="2563">
				<ORIGINAL_TEXT>But House Democrats stress the fact that the bottom line of the report remains exactly the same: &quot;The results of the analysis suggest that changes over the past 65 years in the top margin rate and the top capital gains tax rate do not appear correlated with economic growth.&quot;</ORIGINAL_TEXT>
				<TOKEN end_char="2565" id="token-9-0" start_char="2563">But</TOKEN>
				<TOKEN end_char="2571" id="token-9-1" start_char="2567">House</TOKEN>
				<TOKEN end_char="2581" id="token-9-2" start_char="2573">Democrats</TOKEN>
				<TOKEN end_char="2588" id="token-9-3" start_char="2583">stress</TOKEN>
				<TOKEN end_char="2592" id="token-9-4" start_char="2590">the</TOKEN>
				<TOKEN end_char="2597" id="token-9-5" start_char="2594">fact</TOKEN>
				<TOKEN end_char="2602" id="token-9-6" start_char="2599">that</TOKEN>
				<TOKEN end_char="2606" id="token-9-7" start_char="2604">the</TOKEN>
				<TOKEN end_char="2613" id="token-9-8" start_char="2608">bottom</TOKEN>
				<TOKEN end_char="2618" id="token-9-9" start_char="2615">line</TOKEN>
				<TOKEN end_char="2621" id="token-9-10" start_char="2620">of</TOKEN>
				<TOKEN end_char="2625" id="token-9-11" start_char="2623">the</TOKEN>
				<TOKEN end_char="2632" id="token-9-12" start_char="2627">report</TOKEN>
				<TOKEN end_char="2640" id="token-9-13" start_char="2634">remains</TOKEN>
				<TOKEN end_char="2648" id="token-9-14" start_char="2642">exactly</TOKEN>
				<TOKEN end_char="2652" id="token-9-15" start_char="2650">the</TOKEN>
				<TOKEN end_char="2657" id="token-9-16" start_char="2654">same</TOKEN>
				<TOKEN end_char="2658" id="token-9-17" start_char="2658">:</TOKEN>
				<TOKEN end_char="2660" id="token-9-18" start_char="2660">&quot;</TOKEN>
				<TOKEN end_char="2663" id="token-9-19" start_char="2661">The</TOKEN>
				<TOKEN end_char="2671" id="token-9-20" start_char="2665">results</TOKEN>
				<TOKEN end_char="2674" id="token-9-21" start_char="2673">of</TOKEN>
				<TOKEN end_char="2678" id="token-9-22" start_char="2676">the</TOKEN>
				<TOKEN end_char="2687" id="token-9-23" start_char="2680">analysis</TOKEN>
				<TOKEN end_char="2695" id="token-9-24" start_char="2689">suggest</TOKEN>
				<TOKEN end_char="2700" id="token-9-25" start_char="2697">that</TOKEN>
				<TOKEN end_char="2708" id="token-9-26" start_char="2702">changes</TOKEN>
				<TOKEN end_char="2713" id="token-9-27" start_char="2710">over</TOKEN>
				<TOKEN end_char="2717" id="token-9-28" start_char="2715">the</TOKEN>
				<TOKEN end_char="2722" id="token-9-29" start_char="2719">past</TOKEN>
				<TOKEN end_char="2725" id="token-9-30" start_char="2724">65</TOKEN>
				<TOKEN end_char="2731" id="token-9-31" start_char="2727">years</TOKEN>
				<TOKEN end_char="2734" id="token-9-32" start_char="2733">in</TOKEN>
				<TOKEN end_char="2738" id="token-9-33" start_char="2736">the</TOKEN>
				<TOKEN end_char="2742" id="token-9-34" start_char="2740">top</TOKEN>
				<TOKEN end_char="2749" id="token-9-35" start_char="2744">margin</TOKEN>
				<TOKEN end_char="2754" id="token-9-36" start_char="2751">rate</TOKEN>
				<TOKEN end_char="2758" id="token-9-37" start_char="2756">and</TOKEN>
				<TOKEN end_char="2762" id="token-9-38" start_char="2760">the</TOKEN>
				<TOKEN end_char="2766" id="token-9-39" start_char="2764">top</TOKEN>
				<TOKEN end_char="2774" id="token-9-40" start_char="2768">capital</TOKEN>
				<TOKEN end_char="2780" id="token-9-41" start_char="2776">gains</TOKEN>
				<TOKEN end_char="2784" id="token-9-42" start_char="2782">tax</TOKEN>
				<TOKEN end_char="2789" id="token-9-43" start_char="2786">rate</TOKEN>
				<TOKEN end_char="2792" id="token-9-44" start_char="2791">do</TOKEN>
				<TOKEN end_char="2796" id="token-9-45" start_char="2794">not</TOKEN>
				<TOKEN end_char="2803" id="token-9-46" start_char="2798">appear</TOKEN>
				<TOKEN end_char="2814" id="token-9-47" start_char="2805">correlated</TOKEN>
				<TOKEN end_char="2819" id="token-9-48" start_char="2816">with</TOKEN>
				<TOKEN end_char="2828" id="token-9-49" start_char="2821">economic</TOKEN>
				<TOKEN end_char="2835" id="token-9-50" start_char="2830">growth</TOKEN>
				<TOKEN end_char="2837" id="token-9-51" start_char="2836">.&quot;</TOKEN>
			</SEG>
		</TEXT>
	</DOC>
</LCTL_TEXT>
