<?xml version="1.0" encoding="utf-8"?>
<LCTL_TEXT>
	<DOC id="20121114_WAPO_1cf7051c-2d0f-11e2-9ac2-1c61452669c3">
		<TEXT>
			<SEG end_char="54" id="20121114_WAPO_1cf7051c-2d0f-11e2-9ac2-1c61452669c3-0" start_char="0">
				<ORIGINAL_TEXT>Riverdale Park takes steps to engage Hispanic community</ORIGINAL_TEXT>
				<TOKEN end_char="8" id="token-0-0" start_char="0">Riverdale</TOKEN>
				<TOKEN end_char="13" id="token-0-1" start_char="10">Park</TOKEN>
				<TOKEN end_char="19" id="token-0-2" start_char="15">takes</TOKEN>
				<TOKEN end_char="25" id="token-0-3" start_char="21">steps</TOKEN>
				<TOKEN end_char="28" id="token-0-4" start_char="27">to</TOKEN>
				<TOKEN end_char="35" id="token-0-5" start_char="30">engage</TOKEN>
				<TOKEN end_char="44" id="token-0-6" start_char="37">Hispanic</TOKEN>
				<TOKEN end_char="54" id="token-0-7" start_char="46">community</TOKEN>
			</SEG>
			<SEG end_char="102" id="20121114_WAPO_1cf7051c-2d0f-11e2-9ac2-1c61452669c3-1" start_char="56">
				<ORIGINAL_TEXT>Wednesday, November 14, 2012 17:53:02 GMT-05:00</ORIGINAL_TEXT>
				<TOKEN end_char="64" id="token-1-0" start_char="56">Wednesday</TOKEN>
				<TOKEN end_char="65" id="token-1-1" start_char="65">,</TOKEN>
				<TOKEN end_char="74" id="token-1-2" start_char="67">November</TOKEN>
				<TOKEN end_char="77" id="token-1-3" start_char="76">14</TOKEN>
				<TOKEN end_char="78" id="token-1-4" start_char="78">,</TOKEN>
				<TOKEN end_char="83" id="token-1-5" start_char="80">2012</TOKEN>
				<TOKEN end_char="86" id="token-1-6" start_char="85">17</TOKEN>
				<TOKEN end_char="87" id="token-1-7" start_char="87">:</TOKEN>
				<TOKEN end_char="89" id="token-1-8" start_char="88">53</TOKEN>
				<TOKEN end_char="90" id="token-1-9" start_char="90">:</TOKEN>
				<TOKEN end_char="92" id="token-1-10" start_char="91">02</TOKEN>
				<TOKEN end_char="96" id="token-1-11" start_char="94">GMT</TOKEN>
				<TOKEN end_char="97" id="token-1-12" start_char="97">-</TOKEN>
				<TOKEN end_char="99" id="token-1-13" start_char="98">05</TOKEN>
				<TOKEN end_char="100" id="token-1-14" start_char="100">:</TOKEN>
				<TOKEN end_char="102" id="token-1-15" start_char="101">00</TOKEN>
			</SEG>
			<SEG end_char="292" id="20121114_WAPO_1cf7051c-2d0f-11e2-9ac2-1c61452669c3-2" start_char="104">
				<ORIGINAL_TEXT>As Riverdale Park has seen a boom in the number of its Hispanic and immigrant residents, town officials have taken steps to ensure that the population is integrated into the town’s affairs.</ORIGINAL_TEXT>
				<TOKEN end_char="105" id="token-2-0" start_char="104">As</TOKEN>
				<TOKEN end_char="115" id="token-2-1" start_char="107">Riverdale</TOKEN>
				<TOKEN end_char="120" id="token-2-2" start_char="117">Park</TOKEN>
				<TOKEN end_char="124" id="token-2-3" start_char="122">has</TOKEN>
				<TOKEN end_char="129" id="token-2-4" start_char="126">seen</TOKEN>
				<TOKEN end_char="131" id="token-2-5" start_char="131">a</TOKEN>
				<TOKEN end_char="136" id="token-2-6" start_char="133">boom</TOKEN>
				<TOKEN end_char="139" id="token-2-7" start_char="138">in</TOKEN>
				<TOKEN end_char="143" id="token-2-8" start_char="141">the</TOKEN>
				<TOKEN end_char="150" id="token-2-9" start_char="145">number</TOKEN>
				<TOKEN end_char="153" id="token-2-10" start_char="152">of</TOKEN>
				<TOKEN end_char="157" id="token-2-11" start_char="155">its</TOKEN>
				<TOKEN end_char="166" id="token-2-12" start_char="159">Hispanic</TOKEN>
				<TOKEN end_char="170" id="token-2-13" start_char="168">and</TOKEN>
				<TOKEN end_char="180" id="token-2-14" start_char="172">immigrant</TOKEN>
				<TOKEN end_char="190" id="token-2-15" start_char="182">residents</TOKEN>
				<TOKEN end_char="191" id="token-2-16" start_char="191">,</TOKEN>
				<TOKEN end_char="196" id="token-2-17" start_char="193">town</TOKEN>
				<TOKEN end_char="206" id="token-2-18" start_char="198">officials</TOKEN>
				<TOKEN end_char="211" id="token-2-19" start_char="208">have</TOKEN>
				<TOKEN end_char="217" id="token-2-20" start_char="213">taken</TOKEN>
				<TOKEN end_char="223" id="token-2-21" start_char="219">steps</TOKEN>
				<TOKEN end_char="226" id="token-2-22" start_char="225">to</TOKEN>
				<TOKEN end_char="233" id="token-2-23" start_char="228">ensure</TOKEN>
				<TOKEN end_char="238" id="token-2-24" start_char="235">that</TOKEN>
				<TOKEN end_char="242" id="token-2-25" start_char="240">the</TOKEN>
				<TOKEN end_char="253" id="token-2-26" start_char="244">population</TOKEN>
				<TOKEN end_char="256" id="token-2-27" start_char="255">is</TOKEN>
				<TOKEN end_char="267" id="token-2-28" start_char="258">integrated</TOKEN>
				<TOKEN end_char="272" id="token-2-29" start_char="269">into</TOKEN>
				<TOKEN end_char="276" id="token-2-30" start_char="274">the</TOKEN>
				<TOKEN end_char="281" id="token-2-31" start_char="278">town</TOKEN>
				<TOKEN end_char="282" id="token-2-32" start_char="282">’</TOKEN>
				<TOKEN end_char="283" id="token-2-33" start_char="283">s</TOKEN>
				<TOKEN end_char="291" id="token-2-34" start_char="285">affairs</TOKEN>
				<TOKEN end_char="292" id="token-2-35" start_char="292">.</TOKEN>
			</SEG>
			<SEG end_char="391" id="20121114_WAPO_1cf7051c-2d0f-11e2-9ac2-1c61452669c3-3" start_char="294">
				<ORIGINAL_TEXT>But reaching out to the Hispanic population has offered some challenges, Mayor Vernon Archer said.</ORIGINAL_TEXT>
				<TOKEN end_char="296" id="token-3-0" start_char="294">But</TOKEN>
				<TOKEN end_char="305" id="token-3-1" start_char="298">reaching</TOKEN>
				<TOKEN end_char="309" id="token-3-2" start_char="307">out</TOKEN>
				<TOKEN end_char="312" id="token-3-3" start_char="311">to</TOKEN>
				<TOKEN end_char="316" id="token-3-4" start_char="314">the</TOKEN>
				<TOKEN end_char="325" id="token-3-5" start_char="318">Hispanic</TOKEN>
				<TOKEN end_char="336" id="token-3-6" start_char="327">population</TOKEN>
				<TOKEN end_char="340" id="token-3-7" start_char="338">has</TOKEN>
				<TOKEN end_char="348" id="token-3-8" start_char="342">offered</TOKEN>
				<TOKEN end_char="353" id="token-3-9" start_char="350">some</TOKEN>
				<TOKEN end_char="364" id="token-3-10" start_char="355">challenges</TOKEN>
				<TOKEN end_char="365" id="token-3-11" start_char="365">,</TOKEN>
				<TOKEN end_char="371" id="token-3-12" start_char="367">Mayor</TOKEN>
				<TOKEN end_char="378" id="token-3-13" start_char="373">Vernon</TOKEN>
				<TOKEN end_char="385" id="token-3-14" start_char="380">Archer</TOKEN>
				<TOKEN end_char="390" id="token-3-15" start_char="387">said</TOKEN>
				<TOKEN end_char="391" id="token-3-16" start_char="391">.</TOKEN>
			</SEG>
			<SEG end_char="585" id="20121114_WAPO_1cf7051c-2d0f-11e2-9ac2-1c61452669c3-4" start_char="393">
				<ORIGINAL_TEXT>Town officials have sought to ensure Hispanic participation in civic and community events by hiring more bilingual staff and translating some of the town’s literature into Spanish, Archer said.</ORIGINAL_TEXT>
				<TOKEN end_char="396" id="token-4-0" start_char="393">Town</TOKEN>
				<TOKEN end_char="406" id="token-4-1" start_char="398">officials</TOKEN>
				<TOKEN end_char="411" id="token-4-2" start_char="408">have</TOKEN>
				<TOKEN end_char="418" id="token-4-3" start_char="413">sought</TOKEN>
				<TOKEN end_char="421" id="token-4-4" start_char="420">to</TOKEN>
				<TOKEN end_char="428" id="token-4-5" start_char="423">ensure</TOKEN>
				<TOKEN end_char="437" id="token-4-6" start_char="430">Hispanic</TOKEN>
				<TOKEN end_char="451" id="token-4-7" start_char="439">participation</TOKEN>
				<TOKEN end_char="454" id="token-4-8" start_char="453">in</TOKEN>
				<TOKEN end_char="460" id="token-4-9" start_char="456">civic</TOKEN>
				<TOKEN end_char="464" id="token-4-10" start_char="462">and</TOKEN>
				<TOKEN end_char="474" id="token-4-11" start_char="466">community</TOKEN>
				<TOKEN end_char="481" id="token-4-12" start_char="476">events</TOKEN>
				<TOKEN end_char="484" id="token-4-13" start_char="483">by</TOKEN>
				<TOKEN end_char="491" id="token-4-14" start_char="486">hiring</TOKEN>
				<TOKEN end_char="496" id="token-4-15" start_char="493">more</TOKEN>
				<TOKEN end_char="506" id="token-4-16" start_char="498">bilingual</TOKEN>
				<TOKEN end_char="512" id="token-4-17" start_char="508">staff</TOKEN>
				<TOKEN end_char="516" id="token-4-18" start_char="514">and</TOKEN>
				<TOKEN end_char="528" id="token-4-19" start_char="518">translating</TOKEN>
				<TOKEN end_char="533" id="token-4-20" start_char="530">some</TOKEN>
				<TOKEN end_char="536" id="token-4-21" start_char="535">of</TOKEN>
				<TOKEN end_char="540" id="token-4-22" start_char="538">the</TOKEN>
				<TOKEN end_char="545" id="token-4-23" start_char="542">town</TOKEN>
				<TOKEN end_char="546" id="token-4-24" start_char="546">’</TOKEN>
				<TOKEN end_char="547" id="token-4-25" start_char="547">s</TOKEN>
				<TOKEN end_char="558" id="token-4-26" start_char="549">literature</TOKEN>
				<TOKEN end_char="563" id="token-4-27" start_char="560">into</TOKEN>
				<TOKEN end_char="571" id="token-4-28" start_char="565">Spanish</TOKEN>
				<TOKEN end_char="572" id="token-4-29" start_char="572">,</TOKEN>
				<TOKEN end_char="579" id="token-4-30" start_char="574">Archer</TOKEN>
				<TOKEN end_char="584" id="token-4-31" start_char="581">said</TOKEN>
				<TOKEN end_char="585" id="token-4-32" start_char="585">.</TOKEN>
			</SEG>
			<SEG end_char="706" id="20121114_WAPO_1cf7051c-2d0f-11e2-9ac2-1c61452669c3-5" start_char="587">
				<ORIGINAL_TEXT>The town’s Hispanic population climbed to 50 percent in 2010, up from 28 percent in 2000, according to U.S. Census data.</ORIGINAL_TEXT>
				<TOKEN end_char="589" id="token-5-0" start_char="587">The</TOKEN>
				<TOKEN end_char="594" id="token-5-1" start_char="591">town</TOKEN>
				<TOKEN end_char="595" id="token-5-2" start_char="595">’</TOKEN>
				<TOKEN end_char="596" id="token-5-3" start_char="596">s</TOKEN>
				<TOKEN end_char="605" id="token-5-4" start_char="598">Hispanic</TOKEN>
				<TOKEN end_char="616" id="token-5-5" start_char="607">population</TOKEN>
				<TOKEN end_char="624" id="token-5-6" start_char="618">climbed</TOKEN>
				<TOKEN end_char="627" id="token-5-7" start_char="626">to</TOKEN>
				<TOKEN end_char="630" id="token-5-8" start_char="629">50</TOKEN>
				<TOKEN end_char="638" id="token-5-9" start_char="632">percent</TOKEN>
				<TOKEN end_char="641" id="token-5-10" start_char="640">in</TOKEN>
				<TOKEN end_char="646" id="token-5-11" start_char="643">2010</TOKEN>
				<TOKEN end_char="647" id="token-5-12" start_char="647">,</TOKEN>
				<TOKEN end_char="650" id="token-5-13" start_char="649">up</TOKEN>
				<TOKEN end_char="655" id="token-5-14" start_char="652">from</TOKEN>
				<TOKEN end_char="658" id="token-5-15" start_char="657">28</TOKEN>
				<TOKEN end_char="666" id="token-5-16" start_char="660">percent</TOKEN>
				<TOKEN end_char="669" id="token-5-17" start_char="668">in</TOKEN>
				<TOKEN end_char="674" id="token-5-18" start_char="671">2000</TOKEN>
				<TOKEN end_char="675" id="token-5-19" start_char="675">,</TOKEN>
				<TOKEN end_char="685" id="token-5-20" start_char="677">according</TOKEN>
				<TOKEN end_char="688" id="token-5-21" start_char="687">to</TOKEN>
				<TOKEN end_char="690" id="token-5-22" start_char="690">U</TOKEN>
				<TOKEN end_char="691" id="token-5-23" start_char="691">.</TOKEN>
				<TOKEN end_char="692" id="token-5-24" start_char="692">S</TOKEN>
				<TOKEN end_char="693" id="token-5-25" start_char="693">.</TOKEN>
				<TOKEN end_char="700" id="token-5-26" start_char="695">Census</TOKEN>
				<TOKEN end_char="705" id="token-5-27" start_char="702">data</TOKEN>
				<TOKEN end_char="706" id="token-5-28" start_char="706">.</TOKEN>
			</SEG>
			<SEG end_char="1126" id="20121114_WAPO_1cf7051c-2d0f-11e2-9ac2-1c61452669c3-6" start_char="708">
				<ORIGINAL_TEXT>In 2010, 40 percent of the town’s population was foreign-born, and 30 percent spoke a language other than English in the home, data show. George Escobar, director of the services department for the immigrant rights group Casa of Maryland, said he thinks the population is increasing because many Hispanics have family in the area and there are more affordable housing options than in Montgomery County and the District.</ORIGINAL_TEXT>
				<TOKEN end_char="709" id="token-6-0" start_char="708">In</TOKEN>
				<TOKEN end_char="714" id="token-6-1" start_char="711">2010</TOKEN>
				<TOKEN end_char="715" id="token-6-2" start_char="715">,</TOKEN>
				<TOKEN end_char="718" id="token-6-3" start_char="717">40</TOKEN>
				<TOKEN end_char="726" id="token-6-4" start_char="720">percent</TOKEN>
				<TOKEN end_char="729" id="token-6-5" start_char="728">of</TOKEN>
				<TOKEN end_char="733" id="token-6-6" start_char="731">the</TOKEN>
				<TOKEN end_char="738" id="token-6-7" start_char="735">town</TOKEN>
				<TOKEN end_char="739" id="token-6-8" start_char="739">’</TOKEN>
				<TOKEN end_char="740" id="token-6-9" start_char="740">s</TOKEN>
				<TOKEN end_char="751" id="token-6-10" start_char="742">population</TOKEN>
				<TOKEN end_char="755" id="token-6-11" start_char="753">was</TOKEN>
				<TOKEN end_char="763" id="token-6-12" start_char="757">foreign</TOKEN>
				<TOKEN end_char="764" id="token-6-13" start_char="764">-</TOKEN>
				<TOKEN end_char="768" id="token-6-14" start_char="765">born</TOKEN>
				<TOKEN end_char="769" id="token-6-15" start_char="769">,</TOKEN>
				<TOKEN end_char="773" id="token-6-16" start_char="771">and</TOKEN>
				<TOKEN end_char="776" id="token-6-17" start_char="775">30</TOKEN>
				<TOKEN end_char="784" id="token-6-18" start_char="778">percent</TOKEN>
				<TOKEN end_char="790" id="token-6-19" start_char="786">spoke</TOKEN>
				<TOKEN end_char="792" id="token-6-20" start_char="792">a</TOKEN>
				<TOKEN end_char="801" id="token-6-21" start_char="794">language</TOKEN>
				<TOKEN end_char="807" id="token-6-22" start_char="803">other</TOKEN>
				<TOKEN end_char="812" id="token-6-23" start_char="809">than</TOKEN>
				<TOKEN end_char="820" id="token-6-24" start_char="814">English</TOKEN>
				<TOKEN end_char="823" id="token-6-25" start_char="822">in</TOKEN>
				<TOKEN end_char="827" id="token-6-26" start_char="825">the</TOKEN>
				<TOKEN end_char="832" id="token-6-27" start_char="829">home</TOKEN>
				<TOKEN end_char="833" id="token-6-28" start_char="833">,</TOKEN>
				<TOKEN end_char="838" id="token-6-29" start_char="835">data</TOKEN>
				<TOKEN end_char="843" id="token-6-30" start_char="840">show</TOKEN>
				<TOKEN end_char="844" id="token-6-31" start_char="844">.</TOKEN>
				<TOKEN end_char="851" id="token-6-32" start_char="846">George</TOKEN>
				<TOKEN end_char="859" id="token-6-33" start_char="853">Escobar</TOKEN>
				<TOKEN end_char="860" id="token-6-34" start_char="860">,</TOKEN>
				<TOKEN end_char="869" id="token-6-35" start_char="862">director</TOKEN>
				<TOKEN end_char="872" id="token-6-36" start_char="871">of</TOKEN>
				<TOKEN end_char="876" id="token-6-37" start_char="874">the</TOKEN>
				<TOKEN end_char="885" id="token-6-38" start_char="878">services</TOKEN>
				<TOKEN end_char="896" id="token-6-39" start_char="887">department</TOKEN>
				<TOKEN end_char="900" id="token-6-40" start_char="898">for</TOKEN>
				<TOKEN end_char="904" id="token-6-41" start_char="902">the</TOKEN>
				<TOKEN end_char="914" id="token-6-42" start_char="906">immigrant</TOKEN>
				<TOKEN end_char="921" id="token-6-43" start_char="916">rights</TOKEN>
				<TOKEN end_char="927" id="token-6-44" start_char="923">group</TOKEN>
				<TOKEN end_char="932" id="token-6-45" start_char="929">Casa</TOKEN>
				<TOKEN end_char="935" id="token-6-46" start_char="934">of</TOKEN>
				<TOKEN end_char="944" id="token-6-47" start_char="937">Maryland</TOKEN>
				<TOKEN end_char="945" id="token-6-48" start_char="945">,</TOKEN>
				<TOKEN end_char="950" id="token-6-49" start_char="947">said</TOKEN>
				<TOKEN end_char="953" id="token-6-50" start_char="952">he</TOKEN>
				<TOKEN end_char="960" id="token-6-51" start_char="955">thinks</TOKEN>
				<TOKEN end_char="964" id="token-6-52" start_char="962">the</TOKEN>
				<TOKEN end_char="975" id="token-6-53" start_char="966">population</TOKEN>
				<TOKEN end_char="978" id="token-6-54" start_char="977">is</TOKEN>
				<TOKEN end_char="989" id="token-6-55" start_char="980">increasing</TOKEN>
				<TOKEN end_char="997" id="token-6-56" start_char="991">because</TOKEN>
				<TOKEN end_char="1002" id="token-6-57" start_char="999">many</TOKEN>
				<TOKEN end_char="1012" id="token-6-58" start_char="1004">Hispanics</TOKEN>
				<TOKEN end_char="1017" id="token-6-59" start_char="1014">have</TOKEN>
				<TOKEN end_char="1024" id="token-6-60" start_char="1019">family</TOKEN>
				<TOKEN end_char="1027" id="token-6-61" start_char="1026">in</TOKEN>
				<TOKEN end_char="1031" id="token-6-62" start_char="1029">the</TOKEN>
				<TOKEN end_char="1036" id="token-6-63" start_char="1033">area</TOKEN>
				<TOKEN end_char="1040" id="token-6-64" start_char="1038">and</TOKEN>
				<TOKEN end_char="1046" id="token-6-65" start_char="1042">there</TOKEN>
				<TOKEN end_char="1050" id="token-6-66" start_char="1048">are</TOKEN>
				<TOKEN end_char="1055" id="token-6-67" start_char="1052">more</TOKEN>
				<TOKEN end_char="1066" id="token-6-68" start_char="1057">affordable</TOKEN>
				<TOKEN end_char="1074" id="token-6-69" start_char="1068">housing</TOKEN>
				<TOKEN end_char="1082" id="token-6-70" start_char="1076">options</TOKEN>
				<TOKEN end_char="1087" id="token-6-71" start_char="1084">than</TOKEN>
				<TOKEN end_char="1090" id="token-6-72" start_char="1089">in</TOKEN>
				<TOKEN end_char="1101" id="token-6-73" start_char="1092">Montgomery</TOKEN>
				<TOKEN end_char="1108" id="token-6-74" start_char="1103">County</TOKEN>
				<TOKEN end_char="1112" id="token-6-75" start_char="1110">and</TOKEN>
				<TOKEN end_char="1116" id="token-6-76" start_char="1114">the</TOKEN>
				<TOKEN end_char="1125" id="token-6-77" start_char="1118">District</TOKEN>
				<TOKEN end_char="1126" id="token-6-78" start_char="1126">.</TOKEN>
			</SEG>
			<SEG end_char="1361" id="20121114_WAPO_1cf7051c-2d0f-11e2-9ac2-1c61452669c3-7" start_char="1128">
				<ORIGINAL_TEXT>Officials have hired bilingual staff for almost every department and translated into Spanish some important town literature, such as invitations to the town’s Oct. 6 Riverdale Park Day and information on new developments, Archer said.</ORIGINAL_TEXT>
				<TOKEN end_char="1136" id="token-7-0" start_char="1128">Officials</TOKEN>
				<TOKEN end_char="1141" id="token-7-1" start_char="1138">have</TOKEN>
				<TOKEN end_char="1147" id="token-7-2" start_char="1143">hired</TOKEN>
				<TOKEN end_char="1157" id="token-7-3" start_char="1149">bilingual</TOKEN>
				<TOKEN end_char="1163" id="token-7-4" start_char="1159">staff</TOKEN>
				<TOKEN end_char="1167" id="token-7-5" start_char="1165">for</TOKEN>
				<TOKEN end_char="1174" id="token-7-6" start_char="1169">almost</TOKEN>
				<TOKEN end_char="1180" id="token-7-7" start_char="1176">every</TOKEN>
				<TOKEN end_char="1191" id="token-7-8" start_char="1182">department</TOKEN>
				<TOKEN end_char="1195" id="token-7-9" start_char="1193">and</TOKEN>
				<TOKEN end_char="1206" id="token-7-10" start_char="1197">translated</TOKEN>
				<TOKEN end_char="1211" id="token-7-11" start_char="1208">into</TOKEN>
				<TOKEN end_char="1219" id="token-7-12" start_char="1213">Spanish</TOKEN>
				<TOKEN end_char="1224" id="token-7-13" start_char="1221">some</TOKEN>
				<TOKEN end_char="1234" id="token-7-14" start_char="1226">important</TOKEN>
				<TOKEN end_char="1239" id="token-7-15" start_char="1236">town</TOKEN>
				<TOKEN end_char="1250" id="token-7-16" start_char="1241">literature</TOKEN>
				<TOKEN end_char="1251" id="token-7-17" start_char="1251">,</TOKEN>
				<TOKEN end_char="1256" id="token-7-18" start_char="1253">such</TOKEN>
				<TOKEN end_char="1259" id="token-7-19" start_char="1258">as</TOKEN>
				<TOKEN end_char="1271" id="token-7-20" start_char="1261">invitations</TOKEN>
				<TOKEN end_char="1274" id="token-7-21" start_char="1273">to</TOKEN>
				<TOKEN end_char="1278" id="token-7-22" start_char="1276">the</TOKEN>
				<TOKEN end_char="1283" id="token-7-23" start_char="1280">town</TOKEN>
				<TOKEN end_char="1284" id="token-7-24" start_char="1284">’</TOKEN>
				<TOKEN end_char="1285" id="token-7-25" start_char="1285">s</TOKEN>
				<TOKEN end_char="1289" id="token-7-26" start_char="1287">Oct</TOKEN>
				<TOKEN end_char="1290" id="token-7-27" start_char="1290">.</TOKEN>
				<TOKEN end_char="1292" id="token-7-28" start_char="1292">6</TOKEN>
				<TOKEN end_char="1302" id="token-7-29" start_char="1294">Riverdale</TOKEN>
				<TOKEN end_char="1307" id="token-7-30" start_char="1304">Park</TOKEN>
				<TOKEN end_char="1311" id="token-7-31" start_char="1309">Day</TOKEN>
				<TOKEN end_char="1315" id="token-7-32" start_char="1313">and</TOKEN>
				<TOKEN end_char="1327" id="token-7-33" start_char="1317">information</TOKEN>
				<TOKEN end_char="1330" id="token-7-34" start_char="1329">on</TOKEN>
				<TOKEN end_char="1334" id="token-7-35" start_char="1332">new</TOKEN>
				<TOKEN end_char="1347" id="token-7-36" start_char="1336">developments</TOKEN>
				<TOKEN end_char="1348" id="token-7-37" start_char="1348">,</TOKEN>
				<TOKEN end_char="1355" id="token-7-38" start_char="1350">Archer</TOKEN>
				<TOKEN end_char="1360" id="token-7-39" start_char="1357">said</TOKEN>
				<TOKEN end_char="1361" id="token-7-40" start_char="1361">.</TOKEN>
			</SEG>
			<SEG end_char="1496" id="20121114_WAPO_1cf7051c-2d0f-11e2-9ac2-1c61452669c3-8" start_char="1363">
				<ORIGINAL_TEXT>Most of the translated literature is distributed on the eastern side of town, where most Spanish-speaking residents live, Archer said.</ORIGINAL_TEXT>
				<TOKEN end_char="1366" id="token-8-0" start_char="1363">Most</TOKEN>
				<TOKEN end_char="1369" id="token-8-1" start_char="1368">of</TOKEN>
				<TOKEN end_char="1373" id="token-8-2" start_char="1371">the</TOKEN>
				<TOKEN end_char="1384" id="token-8-3" start_char="1375">translated</TOKEN>
				<TOKEN end_char="1395" id="token-8-4" start_char="1386">literature</TOKEN>
				<TOKEN end_char="1398" id="token-8-5" start_char="1397">is</TOKEN>
				<TOKEN end_char="1410" id="token-8-6" start_char="1400">distributed</TOKEN>
				<TOKEN end_char="1413" id="token-8-7" start_char="1412">on</TOKEN>
				<TOKEN end_char="1417" id="token-8-8" start_char="1415">the</TOKEN>
				<TOKEN end_char="1425" id="token-8-9" start_char="1419">eastern</TOKEN>
				<TOKEN end_char="1430" id="token-8-10" start_char="1427">side</TOKEN>
				<TOKEN end_char="1433" id="token-8-11" start_char="1432">of</TOKEN>
				<TOKEN end_char="1438" id="token-8-12" start_char="1435">town</TOKEN>
				<TOKEN end_char="1439" id="token-8-13" start_char="1439">,</TOKEN>
				<TOKEN end_char="1445" id="token-8-14" start_char="1441">where</TOKEN>
				<TOKEN end_char="1450" id="token-8-15" start_char="1447">most</TOKEN>
				<TOKEN end_char="1458" id="token-8-16" start_char="1452">Spanish</TOKEN>
				<TOKEN end_char="1459" id="token-8-17" start_char="1459">-</TOKEN>
				<TOKEN end_char="1467" id="token-8-18" start_char="1460">speaking</TOKEN>
				<TOKEN end_char="1477" id="token-8-19" start_char="1469">residents</TOKEN>
				<TOKEN end_char="1482" id="token-8-20" start_char="1479">live</TOKEN>
				<TOKEN end_char="1483" id="token-8-21" start_char="1483">,</TOKEN>
				<TOKEN end_char="1490" id="token-8-22" start_char="1485">Archer</TOKEN>
				<TOKEN end_char="1495" id="token-8-23" start_char="1492">said</TOKEN>
				<TOKEN end_char="1496" id="token-8-24" start_char="1496">.</TOKEN>
			</SEG>
			<SEG end_char="1679" id="20121114_WAPO_1cf7051c-2d0f-11e2-9ac2-1c61452669c3-9" start_char="1498">
				<ORIGINAL_TEXT>However, because many Hispanic residents live in apartments and move often, the large amount of turnover in the town’s population makes it tough to engage over long periods, he said.</ORIGINAL_TEXT>
				<TOKEN end_char="1504" id="token-9-0" start_char="1498">However</TOKEN>
				<TOKEN end_char="1505" id="token-9-1" start_char="1505">,</TOKEN>
				<TOKEN end_char="1513" id="token-9-2" start_char="1507">because</TOKEN>
				<TOKEN end_char="1518" id="token-9-3" start_char="1515">many</TOKEN>
				<TOKEN end_char="1527" id="token-9-4" start_char="1520">Hispanic</TOKEN>
				<TOKEN end_char="1537" id="token-9-5" start_char="1529">residents</TOKEN>
				<TOKEN end_char="1542" id="token-9-6" start_char="1539">live</TOKEN>
				<TOKEN end_char="1545" id="token-9-7" start_char="1544">in</TOKEN>
				<TOKEN end_char="1556" id="token-9-8" start_char="1547">apartments</TOKEN>
				<TOKEN end_char="1560" id="token-9-9" start_char="1558">and</TOKEN>
				<TOKEN end_char="1565" id="token-9-10" start_char="1562">move</TOKEN>
				<TOKEN end_char="1571" id="token-9-11" start_char="1567">often</TOKEN>
				<TOKEN end_char="1572" id="token-9-12" start_char="1572">,</TOKEN>
				<TOKEN end_char="1576" id="token-9-13" start_char="1574">the</TOKEN>
				<TOKEN end_char="1582" id="token-9-14" start_char="1578">large</TOKEN>
				<TOKEN end_char="1589" id="token-9-15" start_char="1584">amount</TOKEN>
				<TOKEN end_char="1592" id="token-9-16" start_char="1591">of</TOKEN>
				<TOKEN end_char="1601" id="token-9-17" start_char="1594">turnover</TOKEN>
				<TOKEN end_char="1604" id="token-9-18" start_char="1603">in</TOKEN>
				<TOKEN end_char="1608" id="token-9-19" start_char="1606">the</TOKEN>
				<TOKEN end_char="1613" id="token-9-20" start_char="1610">town</TOKEN>
				<TOKEN end_char="1614" id="token-9-21" start_char="1614">’</TOKEN>
				<TOKEN end_char="1615" id="token-9-22" start_char="1615">s</TOKEN>
				<TOKEN end_char="1626" id="token-9-23" start_char="1617">population</TOKEN>
				<TOKEN end_char="1632" id="token-9-24" start_char="1628">makes</TOKEN>
				<TOKEN end_char="1635" id="token-9-25" start_char="1634">it</TOKEN>
				<TOKEN end_char="1641" id="token-9-26" start_char="1637">tough</TOKEN>
				<TOKEN end_char="1644" id="token-9-27" start_char="1643">to</TOKEN>
				<TOKEN end_char="1651" id="token-9-28" start_char="1646">engage</TOKEN>
				<TOKEN end_char="1656" id="token-9-29" start_char="1653">over</TOKEN>
				<TOKEN end_char="1661" id="token-9-30" start_char="1658">long</TOKEN>
				<TOKEN end_char="1669" id="token-9-31" start_char="1663">periods</TOKEN>
				<TOKEN end_char="1670" id="token-9-32" start_char="1670">,</TOKEN>
				<TOKEN end_char="1673" id="token-9-33" start_char="1672">he</TOKEN>
				<TOKEN end_char="1678" id="token-9-34" start_char="1675">said</TOKEN>
				<TOKEN end_char="1679" id="token-9-35" start_char="1679">.</TOKEN>
			</SEG>
			<SEG end_char="1831" id="20121114_WAPO_1cf7051c-2d0f-11e2-9ac2-1c61452669c3-10" start_char="1681">
				<ORIGINAL_TEXT>“The people you tried to reach out to five years ago are gone,” Archer said. “The demographics are the same, but they are a different group of people.”</ORIGINAL_TEXT>
				<TOKEN end_char="1681" id="token-10-0" start_char="1681">“</TOKEN>
				<TOKEN end_char="1684" id="token-10-1" start_char="1682">The</TOKEN>
				<TOKEN end_char="1691" id="token-10-2" start_char="1686">people</TOKEN>
				<TOKEN end_char="1695" id="token-10-3" start_char="1693">you</TOKEN>
				<TOKEN end_char="1701" id="token-10-4" start_char="1697">tried</TOKEN>
				<TOKEN end_char="1704" id="token-10-5" start_char="1703">to</TOKEN>
				<TOKEN end_char="1710" id="token-10-6" start_char="1706">reach</TOKEN>
				<TOKEN end_char="1714" id="token-10-7" start_char="1712">out</TOKEN>
				<TOKEN end_char="1717" id="token-10-8" start_char="1716">to</TOKEN>
				<TOKEN end_char="1722" id="token-10-9" start_char="1719">five</TOKEN>
				<TOKEN end_char="1728" id="token-10-10" start_char="1724">years</TOKEN>
				<TOKEN end_char="1732" id="token-10-11" start_char="1730">ago</TOKEN>
				<TOKEN end_char="1736" id="token-10-12" start_char="1734">are</TOKEN>
				<TOKEN end_char="1741" id="token-10-13" start_char="1738">gone</TOKEN>
				<TOKEN end_char="1743" id="token-10-14" start_char="1742">,”</TOKEN>
				<TOKEN end_char="1750" id="token-10-15" start_char="1745">Archer</TOKEN>
				<TOKEN end_char="1755" id="token-10-16" start_char="1752">said</TOKEN>
				<TOKEN end_char="1756" id="token-10-17" start_char="1756">.</TOKEN>
				<TOKEN end_char="1758" id="token-10-18" start_char="1758">“</TOKEN>
				<TOKEN end_char="1761" id="token-10-19" start_char="1759">The</TOKEN>
				<TOKEN end_char="1774" id="token-10-20" start_char="1763">demographics</TOKEN>
				<TOKEN end_char="1778" id="token-10-21" start_char="1776">are</TOKEN>
				<TOKEN end_char="1782" id="token-10-22" start_char="1780">the</TOKEN>
				<TOKEN end_char="1787" id="token-10-23" start_char="1784">same</TOKEN>
				<TOKEN end_char="1788" id="token-10-24" start_char="1788">,</TOKEN>
				<TOKEN end_char="1792" id="token-10-25" start_char="1790">but</TOKEN>
				<TOKEN end_char="1797" id="token-10-26" start_char="1794">they</TOKEN>
				<TOKEN end_char="1801" id="token-10-27" start_char="1799">are</TOKEN>
				<TOKEN end_char="1803" id="token-10-28" start_char="1803">a</TOKEN>
				<TOKEN end_char="1813" id="token-10-29" start_char="1805">different</TOKEN>
				<TOKEN end_char="1819" id="token-10-30" start_char="1815">group</TOKEN>
				<TOKEN end_char="1822" id="token-10-31" start_char="1821">of</TOKEN>
				<TOKEN end_char="1829" id="token-10-32" start_char="1824">people</TOKEN>
				<TOKEN end_char="1831" id="token-10-33" start_char="1830">.”</TOKEN>
			</SEG>
			<SEG end_char="2062" id="20121114_WAPO_1cf7051c-2d0f-11e2-9ac2-1c61452669c3-11" start_char="1833">
				<ORIGINAL_TEXT>Escobar said the high amount of turnover is expected because the area generally has a highly transitional population. He said because many Hispanic residents do seasonal and temporary jobs, they may be moving to where the work is.</ORIGINAL_TEXT>
				<TOKEN end_char="1839" id="token-11-0" start_char="1833">Escobar</TOKEN>
				<TOKEN end_char="1844" id="token-11-1" start_char="1841">said</TOKEN>
				<TOKEN end_char="1848" id="token-11-2" start_char="1846">the</TOKEN>
				<TOKEN end_char="1853" id="token-11-3" start_char="1850">high</TOKEN>
				<TOKEN end_char="1860" id="token-11-4" start_char="1855">amount</TOKEN>
				<TOKEN end_char="1863" id="token-11-5" start_char="1862">of</TOKEN>
				<TOKEN end_char="1872" id="token-11-6" start_char="1865">turnover</TOKEN>
				<TOKEN end_char="1875" id="token-11-7" start_char="1874">is</TOKEN>
				<TOKEN end_char="1884" id="token-11-8" start_char="1877">expected</TOKEN>
				<TOKEN end_char="1892" id="token-11-9" start_char="1886">because</TOKEN>
				<TOKEN end_char="1896" id="token-11-10" start_char="1894">the</TOKEN>
				<TOKEN end_char="1901" id="token-11-11" start_char="1898">area</TOKEN>
				<TOKEN end_char="1911" id="token-11-12" start_char="1903">generally</TOKEN>
				<TOKEN end_char="1915" id="token-11-13" start_char="1913">has</TOKEN>
				<TOKEN end_char="1917" id="token-11-14" start_char="1917">a</TOKEN>
				<TOKEN end_char="1924" id="token-11-15" start_char="1919">highly</TOKEN>
				<TOKEN end_char="1937" id="token-11-16" start_char="1926">transitional</TOKEN>
				<TOKEN end_char="1948" id="token-11-17" start_char="1939">population</TOKEN>
				<TOKEN end_char="1949" id="token-11-18" start_char="1949">.</TOKEN>
				<TOKEN end_char="1952" id="token-11-19" start_char="1951">He</TOKEN>
				<TOKEN end_char="1957" id="token-11-20" start_char="1954">said</TOKEN>
				<TOKEN end_char="1965" id="token-11-21" start_char="1959">because</TOKEN>
				<TOKEN end_char="1970" id="token-11-22" start_char="1967">many</TOKEN>
				<TOKEN end_char="1979" id="token-11-23" start_char="1972">Hispanic</TOKEN>
				<TOKEN end_char="1989" id="token-11-24" start_char="1981">residents</TOKEN>
				<TOKEN end_char="1992" id="token-11-25" start_char="1991">do</TOKEN>
				<TOKEN end_char="2001" id="token-11-26" start_char="1994">seasonal</TOKEN>
				<TOKEN end_char="2005" id="token-11-27" start_char="2003">and</TOKEN>
				<TOKEN end_char="2015" id="token-11-28" start_char="2007">temporary</TOKEN>
				<TOKEN end_char="2020" id="token-11-29" start_char="2017">jobs</TOKEN>
				<TOKEN end_char="2021" id="token-11-30" start_char="2021">,</TOKEN>
				<TOKEN end_char="2026" id="token-11-31" start_char="2023">they</TOKEN>
				<TOKEN end_char="2030" id="token-11-32" start_char="2028">may</TOKEN>
				<TOKEN end_char="2033" id="token-11-33" start_char="2032">be</TOKEN>
				<TOKEN end_char="2040" id="token-11-34" start_char="2035">moving</TOKEN>
				<TOKEN end_char="2043" id="token-11-35" start_char="2042">to</TOKEN>
				<TOKEN end_char="2049" id="token-11-36" start_char="2045">where</TOKEN>
				<TOKEN end_char="2053" id="token-11-37" start_char="2051">the</TOKEN>
				<TOKEN end_char="2058" id="token-11-38" start_char="2055">work</TOKEN>
				<TOKEN end_char="2061" id="token-11-39" start_char="2060">is</TOKEN>
				<TOKEN end_char="2062" id="token-11-40" start_char="2062">.</TOKEN>
			</SEG>
			<SEG end_char="2200" id="20121114_WAPO_1cf7051c-2d0f-11e2-9ac2-1c61452669c3-12" start_char="2064">
				<ORIGINAL_TEXT>Some in the town believe that more interpreters should be present at Town Hall and that more literature should be distributed in Spanish.</ORIGINAL_TEXT>
				<TOKEN end_char="2067" id="token-12-0" start_char="2064">Some</TOKEN>
				<TOKEN end_char="2070" id="token-12-1" start_char="2069">in</TOKEN>
				<TOKEN end_char="2074" id="token-12-2" start_char="2072">the</TOKEN>
				<TOKEN end_char="2079" id="token-12-3" start_char="2076">town</TOKEN>
				<TOKEN end_char="2087" id="token-12-4" start_char="2081">believe</TOKEN>
				<TOKEN end_char="2092" id="token-12-5" start_char="2089">that</TOKEN>
				<TOKEN end_char="2097" id="token-12-6" start_char="2094">more</TOKEN>
				<TOKEN end_char="2110" id="token-12-7" start_char="2099">interpreters</TOKEN>
				<TOKEN end_char="2117" id="token-12-8" start_char="2112">should</TOKEN>
				<TOKEN end_char="2120" id="token-12-9" start_char="2119">be</TOKEN>
				<TOKEN end_char="2128" id="token-12-10" start_char="2122">present</TOKEN>
				<TOKEN end_char="2131" id="token-12-11" start_char="2130">at</TOKEN>
				<TOKEN end_char="2136" id="token-12-12" start_char="2133">Town</TOKEN>
				<TOKEN end_char="2141" id="token-12-13" start_char="2138">Hall</TOKEN>
				<TOKEN end_char="2145" id="token-12-14" start_char="2143">and</TOKEN>
				<TOKEN end_char="2150" id="token-12-15" start_char="2147">that</TOKEN>
				<TOKEN end_char="2155" id="token-12-16" start_char="2152">more</TOKEN>
				<TOKEN end_char="2166" id="token-12-17" start_char="2157">literature</TOKEN>
				<TOKEN end_char="2173" id="token-12-18" start_char="2168">should</TOKEN>
				<TOKEN end_char="2176" id="token-12-19" start_char="2175">be</TOKEN>
				<TOKEN end_char="2188" id="token-12-20" start_char="2178">distributed</TOKEN>
				<TOKEN end_char="2191" id="token-12-21" start_char="2190">in</TOKEN>
				<TOKEN end_char="2199" id="token-12-22" start_char="2193">Spanish</TOKEN>
				<TOKEN end_char="2200" id="token-12-23" start_char="2200">.</TOKEN>
			</SEG>
			<SEG end_char="2390" id="20121114_WAPO_1cf7051c-2d0f-11e2-9ac2-1c61452669c3-13" start_char="2202">
				<ORIGINAL_TEXT>Riverdale Park resident Erick Mendez said he has never visited Town Hall. Originally from Mexico, Mendez, 28, lives in a multifamily apartment complex along Riverdale Road with his parents.</ORIGINAL_TEXT>
				<TOKEN end_char="2210" id="token-13-0" start_char="2202">Riverdale</TOKEN>
				<TOKEN end_char="2215" id="token-13-1" start_char="2212">Park</TOKEN>
				<TOKEN end_char="2224" id="token-13-2" start_char="2217">resident</TOKEN>
				<TOKEN end_char="2230" id="token-13-3" start_char="2226">Erick</TOKEN>
				<TOKEN end_char="2237" id="token-13-4" start_char="2232">Mendez</TOKEN>
				<TOKEN end_char="2242" id="token-13-5" start_char="2239">said</TOKEN>
				<TOKEN end_char="2245" id="token-13-6" start_char="2244">he</TOKEN>
				<TOKEN end_char="2249" id="token-13-7" start_char="2247">has</TOKEN>
				<TOKEN end_char="2255" id="token-13-8" start_char="2251">never</TOKEN>
				<TOKEN end_char="2263" id="token-13-9" start_char="2257">visited</TOKEN>
				<TOKEN end_char="2268" id="token-13-10" start_char="2265">Town</TOKEN>
				<TOKEN end_char="2273" id="token-13-11" start_char="2270">Hall</TOKEN>
				<TOKEN end_char="2274" id="token-13-12" start_char="2274">.</TOKEN>
				<TOKEN end_char="2285" id="token-13-13" start_char="2276">Originally</TOKEN>
				<TOKEN end_char="2290" id="token-13-14" start_char="2287">from</TOKEN>
				<TOKEN end_char="2297" id="token-13-15" start_char="2292">Mexico</TOKEN>
				<TOKEN end_char="2298" id="token-13-16" start_char="2298">,</TOKEN>
				<TOKEN end_char="2305" id="token-13-17" start_char="2300">Mendez</TOKEN>
				<TOKEN end_char="2306" id="token-13-18" start_char="2306">,</TOKEN>
				<TOKEN end_char="2309" id="token-13-19" start_char="2308">28</TOKEN>
				<TOKEN end_char="2310" id="token-13-20" start_char="2310">,</TOKEN>
				<TOKEN end_char="2316" id="token-13-21" start_char="2312">lives</TOKEN>
				<TOKEN end_char="2319" id="token-13-22" start_char="2318">in</TOKEN>
				<TOKEN end_char="2321" id="token-13-23" start_char="2321">a</TOKEN>
				<TOKEN end_char="2333" id="token-13-24" start_char="2323">multifamily</TOKEN>
				<TOKEN end_char="2343" id="token-13-25" start_char="2335">apartment</TOKEN>
				<TOKEN end_char="2351" id="token-13-26" start_char="2345">complex</TOKEN>
				<TOKEN end_char="2357" id="token-13-27" start_char="2353">along</TOKEN>
				<TOKEN end_char="2367" id="token-13-28" start_char="2359">Riverdale</TOKEN>
				<TOKEN end_char="2372" id="token-13-29" start_char="2369">Road</TOKEN>
				<TOKEN end_char="2377" id="token-13-30" start_char="2374">with</TOKEN>
				<TOKEN end_char="2381" id="token-13-31" start_char="2379">his</TOKEN>
				<TOKEN end_char="2389" id="token-13-32" start_char="2383">parents</TOKEN>
				<TOKEN end_char="2390" id="token-13-33" start_char="2390">.</TOKEN>
			</SEG>
			<SEG end_char="2575" id="20121114_WAPO_1cf7051c-2d0f-11e2-9ac2-1c61452669c3-14" start_char="2392">
				<ORIGINAL_TEXT>He said he felt there was a lack of staff who spoke Spanish at Town Hall, making it difficult for him and his primarily Spanish-speaking family to become engaged in the town’s affairs.</ORIGINAL_TEXT>
				<TOKEN end_char="2393" id="token-14-0" start_char="2392">He</TOKEN>
				<TOKEN end_char="2398" id="token-14-1" start_char="2395">said</TOKEN>
				<TOKEN end_char="2401" id="token-14-2" start_char="2400">he</TOKEN>
				<TOKEN end_char="2406" id="token-14-3" start_char="2403">felt</TOKEN>
				<TOKEN end_char="2412" id="token-14-4" start_char="2408">there</TOKEN>
				<TOKEN end_char="2416" id="token-14-5" start_char="2414">was</TOKEN>
				<TOKEN end_char="2418" id="token-14-6" start_char="2418">a</TOKEN>
				<TOKEN end_char="2423" id="token-14-7" start_char="2420">lack</TOKEN>
				<TOKEN end_char="2426" id="token-14-8" start_char="2425">of</TOKEN>
				<TOKEN end_char="2432" id="token-14-9" start_char="2428">staff</TOKEN>
				<TOKEN end_char="2436" id="token-14-10" start_char="2434">who</TOKEN>
				<TOKEN end_char="2442" id="token-14-11" start_char="2438">spoke</TOKEN>
				<TOKEN end_char="2450" id="token-14-12" start_char="2444">Spanish</TOKEN>
				<TOKEN end_char="2453" id="token-14-13" start_char="2452">at</TOKEN>
				<TOKEN end_char="2458" id="token-14-14" start_char="2455">Town</TOKEN>
				<TOKEN end_char="2463" id="token-14-15" start_char="2460">Hall</TOKEN>
				<TOKEN end_char="2464" id="token-14-16" start_char="2464">,</TOKEN>
				<TOKEN end_char="2471" id="token-14-17" start_char="2466">making</TOKEN>
				<TOKEN end_char="2474" id="token-14-18" start_char="2473">it</TOKEN>
				<TOKEN end_char="2484" id="token-14-19" start_char="2476">difficult</TOKEN>
				<TOKEN end_char="2488" id="token-14-20" start_char="2486">for</TOKEN>
				<TOKEN end_char="2492" id="token-14-21" start_char="2490">him</TOKEN>
				<TOKEN end_char="2496" id="token-14-22" start_char="2494">and</TOKEN>
				<TOKEN end_char="2500" id="token-14-23" start_char="2498">his</TOKEN>
				<TOKEN end_char="2510" id="token-14-24" start_char="2502">primarily</TOKEN>
				<TOKEN end_char="2518" id="token-14-25" start_char="2512">Spanish</TOKEN>
				<TOKEN end_char="2519" id="token-14-26" start_char="2519">-</TOKEN>
				<TOKEN end_char="2527" id="token-14-27" start_char="2520">speaking</TOKEN>
				<TOKEN end_char="2534" id="token-14-28" start_char="2529">family</TOKEN>
				<TOKEN end_char="2537" id="token-14-29" start_char="2536">to</TOKEN>
				<TOKEN end_char="2544" id="token-14-30" start_char="2539">become</TOKEN>
				<TOKEN end_char="2552" id="token-14-31" start_char="2546">engaged</TOKEN>
				<TOKEN end_char="2555" id="token-14-32" start_char="2554">in</TOKEN>
				<TOKEN end_char="2559" id="token-14-33" start_char="2557">the</TOKEN>
				<TOKEN end_char="2564" id="token-14-34" start_char="2561">town</TOKEN>
				<TOKEN end_char="2565" id="token-14-35" start_char="2565">’</TOKEN>
				<TOKEN end_char="2566" id="token-14-36" start_char="2566">s</TOKEN>
				<TOKEN end_char="2574" id="token-14-37" start_char="2568">affairs</TOKEN>
				<TOKEN end_char="2575" id="token-14-38" start_char="2575">.</TOKEN>
			</SEG>
			<SEG end_char="2768" id="20121114_WAPO_1cf7051c-2d0f-11e2-9ac2-1c61452669c3-15" start_char="2577">
				<ORIGINAL_TEXT>“Some people don’t speak English; they have always spoke Spanish,” Mendez said. “It’s difficult for them to write stuff and to read because they do not understand what they are talking about.”</ORIGINAL_TEXT>
				<TOKEN end_char="2577" id="token-15-0" start_char="2577">“</TOKEN>
				<TOKEN end_char="2581" id="token-15-1" start_char="2578">Some</TOKEN>
				<TOKEN end_char="2588" id="token-15-2" start_char="2583">people</TOKEN>
				<TOKEN end_char="2592" id="token-15-3" start_char="2590">don</TOKEN>
				<TOKEN end_char="2593" id="token-15-4" start_char="2593">’</TOKEN>
				<TOKEN end_char="2594" id="token-15-5" start_char="2594">t</TOKEN>
				<TOKEN end_char="2600" id="token-15-6" start_char="2596">speak</TOKEN>
				<TOKEN end_char="2608" id="token-15-7" start_char="2602">English</TOKEN>
				<TOKEN end_char="2609" id="token-15-8" start_char="2609">;</TOKEN>
				<TOKEN end_char="2614" id="token-15-9" start_char="2611">they</TOKEN>
				<TOKEN end_char="2619" id="token-15-10" start_char="2616">have</TOKEN>
				<TOKEN end_char="2626" id="token-15-11" start_char="2621">always</TOKEN>
				<TOKEN end_char="2632" id="token-15-12" start_char="2628">spoke</TOKEN>
				<TOKEN end_char="2640" id="token-15-13" start_char="2634">Spanish</TOKEN>
				<TOKEN end_char="2642" id="token-15-14" start_char="2641">,”</TOKEN>
				<TOKEN end_char="2649" id="token-15-15" start_char="2644">Mendez</TOKEN>
				<TOKEN end_char="2654" id="token-15-16" start_char="2651">said</TOKEN>
				<TOKEN end_char="2655" id="token-15-17" start_char="2655">.</TOKEN>
				<TOKEN end_char="2657" id="token-15-18" start_char="2657">“</TOKEN>
				<TOKEN end_char="2659" id="token-15-19" start_char="2658">It</TOKEN>
				<TOKEN end_char="2660" id="token-15-20" start_char="2660">’</TOKEN>
				<TOKEN end_char="2661" id="token-15-21" start_char="2661">s</TOKEN>
				<TOKEN end_char="2671" id="token-15-22" start_char="2663">difficult</TOKEN>
				<TOKEN end_char="2675" id="token-15-23" start_char="2673">for</TOKEN>
				<TOKEN end_char="2680" id="token-15-24" start_char="2677">them</TOKEN>
				<TOKEN end_char="2683" id="token-15-25" start_char="2682">to</TOKEN>
				<TOKEN end_char="2689" id="token-15-26" start_char="2685">write</TOKEN>
				<TOKEN end_char="2695" id="token-15-27" start_char="2691">stuff</TOKEN>
				<TOKEN end_char="2699" id="token-15-28" start_char="2697">and</TOKEN>
				<TOKEN end_char="2702" id="token-15-29" start_char="2701">to</TOKEN>
				<TOKEN end_char="2707" id="token-15-30" start_char="2704">read</TOKEN>
				<TOKEN end_char="2715" id="token-15-31" start_char="2709">because</TOKEN>
				<TOKEN end_char="2720" id="token-15-32" start_char="2717">they</TOKEN>
				<TOKEN end_char="2723" id="token-15-33" start_char="2722">do</TOKEN>
				<TOKEN end_char="2727" id="token-15-34" start_char="2725">not</TOKEN>
				<TOKEN end_char="2738" id="token-15-35" start_char="2729">understand</TOKEN>
				<TOKEN end_char="2743" id="token-15-36" start_char="2740">what</TOKEN>
				<TOKEN end_char="2748" id="token-15-37" start_char="2745">they</TOKEN>
				<TOKEN end_char="2752" id="token-15-38" start_char="2750">are</TOKEN>
				<TOKEN end_char="2760" id="token-15-39" start_char="2754">talking</TOKEN>
				<TOKEN end_char="2766" id="token-15-40" start_char="2762">about</TOKEN>
				<TOKEN end_char="2768" id="token-15-41" start_char="2767">.”</TOKEN>
			</SEG>
			<SEG end_char="3005" id="20121114_WAPO_1cf7051c-2d0f-11e2-9ac2-1c61452669c3-16" start_char="2770">
				<ORIGINAL_TEXT>While overcoming the language barrier is important when trying to engage the Hispanic and immigrant population in any jurisdiction, it is crucial to develop leaders who come directly from the community to inspire activism, Escobar said.</ORIGINAL_TEXT>
				<TOKEN end_char="2774" id="token-16-0" start_char="2770">While</TOKEN>
				<TOKEN end_char="2785" id="token-16-1" start_char="2776">overcoming</TOKEN>
				<TOKEN end_char="2789" id="token-16-2" start_char="2787">the</TOKEN>
				<TOKEN end_char="2798" id="token-16-3" start_char="2791">language</TOKEN>
				<TOKEN end_char="2806" id="token-16-4" start_char="2800">barrier</TOKEN>
				<TOKEN end_char="2809" id="token-16-5" start_char="2808">is</TOKEN>
				<TOKEN end_char="2819" id="token-16-6" start_char="2811">important</TOKEN>
				<TOKEN end_char="2824" id="token-16-7" start_char="2821">when</TOKEN>
				<TOKEN end_char="2831" id="token-16-8" start_char="2826">trying</TOKEN>
				<TOKEN end_char="2834" id="token-16-9" start_char="2833">to</TOKEN>
				<TOKEN end_char="2841" id="token-16-10" start_char="2836">engage</TOKEN>
				<TOKEN end_char="2845" id="token-16-11" start_char="2843">the</TOKEN>
				<TOKEN end_char="2854" id="token-16-12" start_char="2847">Hispanic</TOKEN>
				<TOKEN end_char="2858" id="token-16-13" start_char="2856">and</TOKEN>
				<TOKEN end_char="2868" id="token-16-14" start_char="2860">immigrant</TOKEN>
				<TOKEN end_char="2879" id="token-16-15" start_char="2870">population</TOKEN>
				<TOKEN end_char="2882" id="token-16-16" start_char="2881">in</TOKEN>
				<TOKEN end_char="2886" id="token-16-17" start_char="2884">any</TOKEN>
				<TOKEN end_char="2899" id="token-16-18" start_char="2888">jurisdiction</TOKEN>
				<TOKEN end_char="2900" id="token-16-19" start_char="2900">,</TOKEN>
				<TOKEN end_char="2903" id="token-16-20" start_char="2902">it</TOKEN>
				<TOKEN end_char="2906" id="token-16-21" start_char="2905">is</TOKEN>
				<TOKEN end_char="2914" id="token-16-22" start_char="2908">crucial</TOKEN>
				<TOKEN end_char="2917" id="token-16-23" start_char="2916">to</TOKEN>
				<TOKEN end_char="2925" id="token-16-24" start_char="2919">develop</TOKEN>
				<TOKEN end_char="2933" id="token-16-25" start_char="2927">leaders</TOKEN>
				<TOKEN end_char="2937" id="token-16-26" start_char="2935">who</TOKEN>
				<TOKEN end_char="2942" id="token-16-27" start_char="2939">come</TOKEN>
				<TOKEN end_char="2951" id="token-16-28" start_char="2944">directly</TOKEN>
				<TOKEN end_char="2956" id="token-16-29" start_char="2953">from</TOKEN>
				<TOKEN end_char="2960" id="token-16-30" start_char="2958">the</TOKEN>
				<TOKEN end_char="2970" id="token-16-31" start_char="2962">community</TOKEN>
				<TOKEN end_char="2973" id="token-16-32" start_char="2972">to</TOKEN>
				<TOKEN end_char="2981" id="token-16-33" start_char="2975">inspire</TOKEN>
				<TOKEN end_char="2990" id="token-16-34" start_char="2983">activism</TOKEN>
				<TOKEN end_char="2991" id="token-16-35" start_char="2991">,</TOKEN>
				<TOKEN end_char="2999" id="token-16-36" start_char="2993">Escobar</TOKEN>
				<TOKEN end_char="3004" id="token-16-37" start_char="3001">said</TOKEN>
				<TOKEN end_char="3005" id="token-16-38" start_char="3005">.</TOKEN>
			</SEG>
			<SEG end_char="3229" id="20121114_WAPO_1cf7051c-2d0f-11e2-9ac2-1c61452669c3-17" start_char="3007">
				<ORIGINAL_TEXT>“Translating and having bilingual people is great and necessary, but it is only part of the solution,” Escobar said. “It is really important to spend resources on getting people to be champions of the community themselves.”</ORIGINAL_TEXT>
				<TOKEN end_char="3007" id="token-17-0" start_char="3007">“</TOKEN>
				<TOKEN end_char="3018" id="token-17-1" start_char="3008">Translating</TOKEN>
				<TOKEN end_char="3022" id="token-17-2" start_char="3020">and</TOKEN>
				<TOKEN end_char="3029" id="token-17-3" start_char="3024">having</TOKEN>
				<TOKEN end_char="3039" id="token-17-4" start_char="3031">bilingual</TOKEN>
				<TOKEN end_char="3046" id="token-17-5" start_char="3041">people</TOKEN>
				<TOKEN end_char="3049" id="token-17-6" start_char="3048">is</TOKEN>
				<TOKEN end_char="3055" id="token-17-7" start_char="3051">great</TOKEN>
				<TOKEN end_char="3059" id="token-17-8" start_char="3057">and</TOKEN>
				<TOKEN end_char="3069" id="token-17-9" start_char="3061">necessary</TOKEN>
				<TOKEN end_char="3070" id="token-17-10" start_char="3070">,</TOKEN>
				<TOKEN end_char="3074" id="token-17-11" start_char="3072">but</TOKEN>
				<TOKEN end_char="3077" id="token-17-12" start_char="3076">it</TOKEN>
				<TOKEN end_char="3080" id="token-17-13" start_char="3079">is</TOKEN>
				<TOKEN end_char="3085" id="token-17-14" start_char="3082">only</TOKEN>
				<TOKEN end_char="3090" id="token-17-15" start_char="3087">part</TOKEN>
				<TOKEN end_char="3093" id="token-17-16" start_char="3092">of</TOKEN>
				<TOKEN end_char="3097" id="token-17-17" start_char="3095">the</TOKEN>
				<TOKEN end_char="3106" id="token-17-18" start_char="3099">solution</TOKEN>
				<TOKEN end_char="3108" id="token-17-19" start_char="3107">,”</TOKEN>
				<TOKEN end_char="3116" id="token-17-20" start_char="3110">Escobar</TOKEN>
				<TOKEN end_char="3121" id="token-17-21" start_char="3118">said</TOKEN>
				<TOKEN end_char="3122" id="token-17-22" start_char="3122">.</TOKEN>
				<TOKEN end_char="3124" id="token-17-23" start_char="3124">“</TOKEN>
				<TOKEN end_char="3126" id="token-17-24" start_char="3125">It</TOKEN>
				<TOKEN end_char="3129" id="token-17-25" start_char="3128">is</TOKEN>
				<TOKEN end_char="3136" id="token-17-26" start_char="3131">really</TOKEN>
				<TOKEN end_char="3146" id="token-17-27" start_char="3138">important</TOKEN>
				<TOKEN end_char="3149" id="token-17-28" start_char="3148">to</TOKEN>
				<TOKEN end_char="3155" id="token-17-29" start_char="3151">spend</TOKEN>
				<TOKEN end_char="3165" id="token-17-30" start_char="3157">resources</TOKEN>
				<TOKEN end_char="3168" id="token-17-31" start_char="3167">on</TOKEN>
				<TOKEN end_char="3176" id="token-17-32" start_char="3170">getting</TOKEN>
				<TOKEN end_char="3183" id="token-17-33" start_char="3178">people</TOKEN>
				<TOKEN end_char="3186" id="token-17-34" start_char="3185">to</TOKEN>
				<TOKEN end_char="3189" id="token-17-35" start_char="3188">be</TOKEN>
				<TOKEN end_char="3199" id="token-17-36" start_char="3191">champions</TOKEN>
				<TOKEN end_char="3202" id="token-17-37" start_char="3201">of</TOKEN>
				<TOKEN end_char="3206" id="token-17-38" start_char="3204">the</TOKEN>
				<TOKEN end_char="3216" id="token-17-39" start_char="3208">community</TOKEN>
				<TOKEN end_char="3227" id="token-17-40" start_char="3218">themselves</TOKEN>
				<TOKEN end_char="3229" id="token-17-41" start_char="3228">.”</TOKEN>
			</SEG>
			<SEG end_char="3458" id="20121114_WAPO_1cf7051c-2d0f-11e2-9ac2-1c61452669c3-18" start_char="3231">
				<ORIGINAL_TEXT>Archer said he recruited the town’s two Hispanic council members — Raymond Rivas (Ward 5) and Alejandro Silva (Ward 6) — by knocking on their doors and asking them to run in the two wards, which have a large Hispanic population.</ORIGINAL_TEXT>
				<TOKEN end_char="3236" id="token-18-0" start_char="3231">Archer</TOKEN>
				<TOKEN end_char="3241" id="token-18-1" start_char="3238">said</TOKEN>
				<TOKEN end_char="3244" id="token-18-2" start_char="3243">he</TOKEN>
				<TOKEN end_char="3254" id="token-18-3" start_char="3246">recruited</TOKEN>
				<TOKEN end_char="3258" id="token-18-4" start_char="3256">the</TOKEN>
				<TOKEN end_char="3263" id="token-18-5" start_char="3260">town</TOKEN>
				<TOKEN end_char="3264" id="token-18-6" start_char="3264">’</TOKEN>
				<TOKEN end_char="3265" id="token-18-7" start_char="3265">s</TOKEN>
				<TOKEN end_char="3269" id="token-18-8" start_char="3267">two</TOKEN>
				<TOKEN end_char="3278" id="token-18-9" start_char="3271">Hispanic</TOKEN>
				<TOKEN end_char="3286" id="token-18-10" start_char="3280">council</TOKEN>
				<TOKEN end_char="3294" id="token-18-11" start_char="3288">members</TOKEN>
				<TOKEN end_char="3296" id="token-18-12" start_char="3296">—</TOKEN>
				<TOKEN end_char="3304" id="token-18-13" start_char="3298">Raymond</TOKEN>
				<TOKEN end_char="3310" id="token-18-14" start_char="3306">Rivas</TOKEN>
				<TOKEN end_char="3312" id="token-18-15" start_char="3312">(</TOKEN>
				<TOKEN end_char="3316" id="token-18-16" start_char="3313">Ward</TOKEN>
				<TOKEN end_char="3318" id="token-18-17" start_char="3318">5</TOKEN>
				<TOKEN end_char="3319" id="token-18-18" start_char="3319">)</TOKEN>
				<TOKEN end_char="3323" id="token-18-19" start_char="3321">and</TOKEN>
				<TOKEN end_char="3333" id="token-18-20" start_char="3325">Alejandro</TOKEN>
				<TOKEN end_char="3339" id="token-18-21" start_char="3335">Silva</TOKEN>
				<TOKEN end_char="3341" id="token-18-22" start_char="3341">(</TOKEN>
				<TOKEN end_char="3345" id="token-18-23" start_char="3342">Ward</TOKEN>
				<TOKEN end_char="3347" id="token-18-24" start_char="3347">6</TOKEN>
				<TOKEN end_char="3348" id="token-18-25" start_char="3348">)</TOKEN>
				<TOKEN end_char="3350" id="token-18-26" start_char="3350">—</TOKEN>
				<TOKEN end_char="3353" id="token-18-27" start_char="3352">by</TOKEN>
				<TOKEN end_char="3362" id="token-18-28" start_char="3355">knocking</TOKEN>
				<TOKEN end_char="3365" id="token-18-29" start_char="3364">on</TOKEN>
				<TOKEN end_char="3371" id="token-18-30" start_char="3367">their</TOKEN>
				<TOKEN end_char="3377" id="token-18-31" start_char="3373">doors</TOKEN>
				<TOKEN end_char="3381" id="token-18-32" start_char="3379">and</TOKEN>
				<TOKEN end_char="3388" id="token-18-33" start_char="3383">asking</TOKEN>
				<TOKEN end_char="3393" id="token-18-34" start_char="3390">them</TOKEN>
				<TOKEN end_char="3396" id="token-18-35" start_char="3395">to</TOKEN>
				<TOKEN end_char="3400" id="token-18-36" start_char="3398">run</TOKEN>
				<TOKEN end_char="3403" id="token-18-37" start_char="3402">in</TOKEN>
				<TOKEN end_char="3407" id="token-18-38" start_char="3405">the</TOKEN>
				<TOKEN end_char="3411" id="token-18-39" start_char="3409">two</TOKEN>
				<TOKEN end_char="3417" id="token-18-40" start_char="3413">wards</TOKEN>
				<TOKEN end_char="3418" id="token-18-41" start_char="3418">,</TOKEN>
				<TOKEN end_char="3424" id="token-18-42" start_char="3420">which</TOKEN>
				<TOKEN end_char="3429" id="token-18-43" start_char="3426">have</TOKEN>
				<TOKEN end_char="3431" id="token-18-44" start_char="3431">a</TOKEN>
				<TOKEN end_char="3437" id="token-18-45" start_char="3433">large</TOKEN>
				<TOKEN end_char="3446" id="token-18-46" start_char="3439">Hispanic</TOKEN>
				<TOKEN end_char="3457" id="token-18-47" start_char="3448">population</TOKEN>
				<TOKEN end_char="3458" id="token-18-48" start_char="3458">.</TOKEN>
			</SEG>
			<SEG end_char="3546" id="20121114_WAPO_1cf7051c-2d0f-11e2-9ac2-1c61452669c3-19" start_char="3460">
				<ORIGINAL_TEXT>He said he believed the two wards needed representatives who reflected the communities.</ORIGINAL_TEXT>
				<TOKEN end_char="3461" id="token-19-0" start_char="3460">He</TOKEN>
				<TOKEN end_char="3466" id="token-19-1" start_char="3463">said</TOKEN>
				<TOKEN end_char="3469" id="token-19-2" start_char="3468">he</TOKEN>
				<TOKEN end_char="3478" id="token-19-3" start_char="3471">believed</TOKEN>
				<TOKEN end_char="3482" id="token-19-4" start_char="3480">the</TOKEN>
				<TOKEN end_char="3486" id="token-19-5" start_char="3484">two</TOKEN>
				<TOKEN end_char="3492" id="token-19-6" start_char="3488">wards</TOKEN>
				<TOKEN end_char="3499" id="token-19-7" start_char="3494">needed</TOKEN>
				<TOKEN end_char="3515" id="token-19-8" start_char="3501">representatives</TOKEN>
				<TOKEN end_char="3519" id="token-19-9" start_char="3517">who</TOKEN>
				<TOKEN end_char="3529" id="token-19-10" start_char="3521">reflected</TOKEN>
				<TOKEN end_char="3533" id="token-19-11" start_char="3531">the</TOKEN>
				<TOKEN end_char="3545" id="token-19-12" start_char="3535">communities</TOKEN>
				<TOKEN end_char="3546" id="token-19-13" start_char="3546">.</TOKEN>
			</SEG>
			<SEG end_char="3723" id="20121114_WAPO_1cf7051c-2d0f-11e2-9ac2-1c61452669c3-20" start_char="3548">
				<ORIGINAL_TEXT>Rivas won his seat in 2009 and won reelection in 2011, running unopposed both times. He declined to comment for this article. Silva won his seat in 2011 and also ran unopposed.</ORIGINAL_TEXT>
				<TOKEN end_char="3552" id="token-20-0" start_char="3548">Rivas</TOKEN>
				<TOKEN end_char="3556" id="token-20-1" start_char="3554">won</TOKEN>
				<TOKEN end_char="3560" id="token-20-2" start_char="3558">his</TOKEN>
				<TOKEN end_char="3565" id="token-20-3" start_char="3562">seat</TOKEN>
				<TOKEN end_char="3568" id="token-20-4" start_char="3567">in</TOKEN>
				<TOKEN end_char="3573" id="token-20-5" start_char="3570">2009</TOKEN>
				<TOKEN end_char="3577" id="token-20-6" start_char="3575">and</TOKEN>
				<TOKEN end_char="3581" id="token-20-7" start_char="3579">won</TOKEN>
				<TOKEN end_char="3592" id="token-20-8" start_char="3583">reelection</TOKEN>
				<TOKEN end_char="3595" id="token-20-9" start_char="3594">in</TOKEN>
				<TOKEN end_char="3600" id="token-20-10" start_char="3597">2011</TOKEN>
				<TOKEN end_char="3601" id="token-20-11" start_char="3601">,</TOKEN>
				<TOKEN end_char="3609" id="token-20-12" start_char="3603">running</TOKEN>
				<TOKEN end_char="3619" id="token-20-13" start_char="3611">unopposed</TOKEN>
				<TOKEN end_char="3624" id="token-20-14" start_char="3621">both</TOKEN>
				<TOKEN end_char="3630" id="token-20-15" start_char="3626">times</TOKEN>
				<TOKEN end_char="3631" id="token-20-16" start_char="3631">.</TOKEN>
				<TOKEN end_char="3634" id="token-20-17" start_char="3633">He</TOKEN>
				<TOKEN end_char="3643" id="token-20-18" start_char="3636">declined</TOKEN>
				<TOKEN end_char="3646" id="token-20-19" start_char="3645">to</TOKEN>
				<TOKEN end_char="3654" id="token-20-20" start_char="3648">comment</TOKEN>
				<TOKEN end_char="3658" id="token-20-21" start_char="3656">for</TOKEN>
				<TOKEN end_char="3663" id="token-20-22" start_char="3660">this</TOKEN>
				<TOKEN end_char="3671" id="token-20-23" start_char="3665">article</TOKEN>
				<TOKEN end_char="3672" id="token-20-24" start_char="3672">.</TOKEN>
				<TOKEN end_char="3678" id="token-20-25" start_char="3674">Silva</TOKEN>
				<TOKEN end_char="3682" id="token-20-26" start_char="3680">won</TOKEN>
				<TOKEN end_char="3686" id="token-20-27" start_char="3684">his</TOKEN>
				<TOKEN end_char="3691" id="token-20-28" start_char="3688">seat</TOKEN>
				<TOKEN end_char="3694" id="token-20-29" start_char="3693">in</TOKEN>
				<TOKEN end_char="3699" id="token-20-30" start_char="3696">2011</TOKEN>
				<TOKEN end_char="3703" id="token-20-31" start_char="3701">and</TOKEN>
				<TOKEN end_char="3708" id="token-20-32" start_char="3705">also</TOKEN>
				<TOKEN end_char="3712" id="token-20-33" start_char="3710">ran</TOKEN>
				<TOKEN end_char="3722" id="token-20-34" start_char="3714">unopposed</TOKEN>
				<TOKEN end_char="3723" id="token-20-35" start_char="3723">.</TOKEN>
			</SEG>
			<SEG end_char="4008" id="20121114_WAPO_1cf7051c-2d0f-11e2-9ac2-1c61452669c3-21" start_char="3725">
				<ORIGINAL_TEXT>Silva said he thought the town has done well in reaching out to the Hispanic population and felt that the number of translators was adequate to handle Spanish-speakers in the town. He said Hispanic residents in his ward usually come to him if they have any concerns about town issues.</ORIGINAL_TEXT>
				<TOKEN end_char="3729" id="token-21-0" start_char="3725">Silva</TOKEN>
				<TOKEN end_char="3734" id="token-21-1" start_char="3731">said</TOKEN>
				<TOKEN end_char="3737" id="token-21-2" start_char="3736">he</TOKEN>
				<TOKEN end_char="3745" id="token-21-3" start_char="3739">thought</TOKEN>
				<TOKEN end_char="3749" id="token-21-4" start_char="3747">the</TOKEN>
				<TOKEN end_char="3754" id="token-21-5" start_char="3751">town</TOKEN>
				<TOKEN end_char="3758" id="token-21-6" start_char="3756">has</TOKEN>
				<TOKEN end_char="3763" id="token-21-7" start_char="3760">done</TOKEN>
				<TOKEN end_char="3768" id="token-21-8" start_char="3765">well</TOKEN>
				<TOKEN end_char="3771" id="token-21-9" start_char="3770">in</TOKEN>
				<TOKEN end_char="3780" id="token-21-10" start_char="3773">reaching</TOKEN>
				<TOKEN end_char="3784" id="token-21-11" start_char="3782">out</TOKEN>
				<TOKEN end_char="3787" id="token-21-12" start_char="3786">to</TOKEN>
				<TOKEN end_char="3791" id="token-21-13" start_char="3789">the</TOKEN>
				<TOKEN end_char="3800" id="token-21-14" start_char="3793">Hispanic</TOKEN>
				<TOKEN end_char="3811" id="token-21-15" start_char="3802">population</TOKEN>
				<TOKEN end_char="3815" id="token-21-16" start_char="3813">and</TOKEN>
				<TOKEN end_char="3820" id="token-21-17" start_char="3817">felt</TOKEN>
				<TOKEN end_char="3825" id="token-21-18" start_char="3822">that</TOKEN>
				<TOKEN end_char="3829" id="token-21-19" start_char="3827">the</TOKEN>
				<TOKEN end_char="3836" id="token-21-20" start_char="3831">number</TOKEN>
				<TOKEN end_char="3839" id="token-21-21" start_char="3838">of</TOKEN>
				<TOKEN end_char="3851" id="token-21-22" start_char="3841">translators</TOKEN>
				<TOKEN end_char="3855" id="token-21-23" start_char="3853">was</TOKEN>
				<TOKEN end_char="3864" id="token-21-24" start_char="3857">adequate</TOKEN>
				<TOKEN end_char="3867" id="token-21-25" start_char="3866">to</TOKEN>
				<TOKEN end_char="3874" id="token-21-26" start_char="3869">handle</TOKEN>
				<TOKEN end_char="3882" id="token-21-27" start_char="3876">Spanish</TOKEN>
				<TOKEN end_char="3883" id="token-21-28" start_char="3883">-</TOKEN>
				<TOKEN end_char="3891" id="token-21-29" start_char="3884">speakers</TOKEN>
				<TOKEN end_char="3894" id="token-21-30" start_char="3893">in</TOKEN>
				<TOKEN end_char="3898" id="token-21-31" start_char="3896">the</TOKEN>
				<TOKEN end_char="3903" id="token-21-32" start_char="3900">town</TOKEN>
				<TOKEN end_char="3904" id="token-21-33" start_char="3904">.</TOKEN>
				<TOKEN end_char="3907" id="token-21-34" start_char="3906">He</TOKEN>
				<TOKEN end_char="3912" id="token-21-35" start_char="3909">said</TOKEN>
				<TOKEN end_char="3921" id="token-21-36" start_char="3914">Hispanic</TOKEN>
				<TOKEN end_char="3931" id="token-21-37" start_char="3923">residents</TOKEN>
				<TOKEN end_char="3934" id="token-21-38" start_char="3933">in</TOKEN>
				<TOKEN end_char="3938" id="token-21-39" start_char="3936">his</TOKEN>
				<TOKEN end_char="3943" id="token-21-40" start_char="3940">ward</TOKEN>
				<TOKEN end_char="3951" id="token-21-41" start_char="3945">usually</TOKEN>
				<TOKEN end_char="3956" id="token-21-42" start_char="3953">come</TOKEN>
				<TOKEN end_char="3959" id="token-21-43" start_char="3958">to</TOKEN>
				<TOKEN end_char="3963" id="token-21-44" start_char="3961">him</TOKEN>
				<TOKEN end_char="3966" id="token-21-45" start_char="3965">if</TOKEN>
				<TOKEN end_char="3971" id="token-21-46" start_char="3968">they</TOKEN>
				<TOKEN end_char="3976" id="token-21-47" start_char="3973">have</TOKEN>
				<TOKEN end_char="3980" id="token-21-48" start_char="3978">any</TOKEN>
				<TOKEN end_char="3989" id="token-21-49" start_char="3982">concerns</TOKEN>
				<TOKEN end_char="3995" id="token-21-50" start_char="3991">about</TOKEN>
				<TOKEN end_char="4000" id="token-21-51" start_char="3997">town</TOKEN>
				<TOKEN end_char="4007" id="token-21-52" start_char="4002">issues</TOKEN>
				<TOKEN end_char="4008" id="token-21-53" start_char="4008">.</TOKEN>
			</SEG>
		</TEXT>
	</DOC>
</LCTL_TEXT>
