<?xml version="1.0" encoding="utf-8"?>
<LCTL_TEXT>
	<DOC id="20120309_WAPO_9e8546d8-6a1f-11e1-b756-60ee4e23a039">
		<TEXT>
			<SEG end_char="37" id="20120309_WAPO_9e8546d8-6a1f-11e1-b756-60ee4e23a039-0" start_char="0">
				<ORIGINAL_TEXT>Flu strain confirmed in Calvert deaths</ORIGINAL_TEXT>
				<TOKEN end_char="2" id="token-0-0" start_char="0">Flu</TOKEN>
				<TOKEN end_char="9" id="token-0-1" start_char="4">strain</TOKEN>
				<TOKEN end_char="19" id="token-0-2" start_char="11">confirmed</TOKEN>
				<TOKEN end_char="22" id="token-0-3" start_char="21">in</TOKEN>
				<TOKEN end_char="30" id="token-0-4" start_char="24">Calvert</TOKEN>
				<TOKEN end_char="37" id="token-0-5" start_char="32">deaths</TOKEN>
			</SEG>
			<SEG end_char="78" id="20120309_WAPO_9e8546d8-6a1f-11e1-b756-60ee4e23a039-1" start_char="39">
				<ORIGINAL_TEXT>Friday, March 9, 2012 15:00:11 GMT-05:00</ORIGINAL_TEXT>
				<TOKEN end_char="44" id="token-1-0" start_char="39">Friday</TOKEN>
				<TOKEN end_char="45" id="token-1-1" start_char="45">,</TOKEN>
				<TOKEN end_char="51" id="token-1-2" start_char="47">March</TOKEN>
				<TOKEN end_char="53" id="token-1-3" start_char="53">9</TOKEN>
				<TOKEN end_char="54" id="token-1-4" start_char="54">,</TOKEN>
				<TOKEN end_char="59" id="token-1-5" start_char="56">2012</TOKEN>
				<TOKEN end_char="62" id="token-1-6" start_char="61">15</TOKEN>
				<TOKEN end_char="63" id="token-1-7" start_char="63">:</TOKEN>
				<TOKEN end_char="65" id="token-1-8" start_char="64">00</TOKEN>
				<TOKEN end_char="66" id="token-1-9" start_char="66">:</TOKEN>
				<TOKEN end_char="68" id="token-1-10" start_char="67">11</TOKEN>
				<TOKEN end_char="72" id="token-1-11" start_char="70">GMT</TOKEN>
				<TOKEN end_char="73" id="token-1-12" start_char="73">-</TOKEN>
				<TOKEN end_char="75" id="token-1-13" start_char="74">05</TOKEN>
				<TOKEN end_char="76" id="token-1-14" start_char="76">:</TOKEN>
				<TOKEN end_char="78" id="token-1-15" start_char="77">00</TOKEN>
			</SEG>
			<SEG end_char="240" id="20120309_WAPO_9e8546d8-6a1f-11e1-b756-60ee4e23a039-2" start_char="80">
				<ORIGINAL_TEXT>Four members of the Calvert County family stricken by flu complications had the same H3N2 strain of the influenza A virus, Maryland health officials said Friday.</ORIGINAL_TEXT>
				<TOKEN end_char="83" id="token-2-0" start_char="80">Four</TOKEN>
				<TOKEN end_char="91" id="token-2-1" start_char="85">members</TOKEN>
				<TOKEN end_char="94" id="token-2-2" start_char="93">of</TOKEN>
				<TOKEN end_char="98" id="token-2-3" start_char="96">the</TOKEN>
				<TOKEN end_char="106" id="token-2-4" start_char="100">Calvert</TOKEN>
				<TOKEN end_char="113" id="token-2-5" start_char="108">County</TOKEN>
				<TOKEN end_char="120" id="token-2-6" start_char="115">family</TOKEN>
				<TOKEN end_char="129" id="token-2-7" start_char="122">stricken</TOKEN>
				<TOKEN end_char="132" id="token-2-8" start_char="131">by</TOKEN>
				<TOKEN end_char="136" id="token-2-9" start_char="134">flu</TOKEN>
				<TOKEN end_char="150" id="token-2-10" start_char="138">complications</TOKEN>
				<TOKEN end_char="154" id="token-2-11" start_char="152">had</TOKEN>
				<TOKEN end_char="158" id="token-2-12" start_char="156">the</TOKEN>
				<TOKEN end_char="163" id="token-2-13" start_char="160">same</TOKEN>
				<TOKEN end_char="168" id="token-2-14" start_char="165">H3N2</TOKEN>
				<TOKEN end_char="175" id="token-2-15" start_char="170">strain</TOKEN>
				<TOKEN end_char="178" id="token-2-16" start_char="177">of</TOKEN>
				<TOKEN end_char="182" id="token-2-17" start_char="180">the</TOKEN>
				<TOKEN end_char="192" id="token-2-18" start_char="184">influenza</TOKEN>
				<TOKEN end_char="194" id="token-2-19" start_char="194">A</TOKEN>
				<TOKEN end_char="200" id="token-2-20" start_char="196">virus</TOKEN>
				<TOKEN end_char="201" id="token-2-21" start_char="201">,</TOKEN>
				<TOKEN end_char="210" id="token-2-22" start_char="203">Maryland</TOKEN>
				<TOKEN end_char="217" id="token-2-23" start_char="212">health</TOKEN>
				<TOKEN end_char="227" id="token-2-24" start_char="219">officials</TOKEN>
				<TOKEN end_char="232" id="token-2-25" start_char="229">said</TOKEN>
				<TOKEN end_char="239" id="token-2-26" start_char="234">Friday</TOKEN>
				<TOKEN end_char="240" id="token-2-27" start_char="240">.</TOKEN>
			</SEG>
			<SEG end_char="417" id="20120309_WAPO_9e8546d8-6a1f-11e1-b756-60ee4e23a039-3" start_char="242">
				<ORIGINAL_TEXT>That strain is one of three seasonal varieties circulating in Maryland and nationwide, officials said. Previous testing had identified influenza A but not the specific subtype.</ORIGINAL_TEXT>
				<TOKEN end_char="245" id="token-3-0" start_char="242">That</TOKEN>
				<TOKEN end_char="252" id="token-3-1" start_char="247">strain</TOKEN>
				<TOKEN end_char="255" id="token-3-2" start_char="254">is</TOKEN>
				<TOKEN end_char="259" id="token-3-3" start_char="257">one</TOKEN>
				<TOKEN end_char="262" id="token-3-4" start_char="261">of</TOKEN>
				<TOKEN end_char="268" id="token-3-5" start_char="264">three</TOKEN>
				<TOKEN end_char="277" id="token-3-6" start_char="270">seasonal</TOKEN>
				<TOKEN end_char="287" id="token-3-7" start_char="279">varieties</TOKEN>
				<TOKEN end_char="299" id="token-3-8" start_char="289">circulating</TOKEN>
				<TOKEN end_char="302" id="token-3-9" start_char="301">in</TOKEN>
				<TOKEN end_char="311" id="token-3-10" start_char="304">Maryland</TOKEN>
				<TOKEN end_char="315" id="token-3-11" start_char="313">and</TOKEN>
				<TOKEN end_char="326" id="token-3-12" start_char="317">nationwide</TOKEN>
				<TOKEN end_char="327" id="token-3-13" start_char="327">,</TOKEN>
				<TOKEN end_char="337" id="token-3-14" start_char="329">officials</TOKEN>
				<TOKEN end_char="342" id="token-3-15" start_char="339">said</TOKEN>
				<TOKEN end_char="343" id="token-3-16" start_char="343">.</TOKEN>
				<TOKEN end_char="352" id="token-3-17" start_char="345">Previous</TOKEN>
				<TOKEN end_char="360" id="token-3-18" start_char="354">testing</TOKEN>
				<TOKEN end_char="364" id="token-3-19" start_char="362">had</TOKEN>
				<TOKEN end_char="375" id="token-3-20" start_char="366">identified</TOKEN>
				<TOKEN end_char="385" id="token-3-21" start_char="377">influenza</TOKEN>
				<TOKEN end_char="387" id="token-3-22" start_char="387">A</TOKEN>
				<TOKEN end_char="391" id="token-3-23" start_char="389">but</TOKEN>
				<TOKEN end_char="395" id="token-3-24" start_char="393">not</TOKEN>
				<TOKEN end_char="399" id="token-3-25" start_char="397">the</TOKEN>
				<TOKEN end_char="408" id="token-3-26" start_char="401">specific</TOKEN>
				<TOKEN end_char="416" id="token-3-27" start_char="410">subtype</TOKEN>
				<TOKEN end_char="417" id="token-3-28" start_char="417">.</TOKEN>
			</SEG>
			<SEG end_char="585" id="20120309_WAPO_9e8546d8-6a1f-11e1-b756-60ee4e23a039-4" start_char="419">
				<ORIGINAL_TEXT>Lou Ruth Blake, 81, died at home March 1, and two of her children, Lowell, 58, and Vanessa, 56, who had cared for her, were hospitalized March 4 and died the next day.</ORIGINAL_TEXT>
				<TOKEN end_char="421" id="token-4-0" start_char="419">Lou</TOKEN>
				<TOKEN end_char="426" id="token-4-1" start_char="423">Ruth</TOKEN>
				<TOKEN end_char="432" id="token-4-2" start_char="428">Blake</TOKEN>
				<TOKEN end_char="433" id="token-4-3" start_char="433">,</TOKEN>
				<TOKEN end_char="436" id="token-4-4" start_char="435">81</TOKEN>
				<TOKEN end_char="437" id="token-4-5" start_char="437">,</TOKEN>
				<TOKEN end_char="442" id="token-4-6" start_char="439">died</TOKEN>
				<TOKEN end_char="445" id="token-4-7" start_char="444">at</TOKEN>
				<TOKEN end_char="450" id="token-4-8" start_char="447">home</TOKEN>
				<TOKEN end_char="456" id="token-4-9" start_char="452">March</TOKEN>
				<TOKEN end_char="458" id="token-4-10" start_char="458">1</TOKEN>
				<TOKEN end_char="459" id="token-4-11" start_char="459">,</TOKEN>
				<TOKEN end_char="463" id="token-4-12" start_char="461">and</TOKEN>
				<TOKEN end_char="467" id="token-4-13" start_char="465">two</TOKEN>
				<TOKEN end_char="470" id="token-4-14" start_char="469">of</TOKEN>
				<TOKEN end_char="474" id="token-4-15" start_char="472">her</TOKEN>
				<TOKEN end_char="483" id="token-4-16" start_char="476">children</TOKEN>
				<TOKEN end_char="484" id="token-4-17" start_char="484">,</TOKEN>
				<TOKEN end_char="491" id="token-4-18" start_char="486">Lowell</TOKEN>
				<TOKEN end_char="492" id="token-4-19" start_char="492">,</TOKEN>
				<TOKEN end_char="495" id="token-4-20" start_char="494">58</TOKEN>
				<TOKEN end_char="496" id="token-4-21" start_char="496">,</TOKEN>
				<TOKEN end_char="500" id="token-4-22" start_char="498">and</TOKEN>
				<TOKEN end_char="508" id="token-4-23" start_char="502">Vanessa</TOKEN>
				<TOKEN end_char="509" id="token-4-24" start_char="509">,</TOKEN>
				<TOKEN end_char="512" id="token-4-25" start_char="511">56</TOKEN>
				<TOKEN end_char="513" id="token-4-26" start_char="513">,</TOKEN>
				<TOKEN end_char="517" id="token-4-27" start_char="515">who</TOKEN>
				<TOKEN end_char="521" id="token-4-28" start_char="519">had</TOKEN>
				<TOKEN end_char="527" id="token-4-29" start_char="523">cared</TOKEN>
				<TOKEN end_char="531" id="token-4-30" start_char="529">for</TOKEN>
				<TOKEN end_char="535" id="token-4-31" start_char="533">her</TOKEN>
				<TOKEN end_char="536" id="token-4-32" start_char="536">,</TOKEN>
				<TOKEN end_char="541" id="token-4-33" start_char="538">were</TOKEN>
				<TOKEN end_char="554" id="token-4-34" start_char="543">hospitalized</TOKEN>
				<TOKEN end_char="560" id="token-4-35" start_char="556">March</TOKEN>
				<TOKEN end_char="562" id="token-4-36" start_char="562">4</TOKEN>
				<TOKEN end_char="566" id="token-4-37" start_char="564">and</TOKEN>
				<TOKEN end_char="571" id="token-4-38" start_char="568">died</TOKEN>
				<TOKEN end_char="575" id="token-4-39" start_char="573">the</TOKEN>
				<TOKEN end_char="580" id="token-4-40" start_char="577">next</TOKEN>
				<TOKEN end_char="584" id="token-4-41" start_char="582">day</TOKEN>
				<TOKEN end_char="585" id="token-4-42" start_char="585">.</TOKEN>
			</SEG>
			<SEG end_char="780" id="20120309_WAPO_9e8546d8-6a1f-11e1-b756-60ee4e23a039-5" start_char="587">
				<ORIGINAL_TEXT>A third child, Elaine, 51, who lived with her mother and had been her main caregiver, was hospitalized March 5 and discharged late Thursday, a MedStar Washington Hopital Center spokeswoman said.</ORIGINAL_TEXT>
				<TOKEN end_char="587" id="token-5-0" start_char="587">A</TOKEN>
				<TOKEN end_char="593" id="token-5-1" start_char="589">third</TOKEN>
				<TOKEN end_char="599" id="token-5-2" start_char="595">child</TOKEN>
				<TOKEN end_char="600" id="token-5-3" start_char="600">,</TOKEN>
				<TOKEN end_char="607" id="token-5-4" start_char="602">Elaine</TOKEN>
				<TOKEN end_char="608" id="token-5-5" start_char="608">,</TOKEN>
				<TOKEN end_char="611" id="token-5-6" start_char="610">51</TOKEN>
				<TOKEN end_char="612" id="token-5-7" start_char="612">,</TOKEN>
				<TOKEN end_char="616" id="token-5-8" start_char="614">who</TOKEN>
				<TOKEN end_char="622" id="token-5-9" start_char="618">lived</TOKEN>
				<TOKEN end_char="627" id="token-5-10" start_char="624">with</TOKEN>
				<TOKEN end_char="631" id="token-5-11" start_char="629">her</TOKEN>
				<TOKEN end_char="638" id="token-5-12" start_char="633">mother</TOKEN>
				<TOKEN end_char="642" id="token-5-13" start_char="640">and</TOKEN>
				<TOKEN end_char="646" id="token-5-14" start_char="644">had</TOKEN>
				<TOKEN end_char="651" id="token-5-15" start_char="648">been</TOKEN>
				<TOKEN end_char="655" id="token-5-16" start_char="653">her</TOKEN>
				<TOKEN end_char="660" id="token-5-17" start_char="657">main</TOKEN>
				<TOKEN end_char="670" id="token-5-18" start_char="662">caregiver</TOKEN>
				<TOKEN end_char="671" id="token-5-19" start_char="671">,</TOKEN>
				<TOKEN end_char="675" id="token-5-20" start_char="673">was</TOKEN>
				<TOKEN end_char="688" id="token-5-21" start_char="677">hospitalized</TOKEN>
				<TOKEN end_char="694" id="token-5-22" start_char="690">March</TOKEN>
				<TOKEN end_char="696" id="token-5-23" start_char="696">5</TOKEN>
				<TOKEN end_char="700" id="token-5-24" start_char="698">and</TOKEN>
				<TOKEN end_char="711" id="token-5-25" start_char="702">discharged</TOKEN>
				<TOKEN end_char="716" id="token-5-26" start_char="713">late</TOKEN>
				<TOKEN end_char="725" id="token-5-27" start_char="718">Thursday</TOKEN>
				<TOKEN end_char="726" id="token-5-28" start_char="726">,</TOKEN>
				<TOKEN end_char="728" id="token-5-29" start_char="728">a</TOKEN>
				<TOKEN end_char="736" id="token-5-30" start_char="730">MedStar</TOKEN>
				<TOKEN end_char="747" id="token-5-31" start_char="738">Washington</TOKEN>
				<TOKEN end_char="755" id="token-5-32" start_char="749">Hopital</TOKEN>
				<TOKEN end_char="762" id="token-5-33" start_char="757">Center</TOKEN>
				<TOKEN end_char="774" id="token-5-34" start_char="764">spokeswoman</TOKEN>
				<TOKEN end_char="779" id="token-5-35" start_char="776">said</TOKEN>
				<TOKEN end_char="780" id="token-5-36" start_char="780">.</TOKEN>
			</SEG>
			<SEG end_char="902" id="20120309_WAPO_9e8546d8-6a1f-11e1-b756-60ee4e23a039-6" start_char="782">
				<ORIGINAL_TEXT>A fifth family member, a sister of Lou Ruth Blake’s, is still at the hospital center but improving, the spokeswoman said.</ORIGINAL_TEXT>
				<TOKEN end_char="782" id="token-6-0" start_char="782">A</TOKEN>
				<TOKEN end_char="788" id="token-6-1" start_char="784">fifth</TOKEN>
				<TOKEN end_char="795" id="token-6-2" start_char="790">family</TOKEN>
				<TOKEN end_char="802" id="token-6-3" start_char="797">member</TOKEN>
				<TOKEN end_char="803" id="token-6-4" start_char="803">,</TOKEN>
				<TOKEN end_char="805" id="token-6-5" start_char="805">a</TOKEN>
				<TOKEN end_char="812" id="token-6-6" start_char="807">sister</TOKEN>
				<TOKEN end_char="815" id="token-6-7" start_char="814">of</TOKEN>
				<TOKEN end_char="819" id="token-6-8" start_char="817">Lou</TOKEN>
				<TOKEN end_char="824" id="token-6-9" start_char="821">Ruth</TOKEN>
				<TOKEN end_char="830" id="token-6-10" start_char="826">Blake</TOKEN>
				<TOKEN end_char="831" id="token-6-11" start_char="831">’</TOKEN>
				<TOKEN end_char="832" id="token-6-12" start_char="832">s</TOKEN>
				<TOKEN end_char="833" id="token-6-13" start_char="833">,</TOKEN>
				<TOKEN end_char="836" id="token-6-14" start_char="835">is</TOKEN>
				<TOKEN end_char="842" id="token-6-15" start_char="838">still</TOKEN>
				<TOKEN end_char="845" id="token-6-16" start_char="844">at</TOKEN>
				<TOKEN end_char="849" id="token-6-17" start_char="847">the</TOKEN>
				<TOKEN end_char="858" id="token-6-18" start_char="851">hospital</TOKEN>
				<TOKEN end_char="865" id="token-6-19" start_char="860">center</TOKEN>
				<TOKEN end_char="869" id="token-6-20" start_char="867">but</TOKEN>
				<TOKEN end_char="879" id="token-6-21" start_char="871">improving</TOKEN>
				<TOKEN end_char="880" id="token-6-22" start_char="880">,</TOKEN>
				<TOKEN end_char="884" id="token-6-23" start_char="882">the</TOKEN>
				<TOKEN end_char="896" id="token-6-24" start_char="886">spokeswoman</TOKEN>
				<TOKEN end_char="901" id="token-6-25" start_char="898">said</TOKEN>
				<TOKEN end_char="902" id="token-6-26" start_char="902">.</TOKEN>
			</SEG>
			<SEG end_char="1162" id="20120309_WAPO_9e8546d8-6a1f-11e1-b756-60ee4e23a039-7" start_char="904">
				<ORIGINAL_TEXT>Lou Ruth Blake had received a seasonal flu vaccination but none of the three adult children received one, Calvert County Health Officer David Rogers has said. This season’s vaccine protects against two strains of influenza A — H3N2 and H1N1 — and influenza B.</ORIGINAL_TEXT>
				<TOKEN end_char="906" id="token-7-0" start_char="904">Lou</TOKEN>
				<TOKEN end_char="911" id="token-7-1" start_char="908">Ruth</TOKEN>
				<TOKEN end_char="917" id="token-7-2" start_char="913">Blake</TOKEN>
				<TOKEN end_char="921" id="token-7-3" start_char="919">had</TOKEN>
				<TOKEN end_char="930" id="token-7-4" start_char="923">received</TOKEN>
				<TOKEN end_char="932" id="token-7-5" start_char="932">a</TOKEN>
				<TOKEN end_char="941" id="token-7-6" start_char="934">seasonal</TOKEN>
				<TOKEN end_char="945" id="token-7-7" start_char="943">flu</TOKEN>
				<TOKEN end_char="957" id="token-7-8" start_char="947">vaccination</TOKEN>
				<TOKEN end_char="961" id="token-7-9" start_char="959">but</TOKEN>
				<TOKEN end_char="966" id="token-7-10" start_char="963">none</TOKEN>
				<TOKEN end_char="969" id="token-7-11" start_char="968">of</TOKEN>
				<TOKEN end_char="973" id="token-7-12" start_char="971">the</TOKEN>
				<TOKEN end_char="979" id="token-7-13" start_char="975">three</TOKEN>
				<TOKEN end_char="985" id="token-7-14" start_char="981">adult</TOKEN>
				<TOKEN end_char="994" id="token-7-15" start_char="987">children</TOKEN>
				<TOKEN end_char="1003" id="token-7-16" start_char="996">received</TOKEN>
				<TOKEN end_char="1007" id="token-7-17" start_char="1005">one</TOKEN>
				<TOKEN end_char="1008" id="token-7-18" start_char="1008">,</TOKEN>
				<TOKEN end_char="1016" id="token-7-19" start_char="1010">Calvert</TOKEN>
				<TOKEN end_char="1023" id="token-7-20" start_char="1018">County</TOKEN>
				<TOKEN end_char="1030" id="token-7-21" start_char="1025">Health</TOKEN>
				<TOKEN end_char="1038" id="token-7-22" start_char="1032">Officer</TOKEN>
				<TOKEN end_char="1044" id="token-7-23" start_char="1040">David</TOKEN>
				<TOKEN end_char="1051" id="token-7-24" start_char="1046">Rogers</TOKEN>
				<TOKEN end_char="1055" id="token-7-25" start_char="1053">has</TOKEN>
				<TOKEN end_char="1060" id="token-7-26" start_char="1057">said</TOKEN>
				<TOKEN end_char="1061" id="token-7-27" start_char="1061">.</TOKEN>
				<TOKEN end_char="1066" id="token-7-28" start_char="1063">This</TOKEN>
				<TOKEN end_char="1073" id="token-7-29" start_char="1068">season</TOKEN>
				<TOKEN end_char="1074" id="token-7-30" start_char="1074">’</TOKEN>
				<TOKEN end_char="1075" id="token-7-31" start_char="1075">s</TOKEN>
				<TOKEN end_char="1083" id="token-7-32" start_char="1077">vaccine</TOKEN>
				<TOKEN end_char="1092" id="token-7-33" start_char="1085">protects</TOKEN>
				<TOKEN end_char="1100" id="token-7-34" start_char="1094">against</TOKEN>
				<TOKEN end_char="1104" id="token-7-35" start_char="1102">two</TOKEN>
				<TOKEN end_char="1112" id="token-7-36" start_char="1106">strains</TOKEN>
				<TOKEN end_char="1115" id="token-7-37" start_char="1114">of</TOKEN>
				<TOKEN end_char="1125" id="token-7-38" start_char="1117">influenza</TOKEN>
				<TOKEN end_char="1127" id="token-7-39" start_char="1127">A</TOKEN>
				<TOKEN end_char="1129" id="token-7-40" start_char="1129">—</TOKEN>
				<TOKEN end_char="1134" id="token-7-41" start_char="1131">H3N2</TOKEN>
				<TOKEN end_char="1138" id="token-7-42" start_char="1136">and</TOKEN>
				<TOKEN end_char="1143" id="token-7-43" start_char="1140">H1N1</TOKEN>
				<TOKEN end_char="1145" id="token-7-44" start_char="1145">—</TOKEN>
				<TOKEN end_char="1149" id="token-7-45" start_char="1147">and</TOKEN>
				<TOKEN end_char="1159" id="token-7-46" start_char="1151">influenza</TOKEN>
				<TOKEN end_char="1161" id="token-7-47" start_char="1161">B</TOKEN>
				<TOKEN end_char="1162" id="token-7-48" start_char="1162">.</TOKEN>
			</SEG>
			<SEG end_char="1436" id="20120309_WAPO_9e8546d8-6a1f-11e1-b756-60ee4e23a039-8" start_char="1164">
				<ORIGINAL_TEXT>State health officials confirmed Friday, as county officials had earlier said they suspected, that the two siblings who died also had a bacterial infection with methicillin-resistant Staphylococcus aureus, or MRSA, a known and dangerous complication of influenza infection.</ORIGINAL_TEXT>
				<TOKEN end_char="1168" id="token-8-0" start_char="1164">State</TOKEN>
				<TOKEN end_char="1175" id="token-8-1" start_char="1170">health</TOKEN>
				<TOKEN end_char="1185" id="token-8-2" start_char="1177">officials</TOKEN>
				<TOKEN end_char="1195" id="token-8-3" start_char="1187">confirmed</TOKEN>
				<TOKEN end_char="1202" id="token-8-4" start_char="1197">Friday</TOKEN>
				<TOKEN end_char="1203" id="token-8-5" start_char="1203">,</TOKEN>
				<TOKEN end_char="1206" id="token-8-6" start_char="1205">as</TOKEN>
				<TOKEN end_char="1213" id="token-8-7" start_char="1208">county</TOKEN>
				<TOKEN end_char="1223" id="token-8-8" start_char="1215">officials</TOKEN>
				<TOKEN end_char="1227" id="token-8-9" start_char="1225">had</TOKEN>
				<TOKEN end_char="1235" id="token-8-10" start_char="1229">earlier</TOKEN>
				<TOKEN end_char="1240" id="token-8-11" start_char="1237">said</TOKEN>
				<TOKEN end_char="1245" id="token-8-12" start_char="1242">they</TOKEN>
				<TOKEN end_char="1255" id="token-8-13" start_char="1247">suspected</TOKEN>
				<TOKEN end_char="1256" id="token-8-14" start_char="1256">,</TOKEN>
				<TOKEN end_char="1261" id="token-8-15" start_char="1258">that</TOKEN>
				<TOKEN end_char="1265" id="token-8-16" start_char="1263">the</TOKEN>
				<TOKEN end_char="1269" id="token-8-17" start_char="1267">two</TOKEN>
				<TOKEN end_char="1278" id="token-8-18" start_char="1271">siblings</TOKEN>
				<TOKEN end_char="1282" id="token-8-19" start_char="1280">who</TOKEN>
				<TOKEN end_char="1287" id="token-8-20" start_char="1284">died</TOKEN>
				<TOKEN end_char="1292" id="token-8-21" start_char="1289">also</TOKEN>
				<TOKEN end_char="1296" id="token-8-22" start_char="1294">had</TOKEN>
				<TOKEN end_char="1298" id="token-8-23" start_char="1298">a</TOKEN>
				<TOKEN end_char="1308" id="token-8-24" start_char="1300">bacterial</TOKEN>
				<TOKEN end_char="1318" id="token-8-25" start_char="1310">infection</TOKEN>
				<TOKEN end_char="1323" id="token-8-26" start_char="1320">with</TOKEN>
				<TOKEN end_char="1335" id="token-8-27" start_char="1325">methicillin</TOKEN>
				<TOKEN end_char="1336" id="token-8-28" start_char="1336">-</TOKEN>
				<TOKEN end_char="1345" id="token-8-29" start_char="1337">resistant</TOKEN>
				<TOKEN end_char="1360" id="token-8-30" start_char="1347">Staphylococcus</TOKEN>
				<TOKEN end_char="1367" id="token-8-31" start_char="1362">aureus</TOKEN>
				<TOKEN end_char="1368" id="token-8-32" start_char="1368">,</TOKEN>
				<TOKEN end_char="1371" id="token-8-33" start_char="1370">or</TOKEN>
				<TOKEN end_char="1376" id="token-8-34" start_char="1373">MRSA</TOKEN>
				<TOKEN end_char="1377" id="token-8-35" start_char="1377">,</TOKEN>
				<TOKEN end_char="1379" id="token-8-36" start_char="1379">a</TOKEN>
				<TOKEN end_char="1385" id="token-8-37" start_char="1381">known</TOKEN>
				<TOKEN end_char="1389" id="token-8-38" start_char="1387">and</TOKEN>
				<TOKEN end_char="1399" id="token-8-39" start_char="1391">dangerous</TOKEN>
				<TOKEN end_char="1412" id="token-8-40" start_char="1401">complication</TOKEN>
				<TOKEN end_char="1415" id="token-8-41" start_char="1414">of</TOKEN>
				<TOKEN end_char="1425" id="token-8-42" start_char="1417">influenza</TOKEN>
				<TOKEN end_char="1435" id="token-8-43" start_char="1427">infection</TOKEN>
				<TOKEN end_char="1436" id="token-8-44" start_char="1436">.</TOKEN>
			</SEG>
			<SEG end_char="1685" id="20120309_WAPO_9e8546d8-6a1f-11e1-b756-60ee4e23a039-9" start_char="1438">
				<ORIGINAL_TEXT>MRSA is a strain of a bacterium normally treated with common antibiotics in the penicillin family, such as methicillin. Antibiotic-resistant strains of the organism, however, have been turning up increasingly in places outside health-care settings.</ORIGINAL_TEXT>
				<TOKEN end_char="1441" id="token-9-0" start_char="1438">MRSA</TOKEN>
				<TOKEN end_char="1444" id="token-9-1" start_char="1443">is</TOKEN>
				<TOKEN end_char="1446" id="token-9-2" start_char="1446">a</TOKEN>
				<TOKEN end_char="1453" id="token-9-3" start_char="1448">strain</TOKEN>
				<TOKEN end_char="1456" id="token-9-4" start_char="1455">of</TOKEN>
				<TOKEN end_char="1458" id="token-9-5" start_char="1458">a</TOKEN>
				<TOKEN end_char="1468" id="token-9-6" start_char="1460">bacterium</TOKEN>
				<TOKEN end_char="1477" id="token-9-7" start_char="1470">normally</TOKEN>
				<TOKEN end_char="1485" id="token-9-8" start_char="1479">treated</TOKEN>
				<TOKEN end_char="1490" id="token-9-9" start_char="1487">with</TOKEN>
				<TOKEN end_char="1497" id="token-9-10" start_char="1492">common</TOKEN>
				<TOKEN end_char="1509" id="token-9-11" start_char="1499">antibiotics</TOKEN>
				<TOKEN end_char="1512" id="token-9-12" start_char="1511">in</TOKEN>
				<TOKEN end_char="1516" id="token-9-13" start_char="1514">the</TOKEN>
				<TOKEN end_char="1527" id="token-9-14" start_char="1518">penicillin</TOKEN>
				<TOKEN end_char="1534" id="token-9-15" start_char="1529">family</TOKEN>
				<TOKEN end_char="1535" id="token-9-16" start_char="1535">,</TOKEN>
				<TOKEN end_char="1540" id="token-9-17" start_char="1537">such</TOKEN>
				<TOKEN end_char="1543" id="token-9-18" start_char="1542">as</TOKEN>
				<TOKEN end_char="1555" id="token-9-19" start_char="1545">methicillin</TOKEN>
				<TOKEN end_char="1556" id="token-9-20" start_char="1556">.</TOKEN>
				<TOKEN end_char="1567" id="token-9-21" start_char="1558">Antibiotic</TOKEN>
				<TOKEN end_char="1568" id="token-9-22" start_char="1568">-</TOKEN>
				<TOKEN end_char="1577" id="token-9-23" start_char="1569">resistant</TOKEN>
				<TOKEN end_char="1585" id="token-9-24" start_char="1579">strains</TOKEN>
				<TOKEN end_char="1588" id="token-9-25" start_char="1587">of</TOKEN>
				<TOKEN end_char="1592" id="token-9-26" start_char="1590">the</TOKEN>
				<TOKEN end_char="1601" id="token-9-27" start_char="1594">organism</TOKEN>
				<TOKEN end_char="1602" id="token-9-28" start_char="1602">,</TOKEN>
				<TOKEN end_char="1610" id="token-9-29" start_char="1604">however</TOKEN>
				<TOKEN end_char="1611" id="token-9-30" start_char="1611">,</TOKEN>
				<TOKEN end_char="1616" id="token-9-31" start_char="1613">have</TOKEN>
				<TOKEN end_char="1621" id="token-9-32" start_char="1618">been</TOKEN>
				<TOKEN end_char="1629" id="token-9-33" start_char="1623">turning</TOKEN>
				<TOKEN end_char="1632" id="token-9-34" start_char="1631">up</TOKEN>
				<TOKEN end_char="1645" id="token-9-35" start_char="1634">increasingly</TOKEN>
				<TOKEN end_char="1648" id="token-9-36" start_char="1647">in</TOKEN>
				<TOKEN end_char="1655" id="token-9-37" start_char="1650">places</TOKEN>
				<TOKEN end_char="1663" id="token-9-38" start_char="1657">outside</TOKEN>
				<TOKEN end_char="1670" id="token-9-39" start_char="1665">health</TOKEN>
				<TOKEN end_char="1671" id="token-9-40" start_char="1671">-</TOKEN>
				<TOKEN end_char="1675" id="token-9-41" start_char="1672">care</TOKEN>
				<TOKEN end_char="1684" id="token-9-42" start_char="1677">settings</TOKEN>
				<TOKEN end_char="1685" id="token-9-43" start_char="1685">.</TOKEN>
			</SEG>
			<SEG end_char="1906" id="20120309_WAPO_9e8546d8-6a1f-11e1-b756-60ee4e23a039-10" start_char="1687">
				<ORIGINAL_TEXT>The two siblings developed severe bacterial pneumonia, which is not uncommon in people infected with the flu virus. The flu virus weakens and damages the lungs, making the person more susceptible to bacterial infections.</ORIGINAL_TEXT>
				<TOKEN end_char="1689" id="token-10-0" start_char="1687">The</TOKEN>
				<TOKEN end_char="1693" id="token-10-1" start_char="1691">two</TOKEN>
				<TOKEN end_char="1702" id="token-10-2" start_char="1695">siblings</TOKEN>
				<TOKEN end_char="1712" id="token-10-3" start_char="1704">developed</TOKEN>
				<TOKEN end_char="1719" id="token-10-4" start_char="1714">severe</TOKEN>
				<TOKEN end_char="1729" id="token-10-5" start_char="1721">bacterial</TOKEN>
				<TOKEN end_char="1739" id="token-10-6" start_char="1731">pneumonia</TOKEN>
				<TOKEN end_char="1740" id="token-10-7" start_char="1740">,</TOKEN>
				<TOKEN end_char="1746" id="token-10-8" start_char="1742">which</TOKEN>
				<TOKEN end_char="1749" id="token-10-9" start_char="1748">is</TOKEN>
				<TOKEN end_char="1753" id="token-10-10" start_char="1751">not</TOKEN>
				<TOKEN end_char="1762" id="token-10-11" start_char="1755">uncommon</TOKEN>
				<TOKEN end_char="1765" id="token-10-12" start_char="1764">in</TOKEN>
				<TOKEN end_char="1772" id="token-10-13" start_char="1767">people</TOKEN>
				<TOKEN end_char="1781" id="token-10-14" start_char="1774">infected</TOKEN>
				<TOKEN end_char="1786" id="token-10-15" start_char="1783">with</TOKEN>
				<TOKEN end_char="1790" id="token-10-16" start_char="1788">the</TOKEN>
				<TOKEN end_char="1794" id="token-10-17" start_char="1792">flu</TOKEN>
				<TOKEN end_char="1800" id="token-10-18" start_char="1796">virus</TOKEN>
				<TOKEN end_char="1801" id="token-10-19" start_char="1801">.</TOKEN>
				<TOKEN end_char="1805" id="token-10-20" start_char="1803">The</TOKEN>
				<TOKEN end_char="1809" id="token-10-21" start_char="1807">flu</TOKEN>
				<TOKEN end_char="1815" id="token-10-22" start_char="1811">virus</TOKEN>
				<TOKEN end_char="1823" id="token-10-23" start_char="1817">weakens</TOKEN>
				<TOKEN end_char="1827" id="token-10-24" start_char="1825">and</TOKEN>
				<TOKEN end_char="1835" id="token-10-25" start_char="1829">damages</TOKEN>
				<TOKEN end_char="1839" id="token-10-26" start_char="1837">the</TOKEN>
				<TOKEN end_char="1845" id="token-10-27" start_char="1841">lungs</TOKEN>
				<TOKEN end_char="1846" id="token-10-28" start_char="1846">,</TOKEN>
				<TOKEN end_char="1853" id="token-10-29" start_char="1848">making</TOKEN>
				<TOKEN end_char="1857" id="token-10-30" start_char="1855">the</TOKEN>
				<TOKEN end_char="1864" id="token-10-31" start_char="1859">person</TOKEN>
				<TOKEN end_char="1869" id="token-10-32" start_char="1866">more</TOKEN>
				<TOKEN end_char="1881" id="token-10-33" start_char="1871">susceptible</TOKEN>
				<TOKEN end_char="1884" id="token-10-34" start_char="1883">to</TOKEN>
				<TOKEN end_char="1894" id="token-10-35" start_char="1886">bacterial</TOKEN>
				<TOKEN end_char="1905" id="token-10-36" start_char="1896">infections</TOKEN>
				<TOKEN end_char="1906" id="token-10-37" start_char="1906">.</TOKEN>
			</SEG>
			<SEG end_char="2270" id="20120309_WAPO_9e8546d8-6a1f-11e1-b756-60ee4e23a039-11" start_char="1908">
				<ORIGINAL_TEXT>The Blakes are part of a large extended family in Lusby that traces its roots back several generations. Officials said no additional related severe respiratory illnesses have been confirmed and no other similar clusters have been identified anywhere in Maryland. This year’s flu season, however, has started late; the flu season typically can last as late as May.</ORIGINAL_TEXT>
				<TOKEN end_char="1910" id="token-11-0" start_char="1908">The</TOKEN>
				<TOKEN end_char="1917" id="token-11-1" start_char="1912">Blakes</TOKEN>
				<TOKEN end_char="1921" id="token-11-2" start_char="1919">are</TOKEN>
				<TOKEN end_char="1926" id="token-11-3" start_char="1923">part</TOKEN>
				<TOKEN end_char="1929" id="token-11-4" start_char="1928">of</TOKEN>
				<TOKEN end_char="1931" id="token-11-5" start_char="1931">a</TOKEN>
				<TOKEN end_char="1937" id="token-11-6" start_char="1933">large</TOKEN>
				<TOKEN end_char="1946" id="token-11-7" start_char="1939">extended</TOKEN>
				<TOKEN end_char="1953" id="token-11-8" start_char="1948">family</TOKEN>
				<TOKEN end_char="1956" id="token-11-9" start_char="1955">in</TOKEN>
				<TOKEN end_char="1962" id="token-11-10" start_char="1958">Lusby</TOKEN>
				<TOKEN end_char="1967" id="token-11-11" start_char="1964">that</TOKEN>
				<TOKEN end_char="1974" id="token-11-12" start_char="1969">traces</TOKEN>
				<TOKEN end_char="1978" id="token-11-13" start_char="1976">its</TOKEN>
				<TOKEN end_char="1984" id="token-11-14" start_char="1980">roots</TOKEN>
				<TOKEN end_char="1989" id="token-11-15" start_char="1986">back</TOKEN>
				<TOKEN end_char="1997" id="token-11-16" start_char="1991">several</TOKEN>
				<TOKEN end_char="2009" id="token-11-17" start_char="1999">generations</TOKEN>
				<TOKEN end_char="2010" id="token-11-18" start_char="2010">.</TOKEN>
				<TOKEN end_char="2020" id="token-11-19" start_char="2012">Officials</TOKEN>
				<TOKEN end_char="2025" id="token-11-20" start_char="2022">said</TOKEN>
				<TOKEN end_char="2028" id="token-11-21" start_char="2027">no</TOKEN>
				<TOKEN end_char="2039" id="token-11-22" start_char="2030">additional</TOKEN>
				<TOKEN end_char="2047" id="token-11-23" start_char="2041">related</TOKEN>
				<TOKEN end_char="2054" id="token-11-24" start_char="2049">severe</TOKEN>
				<TOKEN end_char="2066" id="token-11-25" start_char="2056">respiratory</TOKEN>
				<TOKEN end_char="2076" id="token-11-26" start_char="2068">illnesses</TOKEN>
				<TOKEN end_char="2081" id="token-11-27" start_char="2078">have</TOKEN>
				<TOKEN end_char="2086" id="token-11-28" start_char="2083">been</TOKEN>
				<TOKEN end_char="2096" id="token-11-29" start_char="2088">confirmed</TOKEN>
				<TOKEN end_char="2100" id="token-11-30" start_char="2098">and</TOKEN>
				<TOKEN end_char="2103" id="token-11-31" start_char="2102">no</TOKEN>
				<TOKEN end_char="2109" id="token-11-32" start_char="2105">other</TOKEN>
				<TOKEN end_char="2117" id="token-11-33" start_char="2111">similar</TOKEN>
				<TOKEN end_char="2126" id="token-11-34" start_char="2119">clusters</TOKEN>
				<TOKEN end_char="2131" id="token-11-35" start_char="2128">have</TOKEN>
				<TOKEN end_char="2136" id="token-11-36" start_char="2133">been</TOKEN>
				<TOKEN end_char="2147" id="token-11-37" start_char="2138">identified</TOKEN>
				<TOKEN end_char="2156" id="token-11-38" start_char="2149">anywhere</TOKEN>
				<TOKEN end_char="2159" id="token-11-39" start_char="2158">in</TOKEN>
				<TOKEN end_char="2168" id="token-11-40" start_char="2161">Maryland</TOKEN>
				<TOKEN end_char="2169" id="token-11-41" start_char="2169">.</TOKEN>
				<TOKEN end_char="2174" id="token-11-42" start_char="2171">This</TOKEN>
				<TOKEN end_char="2179" id="token-11-43" start_char="2176">year</TOKEN>
				<TOKEN end_char="2180" id="token-11-44" start_char="2180">’</TOKEN>
				<TOKEN end_char="2181" id="token-11-45" start_char="2181">s</TOKEN>
				<TOKEN end_char="2185" id="token-11-46" start_char="2183">flu</TOKEN>
				<TOKEN end_char="2192" id="token-11-47" start_char="2187">season</TOKEN>
				<TOKEN end_char="2193" id="token-11-48" start_char="2193">,</TOKEN>
				<TOKEN end_char="2201" id="token-11-49" start_char="2195">however</TOKEN>
				<TOKEN end_char="2202" id="token-11-50" start_char="2202">,</TOKEN>
				<TOKEN end_char="2206" id="token-11-51" start_char="2204">has</TOKEN>
				<TOKEN end_char="2214" id="token-11-52" start_char="2208">started</TOKEN>
				<TOKEN end_char="2219" id="token-11-53" start_char="2216">late</TOKEN>
				<TOKEN end_char="2220" id="token-11-54" start_char="2220">;</TOKEN>
				<TOKEN end_char="2224" id="token-11-55" start_char="2222">the</TOKEN>
				<TOKEN end_char="2228" id="token-11-56" start_char="2226">flu</TOKEN>
				<TOKEN end_char="2235" id="token-11-57" start_char="2230">season</TOKEN>
				<TOKEN end_char="2245" id="token-11-58" start_char="2237">typically</TOKEN>
				<TOKEN end_char="2249" id="token-11-59" start_char="2247">can</TOKEN>
				<TOKEN end_char="2254" id="token-11-60" start_char="2251">last</TOKEN>
				<TOKEN end_char="2257" id="token-11-61" start_char="2256">as</TOKEN>
				<TOKEN end_char="2262" id="token-11-62" start_char="2259">late</TOKEN>
				<TOKEN end_char="2265" id="token-11-63" start_char="2264">as</TOKEN>
				<TOKEN end_char="2269" id="token-11-64" start_char="2267">May</TOKEN>
				<TOKEN end_char="2270" id="token-11-65" start_char="2270">.</TOKEN>
			</SEG>
		</TEXT>
	</DOC>
</LCTL_TEXT>
