<?xml version="1.0" encoding="utf-8"?>
<LCTL_TEXT>
	<DOC id="20121106_WAPO_5a9fa4f916f2d637826c27d836aa0a17">
		<TEXT>
			<SEG end_char="38" id="20121106_WAPO_5a9fa4f916f2d637826c27d836aa0a17-0" start_char="0">
				<ORIGINAL_TEXT>Social media killing the secret ballot?</ORIGINAL_TEXT>
				<TOKEN end_char="5" id="token-0-0" start_char="0">Social</TOKEN>
				<TOKEN end_char="11" id="token-0-1" start_char="7">media</TOKEN>
				<TOKEN end_char="19" id="token-0-2" start_char="13">killing</TOKEN>
				<TOKEN end_char="23" id="token-0-3" start_char="21">the</TOKEN>
				<TOKEN end_char="30" id="token-0-4" start_char="25">secret</TOKEN>
				<TOKEN end_char="37" id="token-0-5" start_char="32">ballot</TOKEN>
				<TOKEN end_char="38" id="token-0-6" start_char="38">?</TOKEN>
			</SEG>
			<SEG end_char="83" id="20121106_WAPO_5a9fa4f916f2d637826c27d836aa0a17-1" start_char="40">
				<ORIGINAL_TEXT>Tuesday, November 6, 2012 13:33:02 GMT-05:00</ORIGINAL_TEXT>
				<TOKEN end_char="46" id="token-1-0" start_char="40">Tuesday</TOKEN>
				<TOKEN end_char="47" id="token-1-1" start_char="47">,</TOKEN>
				<TOKEN end_char="56" id="token-1-2" start_char="49">November</TOKEN>
				<TOKEN end_char="58" id="token-1-3" start_char="58">6</TOKEN>
				<TOKEN end_char="59" id="token-1-4" start_char="59">,</TOKEN>
				<TOKEN end_char="64" id="token-1-5" start_char="61">2012</TOKEN>
				<TOKEN end_char="67" id="token-1-6" start_char="66">13</TOKEN>
				<TOKEN end_char="68" id="token-1-7" start_char="68">:</TOKEN>
				<TOKEN end_char="70" id="token-1-8" start_char="69">33</TOKEN>
				<TOKEN end_char="71" id="token-1-9" start_char="71">:</TOKEN>
				<TOKEN end_char="73" id="token-1-10" start_char="72">02</TOKEN>
				<TOKEN end_char="77" id="token-1-11" start_char="75">GMT</TOKEN>
				<TOKEN end_char="78" id="token-1-12" start_char="78">-</TOKEN>
				<TOKEN end_char="80" id="token-1-13" start_char="79">05</TOKEN>
				<TOKEN end_char="81" id="token-1-14" start_char="81">:</TOKEN>
				<TOKEN end_char="83" id="token-1-15" start_char="82">00</TOKEN>
			</SEG>
			<SEG end_char="446" id="20121106_WAPO_5a9fa4f916f2d637826c27d836aa0a17-2" start_char="85">
				<ORIGINAL_TEXT>One of every five registered voters will share how they voted online, according to a new report by the Pew Internet &amp; American Life Project. The report, &quot;Social Media and Voting,&quot; also found that nearly a third of registered voters have been encouraged to vote one way or the other by contacts on Facebook or Twitter -- a number that rises among voters under 30.</ORIGINAL_TEXT>
				<TOKEN end_char="87" id="token-2-0" start_char="85">One</TOKEN>
				<TOKEN end_char="90" id="token-2-1" start_char="89">of</TOKEN>
				<TOKEN end_char="96" id="token-2-2" start_char="92">every</TOKEN>
				<TOKEN end_char="101" id="token-2-3" start_char="98">five</TOKEN>
				<TOKEN end_char="112" id="token-2-4" start_char="103">registered</TOKEN>
				<TOKEN end_char="119" id="token-2-5" start_char="114">voters</TOKEN>
				<TOKEN end_char="124" id="token-2-6" start_char="121">will</TOKEN>
				<TOKEN end_char="130" id="token-2-7" start_char="126">share</TOKEN>
				<TOKEN end_char="134" id="token-2-8" start_char="132">how</TOKEN>
				<TOKEN end_char="139" id="token-2-9" start_char="136">they</TOKEN>
				<TOKEN end_char="145" id="token-2-10" start_char="141">voted</TOKEN>
				<TOKEN end_char="152" id="token-2-11" start_char="147">online</TOKEN>
				<TOKEN end_char="153" id="token-2-12" start_char="153">,</TOKEN>
				<TOKEN end_char="163" id="token-2-13" start_char="155">according</TOKEN>
				<TOKEN end_char="166" id="token-2-14" start_char="165">to</TOKEN>
				<TOKEN end_char="168" id="token-2-15" start_char="168">a</TOKEN>
				<TOKEN end_char="172" id="token-2-16" start_char="170">new</TOKEN>
				<TOKEN end_char="179" id="token-2-17" start_char="174">report</TOKEN>
				<TOKEN end_char="182" id="token-2-18" start_char="181">by</TOKEN>
				<TOKEN end_char="186" id="token-2-19" start_char="184">the</TOKEN>
				<TOKEN end_char="190" id="token-2-20" start_char="188">Pew</TOKEN>
				<TOKEN end_char="199" id="token-2-21" start_char="192">Internet</TOKEN>
				<TOKEN end_char="201" id="token-2-22" start_char="201">&amp;</TOKEN>
				<TOKEN end_char="210" id="token-2-23" start_char="203">American</TOKEN>
				<TOKEN end_char="215" id="token-2-24" start_char="212">Life</TOKEN>
				<TOKEN end_char="223" id="token-2-25" start_char="217">Project</TOKEN>
				<TOKEN end_char="224" id="token-2-26" start_char="224">.</TOKEN>
				<TOKEN end_char="228" id="token-2-27" start_char="226">The</TOKEN>
				<TOKEN end_char="235" id="token-2-28" start_char="230">report</TOKEN>
				<TOKEN end_char="236" id="token-2-29" start_char="236">,</TOKEN>
				<TOKEN end_char="238" id="token-2-30" start_char="238">&quot;</TOKEN>
				<TOKEN end_char="244" id="token-2-31" start_char="239">Social</TOKEN>
				<TOKEN end_char="250" id="token-2-32" start_char="246">Media</TOKEN>
				<TOKEN end_char="254" id="token-2-33" start_char="252">and</TOKEN>
				<TOKEN end_char="261" id="token-2-34" start_char="256">Voting</TOKEN>
				<TOKEN end_char="263" id="token-2-35" start_char="262">,&quot;</TOKEN>
				<TOKEN end_char="268" id="token-2-36" start_char="265">also</TOKEN>
				<TOKEN end_char="274" id="token-2-37" start_char="270">found</TOKEN>
				<TOKEN end_char="279" id="token-2-38" start_char="276">that</TOKEN>
				<TOKEN end_char="286" id="token-2-39" start_char="281">nearly</TOKEN>
				<TOKEN end_char="288" id="token-2-40" start_char="288">a</TOKEN>
				<TOKEN end_char="294" id="token-2-41" start_char="290">third</TOKEN>
				<TOKEN end_char="297" id="token-2-42" start_char="296">of</TOKEN>
				<TOKEN end_char="308" id="token-2-43" start_char="299">registered</TOKEN>
				<TOKEN end_char="315" id="token-2-44" start_char="310">voters</TOKEN>
				<TOKEN end_char="320" id="token-2-45" start_char="317">have</TOKEN>
				<TOKEN end_char="325" id="token-2-46" start_char="322">been</TOKEN>
				<TOKEN end_char="336" id="token-2-47" start_char="327">encouraged</TOKEN>
				<TOKEN end_char="339" id="token-2-48" start_char="338">to</TOKEN>
				<TOKEN end_char="344" id="token-2-49" start_char="341">vote</TOKEN>
				<TOKEN end_char="348" id="token-2-50" start_char="346">one</TOKEN>
				<TOKEN end_char="352" id="token-2-51" start_char="350">way</TOKEN>
				<TOKEN end_char="355" id="token-2-52" start_char="354">or</TOKEN>
				<TOKEN end_char="359" id="token-2-53" start_char="357">the</TOKEN>
				<TOKEN end_char="365" id="token-2-54" start_char="361">other</TOKEN>
				<TOKEN end_char="368" id="token-2-55" start_char="367">by</TOKEN>
				<TOKEN end_char="377" id="token-2-56" start_char="370">contacts</TOKEN>
				<TOKEN end_char="380" id="token-2-57" start_char="379">on</TOKEN>
				<TOKEN end_char="389" id="token-2-58" start_char="382">Facebook</TOKEN>
				<TOKEN end_char="392" id="token-2-59" start_char="391">or</TOKEN>
				<TOKEN end_char="400" id="token-2-60" start_char="394">Twitter</TOKEN>
				<TOKEN end_char="403" id="token-2-61" start_char="402">--</TOKEN>
				<TOKEN end_char="405" id="token-2-62" start_char="405">a</TOKEN>
				<TOKEN end_char="412" id="token-2-63" start_char="407">number</TOKEN>
				<TOKEN end_char="417" id="token-2-64" start_char="414">that</TOKEN>
				<TOKEN end_char="423" id="token-2-65" start_char="419">rises</TOKEN>
				<TOKEN end_char="429" id="token-2-66" start_char="425">among</TOKEN>
				<TOKEN end_char="436" id="token-2-67" start_char="431">voters</TOKEN>
				<TOKEN end_char="442" id="token-2-68" start_char="438">under</TOKEN>
				<TOKEN end_char="445" id="token-2-69" start_char="444">30</TOKEN>
				<TOKEN end_char="446" id="token-2-70" start_char="446">.</TOKEN>
			</SEG>
			<SEG end_char="925" id="20121106_WAPO_5a9fa4f916f2d637826c27d836aa0a17-3" start_char="448">
				<ORIGINAL_TEXT>If that sounds like a lot of tweets and Facebook posts, you're right. The word &quot;election&quot; has appeared in more than 1.5 million tweets today alone, according to Topsy, and in the past 24 hours, both President Obama and Mitt Romney's names have been tweeted several million times. The Twitter popularity of the presidential debate in Denver -- 10 million tweets in 90 minutes -- even has some pundits speculating that today's election could be the most-tweeted event of all time.</ORIGINAL_TEXT>
				<TOKEN end_char="449" id="token-3-0" start_char="448">If</TOKEN>
				<TOKEN end_char="454" id="token-3-1" start_char="451">that</TOKEN>
				<TOKEN end_char="461" id="token-3-2" start_char="456">sounds</TOKEN>
				<TOKEN end_char="466" id="token-3-3" start_char="463">like</TOKEN>
				<TOKEN end_char="468" id="token-3-4" start_char="468">a</TOKEN>
				<TOKEN end_char="472" id="token-3-5" start_char="470">lot</TOKEN>
				<TOKEN end_char="475" id="token-3-6" start_char="474">of</TOKEN>
				<TOKEN end_char="482" id="token-3-7" start_char="477">tweets</TOKEN>
				<TOKEN end_char="486" id="token-3-8" start_char="484">and</TOKEN>
				<TOKEN end_char="495" id="token-3-9" start_char="488">Facebook</TOKEN>
				<TOKEN end_char="501" id="token-3-10" start_char="497">posts</TOKEN>
				<TOKEN end_char="502" id="token-3-11" start_char="502">,</TOKEN>
				<TOKEN end_char="506" id="token-3-12" start_char="504">you</TOKEN>
				<TOKEN end_char="507" id="token-3-13" start_char="507">'</TOKEN>
				<TOKEN end_char="509" id="token-3-14" start_char="508">re</TOKEN>
				<TOKEN end_char="515" id="token-3-15" start_char="511">right</TOKEN>
				<TOKEN end_char="516" id="token-3-16" start_char="516">.</TOKEN>
				<TOKEN end_char="520" id="token-3-17" start_char="518">The</TOKEN>
				<TOKEN end_char="525" id="token-3-18" start_char="522">word</TOKEN>
				<TOKEN end_char="527" id="token-3-19" start_char="527">&quot;</TOKEN>
				<TOKEN end_char="535" id="token-3-20" start_char="528">election</TOKEN>
				<TOKEN end_char="536" id="token-3-21" start_char="536">&quot;</TOKEN>
				<TOKEN end_char="540" id="token-3-22" start_char="538">has</TOKEN>
				<TOKEN end_char="549" id="token-3-23" start_char="542">appeared</TOKEN>
				<TOKEN end_char="552" id="token-3-24" start_char="551">in</TOKEN>
				<TOKEN end_char="557" id="token-3-25" start_char="554">more</TOKEN>
				<TOKEN end_char="562" id="token-3-26" start_char="559">than</TOKEN>
				<TOKEN end_char="564" id="token-3-27" start_char="564">1</TOKEN>
				<TOKEN end_char="565" id="token-3-28" start_char="565">.</TOKEN>
				<TOKEN end_char="566" id="token-3-29" start_char="566">5</TOKEN>
				<TOKEN end_char="574" id="token-3-30" start_char="568">million</TOKEN>
				<TOKEN end_char="581" id="token-3-31" start_char="576">tweets</TOKEN>
				<TOKEN end_char="587" id="token-3-32" start_char="583">today</TOKEN>
				<TOKEN end_char="593" id="token-3-33" start_char="589">alone</TOKEN>
				<TOKEN end_char="594" id="token-3-34" start_char="594">,</TOKEN>
				<TOKEN end_char="604" id="token-3-35" start_char="596">according</TOKEN>
				<TOKEN end_char="607" id="token-3-36" start_char="606">to</TOKEN>
				<TOKEN end_char="613" id="token-3-37" start_char="609">Topsy</TOKEN>
				<TOKEN end_char="614" id="token-3-38" start_char="614">,</TOKEN>
				<TOKEN end_char="618" id="token-3-39" start_char="616">and</TOKEN>
				<TOKEN end_char="621" id="token-3-40" start_char="620">in</TOKEN>
				<TOKEN end_char="625" id="token-3-41" start_char="623">the</TOKEN>
				<TOKEN end_char="630" id="token-3-42" start_char="627">past</TOKEN>
				<TOKEN end_char="633" id="token-3-43" start_char="632">24</TOKEN>
				<TOKEN end_char="639" id="token-3-44" start_char="635">hours</TOKEN>
				<TOKEN end_char="640" id="token-3-45" start_char="640">,</TOKEN>
				<TOKEN end_char="645" id="token-3-46" start_char="642">both</TOKEN>
				<TOKEN end_char="655" id="token-3-47" start_char="647">President</TOKEN>
				<TOKEN end_char="661" id="token-3-48" start_char="657">Obama</TOKEN>
				<TOKEN end_char="665" id="token-3-49" start_char="663">and</TOKEN>
				<TOKEN end_char="670" id="token-3-50" start_char="667">Mitt</TOKEN>
				<TOKEN end_char="677" id="token-3-51" start_char="672">Romney</TOKEN>
				<TOKEN end_char="678" id="token-3-52" start_char="678">'</TOKEN>
				<TOKEN end_char="679" id="token-3-53" start_char="679">s</TOKEN>
				<TOKEN end_char="685" id="token-3-54" start_char="681">names</TOKEN>
				<TOKEN end_char="690" id="token-3-55" start_char="687">have</TOKEN>
				<TOKEN end_char="695" id="token-3-56" start_char="692">been</TOKEN>
				<TOKEN end_char="703" id="token-3-57" start_char="697">tweeted</TOKEN>
				<TOKEN end_char="711" id="token-3-58" start_char="705">several</TOKEN>
				<TOKEN end_char="719" id="token-3-59" start_char="713">million</TOKEN>
				<TOKEN end_char="725" id="token-3-60" start_char="721">times</TOKEN>
				<TOKEN end_char="726" id="token-3-61" start_char="726">.</TOKEN>
				<TOKEN end_char="730" id="token-3-62" start_char="728">The</TOKEN>
				<TOKEN end_char="738" id="token-3-63" start_char="732">Twitter</TOKEN>
				<TOKEN end_char="749" id="token-3-64" start_char="740">popularity</TOKEN>
				<TOKEN end_char="752" id="token-3-65" start_char="751">of</TOKEN>
				<TOKEN end_char="756" id="token-3-66" start_char="754">the</TOKEN>
				<TOKEN end_char="769" id="token-3-67" start_char="758">presidential</TOKEN>
				<TOKEN end_char="776" id="token-3-68" start_char="771">debate</TOKEN>
				<TOKEN end_char="779" id="token-3-69" start_char="778">in</TOKEN>
				<TOKEN end_char="786" id="token-3-70" start_char="781">Denver</TOKEN>
				<TOKEN end_char="789" id="token-3-71" start_char="788">--</TOKEN>
				<TOKEN end_char="792" id="token-3-72" start_char="791">10</TOKEN>
				<TOKEN end_char="800" id="token-3-73" start_char="794">million</TOKEN>
				<TOKEN end_char="807" id="token-3-74" start_char="802">tweets</TOKEN>
				<TOKEN end_char="810" id="token-3-75" start_char="809">in</TOKEN>
				<TOKEN end_char="813" id="token-3-76" start_char="812">90</TOKEN>
				<TOKEN end_char="821" id="token-3-77" start_char="815">minutes</TOKEN>
				<TOKEN end_char="824" id="token-3-78" start_char="823">--</TOKEN>
				<TOKEN end_char="829" id="token-3-79" start_char="826">even</TOKEN>
				<TOKEN end_char="833" id="token-3-80" start_char="831">has</TOKEN>
				<TOKEN end_char="838" id="token-3-81" start_char="835">some</TOKEN>
				<TOKEN end_char="846" id="token-3-82" start_char="840">pundits</TOKEN>
				<TOKEN end_char="858" id="token-3-83" start_char="848">speculating</TOKEN>
				<TOKEN end_char="863" id="token-3-84" start_char="860">that</TOKEN>
				<TOKEN end_char="869" id="token-3-85" start_char="865">today</TOKEN>
				<TOKEN end_char="870" id="token-3-86" start_char="870">'</TOKEN>
				<TOKEN end_char="871" id="token-3-87" start_char="871">s</TOKEN>
				<TOKEN end_char="880" id="token-3-88" start_char="873">election</TOKEN>
				<TOKEN end_char="886" id="token-3-89" start_char="882">could</TOKEN>
				<TOKEN end_char="889" id="token-3-90" start_char="888">be</TOKEN>
				<TOKEN end_char="893" id="token-3-91" start_char="891">the</TOKEN>
				<TOKEN end_char="898" id="token-3-92" start_char="895">most</TOKEN>
				<TOKEN end_char="899" id="token-3-93" start_char="899">-</TOKEN>
				<TOKEN end_char="906" id="token-3-94" start_char="900">tweeted</TOKEN>
				<TOKEN end_char="912" id="token-3-95" start_char="908">event</TOKEN>
				<TOKEN end_char="915" id="token-3-96" start_char="914">of</TOKEN>
				<TOKEN end_char="919" id="token-3-97" start_char="917">all</TOKEN>
				<TOKEN end_char="924" id="token-3-98" start_char="921">time</TOKEN>
				<TOKEN end_char="925" id="token-3-99" start_char="925">.</TOKEN>
			</SEG>
			<SEG end_char="1090" id="20121106_WAPO_5a9fa4f916f2d637826c27d836aa0a17-4" start_char="927">
				<ORIGINAL_TEXT>On Facebook, 2.8 million people in the United States have shared they're voting today, and the number is climbing. (See Facebook's map tracking voter's posts here).</ORIGINAL_TEXT>
				<TOKEN end_char="928" id="token-4-0" start_char="927">On</TOKEN>
				<TOKEN end_char="937" id="token-4-1" start_char="930">Facebook</TOKEN>
				<TOKEN end_char="938" id="token-4-2" start_char="938">,</TOKEN>
				<TOKEN end_char="940" id="token-4-3" start_char="940">2</TOKEN>
				<TOKEN end_char="941" id="token-4-4" start_char="941">.</TOKEN>
				<TOKEN end_char="942" id="token-4-5" start_char="942">8</TOKEN>
				<TOKEN end_char="950" id="token-4-6" start_char="944">million</TOKEN>
				<TOKEN end_char="957" id="token-4-7" start_char="952">people</TOKEN>
				<TOKEN end_char="960" id="token-4-8" start_char="959">in</TOKEN>
				<TOKEN end_char="964" id="token-4-9" start_char="962">the</TOKEN>
				<TOKEN end_char="971" id="token-4-10" start_char="966">United</TOKEN>
				<TOKEN end_char="978" id="token-4-11" start_char="973">States</TOKEN>
				<TOKEN end_char="983" id="token-4-12" start_char="980">have</TOKEN>
				<TOKEN end_char="990" id="token-4-13" start_char="985">shared</TOKEN>
				<TOKEN end_char="995" id="token-4-14" start_char="992">they</TOKEN>
				<TOKEN end_char="996" id="token-4-15" start_char="996">'</TOKEN>
				<TOKEN end_char="998" id="token-4-16" start_char="997">re</TOKEN>
				<TOKEN end_char="1005" id="token-4-17" start_char="1000">voting</TOKEN>
				<TOKEN end_char="1011" id="token-4-18" start_char="1007">today</TOKEN>
				<TOKEN end_char="1012" id="token-4-19" start_char="1012">,</TOKEN>
				<TOKEN end_char="1016" id="token-4-20" start_char="1014">and</TOKEN>
				<TOKEN end_char="1020" id="token-4-21" start_char="1018">the</TOKEN>
				<TOKEN end_char="1027" id="token-4-22" start_char="1022">number</TOKEN>
				<TOKEN end_char="1030" id="token-4-23" start_char="1029">is</TOKEN>
				<TOKEN end_char="1039" id="token-4-24" start_char="1032">climbing</TOKEN>
				<TOKEN end_char="1040" id="token-4-25" start_char="1040">.</TOKEN>
				<TOKEN end_char="1042" id="token-4-26" start_char="1042">(</TOKEN>
				<TOKEN end_char="1045" id="token-4-27" start_char="1043">See</TOKEN>
				<TOKEN end_char="1054" id="token-4-28" start_char="1047">Facebook</TOKEN>
				<TOKEN end_char="1055" id="token-4-29" start_char="1055">'</TOKEN>
				<TOKEN end_char="1056" id="token-4-30" start_char="1056">s</TOKEN>
				<TOKEN end_char="1060" id="token-4-31" start_char="1058">map</TOKEN>
				<TOKEN end_char="1069" id="token-4-32" start_char="1062">tracking</TOKEN>
				<TOKEN end_char="1075" id="token-4-33" start_char="1071">voter</TOKEN>
				<TOKEN end_char="1076" id="token-4-34" start_char="1076">'</TOKEN>
				<TOKEN end_char="1077" id="token-4-35" start_char="1077">s</TOKEN>
				<TOKEN end_char="1083" id="token-4-36" start_char="1079">posts</TOKEN>
				<TOKEN end_char="1088" id="token-4-37" start_char="1085">here</TOKEN>
				<TOKEN end_char="1090" id="token-4-38" start_char="1089">).</TOKEN>
			</SEG>
			<SEG end_char="1276" id="20121106_WAPO_5a9fa4f916f2d637826c27d836aa0a17-5" start_char="1092">
				<ORIGINAL_TEXT>There's some danger in public posting. At the extreme end, All Things D reports photographing your ballot could land you in jail. Less troubling, it could annoy your friends and family.</ORIGINAL_TEXT>
				<TOKEN end_char="1096" id="token-5-0" start_char="1092">There</TOKEN>
				<TOKEN end_char="1097" id="token-5-1" start_char="1097">'</TOKEN>
				<TOKEN end_char="1098" id="token-5-2" start_char="1098">s</TOKEN>
				<TOKEN end_char="1103" id="token-5-3" start_char="1100">some</TOKEN>
				<TOKEN end_char="1110" id="token-5-4" start_char="1105">danger</TOKEN>
				<TOKEN end_char="1113" id="token-5-5" start_char="1112">in</TOKEN>
				<TOKEN end_char="1120" id="token-5-6" start_char="1115">public</TOKEN>
				<TOKEN end_char="1128" id="token-5-7" start_char="1122">posting</TOKEN>
				<TOKEN end_char="1129" id="token-5-8" start_char="1129">.</TOKEN>
				<TOKEN end_char="1132" id="token-5-9" start_char="1131">At</TOKEN>
				<TOKEN end_char="1136" id="token-5-10" start_char="1134">the</TOKEN>
				<TOKEN end_char="1144" id="token-5-11" start_char="1138">extreme</TOKEN>
				<TOKEN end_char="1148" id="token-5-12" start_char="1146">end</TOKEN>
				<TOKEN end_char="1149" id="token-5-13" start_char="1149">,</TOKEN>
				<TOKEN end_char="1153" id="token-5-14" start_char="1151">All</TOKEN>
				<TOKEN end_char="1160" id="token-5-15" start_char="1155">Things</TOKEN>
				<TOKEN end_char="1162" id="token-5-16" start_char="1162">D</TOKEN>
				<TOKEN end_char="1170" id="token-5-17" start_char="1164">reports</TOKEN>
				<TOKEN end_char="1184" id="token-5-18" start_char="1172">photographing</TOKEN>
				<TOKEN end_char="1189" id="token-5-19" start_char="1186">your</TOKEN>
				<TOKEN end_char="1196" id="token-5-20" start_char="1191">ballot</TOKEN>
				<TOKEN end_char="1202" id="token-5-21" start_char="1198">could</TOKEN>
				<TOKEN end_char="1207" id="token-5-22" start_char="1204">land</TOKEN>
				<TOKEN end_char="1211" id="token-5-23" start_char="1209">you</TOKEN>
				<TOKEN end_char="1214" id="token-5-24" start_char="1213">in</TOKEN>
				<TOKEN end_char="1219" id="token-5-25" start_char="1216">jail</TOKEN>
				<TOKEN end_char="1220" id="token-5-26" start_char="1220">.</TOKEN>
				<TOKEN end_char="1225" id="token-5-27" start_char="1222">Less</TOKEN>
				<TOKEN end_char="1235" id="token-5-28" start_char="1227">troubling</TOKEN>
				<TOKEN end_char="1236" id="token-5-29" start_char="1236">,</TOKEN>
				<TOKEN end_char="1239" id="token-5-30" start_char="1238">it</TOKEN>
				<TOKEN end_char="1245" id="token-5-31" start_char="1241">could</TOKEN>
				<TOKEN end_char="1251" id="token-5-32" start_char="1247">annoy</TOKEN>
				<TOKEN end_char="1256" id="token-5-33" start_char="1253">your</TOKEN>
				<TOKEN end_char="1264" id="token-5-34" start_char="1258">friends</TOKEN>
				<TOKEN end_char="1268" id="token-5-35" start_char="1266">and</TOKEN>
				<TOKEN end_char="1275" id="token-5-36" start_char="1270">family</TOKEN>
				<TOKEN end_char="1276" id="token-5-37" start_char="1276">.</TOKEN>
			</SEG>
			<SEG end_char="1831" id="20121106_WAPO_5a9fa4f916f2d637826c27d836aa0a17-6" start_char="1278">
				<ORIGINAL_TEXT>If you're on the receiving end of too much #electionday chatter, several plug-ins let you mute noisy tweeters or topics for a designated length of time. Mute Tweets and Mute.ly can both hide specific users until the polls close; Chrome browser extensions like PBTweet will also let you do this, among a host of other things. Proxlet, another Chrome extension, can also filter out hashtags and topics of your choice. (Try #election2012, #obama or #romneyryan2012.) If you use Tweetdeck, you're in luck: A filter function is built into the tool's settings.</ORIGINAL_TEXT>
				<TOKEN end_char="1279" id="token-6-0" start_char="1278">If</TOKEN>
				<TOKEN end_char="1283" id="token-6-1" start_char="1281">you</TOKEN>
				<TOKEN end_char="1284" id="token-6-2" start_char="1284">'</TOKEN>
				<TOKEN end_char="1286" id="token-6-3" start_char="1285">re</TOKEN>
				<TOKEN end_char="1289" id="token-6-4" start_char="1288">on</TOKEN>
				<TOKEN end_char="1293" id="token-6-5" start_char="1291">the</TOKEN>
				<TOKEN end_char="1303" id="token-6-6" start_char="1295">receiving</TOKEN>
				<TOKEN end_char="1307" id="token-6-7" start_char="1305">end</TOKEN>
				<TOKEN end_char="1310" id="token-6-8" start_char="1309">of</TOKEN>
				<TOKEN end_char="1314" id="token-6-9" start_char="1312">too</TOKEN>
				<TOKEN end_char="1319" id="token-6-10" start_char="1316">much</TOKEN>
				<TOKEN end_char="1321" id="token-6-11" start_char="1321">#</TOKEN>
				<TOKEN end_char="1332" id="token-6-12" start_char="1322">electionday</TOKEN>
				<TOKEN end_char="1340" id="token-6-13" start_char="1334">chatter</TOKEN>
				<TOKEN end_char="1341" id="token-6-14" start_char="1341">,</TOKEN>
				<TOKEN end_char="1349" id="token-6-15" start_char="1343">several</TOKEN>
				<TOKEN end_char="1354" id="token-6-16" start_char="1351">plug</TOKEN>
				<TOKEN end_char="1355" id="token-6-17" start_char="1355">-</TOKEN>
				<TOKEN end_char="1358" id="token-6-18" start_char="1356">ins</TOKEN>
				<TOKEN end_char="1362" id="token-6-19" start_char="1360">let</TOKEN>
				<TOKEN end_char="1366" id="token-6-20" start_char="1364">you</TOKEN>
				<TOKEN end_char="1371" id="token-6-21" start_char="1368">mute</TOKEN>
				<TOKEN end_char="1377" id="token-6-22" start_char="1373">noisy</TOKEN>
				<TOKEN end_char="1386" id="token-6-23" start_char="1379">tweeters</TOKEN>
				<TOKEN end_char="1389" id="token-6-24" start_char="1388">or</TOKEN>
				<TOKEN end_char="1396" id="token-6-25" start_char="1391">topics</TOKEN>
				<TOKEN end_char="1400" id="token-6-26" start_char="1398">for</TOKEN>
				<TOKEN end_char="1402" id="token-6-27" start_char="1402">a</TOKEN>
				<TOKEN end_char="1413" id="token-6-28" start_char="1404">designated</TOKEN>
				<TOKEN end_char="1420" id="token-6-29" start_char="1415">length</TOKEN>
				<TOKEN end_char="1423" id="token-6-30" start_char="1422">of</TOKEN>
				<TOKEN end_char="1428" id="token-6-31" start_char="1425">time</TOKEN>
				<TOKEN end_char="1429" id="token-6-32" start_char="1429">.</TOKEN>
				<TOKEN end_char="1434" id="token-6-33" start_char="1431">Mute</TOKEN>
				<TOKEN end_char="1441" id="token-6-34" start_char="1436">Tweets</TOKEN>
				<TOKEN end_char="1445" id="token-6-35" start_char="1443">and</TOKEN>
				<TOKEN end_char="1450" id="token-6-36" start_char="1447">Mute</TOKEN>
				<TOKEN end_char="1451" id="token-6-37" start_char="1451">.</TOKEN>
				<TOKEN end_char="1453" id="token-6-38" start_char="1452">ly</TOKEN>
				<TOKEN end_char="1457" id="token-6-39" start_char="1455">can</TOKEN>
				<TOKEN end_char="1462" id="token-6-40" start_char="1459">both</TOKEN>
				<TOKEN end_char="1467" id="token-6-41" start_char="1464">hide</TOKEN>
				<TOKEN end_char="1476" id="token-6-42" start_char="1469">specific</TOKEN>
				<TOKEN end_char="1482" id="token-6-43" start_char="1478">users</TOKEN>
				<TOKEN end_char="1488" id="token-6-44" start_char="1484">until</TOKEN>
				<TOKEN end_char="1492" id="token-6-45" start_char="1490">the</TOKEN>
				<TOKEN end_char="1498" id="token-6-46" start_char="1494">polls</TOKEN>
				<TOKEN end_char="1504" id="token-6-47" start_char="1500">close</TOKEN>
				<TOKEN end_char="1505" id="token-6-48" start_char="1505">;</TOKEN>
				<TOKEN end_char="1512" id="token-6-49" start_char="1507">Chrome</TOKEN>
				<TOKEN end_char="1520" id="token-6-50" start_char="1514">browser</TOKEN>
				<TOKEN end_char="1531" id="token-6-51" start_char="1522">extensions</TOKEN>
				<TOKEN end_char="1536" id="token-6-52" start_char="1533">like</TOKEN>
				<TOKEN end_char="1544" id="token-6-53" start_char="1538">PBTweet</TOKEN>
				<TOKEN end_char="1549" id="token-6-54" start_char="1546">will</TOKEN>
				<TOKEN end_char="1554" id="token-6-55" start_char="1551">also</TOKEN>
				<TOKEN end_char="1558" id="token-6-56" start_char="1556">let</TOKEN>
				<TOKEN end_char="1562" id="token-6-57" start_char="1560">you</TOKEN>
				<TOKEN end_char="1565" id="token-6-58" start_char="1564">do</TOKEN>
				<TOKEN end_char="1570" id="token-6-59" start_char="1567">this</TOKEN>
				<TOKEN end_char="1571" id="token-6-60" start_char="1571">,</TOKEN>
				<TOKEN end_char="1577" id="token-6-61" start_char="1573">among</TOKEN>
				<TOKEN end_char="1579" id="token-6-62" start_char="1579">a</TOKEN>
				<TOKEN end_char="1584" id="token-6-63" start_char="1581">host</TOKEN>
				<TOKEN end_char="1587" id="token-6-64" start_char="1586">of</TOKEN>
				<TOKEN end_char="1593" id="token-6-65" start_char="1589">other</TOKEN>
				<TOKEN end_char="1600" id="token-6-66" start_char="1595">things</TOKEN>
				<TOKEN end_char="1601" id="token-6-67" start_char="1601">.</TOKEN>
				<TOKEN end_char="1609" id="token-6-68" start_char="1603">Proxlet</TOKEN>
				<TOKEN end_char="1610" id="token-6-69" start_char="1610">,</TOKEN>
				<TOKEN end_char="1618" id="token-6-70" start_char="1612">another</TOKEN>
				<TOKEN end_char="1625" id="token-6-71" start_char="1620">Chrome</TOKEN>
				<TOKEN end_char="1635" id="token-6-72" start_char="1627">extension</TOKEN>
				<TOKEN end_char="1636" id="token-6-73" start_char="1636">,</TOKEN>
				<TOKEN end_char="1640" id="token-6-74" start_char="1638">can</TOKEN>
				<TOKEN end_char="1645" id="token-6-75" start_char="1642">also</TOKEN>
				<TOKEN end_char="1652" id="token-6-76" start_char="1647">filter</TOKEN>
				<TOKEN end_char="1656" id="token-6-77" start_char="1654">out</TOKEN>
				<TOKEN end_char="1665" id="token-6-78" start_char="1658">hashtags</TOKEN>
				<TOKEN end_char="1669" id="token-6-79" start_char="1667">and</TOKEN>
				<TOKEN end_char="1676" id="token-6-80" start_char="1671">topics</TOKEN>
				<TOKEN end_char="1679" id="token-6-81" start_char="1678">of</TOKEN>
				<TOKEN end_char="1684" id="token-6-82" start_char="1681">your</TOKEN>
				<TOKEN end_char="1691" id="token-6-83" start_char="1686">choice</TOKEN>
				<TOKEN end_char="1692" id="token-6-84" start_char="1692">.</TOKEN>
				<TOKEN end_char="1694" id="token-6-85" start_char="1694">(</TOKEN>
				<TOKEN end_char="1697" id="token-6-86" start_char="1695">Try</TOKEN>
				<TOKEN end_char="1699" id="token-6-87" start_char="1699">#</TOKEN>
				<TOKEN end_char="1711" id="token-6-88" start_char="1700">election2012</TOKEN>
				<TOKEN end_char="1712" id="token-6-89" start_char="1712">,</TOKEN>
				<TOKEN end_char="1714" id="token-6-90" start_char="1714">#</TOKEN>
				<TOKEN end_char="1719" id="token-6-91" start_char="1715">obama</TOKEN>
				<TOKEN end_char="1722" id="token-6-92" start_char="1721">or</TOKEN>
				<TOKEN end_char="1724" id="token-6-93" start_char="1724">#</TOKEN>
				<TOKEN end_char="1738" id="token-6-94" start_char="1725">romneyryan2012</TOKEN>
				<TOKEN end_char="1740" id="token-6-95" start_char="1739">.)</TOKEN>
				<TOKEN end_char="1743" id="token-6-96" start_char="1742">If</TOKEN>
				<TOKEN end_char="1747" id="token-6-97" start_char="1745">you</TOKEN>
				<TOKEN end_char="1751" id="token-6-98" start_char="1749">use</TOKEN>
				<TOKEN end_char="1761" id="token-6-99" start_char="1753">Tweetdeck</TOKEN>
				<TOKEN end_char="1762" id="token-6-100" start_char="1762">,</TOKEN>
				<TOKEN end_char="1766" id="token-6-101" start_char="1764">you</TOKEN>
				<TOKEN end_char="1767" id="token-6-102" start_char="1767">'</TOKEN>
				<TOKEN end_char="1769" id="token-6-103" start_char="1768">re</TOKEN>
				<TOKEN end_char="1772" id="token-6-104" start_char="1771">in</TOKEN>
				<TOKEN end_char="1777" id="token-6-105" start_char="1774">luck</TOKEN>
				<TOKEN end_char="1778" id="token-6-106" start_char="1778">:</TOKEN>
				<TOKEN end_char="1780" id="token-6-107" start_char="1780">A</TOKEN>
				<TOKEN end_char="1787" id="token-6-108" start_char="1782">filter</TOKEN>
				<TOKEN end_char="1796" id="token-6-109" start_char="1789">function</TOKEN>
				<TOKEN end_char="1799" id="token-6-110" start_char="1798">is</TOKEN>
				<TOKEN end_char="1805" id="token-6-111" start_char="1801">built</TOKEN>
				<TOKEN end_char="1810" id="token-6-112" start_char="1807">into</TOKEN>
				<TOKEN end_char="1814" id="token-6-113" start_char="1812">the</TOKEN>
				<TOKEN end_char="1819" id="token-6-114" start_char="1816">tool</TOKEN>
				<TOKEN end_char="1820" id="token-6-115" start_char="1820">'</TOKEN>
				<TOKEN end_char="1821" id="token-6-116" start_char="1821">s</TOKEN>
				<TOKEN end_char="1830" id="token-6-117" start_char="1823">settings</TOKEN>
				<TOKEN end_char="1831" id="token-6-118" start_char="1831">.</TOKEN>
			</SEG>
			<SEG end_char="2188" id="20121106_WAPO_5a9fa4f916f2d637826c27d836aa0a17-7" start_char="1833">
				<ORIGINAL_TEXT>Facebook isn't quite as easy; your best bet is unfollowing posts from particularly chatty friends. If you're seeing a lot of notifications from a political post you liked or commented on earlier in the day, you can also hide those. Click on the post date, and an option to &quot;unfollow post&quot; will appear at the bottom of the box, next to &quot;like&quot; and &quot;comment.&quot;</ORIGINAL_TEXT>
				<TOKEN end_char="1840" id="token-7-0" start_char="1833">Facebook</TOKEN>
				<TOKEN end_char="1844" id="token-7-1" start_char="1842">isn</TOKEN>
				<TOKEN end_char="1845" id="token-7-2" start_char="1845">'</TOKEN>
				<TOKEN end_char="1846" id="token-7-3" start_char="1846">t</TOKEN>
				<TOKEN end_char="1852" id="token-7-4" start_char="1848">quite</TOKEN>
				<TOKEN end_char="1855" id="token-7-5" start_char="1854">as</TOKEN>
				<TOKEN end_char="1860" id="token-7-6" start_char="1857">easy</TOKEN>
				<TOKEN end_char="1861" id="token-7-7" start_char="1861">;</TOKEN>
				<TOKEN end_char="1866" id="token-7-8" start_char="1863">your</TOKEN>
				<TOKEN end_char="1871" id="token-7-9" start_char="1868">best</TOKEN>
				<TOKEN end_char="1875" id="token-7-10" start_char="1873">bet</TOKEN>
				<TOKEN end_char="1878" id="token-7-11" start_char="1877">is</TOKEN>
				<TOKEN end_char="1890" id="token-7-12" start_char="1880">unfollowing</TOKEN>
				<TOKEN end_char="1896" id="token-7-13" start_char="1892">posts</TOKEN>
				<TOKEN end_char="1901" id="token-7-14" start_char="1898">from</TOKEN>
				<TOKEN end_char="1914" id="token-7-15" start_char="1903">particularly</TOKEN>
				<TOKEN end_char="1921" id="token-7-16" start_char="1916">chatty</TOKEN>
				<TOKEN end_char="1929" id="token-7-17" start_char="1923">friends</TOKEN>
				<TOKEN end_char="1930" id="token-7-18" start_char="1930">.</TOKEN>
				<TOKEN end_char="1933" id="token-7-19" start_char="1932">If</TOKEN>
				<TOKEN end_char="1937" id="token-7-20" start_char="1935">you</TOKEN>
				<TOKEN end_char="1938" id="token-7-21" start_char="1938">'</TOKEN>
				<TOKEN end_char="1940" id="token-7-22" start_char="1939">re</TOKEN>
				<TOKEN end_char="1947" id="token-7-23" start_char="1942">seeing</TOKEN>
				<TOKEN end_char="1949" id="token-7-24" start_char="1949">a</TOKEN>
				<TOKEN end_char="1953" id="token-7-25" start_char="1951">lot</TOKEN>
				<TOKEN end_char="1956" id="token-7-26" start_char="1955">of</TOKEN>
				<TOKEN end_char="1970" id="token-7-27" start_char="1958">notifications</TOKEN>
				<TOKEN end_char="1975" id="token-7-28" start_char="1972">from</TOKEN>
				<TOKEN end_char="1977" id="token-7-29" start_char="1977">a</TOKEN>
				<TOKEN end_char="1987" id="token-7-30" start_char="1979">political</TOKEN>
				<TOKEN end_char="1992" id="token-7-31" start_char="1989">post</TOKEN>
				<TOKEN end_char="1996" id="token-7-32" start_char="1994">you</TOKEN>
				<TOKEN end_char="2002" id="token-7-33" start_char="1998">liked</TOKEN>
				<TOKEN end_char="2005" id="token-7-34" start_char="2004">or</TOKEN>
				<TOKEN end_char="2015" id="token-7-35" start_char="2007">commented</TOKEN>
				<TOKEN end_char="2018" id="token-7-36" start_char="2017">on</TOKEN>
				<TOKEN end_char="2026" id="token-7-37" start_char="2020">earlier</TOKEN>
				<TOKEN end_char="2029" id="token-7-38" start_char="2028">in</TOKEN>
				<TOKEN end_char="2033" id="token-7-39" start_char="2031">the</TOKEN>
				<TOKEN end_char="2037" id="token-7-40" start_char="2035">day</TOKEN>
				<TOKEN end_char="2038" id="token-7-41" start_char="2038">,</TOKEN>
				<TOKEN end_char="2042" id="token-7-42" start_char="2040">you</TOKEN>
				<TOKEN end_char="2046" id="token-7-43" start_char="2044">can</TOKEN>
				<TOKEN end_char="2051" id="token-7-44" start_char="2048">also</TOKEN>
				<TOKEN end_char="2056" id="token-7-45" start_char="2053">hide</TOKEN>
				<TOKEN end_char="2062" id="token-7-46" start_char="2058">those</TOKEN>
				<TOKEN end_char="2063" id="token-7-47" start_char="2063">.</TOKEN>
				<TOKEN end_char="2069" id="token-7-48" start_char="2065">Click</TOKEN>
				<TOKEN end_char="2072" id="token-7-49" start_char="2071">on</TOKEN>
				<TOKEN end_char="2076" id="token-7-50" start_char="2074">the</TOKEN>
				<TOKEN end_char="2081" id="token-7-51" start_char="2078">post</TOKEN>
				<TOKEN end_char="2086" id="token-7-52" start_char="2083">date</TOKEN>
				<TOKEN end_char="2087" id="token-7-53" start_char="2087">,</TOKEN>
				<TOKEN end_char="2091" id="token-7-54" start_char="2089">and</TOKEN>
				<TOKEN end_char="2094" id="token-7-55" start_char="2093">an</TOKEN>
				<TOKEN end_char="2101" id="token-7-56" start_char="2096">option</TOKEN>
				<TOKEN end_char="2104" id="token-7-57" start_char="2103">to</TOKEN>
				<TOKEN end_char="2106" id="token-7-58" start_char="2106">&quot;</TOKEN>
				<TOKEN end_char="2114" id="token-7-59" start_char="2107">unfollow</TOKEN>
				<TOKEN end_char="2119" id="token-7-60" start_char="2116">post</TOKEN>
				<TOKEN end_char="2120" id="token-7-61" start_char="2120">&quot;</TOKEN>
				<TOKEN end_char="2125" id="token-7-62" start_char="2122">will</TOKEN>
				<TOKEN end_char="2132" id="token-7-63" start_char="2127">appear</TOKEN>
				<TOKEN end_char="2135" id="token-7-64" start_char="2134">at</TOKEN>
				<TOKEN end_char="2139" id="token-7-65" start_char="2137">the</TOKEN>
				<TOKEN end_char="2146" id="token-7-66" start_char="2141">bottom</TOKEN>
				<TOKEN end_char="2149" id="token-7-67" start_char="2148">of</TOKEN>
				<TOKEN end_char="2153" id="token-7-68" start_char="2151">the</TOKEN>
				<TOKEN end_char="2157" id="token-7-69" start_char="2155">box</TOKEN>
				<TOKEN end_char="2158" id="token-7-70" start_char="2158">,</TOKEN>
				<TOKEN end_char="2163" id="token-7-71" start_char="2160">next</TOKEN>
				<TOKEN end_char="2166" id="token-7-72" start_char="2165">to</TOKEN>
				<TOKEN end_char="2168" id="token-7-73" start_char="2168">&quot;</TOKEN>
				<TOKEN end_char="2172" id="token-7-74" start_char="2169">like</TOKEN>
				<TOKEN end_char="2173" id="token-7-75" start_char="2173">&quot;</TOKEN>
				<TOKEN end_char="2177" id="token-7-76" start_char="2175">and</TOKEN>
				<TOKEN end_char="2179" id="token-7-77" start_char="2179">&quot;</TOKEN>
				<TOKEN end_char="2186" id="token-7-78" start_char="2180">comment</TOKEN>
				<TOKEN end_char="2188" id="token-7-79" start_char="2187">.&quot;</TOKEN>
			</SEG>
			<SEG end_char="2561" id="20121106_WAPO_5a9fa4f916f2d637826c27d836aa0a17-8" start_char="2190">
				<ORIGINAL_TEXT>No matter what you do on social media, though, don't expect to avoid political discussion entirely. While the Pew report found an increase in election day social media sharing, the most popular way to talk politics is still face-to-face. More than half of Pew's respondents said someone had tried to persuade them to vote for Obama or Romney in person in the past 30 days.</ORIGINAL_TEXT>
				<TOKEN end_char="2191" id="token-8-0" start_char="2190">No</TOKEN>
				<TOKEN end_char="2198" id="token-8-1" start_char="2193">matter</TOKEN>
				<TOKEN end_char="2203" id="token-8-2" start_char="2200">what</TOKEN>
				<TOKEN end_char="2207" id="token-8-3" start_char="2205">you</TOKEN>
				<TOKEN end_char="2210" id="token-8-4" start_char="2209">do</TOKEN>
				<TOKEN end_char="2213" id="token-8-5" start_char="2212">on</TOKEN>
				<TOKEN end_char="2220" id="token-8-6" start_char="2215">social</TOKEN>
				<TOKEN end_char="2226" id="token-8-7" start_char="2222">media</TOKEN>
				<TOKEN end_char="2227" id="token-8-8" start_char="2227">,</TOKEN>
				<TOKEN end_char="2234" id="token-8-9" start_char="2229">though</TOKEN>
				<TOKEN end_char="2235" id="token-8-10" start_char="2235">,</TOKEN>
				<TOKEN end_char="2239" id="token-8-11" start_char="2237">don</TOKEN>
				<TOKEN end_char="2240" id="token-8-12" start_char="2240">'</TOKEN>
				<TOKEN end_char="2241" id="token-8-13" start_char="2241">t</TOKEN>
				<TOKEN end_char="2248" id="token-8-14" start_char="2243">expect</TOKEN>
				<TOKEN end_char="2251" id="token-8-15" start_char="2250">to</TOKEN>
				<TOKEN end_char="2257" id="token-8-16" start_char="2253">avoid</TOKEN>
				<TOKEN end_char="2267" id="token-8-17" start_char="2259">political</TOKEN>
				<TOKEN end_char="2278" id="token-8-18" start_char="2269">discussion</TOKEN>
				<TOKEN end_char="2287" id="token-8-19" start_char="2280">entirely</TOKEN>
				<TOKEN end_char="2288" id="token-8-20" start_char="2288">.</TOKEN>
				<TOKEN end_char="2294" id="token-8-21" start_char="2290">While</TOKEN>
				<TOKEN end_char="2298" id="token-8-22" start_char="2296">the</TOKEN>
				<TOKEN end_char="2302" id="token-8-23" start_char="2300">Pew</TOKEN>
				<TOKEN end_char="2309" id="token-8-24" start_char="2304">report</TOKEN>
				<TOKEN end_char="2315" id="token-8-25" start_char="2311">found</TOKEN>
				<TOKEN end_char="2318" id="token-8-26" start_char="2317">an</TOKEN>
				<TOKEN end_char="2327" id="token-8-27" start_char="2320">increase</TOKEN>
				<TOKEN end_char="2330" id="token-8-28" start_char="2329">in</TOKEN>
				<TOKEN end_char="2339" id="token-8-29" start_char="2332">election</TOKEN>
				<TOKEN end_char="2343" id="token-8-30" start_char="2341">day</TOKEN>
				<TOKEN end_char="2350" id="token-8-31" start_char="2345">social</TOKEN>
				<TOKEN end_char="2356" id="token-8-32" start_char="2352">media</TOKEN>
				<TOKEN end_char="2364" id="token-8-33" start_char="2358">sharing</TOKEN>
				<TOKEN end_char="2365" id="token-8-34" start_char="2365">,</TOKEN>
				<TOKEN end_char="2369" id="token-8-35" start_char="2367">the</TOKEN>
				<TOKEN end_char="2374" id="token-8-36" start_char="2371">most</TOKEN>
				<TOKEN end_char="2382" id="token-8-37" start_char="2376">popular</TOKEN>
				<TOKEN end_char="2386" id="token-8-38" start_char="2384">way</TOKEN>
				<TOKEN end_char="2389" id="token-8-39" start_char="2388">to</TOKEN>
				<TOKEN end_char="2394" id="token-8-40" start_char="2391">talk</TOKEN>
				<TOKEN end_char="2403" id="token-8-41" start_char="2396">politics</TOKEN>
				<TOKEN end_char="2406" id="token-8-42" start_char="2405">is</TOKEN>
				<TOKEN end_char="2412" id="token-8-43" start_char="2408">still</TOKEN>
				<TOKEN end_char="2417" id="token-8-44" start_char="2414">face</TOKEN>
				<TOKEN end_char="2418" id="token-8-45" start_char="2418">-</TOKEN>
				<TOKEN end_char="2420" id="token-8-46" start_char="2419">to</TOKEN>
				<TOKEN end_char="2421" id="token-8-47" start_char="2421">-</TOKEN>
				<TOKEN end_char="2425" id="token-8-48" start_char="2422">face</TOKEN>
				<TOKEN end_char="2426" id="token-8-49" start_char="2426">.</TOKEN>
				<TOKEN end_char="2431" id="token-8-50" start_char="2428">More</TOKEN>
				<TOKEN end_char="2436" id="token-8-51" start_char="2433">than</TOKEN>
				<TOKEN end_char="2441" id="token-8-52" start_char="2438">half</TOKEN>
				<TOKEN end_char="2444" id="token-8-53" start_char="2443">of</TOKEN>
				<TOKEN end_char="2448" id="token-8-54" start_char="2446">Pew</TOKEN>
				<TOKEN end_char="2449" id="token-8-55" start_char="2449">'</TOKEN>
				<TOKEN end_char="2450" id="token-8-56" start_char="2450">s</TOKEN>
				<TOKEN end_char="2462" id="token-8-57" start_char="2452">respondents</TOKEN>
				<TOKEN end_char="2467" id="token-8-58" start_char="2464">said</TOKEN>
				<TOKEN end_char="2475" id="token-8-59" start_char="2469">someone</TOKEN>
				<TOKEN end_char="2479" id="token-8-60" start_char="2477">had</TOKEN>
				<TOKEN end_char="2485" id="token-8-61" start_char="2481">tried</TOKEN>
				<TOKEN end_char="2488" id="token-8-62" start_char="2487">to</TOKEN>
				<TOKEN end_char="2497" id="token-8-63" start_char="2490">persuade</TOKEN>
				<TOKEN end_char="2502" id="token-8-64" start_char="2499">them</TOKEN>
				<TOKEN end_char="2505" id="token-8-65" start_char="2504">to</TOKEN>
				<TOKEN end_char="2510" id="token-8-66" start_char="2507">vote</TOKEN>
				<TOKEN end_char="2514" id="token-8-67" start_char="2512">for</TOKEN>
				<TOKEN end_char="2520" id="token-8-68" start_char="2516">Obama</TOKEN>
				<TOKEN end_char="2523" id="token-8-69" start_char="2522">or</TOKEN>
				<TOKEN end_char="2530" id="token-8-70" start_char="2525">Romney</TOKEN>
				<TOKEN end_char="2533" id="token-8-71" start_char="2532">in</TOKEN>
				<TOKEN end_char="2540" id="token-8-72" start_char="2535">person</TOKEN>
				<TOKEN end_char="2543" id="token-8-73" start_char="2542">in</TOKEN>
				<TOKEN end_char="2547" id="token-8-74" start_char="2545">the</TOKEN>
				<TOKEN end_char="2552" id="token-8-75" start_char="2549">past</TOKEN>
				<TOKEN end_char="2555" id="token-8-76" start_char="2554">30</TOKEN>
				<TOKEN end_char="2560" id="token-8-77" start_char="2557">days</TOKEN>
				<TOKEN end_char="2561" id="token-8-78" start_char="2561">.</TOKEN>
			</SEG>
		</TEXT>
	</DOC>
</LCTL_TEXT>
