<?xml version="1.0" encoding="utf-8"?>
<LCTL_TEXT>
	<DOC id="20120211_WAPO_a6be1e92-50de-11e1-bd4f-8a7d53f6d6c2">
		<TEXT>
			<SEG end_char="69" id="20120211_WAPO_a6be1e92-50de-11e1-bd4f-8a7d53f6d6c2-0" start_char="0">
				<ORIGINAL_TEXT>Farmers to plant most acres since 1984, prompted by higher crop prices</ORIGINAL_TEXT>
				<TOKEN end_char="6" id="token-0-0" start_char="0">Farmers</TOKEN>
				<TOKEN end_char="9" id="token-0-1" start_char="8">to</TOKEN>
				<TOKEN end_char="15" id="token-0-2" start_char="11">plant</TOKEN>
				<TOKEN end_char="20" id="token-0-3" start_char="17">most</TOKEN>
				<TOKEN end_char="26" id="token-0-4" start_char="22">acres</TOKEN>
				<TOKEN end_char="32" id="token-0-5" start_char="28">since</TOKEN>
				<TOKEN end_char="37" id="token-0-6" start_char="34">1984</TOKEN>
				<TOKEN end_char="38" id="token-0-7" start_char="38">,</TOKEN>
				<TOKEN end_char="47" id="token-0-8" start_char="40">prompted</TOKEN>
				<TOKEN end_char="50" id="token-0-9" start_char="49">by</TOKEN>
				<TOKEN end_char="57" id="token-0-10" start_char="52">higher</TOKEN>
				<TOKEN end_char="62" id="token-0-11" start_char="59">crop</TOKEN>
				<TOKEN end_char="69" id="token-0-12" start_char="64">prices</TOKEN>
			</SEG>
			<SEG end_char="116" id="20120211_WAPO_a6be1e92-50de-11e1-bd4f-8a7d53f6d6c2-1" start_char="71">
				<ORIGINAL_TEXT>Saturday, February 11, 2012 19:32:00 GMT-05:00</ORIGINAL_TEXT>
				<TOKEN end_char="78" id="token-1-0" start_char="71">Saturday</TOKEN>
				<TOKEN end_char="79" id="token-1-1" start_char="79">,</TOKEN>
				<TOKEN end_char="88" id="token-1-2" start_char="81">February</TOKEN>
				<TOKEN end_char="91" id="token-1-3" start_char="90">11</TOKEN>
				<TOKEN end_char="92" id="token-1-4" start_char="92">,</TOKEN>
				<TOKEN end_char="97" id="token-1-5" start_char="94">2012</TOKEN>
				<TOKEN end_char="100" id="token-1-6" start_char="99">19</TOKEN>
				<TOKEN end_char="101" id="token-1-7" start_char="101">:</TOKEN>
				<TOKEN end_char="103" id="token-1-8" start_char="102">32</TOKEN>
				<TOKEN end_char="104" id="token-1-9" start_char="104">:</TOKEN>
				<TOKEN end_char="106" id="token-1-10" start_char="105">00</TOKEN>
				<TOKEN end_char="110" id="token-1-11" start_char="108">GMT</TOKEN>
				<TOKEN end_char="111" id="token-1-12" start_char="111">-</TOKEN>
				<TOKEN end_char="113" id="token-1-13" start_char="112">05</TOKEN>
				<TOKEN end_char="114" id="token-1-14" start_char="114">:</TOKEN>
				<TOKEN end_char="116" id="token-1-15" start_char="115">00</TOKEN>
			</SEG>
			<SEG end_char="309" id="20120211_WAPO_a6be1e92-50de-11e1-bd4f-8a7d53f6d6c2-2" start_char="118">
				<ORIGINAL_TEXT>U.S. farmers will plant the most acres in a generation this year, led by the biggest corn crop since World War II, taking advantage of the highest agricultural prices in at least four decades.</ORIGINAL_TEXT>
				<TOKEN end_char="118" id="token-2-0" start_char="118">U</TOKEN>
				<TOKEN end_char="119" id="token-2-1" start_char="119">.</TOKEN>
				<TOKEN end_char="120" id="token-2-2" start_char="120">S</TOKEN>
				<TOKEN end_char="121" id="token-2-3" start_char="121">.</TOKEN>
				<TOKEN end_char="129" id="token-2-4" start_char="123">farmers</TOKEN>
				<TOKEN end_char="134" id="token-2-5" start_char="131">will</TOKEN>
				<TOKEN end_char="140" id="token-2-6" start_char="136">plant</TOKEN>
				<TOKEN end_char="144" id="token-2-7" start_char="142">the</TOKEN>
				<TOKEN end_char="149" id="token-2-8" start_char="146">most</TOKEN>
				<TOKEN end_char="155" id="token-2-9" start_char="151">acres</TOKEN>
				<TOKEN end_char="158" id="token-2-10" start_char="157">in</TOKEN>
				<TOKEN end_char="160" id="token-2-11" start_char="160">a</TOKEN>
				<TOKEN end_char="171" id="token-2-12" start_char="162">generation</TOKEN>
				<TOKEN end_char="176" id="token-2-13" start_char="173">this</TOKEN>
				<TOKEN end_char="181" id="token-2-14" start_char="178">year</TOKEN>
				<TOKEN end_char="182" id="token-2-15" start_char="182">,</TOKEN>
				<TOKEN end_char="186" id="token-2-16" start_char="184">led</TOKEN>
				<TOKEN end_char="189" id="token-2-17" start_char="188">by</TOKEN>
				<TOKEN end_char="193" id="token-2-18" start_char="191">the</TOKEN>
				<TOKEN end_char="201" id="token-2-19" start_char="195">biggest</TOKEN>
				<TOKEN end_char="206" id="token-2-20" start_char="203">corn</TOKEN>
				<TOKEN end_char="211" id="token-2-21" start_char="208">crop</TOKEN>
				<TOKEN end_char="217" id="token-2-22" start_char="213">since</TOKEN>
				<TOKEN end_char="223" id="token-2-23" start_char="219">World</TOKEN>
				<TOKEN end_char="227" id="token-2-24" start_char="225">War</TOKEN>
				<TOKEN end_char="230" id="token-2-25" start_char="229">II</TOKEN>
				<TOKEN end_char="231" id="token-2-26" start_char="231">,</TOKEN>
				<TOKEN end_char="238" id="token-2-27" start_char="233">taking</TOKEN>
				<TOKEN end_char="248" id="token-2-28" start_char="240">advantage</TOKEN>
				<TOKEN end_char="251" id="token-2-29" start_char="250">of</TOKEN>
				<TOKEN end_char="255" id="token-2-30" start_char="253">the</TOKEN>
				<TOKEN end_char="263" id="token-2-31" start_char="257">highest</TOKEN>
				<TOKEN end_char="276" id="token-2-32" start_char="265">agricultural</TOKEN>
				<TOKEN end_char="283" id="token-2-33" start_char="278">prices</TOKEN>
				<TOKEN end_char="286" id="token-2-34" start_char="285">in</TOKEN>
				<TOKEN end_char="289" id="token-2-35" start_char="288">at</TOKEN>
				<TOKEN end_char="295" id="token-2-36" start_char="291">least</TOKEN>
				<TOKEN end_char="300" id="token-2-37" start_char="297">four</TOKEN>
				<TOKEN end_char="308" id="token-2-38" start_char="302">decades</TOKEN>
				<TOKEN end_char="309" id="token-2-39" start_char="309">.</TOKEN>
			</SEG>
			<SEG end_char="612" id="20120211_WAPO_a6be1e92-50de-11e1-bd4f-8a7d53f6d6c2-3" start_char="311">
				<ORIGINAL_TEXT>They will sow corn, soybeans and wheat on 226.9 million acres, the most since 1984, a Bloomberg survey of 36 farmers, bankers and analysts showed. The 2.5 percent gain means an expansion the size of New Jersey as growers target fields left fallow last year and land freed up from conservation programs.</ORIGINAL_TEXT>
				<TOKEN end_char="314" id="token-3-0" start_char="311">They</TOKEN>
				<TOKEN end_char="319" id="token-3-1" start_char="316">will</TOKEN>
				<TOKEN end_char="323" id="token-3-2" start_char="321">sow</TOKEN>
				<TOKEN end_char="328" id="token-3-3" start_char="325">corn</TOKEN>
				<TOKEN end_char="329" id="token-3-4" start_char="329">,</TOKEN>
				<TOKEN end_char="338" id="token-3-5" start_char="331">soybeans</TOKEN>
				<TOKEN end_char="342" id="token-3-6" start_char="340">and</TOKEN>
				<TOKEN end_char="348" id="token-3-7" start_char="344">wheat</TOKEN>
				<TOKEN end_char="351" id="token-3-8" start_char="350">on</TOKEN>
				<TOKEN end_char="355" id="token-3-9" start_char="353">226</TOKEN>
				<TOKEN end_char="356" id="token-3-10" start_char="356">.</TOKEN>
				<TOKEN end_char="357" id="token-3-11" start_char="357">9</TOKEN>
				<TOKEN end_char="365" id="token-3-12" start_char="359">million</TOKEN>
				<TOKEN end_char="371" id="token-3-13" start_char="367">acres</TOKEN>
				<TOKEN end_char="372" id="token-3-14" start_char="372">,</TOKEN>
				<TOKEN end_char="376" id="token-3-15" start_char="374">the</TOKEN>
				<TOKEN end_char="381" id="token-3-16" start_char="378">most</TOKEN>
				<TOKEN end_char="387" id="token-3-17" start_char="383">since</TOKEN>
				<TOKEN end_char="392" id="token-3-18" start_char="389">1984</TOKEN>
				<TOKEN end_char="393" id="token-3-19" start_char="393">,</TOKEN>
				<TOKEN end_char="395" id="token-3-20" start_char="395">a</TOKEN>
				<TOKEN end_char="405" id="token-3-21" start_char="397">Bloomberg</TOKEN>
				<TOKEN end_char="412" id="token-3-22" start_char="407">survey</TOKEN>
				<TOKEN end_char="415" id="token-3-23" start_char="414">of</TOKEN>
				<TOKEN end_char="418" id="token-3-24" start_char="417">36</TOKEN>
				<TOKEN end_char="426" id="token-3-25" start_char="420">farmers</TOKEN>
				<TOKEN end_char="427" id="token-3-26" start_char="427">,</TOKEN>
				<TOKEN end_char="435" id="token-3-27" start_char="429">bankers</TOKEN>
				<TOKEN end_char="439" id="token-3-28" start_char="437">and</TOKEN>
				<TOKEN end_char="448" id="token-3-29" start_char="441">analysts</TOKEN>
				<TOKEN end_char="455" id="token-3-30" start_char="450">showed</TOKEN>
				<TOKEN end_char="456" id="token-3-31" start_char="456">.</TOKEN>
				<TOKEN end_char="460" id="token-3-32" start_char="458">The</TOKEN>
				<TOKEN end_char="462" id="token-3-33" start_char="462">2</TOKEN>
				<TOKEN end_char="463" id="token-3-34" start_char="463">.</TOKEN>
				<TOKEN end_char="464" id="token-3-35" start_char="464">5</TOKEN>
				<TOKEN end_char="472" id="token-3-36" start_char="466">percent</TOKEN>
				<TOKEN end_char="477" id="token-3-37" start_char="474">gain</TOKEN>
				<TOKEN end_char="483" id="token-3-38" start_char="479">means</TOKEN>
				<TOKEN end_char="486" id="token-3-39" start_char="485">an</TOKEN>
				<TOKEN end_char="496" id="token-3-40" start_char="488">expansion</TOKEN>
				<TOKEN end_char="500" id="token-3-41" start_char="498">the</TOKEN>
				<TOKEN end_char="505" id="token-3-42" start_char="502">size</TOKEN>
				<TOKEN end_char="508" id="token-3-43" start_char="507">of</TOKEN>
				<TOKEN end_char="512" id="token-3-44" start_char="510">New</TOKEN>
				<TOKEN end_char="519" id="token-3-45" start_char="514">Jersey</TOKEN>
				<TOKEN end_char="522" id="token-3-46" start_char="521">as</TOKEN>
				<TOKEN end_char="530" id="token-3-47" start_char="524">growers</TOKEN>
				<TOKEN end_char="537" id="token-3-48" start_char="532">target</TOKEN>
				<TOKEN end_char="544" id="token-3-49" start_char="539">fields</TOKEN>
				<TOKEN end_char="549" id="token-3-50" start_char="546">left</TOKEN>
				<TOKEN end_char="556" id="token-3-51" start_char="551">fallow</TOKEN>
				<TOKEN end_char="561" id="token-3-52" start_char="558">last</TOKEN>
				<TOKEN end_char="566" id="token-3-53" start_char="563">year</TOKEN>
				<TOKEN end_char="570" id="token-3-54" start_char="568">and</TOKEN>
				<TOKEN end_char="575" id="token-3-55" start_char="572">land</TOKEN>
				<TOKEN end_char="581" id="token-3-56" start_char="577">freed</TOKEN>
				<TOKEN end_char="584" id="token-3-57" start_char="583">up</TOKEN>
				<TOKEN end_char="589" id="token-3-58" start_char="586">from</TOKEN>
				<TOKEN end_char="602" id="token-3-59" start_char="591">conservation</TOKEN>
				<TOKEN end_char="611" id="token-3-60" start_char="604">programs</TOKEN>
				<TOKEN end_char="612" id="token-3-61" start_char="612">.</TOKEN>
			</SEG>
			<SEG end_char="1006" id="20120211_WAPO_a6be1e92-50de-11e1-bd4f-8a7d53f6d6c2-4" start_char="614">
				<ORIGINAL_TEXT>Crop prices, some of which reached the highest averages ever in 2011, bolstered the economies of Midwest growing states, sent net farm income up 28 percent to $100.9 billion and pushed the value of farmland to a record $2,350 an acre, the Agriculture Department estimates. Global food costs are down 11 percent from a peak a year ago as grain output rises from China to Canada, U.N. data show.</ORIGINAL_TEXT>
				<TOKEN end_char="617" id="token-4-0" start_char="614">Crop</TOKEN>
				<TOKEN end_char="624" id="token-4-1" start_char="619">prices</TOKEN>
				<TOKEN end_char="625" id="token-4-2" start_char="625">,</TOKEN>
				<TOKEN end_char="630" id="token-4-3" start_char="627">some</TOKEN>
				<TOKEN end_char="633" id="token-4-4" start_char="632">of</TOKEN>
				<TOKEN end_char="639" id="token-4-5" start_char="635">which</TOKEN>
				<TOKEN end_char="647" id="token-4-6" start_char="641">reached</TOKEN>
				<TOKEN end_char="651" id="token-4-7" start_char="649">the</TOKEN>
				<TOKEN end_char="659" id="token-4-8" start_char="653">highest</TOKEN>
				<TOKEN end_char="668" id="token-4-9" start_char="661">averages</TOKEN>
				<TOKEN end_char="673" id="token-4-10" start_char="670">ever</TOKEN>
				<TOKEN end_char="676" id="token-4-11" start_char="675">in</TOKEN>
				<TOKEN end_char="681" id="token-4-12" start_char="678">2011</TOKEN>
				<TOKEN end_char="682" id="token-4-13" start_char="682">,</TOKEN>
				<TOKEN end_char="692" id="token-4-14" start_char="684">bolstered</TOKEN>
				<TOKEN end_char="696" id="token-4-15" start_char="694">the</TOKEN>
				<TOKEN end_char="706" id="token-4-16" start_char="698">economies</TOKEN>
				<TOKEN end_char="709" id="token-4-17" start_char="708">of</TOKEN>
				<TOKEN end_char="717" id="token-4-18" start_char="711">Midwest</TOKEN>
				<TOKEN end_char="725" id="token-4-19" start_char="719">growing</TOKEN>
				<TOKEN end_char="732" id="token-4-20" start_char="727">states</TOKEN>
				<TOKEN end_char="733" id="token-4-21" start_char="733">,</TOKEN>
				<TOKEN end_char="738" id="token-4-22" start_char="735">sent</TOKEN>
				<TOKEN end_char="742" id="token-4-23" start_char="740">net</TOKEN>
				<TOKEN end_char="747" id="token-4-24" start_char="744">farm</TOKEN>
				<TOKEN end_char="754" id="token-4-25" start_char="749">income</TOKEN>
				<TOKEN end_char="757" id="token-4-26" start_char="756">up</TOKEN>
				<TOKEN end_char="760" id="token-4-27" start_char="759">28</TOKEN>
				<TOKEN end_char="768" id="token-4-28" start_char="762">percent</TOKEN>
				<TOKEN end_char="771" id="token-4-29" start_char="770">to</TOKEN>
				<TOKEN end_char="773" id="token-4-30" start_char="773">$</TOKEN>
				<TOKEN end_char="776" id="token-4-31" start_char="774">100</TOKEN>
				<TOKEN end_char="777" id="token-4-32" start_char="777">.</TOKEN>
				<TOKEN end_char="778" id="token-4-33" start_char="778">9</TOKEN>
				<TOKEN end_char="786" id="token-4-34" start_char="780">billion</TOKEN>
				<TOKEN end_char="790" id="token-4-35" start_char="788">and</TOKEN>
				<TOKEN end_char="797" id="token-4-36" start_char="792">pushed</TOKEN>
				<TOKEN end_char="801" id="token-4-37" start_char="799">the</TOKEN>
				<TOKEN end_char="807" id="token-4-38" start_char="803">value</TOKEN>
				<TOKEN end_char="810" id="token-4-39" start_char="809">of</TOKEN>
				<TOKEN end_char="819" id="token-4-40" start_char="812">farmland</TOKEN>
				<TOKEN end_char="822" id="token-4-41" start_char="821">to</TOKEN>
				<TOKEN end_char="824" id="token-4-42" start_char="824">a</TOKEN>
				<TOKEN end_char="831" id="token-4-43" start_char="826">record</TOKEN>
				<TOKEN end_char="833" id="token-4-44" start_char="833">$</TOKEN>
				<TOKEN end_char="834" id="token-4-45" start_char="834">2</TOKEN>
				<TOKEN end_char="835" id="token-4-46" start_char="835">,</TOKEN>
				<TOKEN end_char="838" id="token-4-47" start_char="836">350</TOKEN>
				<TOKEN end_char="841" id="token-4-48" start_char="840">an</TOKEN>
				<TOKEN end_char="846" id="token-4-49" start_char="843">acre</TOKEN>
				<TOKEN end_char="847" id="token-4-50" start_char="847">,</TOKEN>
				<TOKEN end_char="851" id="token-4-51" start_char="849">the</TOKEN>
				<TOKEN end_char="863" id="token-4-52" start_char="853">Agriculture</TOKEN>
				<TOKEN end_char="874" id="token-4-53" start_char="865">Department</TOKEN>
				<TOKEN end_char="884" id="token-4-54" start_char="876">estimates</TOKEN>
				<TOKEN end_char="885" id="token-4-55" start_char="885">.</TOKEN>
				<TOKEN end_char="892" id="token-4-56" start_char="887">Global</TOKEN>
				<TOKEN end_char="897" id="token-4-57" start_char="894">food</TOKEN>
				<TOKEN end_char="903" id="token-4-58" start_char="899">costs</TOKEN>
				<TOKEN end_char="907" id="token-4-59" start_char="905">are</TOKEN>
				<TOKEN end_char="912" id="token-4-60" start_char="909">down</TOKEN>
				<TOKEN end_char="915" id="token-4-61" start_char="914">11</TOKEN>
				<TOKEN end_char="923" id="token-4-62" start_char="917">percent</TOKEN>
				<TOKEN end_char="928" id="token-4-63" start_char="925">from</TOKEN>
				<TOKEN end_char="930" id="token-4-64" start_char="930">a</TOKEN>
				<TOKEN end_char="935" id="token-4-65" start_char="932">peak</TOKEN>
				<TOKEN end_char="937" id="token-4-66" start_char="937">a</TOKEN>
				<TOKEN end_char="942" id="token-4-67" start_char="939">year</TOKEN>
				<TOKEN end_char="946" id="token-4-68" start_char="944">ago</TOKEN>
				<TOKEN end_char="949" id="token-4-69" start_char="948">as</TOKEN>
				<TOKEN end_char="955" id="token-4-70" start_char="951">grain</TOKEN>
				<TOKEN end_char="962" id="token-4-71" start_char="957">output</TOKEN>
				<TOKEN end_char="968" id="token-4-72" start_char="964">rises</TOKEN>
				<TOKEN end_char="973" id="token-4-73" start_char="970">from</TOKEN>
				<TOKEN end_char="979" id="token-4-74" start_char="975">China</TOKEN>
				<TOKEN end_char="982" id="token-4-75" start_char="981">to</TOKEN>
				<TOKEN end_char="989" id="token-4-76" start_char="984">Canada</TOKEN>
				<TOKEN end_char="990" id="token-4-77" start_char="990">,</TOKEN>
				<TOKEN end_char="992" id="token-4-78" start_char="992">U</TOKEN>
				<TOKEN end_char="993" id="token-4-79" start_char="993">.</TOKEN>
				<TOKEN end_char="994" id="token-4-80" start_char="994">N</TOKEN>
				<TOKEN end_char="995" id="token-4-81" start_char="995">.</TOKEN>
				<TOKEN end_char="1000" id="token-4-82" start_char="997">data</TOKEN>
				<TOKEN end_char="1005" id="token-4-83" start_char="1002">show</TOKEN>
				<TOKEN end_char="1006" id="token-4-84" start_char="1006">.</TOKEN>
			</SEG>
			<SEG end_char="1307" id="20120211_WAPO_a6be1e92-50de-11e1-bd4f-8a7d53f6d6c2-5" start_char="1008">
				<ORIGINAL_TEXT>“There is unlikely to be any ground that won’t be planted this year,” said Todd Wachtel, who farms about 5,700 acres in Illinois and plans to expand his cornfields by 21 percent when seeding begins in April. “Farmers know that they have to plant more when prices are high, because they may not last.”</ORIGINAL_TEXT>
				<TOKEN end_char="1008" id="token-5-0" start_char="1008">“</TOKEN>
				<TOKEN end_char="1013" id="token-5-1" start_char="1009">There</TOKEN>
				<TOKEN end_char="1016" id="token-5-2" start_char="1015">is</TOKEN>
				<TOKEN end_char="1025" id="token-5-3" start_char="1018">unlikely</TOKEN>
				<TOKEN end_char="1028" id="token-5-4" start_char="1027">to</TOKEN>
				<TOKEN end_char="1031" id="token-5-5" start_char="1030">be</TOKEN>
				<TOKEN end_char="1035" id="token-5-6" start_char="1033">any</TOKEN>
				<TOKEN end_char="1042" id="token-5-7" start_char="1037">ground</TOKEN>
				<TOKEN end_char="1047" id="token-5-8" start_char="1044">that</TOKEN>
				<TOKEN end_char="1051" id="token-5-9" start_char="1049">won</TOKEN>
				<TOKEN end_char="1052" id="token-5-10" start_char="1052">’</TOKEN>
				<TOKEN end_char="1053" id="token-5-11" start_char="1053">t</TOKEN>
				<TOKEN end_char="1056" id="token-5-12" start_char="1055">be</TOKEN>
				<TOKEN end_char="1064" id="token-5-13" start_char="1058">planted</TOKEN>
				<TOKEN end_char="1069" id="token-5-14" start_char="1066">this</TOKEN>
				<TOKEN end_char="1074" id="token-5-15" start_char="1071">year</TOKEN>
				<TOKEN end_char="1076" id="token-5-16" start_char="1075">,”</TOKEN>
				<TOKEN end_char="1081" id="token-5-17" start_char="1078">said</TOKEN>
				<TOKEN end_char="1086" id="token-5-18" start_char="1083">Todd</TOKEN>
				<TOKEN end_char="1094" id="token-5-19" start_char="1088">Wachtel</TOKEN>
				<TOKEN end_char="1095" id="token-5-20" start_char="1095">,</TOKEN>
				<TOKEN end_char="1099" id="token-5-21" start_char="1097">who</TOKEN>
				<TOKEN end_char="1105" id="token-5-22" start_char="1101">farms</TOKEN>
				<TOKEN end_char="1111" id="token-5-23" start_char="1107">about</TOKEN>
				<TOKEN end_char="1113" id="token-5-24" start_char="1113">5</TOKEN>
				<TOKEN end_char="1114" id="token-5-25" start_char="1114">,</TOKEN>
				<TOKEN end_char="1117" id="token-5-26" start_char="1115">700</TOKEN>
				<TOKEN end_char="1123" id="token-5-27" start_char="1119">acres</TOKEN>
				<TOKEN end_char="1126" id="token-5-28" start_char="1125">in</TOKEN>
				<TOKEN end_char="1135" id="token-5-29" start_char="1128">Illinois</TOKEN>
				<TOKEN end_char="1139" id="token-5-30" start_char="1137">and</TOKEN>
				<TOKEN end_char="1145" id="token-5-31" start_char="1141">plans</TOKEN>
				<TOKEN end_char="1148" id="token-5-32" start_char="1147">to</TOKEN>
				<TOKEN end_char="1155" id="token-5-33" start_char="1150">expand</TOKEN>
				<TOKEN end_char="1159" id="token-5-34" start_char="1157">his</TOKEN>
				<TOKEN end_char="1170" id="token-5-35" start_char="1161">cornfields</TOKEN>
				<TOKEN end_char="1173" id="token-5-36" start_char="1172">by</TOKEN>
				<TOKEN end_char="1176" id="token-5-37" start_char="1175">21</TOKEN>
				<TOKEN end_char="1184" id="token-5-38" start_char="1178">percent</TOKEN>
				<TOKEN end_char="1189" id="token-5-39" start_char="1186">when</TOKEN>
				<TOKEN end_char="1197" id="token-5-40" start_char="1191">seeding</TOKEN>
				<TOKEN end_char="1204" id="token-5-41" start_char="1199">begins</TOKEN>
				<TOKEN end_char="1207" id="token-5-42" start_char="1206">in</TOKEN>
				<TOKEN end_char="1213" id="token-5-43" start_char="1209">April</TOKEN>
				<TOKEN end_char="1214" id="token-5-44" start_char="1214">.</TOKEN>
				<TOKEN end_char="1216" id="token-5-45" start_char="1216">“</TOKEN>
				<TOKEN end_char="1223" id="token-5-46" start_char="1217">Farmers</TOKEN>
				<TOKEN end_char="1228" id="token-5-47" start_char="1225">know</TOKEN>
				<TOKEN end_char="1233" id="token-5-48" start_char="1230">that</TOKEN>
				<TOKEN end_char="1238" id="token-5-49" start_char="1235">they</TOKEN>
				<TOKEN end_char="1243" id="token-5-50" start_char="1240">have</TOKEN>
				<TOKEN end_char="1246" id="token-5-51" start_char="1245">to</TOKEN>
				<TOKEN end_char="1252" id="token-5-52" start_char="1248">plant</TOKEN>
				<TOKEN end_char="1257" id="token-5-53" start_char="1254">more</TOKEN>
				<TOKEN end_char="1262" id="token-5-54" start_char="1259">when</TOKEN>
				<TOKEN end_char="1269" id="token-5-55" start_char="1264">prices</TOKEN>
				<TOKEN end_char="1273" id="token-5-56" start_char="1271">are</TOKEN>
				<TOKEN end_char="1278" id="token-5-57" start_char="1275">high</TOKEN>
				<TOKEN end_char="1279" id="token-5-58" start_char="1279">,</TOKEN>
				<TOKEN end_char="1287" id="token-5-59" start_char="1281">because</TOKEN>
				<TOKEN end_char="1292" id="token-5-60" start_char="1289">they</TOKEN>
				<TOKEN end_char="1296" id="token-5-61" start_char="1294">may</TOKEN>
				<TOKEN end_char="1300" id="token-5-62" start_char="1298">not</TOKEN>
				<TOKEN end_char="1305" id="token-5-63" start_char="1302">last</TOKEN>
				<TOKEN end_char="1307" id="token-5-64" start_char="1306">.”</TOKEN>
			</SEG>
			<SEG end_char="1566" id="20120211_WAPO_a6be1e92-50de-11e1-bd4f-8a7d53f6d6c2-6" start_char="1309">
				<ORIGINAL_TEXT>A bigger harvest in the United States, the world’s largest exporter of all three crops, will help compensate for shortages. Drought damage in Brazil and Argentina is likely to spur the Agriculture Department to cut its global and U.S. grain supply forecasts.</ORIGINAL_TEXT>
				<TOKEN end_char="1309" id="token-6-0" start_char="1309">A</TOKEN>
				<TOKEN end_char="1316" id="token-6-1" start_char="1311">bigger</TOKEN>
				<TOKEN end_char="1324" id="token-6-2" start_char="1318">harvest</TOKEN>
				<TOKEN end_char="1327" id="token-6-3" start_char="1326">in</TOKEN>
				<TOKEN end_char="1331" id="token-6-4" start_char="1329">the</TOKEN>
				<TOKEN end_char="1338" id="token-6-5" start_char="1333">United</TOKEN>
				<TOKEN end_char="1345" id="token-6-6" start_char="1340">States</TOKEN>
				<TOKEN end_char="1346" id="token-6-7" start_char="1346">,</TOKEN>
				<TOKEN end_char="1350" id="token-6-8" start_char="1348">the</TOKEN>
				<TOKEN end_char="1356" id="token-6-9" start_char="1352">world</TOKEN>
				<TOKEN end_char="1357" id="token-6-10" start_char="1357">’</TOKEN>
				<TOKEN end_char="1358" id="token-6-11" start_char="1358">s</TOKEN>
				<TOKEN end_char="1366" id="token-6-12" start_char="1360">largest</TOKEN>
				<TOKEN end_char="1375" id="token-6-13" start_char="1368">exporter</TOKEN>
				<TOKEN end_char="1378" id="token-6-14" start_char="1377">of</TOKEN>
				<TOKEN end_char="1382" id="token-6-15" start_char="1380">all</TOKEN>
				<TOKEN end_char="1388" id="token-6-16" start_char="1384">three</TOKEN>
				<TOKEN end_char="1394" id="token-6-17" start_char="1390">crops</TOKEN>
				<TOKEN end_char="1395" id="token-6-18" start_char="1395">,</TOKEN>
				<TOKEN end_char="1400" id="token-6-19" start_char="1397">will</TOKEN>
				<TOKEN end_char="1405" id="token-6-20" start_char="1402">help</TOKEN>
				<TOKEN end_char="1416" id="token-6-21" start_char="1407">compensate</TOKEN>
				<TOKEN end_char="1420" id="token-6-22" start_char="1418">for</TOKEN>
				<TOKEN end_char="1430" id="token-6-23" start_char="1422">shortages</TOKEN>
				<TOKEN end_char="1431" id="token-6-24" start_char="1431">.</TOKEN>
				<TOKEN end_char="1439" id="token-6-25" start_char="1433">Drought</TOKEN>
				<TOKEN end_char="1446" id="token-6-26" start_char="1441">damage</TOKEN>
				<TOKEN end_char="1449" id="token-6-27" start_char="1448">in</TOKEN>
				<TOKEN end_char="1456" id="token-6-28" start_char="1451">Brazil</TOKEN>
				<TOKEN end_char="1460" id="token-6-29" start_char="1458">and</TOKEN>
				<TOKEN end_char="1470" id="token-6-30" start_char="1462">Argentina</TOKEN>
				<TOKEN end_char="1473" id="token-6-31" start_char="1472">is</TOKEN>
				<TOKEN end_char="1480" id="token-6-32" start_char="1475">likely</TOKEN>
				<TOKEN end_char="1483" id="token-6-33" start_char="1482">to</TOKEN>
				<TOKEN end_char="1488" id="token-6-34" start_char="1485">spur</TOKEN>
				<TOKEN end_char="1492" id="token-6-35" start_char="1490">the</TOKEN>
				<TOKEN end_char="1504" id="token-6-36" start_char="1494">Agriculture</TOKEN>
				<TOKEN end_char="1515" id="token-6-37" start_char="1506">Department</TOKEN>
				<TOKEN end_char="1518" id="token-6-38" start_char="1517">to</TOKEN>
				<TOKEN end_char="1522" id="token-6-39" start_char="1520">cut</TOKEN>
				<TOKEN end_char="1526" id="token-6-40" start_char="1524">its</TOKEN>
				<TOKEN end_char="1533" id="token-6-41" start_char="1528">global</TOKEN>
				<TOKEN end_char="1537" id="token-6-42" start_char="1535">and</TOKEN>
				<TOKEN end_char="1539" id="token-6-43" start_char="1539">U</TOKEN>
				<TOKEN end_char="1540" id="token-6-44" start_char="1540">.</TOKEN>
				<TOKEN end_char="1541" id="token-6-45" start_char="1541">S</TOKEN>
				<TOKEN end_char="1542" id="token-6-46" start_char="1542">.</TOKEN>
				<TOKEN end_char="1548" id="token-6-47" start_char="1544">grain</TOKEN>
				<TOKEN end_char="1555" id="token-6-48" start_char="1550">supply</TOKEN>
				<TOKEN end_char="1565" id="token-6-49" start_char="1557">forecasts</TOKEN>
				<TOKEN end_char="1566" id="token-6-50" start_char="1566">.</TOKEN>
			</SEG>
			<SEG end_char="1997" id="20120211_WAPO_a6be1e92-50de-11e1-bd4f-8a7d53f6d6c2-7" start_char="1568">
				<ORIGINAL_TEXT>Farmers will sow corn, used to feed livestock and make ethanol, on 94.329 million acres this year, up 2.6 percent from last year and the most since 1944. Soybean fields may expand 0.4 percent, to 75.309 million acres, the fifth-most ever. Both crops are harvested after the current season ends Aug. 31. Wheat in the season that begins June 1 will reach a three-year high of 57.233 million acres, up 5.2 percent, the survey showed.</ORIGINAL_TEXT>
				<TOKEN end_char="1574" id="token-7-0" start_char="1568">Farmers</TOKEN>
				<TOKEN end_char="1579" id="token-7-1" start_char="1576">will</TOKEN>
				<TOKEN end_char="1583" id="token-7-2" start_char="1581">sow</TOKEN>
				<TOKEN end_char="1588" id="token-7-3" start_char="1585">corn</TOKEN>
				<TOKEN end_char="1589" id="token-7-4" start_char="1589">,</TOKEN>
				<TOKEN end_char="1594" id="token-7-5" start_char="1591">used</TOKEN>
				<TOKEN end_char="1597" id="token-7-6" start_char="1596">to</TOKEN>
				<TOKEN end_char="1602" id="token-7-7" start_char="1599">feed</TOKEN>
				<TOKEN end_char="1612" id="token-7-8" start_char="1604">livestock</TOKEN>
				<TOKEN end_char="1616" id="token-7-9" start_char="1614">and</TOKEN>
				<TOKEN end_char="1621" id="token-7-10" start_char="1618">make</TOKEN>
				<TOKEN end_char="1629" id="token-7-11" start_char="1623">ethanol</TOKEN>
				<TOKEN end_char="1630" id="token-7-12" start_char="1630">,</TOKEN>
				<TOKEN end_char="1633" id="token-7-13" start_char="1632">on</TOKEN>
				<TOKEN end_char="1636" id="token-7-14" start_char="1635">94</TOKEN>
				<TOKEN end_char="1637" id="token-7-15" start_char="1637">.</TOKEN>
				<TOKEN end_char="1640" id="token-7-16" start_char="1638">329</TOKEN>
				<TOKEN end_char="1648" id="token-7-17" start_char="1642">million</TOKEN>
				<TOKEN end_char="1654" id="token-7-18" start_char="1650">acres</TOKEN>
				<TOKEN end_char="1659" id="token-7-19" start_char="1656">this</TOKEN>
				<TOKEN end_char="1664" id="token-7-20" start_char="1661">year</TOKEN>
				<TOKEN end_char="1665" id="token-7-21" start_char="1665">,</TOKEN>
				<TOKEN end_char="1668" id="token-7-22" start_char="1667">up</TOKEN>
				<TOKEN end_char="1670" id="token-7-23" start_char="1670">2</TOKEN>
				<TOKEN end_char="1671" id="token-7-24" start_char="1671">.</TOKEN>
				<TOKEN end_char="1672" id="token-7-25" start_char="1672">6</TOKEN>
				<TOKEN end_char="1680" id="token-7-26" start_char="1674">percent</TOKEN>
				<TOKEN end_char="1685" id="token-7-27" start_char="1682">from</TOKEN>
				<TOKEN end_char="1690" id="token-7-28" start_char="1687">last</TOKEN>
				<TOKEN end_char="1695" id="token-7-29" start_char="1692">year</TOKEN>
				<TOKEN end_char="1699" id="token-7-30" start_char="1697">and</TOKEN>
				<TOKEN end_char="1703" id="token-7-31" start_char="1701">the</TOKEN>
				<TOKEN end_char="1708" id="token-7-32" start_char="1705">most</TOKEN>
				<TOKEN end_char="1714" id="token-7-33" start_char="1710">since</TOKEN>
				<TOKEN end_char="1719" id="token-7-34" start_char="1716">1944</TOKEN>
				<TOKEN end_char="1720" id="token-7-35" start_char="1720">.</TOKEN>
				<TOKEN end_char="1728" id="token-7-36" start_char="1722">Soybean</TOKEN>
				<TOKEN end_char="1735" id="token-7-37" start_char="1730">fields</TOKEN>
				<TOKEN end_char="1739" id="token-7-38" start_char="1737">may</TOKEN>
				<TOKEN end_char="1746" id="token-7-39" start_char="1741">expand</TOKEN>
				<TOKEN end_char="1748" id="token-7-40" start_char="1748">0</TOKEN>
				<TOKEN end_char="1749" id="token-7-41" start_char="1749">.</TOKEN>
				<TOKEN end_char="1750" id="token-7-42" start_char="1750">4</TOKEN>
				<TOKEN end_char="1758" id="token-7-43" start_char="1752">percent</TOKEN>
				<TOKEN end_char="1759" id="token-7-44" start_char="1759">,</TOKEN>
				<TOKEN end_char="1762" id="token-7-45" start_char="1761">to</TOKEN>
				<TOKEN end_char="1765" id="token-7-46" start_char="1764">75</TOKEN>
				<TOKEN end_char="1766" id="token-7-47" start_char="1766">.</TOKEN>
				<TOKEN end_char="1769" id="token-7-48" start_char="1767">309</TOKEN>
				<TOKEN end_char="1777" id="token-7-49" start_char="1771">million</TOKEN>
				<TOKEN end_char="1783" id="token-7-50" start_char="1779">acres</TOKEN>
				<TOKEN end_char="1784" id="token-7-51" start_char="1784">,</TOKEN>
				<TOKEN end_char="1788" id="token-7-52" start_char="1786">the</TOKEN>
				<TOKEN end_char="1794" id="token-7-53" start_char="1790">fifth</TOKEN>
				<TOKEN end_char="1795" id="token-7-54" start_char="1795">-</TOKEN>
				<TOKEN end_char="1799" id="token-7-55" start_char="1796">most</TOKEN>
				<TOKEN end_char="1804" id="token-7-56" start_char="1801">ever</TOKEN>
				<TOKEN end_char="1805" id="token-7-57" start_char="1805">.</TOKEN>
				<TOKEN end_char="1810" id="token-7-58" start_char="1807">Both</TOKEN>
				<TOKEN end_char="1816" id="token-7-59" start_char="1812">crops</TOKEN>
				<TOKEN end_char="1820" id="token-7-60" start_char="1818">are</TOKEN>
				<TOKEN end_char="1830" id="token-7-61" start_char="1822">harvested</TOKEN>
				<TOKEN end_char="1836" id="token-7-62" start_char="1832">after</TOKEN>
				<TOKEN end_char="1840" id="token-7-63" start_char="1838">the</TOKEN>
				<TOKEN end_char="1848" id="token-7-64" start_char="1842">current</TOKEN>
				<TOKEN end_char="1855" id="token-7-65" start_char="1850">season</TOKEN>
				<TOKEN end_char="1860" id="token-7-66" start_char="1857">ends</TOKEN>
				<TOKEN end_char="1864" id="token-7-67" start_char="1862">Aug</TOKEN>
				<TOKEN end_char="1865" id="token-7-68" start_char="1865">.</TOKEN>
				<TOKEN end_char="1868" id="token-7-69" start_char="1867">31</TOKEN>
				<TOKEN end_char="1869" id="token-7-70" start_char="1869">.</TOKEN>
				<TOKEN end_char="1875" id="token-7-71" start_char="1871">Wheat</TOKEN>
				<TOKEN end_char="1878" id="token-7-72" start_char="1877">in</TOKEN>
				<TOKEN end_char="1882" id="token-7-73" start_char="1880">the</TOKEN>
				<TOKEN end_char="1889" id="token-7-74" start_char="1884">season</TOKEN>
				<TOKEN end_char="1894" id="token-7-75" start_char="1891">that</TOKEN>
				<TOKEN end_char="1901" id="token-7-76" start_char="1896">begins</TOKEN>
				<TOKEN end_char="1906" id="token-7-77" start_char="1903">June</TOKEN>
				<TOKEN end_char="1908" id="token-7-78" start_char="1908">1</TOKEN>
				<TOKEN end_char="1913" id="token-7-79" start_char="1910">will</TOKEN>
				<TOKEN end_char="1919" id="token-7-80" start_char="1915">reach</TOKEN>
				<TOKEN end_char="1921" id="token-7-81" start_char="1921">a</TOKEN>
				<TOKEN end_char="1927" id="token-7-82" start_char="1923">three</TOKEN>
				<TOKEN end_char="1928" id="token-7-83" start_char="1928">-</TOKEN>
				<TOKEN end_char="1932" id="token-7-84" start_char="1929">year</TOKEN>
				<TOKEN end_char="1937" id="token-7-85" start_char="1934">high</TOKEN>
				<TOKEN end_char="1940" id="token-7-86" start_char="1939">of</TOKEN>
				<TOKEN end_char="1943" id="token-7-87" start_char="1942">57</TOKEN>
				<TOKEN end_char="1944" id="token-7-88" start_char="1944">.</TOKEN>
				<TOKEN end_char="1947" id="token-7-89" start_char="1945">233</TOKEN>
				<TOKEN end_char="1955" id="token-7-90" start_char="1949">million</TOKEN>
				<TOKEN end_char="1961" id="token-7-91" start_char="1957">acres</TOKEN>
				<TOKEN end_char="1962" id="token-7-92" start_char="1962">,</TOKEN>
				<TOKEN end_char="1965" id="token-7-93" start_char="1964">up</TOKEN>
				<TOKEN end_char="1967" id="token-7-94" start_char="1967">5</TOKEN>
				<TOKEN end_char="1968" id="token-7-95" start_char="1968">.</TOKEN>
				<TOKEN end_char="1969" id="token-7-96" start_char="1969">2</TOKEN>
				<TOKEN end_char="1977" id="token-7-97" start_char="1971">percent</TOKEN>
				<TOKEN end_char="1978" id="token-7-98" start_char="1978">,</TOKEN>
				<TOKEN end_char="1982" id="token-7-99" start_char="1980">the</TOKEN>
				<TOKEN end_char="1989" id="token-7-100" start_char="1984">survey</TOKEN>
				<TOKEN end_char="1996" id="token-7-101" start_char="1991">showed</TOKEN>
				<TOKEN end_char="1997" id="token-7-102" start_char="1997">.</TOKEN>
			</SEG>
			<SEG end_char="2153" id="20120211_WAPO_a6be1e92-50de-11e1-bd4f-8a7d53f6d6c2-8" start_char="1999">
				<ORIGINAL_TEXT>Corn prices may rise 7.1 percent, to $6.90 a bushel, in six months, before dropping to $5.25 in a year as U.S. farmers increase supply, Goldman Sachs said.</ORIGINAL_TEXT>
				<TOKEN end_char="2002" id="token-8-0" start_char="1999">Corn</TOKEN>
				<TOKEN end_char="2009" id="token-8-1" start_char="2004">prices</TOKEN>
				<TOKEN end_char="2013" id="token-8-2" start_char="2011">may</TOKEN>
				<TOKEN end_char="2018" id="token-8-3" start_char="2015">rise</TOKEN>
				<TOKEN end_char="2020" id="token-8-4" start_char="2020">7</TOKEN>
				<TOKEN end_char="2021" id="token-8-5" start_char="2021">.</TOKEN>
				<TOKEN end_char="2022" id="token-8-6" start_char="2022">1</TOKEN>
				<TOKEN end_char="2030" id="token-8-7" start_char="2024">percent</TOKEN>
				<TOKEN end_char="2031" id="token-8-8" start_char="2031">,</TOKEN>
				<TOKEN end_char="2034" id="token-8-9" start_char="2033">to</TOKEN>
				<TOKEN end_char="2036" id="token-8-10" start_char="2036">$</TOKEN>
				<TOKEN end_char="2037" id="token-8-11" start_char="2037">6</TOKEN>
				<TOKEN end_char="2038" id="token-8-12" start_char="2038">.</TOKEN>
				<TOKEN end_char="2040" id="token-8-13" start_char="2039">90</TOKEN>
				<TOKEN end_char="2042" id="token-8-14" start_char="2042">a</TOKEN>
				<TOKEN end_char="2049" id="token-8-15" start_char="2044">bushel</TOKEN>
				<TOKEN end_char="2050" id="token-8-16" start_char="2050">,</TOKEN>
				<TOKEN end_char="2053" id="token-8-17" start_char="2052">in</TOKEN>
				<TOKEN end_char="2057" id="token-8-18" start_char="2055">six</TOKEN>
				<TOKEN end_char="2064" id="token-8-19" start_char="2059">months</TOKEN>
				<TOKEN end_char="2065" id="token-8-20" start_char="2065">,</TOKEN>
				<TOKEN end_char="2072" id="token-8-21" start_char="2067">before</TOKEN>
				<TOKEN end_char="2081" id="token-8-22" start_char="2074">dropping</TOKEN>
				<TOKEN end_char="2084" id="token-8-23" start_char="2083">to</TOKEN>
				<TOKEN end_char="2086" id="token-8-24" start_char="2086">$</TOKEN>
				<TOKEN end_char="2087" id="token-8-25" start_char="2087">5</TOKEN>
				<TOKEN end_char="2088" id="token-8-26" start_char="2088">.</TOKEN>
				<TOKEN end_char="2090" id="token-8-27" start_char="2089">25</TOKEN>
				<TOKEN end_char="2093" id="token-8-28" start_char="2092">in</TOKEN>
				<TOKEN end_char="2095" id="token-8-29" start_char="2095">a</TOKEN>
				<TOKEN end_char="2100" id="token-8-30" start_char="2097">year</TOKEN>
				<TOKEN end_char="2103" id="token-8-31" start_char="2102">as</TOKEN>
				<TOKEN end_char="2105" id="token-8-32" start_char="2105">U</TOKEN>
				<TOKEN end_char="2106" id="token-8-33" start_char="2106">.</TOKEN>
				<TOKEN end_char="2107" id="token-8-34" start_char="2107">S</TOKEN>
				<TOKEN end_char="2108" id="token-8-35" start_char="2108">.</TOKEN>
				<TOKEN end_char="2116" id="token-8-36" start_char="2110">farmers</TOKEN>
				<TOKEN end_char="2125" id="token-8-37" start_char="2118">increase</TOKEN>
				<TOKEN end_char="2132" id="token-8-38" start_char="2127">supply</TOKEN>
				<TOKEN end_char="2133" id="token-8-39" start_char="2133">,</TOKEN>
				<TOKEN end_char="2141" id="token-8-40" start_char="2135">Goldman</TOKEN>
				<TOKEN end_char="2147" id="token-8-41" start_char="2143">Sachs</TOKEN>
				<TOKEN end_char="2152" id="token-8-42" start_char="2149">said</TOKEN>
				<TOKEN end_char="2153" id="token-8-43" start_char="2153">.</TOKEN>
			</SEG>
			<SEG end_char="2296" id="20120211_WAPO_a6be1e92-50de-11e1-bd4f-8a7d53f6d6c2-9" start_char="2155">
				<ORIGINAL_TEXT>Wheat may tumble 18 percent to $5.50 by July and soybeans may drop 17 percent to $10.20 a bushel, said analysts at commodity broker Allendale.</ORIGINAL_TEXT>
				<TOKEN end_char="2159" id="token-9-0" start_char="2155">Wheat</TOKEN>
				<TOKEN end_char="2163" id="token-9-1" start_char="2161">may</TOKEN>
				<TOKEN end_char="2170" id="token-9-2" start_char="2165">tumble</TOKEN>
				<TOKEN end_char="2173" id="token-9-3" start_char="2172">18</TOKEN>
				<TOKEN end_char="2181" id="token-9-4" start_char="2175">percent</TOKEN>
				<TOKEN end_char="2184" id="token-9-5" start_char="2183">to</TOKEN>
				<TOKEN end_char="2186" id="token-9-6" start_char="2186">$</TOKEN>
				<TOKEN end_char="2187" id="token-9-7" start_char="2187">5</TOKEN>
				<TOKEN end_char="2188" id="token-9-8" start_char="2188">.</TOKEN>
				<TOKEN end_char="2190" id="token-9-9" start_char="2189">50</TOKEN>
				<TOKEN end_char="2193" id="token-9-10" start_char="2192">by</TOKEN>
				<TOKEN end_char="2198" id="token-9-11" start_char="2195">July</TOKEN>
				<TOKEN end_char="2202" id="token-9-12" start_char="2200">and</TOKEN>
				<TOKEN end_char="2211" id="token-9-13" start_char="2204">soybeans</TOKEN>
				<TOKEN end_char="2215" id="token-9-14" start_char="2213">may</TOKEN>
				<TOKEN end_char="2220" id="token-9-15" start_char="2217">drop</TOKEN>
				<TOKEN end_char="2223" id="token-9-16" start_char="2222">17</TOKEN>
				<TOKEN end_char="2231" id="token-9-17" start_char="2225">percent</TOKEN>
				<TOKEN end_char="2234" id="token-9-18" start_char="2233">to</TOKEN>
				<TOKEN end_char="2236" id="token-9-19" start_char="2236">$</TOKEN>
				<TOKEN end_char="2238" id="token-9-20" start_char="2237">10</TOKEN>
				<TOKEN end_char="2239" id="token-9-21" start_char="2239">.</TOKEN>
				<TOKEN end_char="2241" id="token-9-22" start_char="2240">20</TOKEN>
				<TOKEN end_char="2243" id="token-9-23" start_char="2243">a</TOKEN>
				<TOKEN end_char="2250" id="token-9-24" start_char="2245">bushel</TOKEN>
				<TOKEN end_char="2251" id="token-9-25" start_char="2251">,</TOKEN>
				<TOKEN end_char="2256" id="token-9-26" start_char="2253">said</TOKEN>
				<TOKEN end_char="2265" id="token-9-27" start_char="2258">analysts</TOKEN>
				<TOKEN end_char="2268" id="token-9-28" start_char="2267">at</TOKEN>
				<TOKEN end_char="2278" id="token-9-29" start_char="2270">commodity</TOKEN>
				<TOKEN end_char="2285" id="token-9-30" start_char="2280">broker</TOKEN>
				<TOKEN end_char="2295" id="token-9-31" start_char="2287">Allendale</TOKEN>
				<TOKEN end_char="2296" id="token-9-32" start_char="2296">.</TOKEN>
			</SEG>
			<SEG end_char="2450" id="20120211_WAPO_a6be1e92-50de-11e1-bd4f-8a7d53f6d6c2-10" start_char="2298">
				<ORIGINAL_TEXT>“The area is available to have huge crops this year,” said Paul Meyers of Foresight Commodities Services. “We are headed for a surplus-supply situation.”</ORIGINAL_TEXT>
				<TOKEN end_char="2298" id="token-10-0" start_char="2298">“</TOKEN>
				<TOKEN end_char="2301" id="token-10-1" start_char="2299">The</TOKEN>
				<TOKEN end_char="2306" id="token-10-2" start_char="2303">area</TOKEN>
				<TOKEN end_char="2309" id="token-10-3" start_char="2308">is</TOKEN>
				<TOKEN end_char="2319" id="token-10-4" start_char="2311">available</TOKEN>
				<TOKEN end_char="2322" id="token-10-5" start_char="2321">to</TOKEN>
				<TOKEN end_char="2327" id="token-10-6" start_char="2324">have</TOKEN>
				<TOKEN end_char="2332" id="token-10-7" start_char="2329">huge</TOKEN>
				<TOKEN end_char="2338" id="token-10-8" start_char="2334">crops</TOKEN>
				<TOKEN end_char="2343" id="token-10-9" start_char="2340">this</TOKEN>
				<TOKEN end_char="2348" id="token-10-10" start_char="2345">year</TOKEN>
				<TOKEN end_char="2350" id="token-10-11" start_char="2349">,”</TOKEN>
				<TOKEN end_char="2355" id="token-10-12" start_char="2352">said</TOKEN>
				<TOKEN end_char="2360" id="token-10-13" start_char="2357">Paul</TOKEN>
				<TOKEN end_char="2367" id="token-10-14" start_char="2362">Meyers</TOKEN>
				<TOKEN end_char="2370" id="token-10-15" start_char="2369">of</TOKEN>
				<TOKEN end_char="2380" id="token-10-16" start_char="2372">Foresight</TOKEN>
				<TOKEN end_char="2392" id="token-10-17" start_char="2382">Commodities</TOKEN>
				<TOKEN end_char="2401" id="token-10-18" start_char="2394">Services</TOKEN>
				<TOKEN end_char="2402" id="token-10-19" start_char="2402">.</TOKEN>
				<TOKEN end_char="2404" id="token-10-20" start_char="2404">“</TOKEN>
				<TOKEN end_char="2406" id="token-10-21" start_char="2405">We</TOKEN>
				<TOKEN end_char="2410" id="token-10-22" start_char="2408">are</TOKEN>
				<TOKEN end_char="2417" id="token-10-23" start_char="2412">headed</TOKEN>
				<TOKEN end_char="2421" id="token-10-24" start_char="2419">for</TOKEN>
				<TOKEN end_char="2423" id="token-10-25" start_char="2423">a</TOKEN>
				<TOKEN end_char="2431" id="token-10-26" start_char="2425">surplus</TOKEN>
				<TOKEN end_char="2432" id="token-10-27" start_char="2432">-</TOKEN>
				<TOKEN end_char="2438" id="token-10-28" start_char="2433">supply</TOKEN>
				<TOKEN end_char="2448" id="token-10-29" start_char="2440">situation</TOKEN>
				<TOKEN end_char="2450" id="token-10-30" start_char="2449">.”</TOKEN>
			</SEG>
			<SEG end_char="2737" id="20120211_WAPO_a6be1e92-50de-11e1-bd4f-8a7d53f6d6c2-11" start_char="2452">
				<ORIGINAL_TEXT>Corn, soybean and wheat futures are down at least 15 percent since the end of August, helping send the Standard &amp; Poor’s GSCI Agriculture Index down nearly 18 percent. The MSCI All-Country World Index of equities gained 5.4 percent during the period, touching a six-month high Thursday.</ORIGINAL_TEXT>
				<TOKEN end_char="2455" id="token-11-0" start_char="2452">Corn</TOKEN>
				<TOKEN end_char="2456" id="token-11-1" start_char="2456">,</TOKEN>
				<TOKEN end_char="2464" id="token-11-2" start_char="2458">soybean</TOKEN>
				<TOKEN end_char="2468" id="token-11-3" start_char="2466">and</TOKEN>
				<TOKEN end_char="2474" id="token-11-4" start_char="2470">wheat</TOKEN>
				<TOKEN end_char="2482" id="token-11-5" start_char="2476">futures</TOKEN>
				<TOKEN end_char="2486" id="token-11-6" start_char="2484">are</TOKEN>
				<TOKEN end_char="2491" id="token-11-7" start_char="2488">down</TOKEN>
				<TOKEN end_char="2494" id="token-11-8" start_char="2493">at</TOKEN>
				<TOKEN end_char="2500" id="token-11-9" start_char="2496">least</TOKEN>
				<TOKEN end_char="2503" id="token-11-10" start_char="2502">15</TOKEN>
				<TOKEN end_char="2511" id="token-11-11" start_char="2505">percent</TOKEN>
				<TOKEN end_char="2517" id="token-11-12" start_char="2513">since</TOKEN>
				<TOKEN end_char="2521" id="token-11-13" start_char="2519">the</TOKEN>
				<TOKEN end_char="2525" id="token-11-14" start_char="2523">end</TOKEN>
				<TOKEN end_char="2528" id="token-11-15" start_char="2527">of</TOKEN>
				<TOKEN end_char="2535" id="token-11-16" start_char="2530">August</TOKEN>
				<TOKEN end_char="2536" id="token-11-17" start_char="2536">,</TOKEN>
				<TOKEN end_char="2544" id="token-11-18" start_char="2538">helping</TOKEN>
				<TOKEN end_char="2549" id="token-11-19" start_char="2546">send</TOKEN>
				<TOKEN end_char="2553" id="token-11-20" start_char="2551">the</TOKEN>
				<TOKEN end_char="2562" id="token-11-21" start_char="2555">Standard</TOKEN>
				<TOKEN end_char="2564" id="token-11-22" start_char="2564">&amp;</TOKEN>
				<TOKEN end_char="2569" id="token-11-23" start_char="2566">Poor</TOKEN>
				<TOKEN end_char="2570" id="token-11-24" start_char="2570">’</TOKEN>
				<TOKEN end_char="2571" id="token-11-25" start_char="2571">s</TOKEN>
				<TOKEN end_char="2576" id="token-11-26" start_char="2573">GSCI</TOKEN>
				<TOKEN end_char="2588" id="token-11-27" start_char="2578">Agriculture</TOKEN>
				<TOKEN end_char="2594" id="token-11-28" start_char="2590">Index</TOKEN>
				<TOKEN end_char="2599" id="token-11-29" start_char="2596">down</TOKEN>
				<TOKEN end_char="2606" id="token-11-30" start_char="2601">nearly</TOKEN>
				<TOKEN end_char="2609" id="token-11-31" start_char="2608">18</TOKEN>
				<TOKEN end_char="2617" id="token-11-32" start_char="2611">percent</TOKEN>
				<TOKEN end_char="2618" id="token-11-33" start_char="2618">.</TOKEN>
				<TOKEN end_char="2622" id="token-11-34" start_char="2620">The</TOKEN>
				<TOKEN end_char="2627" id="token-11-35" start_char="2624">MSCI</TOKEN>
				<TOKEN end_char="2631" id="token-11-36" start_char="2629">All</TOKEN>
				<TOKEN end_char="2632" id="token-11-37" start_char="2632">-</TOKEN>
				<TOKEN end_char="2639" id="token-11-38" start_char="2633">Country</TOKEN>
				<TOKEN end_char="2645" id="token-11-39" start_char="2641">World</TOKEN>
				<TOKEN end_char="2651" id="token-11-40" start_char="2647">Index</TOKEN>
				<TOKEN end_char="2654" id="token-11-41" start_char="2653">of</TOKEN>
				<TOKEN end_char="2663" id="token-11-42" start_char="2656">equities</TOKEN>
				<TOKEN end_char="2670" id="token-11-43" start_char="2665">gained</TOKEN>
				<TOKEN end_char="2672" id="token-11-44" start_char="2672">5</TOKEN>
				<TOKEN end_char="2673" id="token-11-45" start_char="2673">.</TOKEN>
				<TOKEN end_char="2674" id="token-11-46" start_char="2674">4</TOKEN>
				<TOKEN end_char="2682" id="token-11-47" start_char="2676">percent</TOKEN>
				<TOKEN end_char="2689" id="token-11-48" start_char="2684">during</TOKEN>
				<TOKEN end_char="2693" id="token-11-49" start_char="2691">the</TOKEN>
				<TOKEN end_char="2700" id="token-11-50" start_char="2695">period</TOKEN>
				<TOKEN end_char="2701" id="token-11-51" start_char="2701">,</TOKEN>
				<TOKEN end_char="2710" id="token-11-52" start_char="2703">touching</TOKEN>
				<TOKEN end_char="2712" id="token-11-53" start_char="2712">a</TOKEN>
				<TOKEN end_char="2716" id="token-11-54" start_char="2714">six</TOKEN>
				<TOKEN end_char="2717" id="token-11-55" start_char="2717">-</TOKEN>
				<TOKEN end_char="2722" id="token-11-56" start_char="2718">month</TOKEN>
				<TOKEN end_char="2727" id="token-11-57" start_char="2724">high</TOKEN>
				<TOKEN end_char="2736" id="token-11-58" start_char="2729">Thursday</TOKEN>
				<TOKEN end_char="2737" id="token-11-59" start_char="2737">.</TOKEN>
			</SEG>
			<SEG end_char="2934" id="20120211_WAPO_a6be1e92-50de-11e1-bd4f-8a7d53f6d6c2-12" start_char="2739">
				<ORIGINAL_TEXT>The Agriculture Department affirmed its forecast for moderating food costs last month. Prices will increase 2.5 to 3.5 percent in 2012, below last year’s 3.7 percent gain, the agency said Jan. 25.</ORIGINAL_TEXT>
				<TOKEN end_char="2741" id="token-12-0" start_char="2739">The</TOKEN>
				<TOKEN end_char="2753" id="token-12-1" start_char="2743">Agriculture</TOKEN>
				<TOKEN end_char="2764" id="token-12-2" start_char="2755">Department</TOKEN>
				<TOKEN end_char="2773" id="token-12-3" start_char="2766">affirmed</TOKEN>
				<TOKEN end_char="2777" id="token-12-4" start_char="2775">its</TOKEN>
				<TOKEN end_char="2786" id="token-12-5" start_char="2779">forecast</TOKEN>
				<TOKEN end_char="2790" id="token-12-6" start_char="2788">for</TOKEN>
				<TOKEN end_char="2801" id="token-12-7" start_char="2792">moderating</TOKEN>
				<TOKEN end_char="2806" id="token-12-8" start_char="2803">food</TOKEN>
				<TOKEN end_char="2812" id="token-12-9" start_char="2808">costs</TOKEN>
				<TOKEN end_char="2817" id="token-12-10" start_char="2814">last</TOKEN>
				<TOKEN end_char="2823" id="token-12-11" start_char="2819">month</TOKEN>
				<TOKEN end_char="2824" id="token-12-12" start_char="2824">.</TOKEN>
				<TOKEN end_char="2831" id="token-12-13" start_char="2826">Prices</TOKEN>
				<TOKEN end_char="2836" id="token-12-14" start_char="2833">will</TOKEN>
				<TOKEN end_char="2845" id="token-12-15" start_char="2838">increase</TOKEN>
				<TOKEN end_char="2847" id="token-12-16" start_char="2847">2</TOKEN>
				<TOKEN end_char="2848" id="token-12-17" start_char="2848">.</TOKEN>
				<TOKEN end_char="2849" id="token-12-18" start_char="2849">5</TOKEN>
				<TOKEN end_char="2852" id="token-12-19" start_char="2851">to</TOKEN>
				<TOKEN end_char="2854" id="token-12-20" start_char="2854">3</TOKEN>
				<TOKEN end_char="2855" id="token-12-21" start_char="2855">.</TOKEN>
				<TOKEN end_char="2856" id="token-12-22" start_char="2856">5</TOKEN>
				<TOKEN end_char="2864" id="token-12-23" start_char="2858">percent</TOKEN>
				<TOKEN end_char="2867" id="token-12-24" start_char="2866">in</TOKEN>
				<TOKEN end_char="2872" id="token-12-25" start_char="2869">2012</TOKEN>
				<TOKEN end_char="2873" id="token-12-26" start_char="2873">,</TOKEN>
				<TOKEN end_char="2879" id="token-12-27" start_char="2875">below</TOKEN>
				<TOKEN end_char="2884" id="token-12-28" start_char="2881">last</TOKEN>
				<TOKEN end_char="2889" id="token-12-29" start_char="2886">year</TOKEN>
				<TOKEN end_char="2890" id="token-12-30" start_char="2890">’</TOKEN>
				<TOKEN end_char="2891" id="token-12-31" start_char="2891">s</TOKEN>
				<TOKEN end_char="2893" id="token-12-32" start_char="2893">3</TOKEN>
				<TOKEN end_char="2894" id="token-12-33" start_char="2894">.</TOKEN>
				<TOKEN end_char="2895" id="token-12-34" start_char="2895">7</TOKEN>
				<TOKEN end_char="2903" id="token-12-35" start_char="2897">percent</TOKEN>
				<TOKEN end_char="2908" id="token-12-36" start_char="2905">gain</TOKEN>
				<TOKEN end_char="2909" id="token-12-37" start_char="2909">,</TOKEN>
				<TOKEN end_char="2913" id="token-12-38" start_char="2911">the</TOKEN>
				<TOKEN end_char="2920" id="token-12-39" start_char="2915">agency</TOKEN>
				<TOKEN end_char="2925" id="token-12-40" start_char="2922">said</TOKEN>
				<TOKEN end_char="2929" id="token-12-41" start_char="2927">Jan</TOKEN>
				<TOKEN end_char="2930" id="token-12-42" start_char="2930">.</TOKEN>
				<TOKEN end_char="2933" id="token-12-43" start_char="2932">25</TOKEN>
				<TOKEN end_char="2934" id="token-12-44" start_char="2934">.</TOKEN>
			</SEG>
			<SEG end_char="3181" id="20120211_WAPO_a6be1e92-50de-11e1-bd4f-8a7d53f6d6c2-13" start_char="2936">
				<ORIGINAL_TEXT>Farmers in the Midwest, the main growing region, are less than two months from planting seeds, and dry soils in some areas could limit output. The most widely held option on December corn futures gives the holder the right to buy the grain at $7.</ORIGINAL_TEXT>
				<TOKEN end_char="2942" id="token-13-0" start_char="2936">Farmers</TOKEN>
				<TOKEN end_char="2945" id="token-13-1" start_char="2944">in</TOKEN>
				<TOKEN end_char="2949" id="token-13-2" start_char="2947">the</TOKEN>
				<TOKEN end_char="2957" id="token-13-3" start_char="2951">Midwest</TOKEN>
				<TOKEN end_char="2958" id="token-13-4" start_char="2958">,</TOKEN>
				<TOKEN end_char="2962" id="token-13-5" start_char="2960">the</TOKEN>
				<TOKEN end_char="2967" id="token-13-6" start_char="2964">main</TOKEN>
				<TOKEN end_char="2975" id="token-13-7" start_char="2969">growing</TOKEN>
				<TOKEN end_char="2982" id="token-13-8" start_char="2977">region</TOKEN>
				<TOKEN end_char="2983" id="token-13-9" start_char="2983">,</TOKEN>
				<TOKEN end_char="2987" id="token-13-10" start_char="2985">are</TOKEN>
				<TOKEN end_char="2992" id="token-13-11" start_char="2989">less</TOKEN>
				<TOKEN end_char="2997" id="token-13-12" start_char="2994">than</TOKEN>
				<TOKEN end_char="3001" id="token-13-13" start_char="2999">two</TOKEN>
				<TOKEN end_char="3008" id="token-13-14" start_char="3003">months</TOKEN>
				<TOKEN end_char="3013" id="token-13-15" start_char="3010">from</TOKEN>
				<TOKEN end_char="3022" id="token-13-16" start_char="3015">planting</TOKEN>
				<TOKEN end_char="3028" id="token-13-17" start_char="3024">seeds</TOKEN>
				<TOKEN end_char="3029" id="token-13-18" start_char="3029">,</TOKEN>
				<TOKEN end_char="3033" id="token-13-19" start_char="3031">and</TOKEN>
				<TOKEN end_char="3037" id="token-13-20" start_char="3035">dry</TOKEN>
				<TOKEN end_char="3043" id="token-13-21" start_char="3039">soils</TOKEN>
				<TOKEN end_char="3046" id="token-13-22" start_char="3045">in</TOKEN>
				<TOKEN end_char="3051" id="token-13-23" start_char="3048">some</TOKEN>
				<TOKEN end_char="3057" id="token-13-24" start_char="3053">areas</TOKEN>
				<TOKEN end_char="3063" id="token-13-25" start_char="3059">could</TOKEN>
				<TOKEN end_char="3069" id="token-13-26" start_char="3065">limit</TOKEN>
				<TOKEN end_char="3076" id="token-13-27" start_char="3071">output</TOKEN>
				<TOKEN end_char="3077" id="token-13-28" start_char="3077">.</TOKEN>
				<TOKEN end_char="3081" id="token-13-29" start_char="3079">The</TOKEN>
				<TOKEN end_char="3086" id="token-13-30" start_char="3083">most</TOKEN>
				<TOKEN end_char="3093" id="token-13-31" start_char="3088">widely</TOKEN>
				<TOKEN end_char="3098" id="token-13-32" start_char="3095">held</TOKEN>
				<TOKEN end_char="3105" id="token-13-33" start_char="3100">option</TOKEN>
				<TOKEN end_char="3108" id="token-13-34" start_char="3107">on</TOKEN>
				<TOKEN end_char="3117" id="token-13-35" start_char="3110">December</TOKEN>
				<TOKEN end_char="3122" id="token-13-36" start_char="3119">corn</TOKEN>
				<TOKEN end_char="3130" id="token-13-37" start_char="3124">futures</TOKEN>
				<TOKEN end_char="3136" id="token-13-38" start_char="3132">gives</TOKEN>
				<TOKEN end_char="3140" id="token-13-39" start_char="3138">the</TOKEN>
				<TOKEN end_char="3147" id="token-13-40" start_char="3142">holder</TOKEN>
				<TOKEN end_char="3151" id="token-13-41" start_char="3149">the</TOKEN>
				<TOKEN end_char="3157" id="token-13-42" start_char="3153">right</TOKEN>
				<TOKEN end_char="3160" id="token-13-43" start_char="3159">to</TOKEN>
				<TOKEN end_char="3164" id="token-13-44" start_char="3162">buy</TOKEN>
				<TOKEN end_char="3168" id="token-13-45" start_char="3166">the</TOKEN>
				<TOKEN end_char="3174" id="token-13-46" start_char="3170">grain</TOKEN>
				<TOKEN end_char="3177" id="token-13-47" start_char="3176">at</TOKEN>
				<TOKEN end_char="3179" id="token-13-48" start_char="3179">$</TOKEN>
				<TOKEN end_char="3180" id="token-13-49" start_char="3180">7</TOKEN>
				<TOKEN end_char="3181" id="token-13-50" start_char="3181">.</TOKEN>
			</SEG>
			<SEG end_char="3452" id="20120211_WAPO_a6be1e92-50de-11e1-bd4f-8a7d53f6d6c2-14" start_char="3183">
				<ORIGINAL_TEXT>“It’s been an abnormally warm winter,” said Alan Tiemann, who is preparing to expand corn planting on his 2,000-acre farm in Seward, Neb., by 15 percent. “That may not relate to what’s going to happen this summer, but it keeps you on the edge of your seat a little bit.”</ORIGINAL_TEXT>
				<TOKEN end_char="3183" id="token-14-0" start_char="3183">“</TOKEN>
				<TOKEN end_char="3185" id="token-14-1" start_char="3184">It</TOKEN>
				<TOKEN end_char="3186" id="token-14-2" start_char="3186">’</TOKEN>
				<TOKEN end_char="3187" id="token-14-3" start_char="3187">s</TOKEN>
				<TOKEN end_char="3192" id="token-14-4" start_char="3189">been</TOKEN>
				<TOKEN end_char="3195" id="token-14-5" start_char="3194">an</TOKEN>
				<TOKEN end_char="3206" id="token-14-6" start_char="3197">abnormally</TOKEN>
				<TOKEN end_char="3211" id="token-14-7" start_char="3208">warm</TOKEN>
				<TOKEN end_char="3218" id="token-14-8" start_char="3213">winter</TOKEN>
				<TOKEN end_char="3220" id="token-14-9" start_char="3219">,”</TOKEN>
				<TOKEN end_char="3225" id="token-14-10" start_char="3222">said</TOKEN>
				<TOKEN end_char="3230" id="token-14-11" start_char="3227">Alan</TOKEN>
				<TOKEN end_char="3238" id="token-14-12" start_char="3232">Tiemann</TOKEN>
				<TOKEN end_char="3239" id="token-14-13" start_char="3239">,</TOKEN>
				<TOKEN end_char="3243" id="token-14-14" start_char="3241">who</TOKEN>
				<TOKEN end_char="3246" id="token-14-15" start_char="3245">is</TOKEN>
				<TOKEN end_char="3256" id="token-14-16" start_char="3248">preparing</TOKEN>
				<TOKEN end_char="3259" id="token-14-17" start_char="3258">to</TOKEN>
				<TOKEN end_char="3266" id="token-14-18" start_char="3261">expand</TOKEN>
				<TOKEN end_char="3271" id="token-14-19" start_char="3268">corn</TOKEN>
				<TOKEN end_char="3280" id="token-14-20" start_char="3273">planting</TOKEN>
				<TOKEN end_char="3283" id="token-14-21" start_char="3282">on</TOKEN>
				<TOKEN end_char="3287" id="token-14-22" start_char="3285">his</TOKEN>
				<TOKEN end_char="3289" id="token-14-23" start_char="3289">2</TOKEN>
				<TOKEN end_char="3290" id="token-14-24" start_char="3290">,</TOKEN>
				<TOKEN end_char="3293" id="token-14-25" start_char="3291">000</TOKEN>
				<TOKEN end_char="3294" id="token-14-26" start_char="3294">-</TOKEN>
				<TOKEN end_char="3298" id="token-14-27" start_char="3295">acre</TOKEN>
				<TOKEN end_char="3303" id="token-14-28" start_char="3300">farm</TOKEN>
				<TOKEN end_char="3306" id="token-14-29" start_char="3305">in</TOKEN>
				<TOKEN end_char="3313" id="token-14-30" start_char="3308">Seward</TOKEN>
				<TOKEN end_char="3314" id="token-14-31" start_char="3314">,</TOKEN>
				<TOKEN end_char="3318" id="token-14-32" start_char="3316">Neb</TOKEN>
				<TOKEN end_char="3320" id="token-14-33" start_char="3319">.,</TOKEN>
				<TOKEN end_char="3323" id="token-14-34" start_char="3322">by</TOKEN>
				<TOKEN end_char="3326" id="token-14-35" start_char="3325">15</TOKEN>
				<TOKEN end_char="3334" id="token-14-36" start_char="3328">percent</TOKEN>
				<TOKEN end_char="3335" id="token-14-37" start_char="3335">.</TOKEN>
				<TOKEN end_char="3337" id="token-14-38" start_char="3337">“</TOKEN>
				<TOKEN end_char="3341" id="token-14-39" start_char="3338">That</TOKEN>
				<TOKEN end_char="3345" id="token-14-40" start_char="3343">may</TOKEN>
				<TOKEN end_char="3349" id="token-14-41" start_char="3347">not</TOKEN>
				<TOKEN end_char="3356" id="token-14-42" start_char="3351">relate</TOKEN>
				<TOKEN end_char="3359" id="token-14-43" start_char="3358">to</TOKEN>
				<TOKEN end_char="3364" id="token-14-44" start_char="3361">what</TOKEN>
				<TOKEN end_char="3365" id="token-14-45" start_char="3365">’</TOKEN>
				<TOKEN end_char="3366" id="token-14-46" start_char="3366">s</TOKEN>
				<TOKEN end_char="3372" id="token-14-47" start_char="3368">going</TOKEN>
				<TOKEN end_char="3375" id="token-14-48" start_char="3374">to</TOKEN>
				<TOKEN end_char="3382" id="token-14-49" start_char="3377">happen</TOKEN>
				<TOKEN end_char="3387" id="token-14-50" start_char="3384">this</TOKEN>
				<TOKEN end_char="3394" id="token-14-51" start_char="3389">summer</TOKEN>
				<TOKEN end_char="3395" id="token-14-52" start_char="3395">,</TOKEN>
				<TOKEN end_char="3399" id="token-14-53" start_char="3397">but</TOKEN>
				<TOKEN end_char="3402" id="token-14-54" start_char="3401">it</TOKEN>
				<TOKEN end_char="3408" id="token-14-55" start_char="3404">keeps</TOKEN>
				<TOKEN end_char="3412" id="token-14-56" start_char="3410">you</TOKEN>
				<TOKEN end_char="3415" id="token-14-57" start_char="3414">on</TOKEN>
				<TOKEN end_char="3419" id="token-14-58" start_char="3417">the</TOKEN>
				<TOKEN end_char="3424" id="token-14-59" start_char="3421">edge</TOKEN>
				<TOKEN end_char="3427" id="token-14-60" start_char="3426">of</TOKEN>
				<TOKEN end_char="3432" id="token-14-61" start_char="3429">your</TOKEN>
				<TOKEN end_char="3437" id="token-14-62" start_char="3434">seat</TOKEN>
				<TOKEN end_char="3439" id="token-14-63" start_char="3439">a</TOKEN>
				<TOKEN end_char="3446" id="token-14-64" start_char="3441">little</TOKEN>
				<TOKEN end_char="3450" id="token-14-65" start_char="3448">bit</TOKEN>
				<TOKEN end_char="3452" id="token-14-66" start_char="3451">.”</TOKEN>
			</SEG>
			<SEG end_char="3752" id="20120211_WAPO_a6be1e92-50de-11e1-bd4f-8a7d53f6d6c2-15" start_char="3454">
				<ORIGINAL_TEXT>Corn averaged $6.79 in Chicago last year, the highest ever and twice the level of the previous decade, exchange data show. Soybeans averaged a record $13.21, 72 percent above the 10 previous years, while wheat’s average of $7.235 was the second-highest ever and 57 percent more than the past decade.</ORIGINAL_TEXT>
				<TOKEN end_char="3457" id="token-15-0" start_char="3454">Corn</TOKEN>
				<TOKEN end_char="3466" id="token-15-1" start_char="3459">averaged</TOKEN>
				<TOKEN end_char="3468" id="token-15-2" start_char="3468">$</TOKEN>
				<TOKEN end_char="3469" id="token-15-3" start_char="3469">6</TOKEN>
				<TOKEN end_char="3470" id="token-15-4" start_char="3470">.</TOKEN>
				<TOKEN end_char="3472" id="token-15-5" start_char="3471">79</TOKEN>
				<TOKEN end_char="3475" id="token-15-6" start_char="3474">in</TOKEN>
				<TOKEN end_char="3483" id="token-15-7" start_char="3477">Chicago</TOKEN>
				<TOKEN end_char="3488" id="token-15-8" start_char="3485">last</TOKEN>
				<TOKEN end_char="3493" id="token-15-9" start_char="3490">year</TOKEN>
				<TOKEN end_char="3494" id="token-15-10" start_char="3494">,</TOKEN>
				<TOKEN end_char="3498" id="token-15-11" start_char="3496">the</TOKEN>
				<TOKEN end_char="3506" id="token-15-12" start_char="3500">highest</TOKEN>
				<TOKEN end_char="3511" id="token-15-13" start_char="3508">ever</TOKEN>
				<TOKEN end_char="3515" id="token-15-14" start_char="3513">and</TOKEN>
				<TOKEN end_char="3521" id="token-15-15" start_char="3517">twice</TOKEN>
				<TOKEN end_char="3525" id="token-15-16" start_char="3523">the</TOKEN>
				<TOKEN end_char="3531" id="token-15-17" start_char="3527">level</TOKEN>
				<TOKEN end_char="3534" id="token-15-18" start_char="3533">of</TOKEN>
				<TOKEN end_char="3538" id="token-15-19" start_char="3536">the</TOKEN>
				<TOKEN end_char="3547" id="token-15-20" start_char="3540">previous</TOKEN>
				<TOKEN end_char="3554" id="token-15-21" start_char="3549">decade</TOKEN>
				<TOKEN end_char="3555" id="token-15-22" start_char="3555">,</TOKEN>
				<TOKEN end_char="3564" id="token-15-23" start_char="3557">exchange</TOKEN>
				<TOKEN end_char="3569" id="token-15-24" start_char="3566">data</TOKEN>
				<TOKEN end_char="3574" id="token-15-25" start_char="3571">show</TOKEN>
				<TOKEN end_char="3575" id="token-15-26" start_char="3575">.</TOKEN>
				<TOKEN end_char="3584" id="token-15-27" start_char="3577">Soybeans</TOKEN>
				<TOKEN end_char="3593" id="token-15-28" start_char="3586">averaged</TOKEN>
				<TOKEN end_char="3595" id="token-15-29" start_char="3595">a</TOKEN>
				<TOKEN end_char="3602" id="token-15-30" start_char="3597">record</TOKEN>
				<TOKEN end_char="3604" id="token-15-31" start_char="3604">$</TOKEN>
				<TOKEN end_char="3606" id="token-15-32" start_char="3605">13</TOKEN>
				<TOKEN end_char="3607" id="token-15-33" start_char="3607">.</TOKEN>
				<TOKEN end_char="3609" id="token-15-34" start_char="3608">21</TOKEN>
				<TOKEN end_char="3610" id="token-15-35" start_char="3610">,</TOKEN>
				<TOKEN end_char="3613" id="token-15-36" start_char="3612">72</TOKEN>
				<TOKEN end_char="3621" id="token-15-37" start_char="3615">percent</TOKEN>
				<TOKEN end_char="3627" id="token-15-38" start_char="3623">above</TOKEN>
				<TOKEN end_char="3631" id="token-15-39" start_char="3629">the</TOKEN>
				<TOKEN end_char="3634" id="token-15-40" start_char="3633">10</TOKEN>
				<TOKEN end_char="3643" id="token-15-41" start_char="3636">previous</TOKEN>
				<TOKEN end_char="3649" id="token-15-42" start_char="3645">years</TOKEN>
				<TOKEN end_char="3650" id="token-15-43" start_char="3650">,</TOKEN>
				<TOKEN end_char="3656" id="token-15-44" start_char="3652">while</TOKEN>
				<TOKEN end_char="3662" id="token-15-45" start_char="3658">wheat</TOKEN>
				<TOKEN end_char="3663" id="token-15-46" start_char="3663">’</TOKEN>
				<TOKEN end_char="3664" id="token-15-47" start_char="3664">s</TOKEN>
				<TOKEN end_char="3672" id="token-15-48" start_char="3666">average</TOKEN>
				<TOKEN end_char="3675" id="token-15-49" start_char="3674">of</TOKEN>
				<TOKEN end_char="3677" id="token-15-50" start_char="3677">$</TOKEN>
				<TOKEN end_char="3678" id="token-15-51" start_char="3678">7</TOKEN>
				<TOKEN end_char="3679" id="token-15-52" start_char="3679">.</TOKEN>
				<TOKEN end_char="3682" id="token-15-53" start_char="3680">235</TOKEN>
				<TOKEN end_char="3686" id="token-15-54" start_char="3684">was</TOKEN>
				<TOKEN end_char="3690" id="token-15-55" start_char="3688">the</TOKEN>
				<TOKEN end_char="3697" id="token-15-56" start_char="3692">second</TOKEN>
				<TOKEN end_char="3698" id="token-15-57" start_char="3698">-</TOKEN>
				<TOKEN end_char="3705" id="token-15-58" start_char="3699">highest</TOKEN>
				<TOKEN end_char="3710" id="token-15-59" start_char="3707">ever</TOKEN>
				<TOKEN end_char="3714" id="token-15-60" start_char="3712">and</TOKEN>
				<TOKEN end_char="3717" id="token-15-61" start_char="3716">57</TOKEN>
				<TOKEN end_char="3725" id="token-15-62" start_char="3719">percent</TOKEN>
				<TOKEN end_char="3730" id="token-15-63" start_char="3727">more</TOKEN>
				<TOKEN end_char="3735" id="token-15-64" start_char="3732">than</TOKEN>
				<TOKEN end_char="3739" id="token-15-65" start_char="3737">the</TOKEN>
				<TOKEN end_char="3744" id="token-15-66" start_char="3741">past</TOKEN>
				<TOKEN end_char="3751" id="token-15-67" start_char="3746">decade</TOKEN>
				<TOKEN end_char="3752" id="token-15-68" start_char="3752">.</TOKEN>
			</SEG>
		</TEXT>
	</DOC>
</LCTL_TEXT>
