<?xml version="1.0" encoding="utf-8"?>
<LCTL_TEXT>
	<DOC id="20120924_WAPO_ab8eb0a8-0655-11e2-afff-d6c7f20a83bf">
		<TEXT>
			<SEG end_char="32" id="20120924_WAPO_ab8eb0a8-0655-11e2-afff-d6c7f20a83bf-0" start_char="0">
				<ORIGINAL_TEXT>Facebook, Twitter and data access</ORIGINAL_TEXT>
				<TOKEN end_char="7" id="token-0-0" start_char="0">Facebook</TOKEN>
				<TOKEN end_char="8" id="token-0-1" start_char="8">,</TOKEN>
				<TOKEN end_char="16" id="token-0-2" start_char="10">Twitter</TOKEN>
				<TOKEN end_char="20" id="token-0-3" start_char="18">and</TOKEN>
				<TOKEN end_char="25" id="token-0-4" start_char="22">data</TOKEN>
				<TOKEN end_char="32" id="token-0-5" start_char="27">access</TOKEN>
			</SEG>
			<SEG end_char="78" id="20120924_WAPO_ab8eb0a8-0655-11e2-afff-d6c7f20a83bf-1" start_char="34">
				<ORIGINAL_TEXT>Monday, September 24, 2012 15:01:00 GMT-05:00</ORIGINAL_TEXT>
				<TOKEN end_char="39" id="token-1-0" start_char="34">Monday</TOKEN>
				<TOKEN end_char="40" id="token-1-1" start_char="40">,</TOKEN>
				<TOKEN end_char="50" id="token-1-2" start_char="42">September</TOKEN>
				<TOKEN end_char="53" id="token-1-3" start_char="52">24</TOKEN>
				<TOKEN end_char="54" id="token-1-4" start_char="54">,</TOKEN>
				<TOKEN end_char="59" id="token-1-5" start_char="56">2012</TOKEN>
				<TOKEN end_char="62" id="token-1-6" start_char="61">15</TOKEN>
				<TOKEN end_char="63" id="token-1-7" start_char="63">:</TOKEN>
				<TOKEN end_char="65" id="token-1-8" start_char="64">01</TOKEN>
				<TOKEN end_char="66" id="token-1-9" start_char="66">:</TOKEN>
				<TOKEN end_char="68" id="token-1-10" start_char="67">00</TOKEN>
				<TOKEN end_char="72" id="token-1-11" start_char="70">GMT</TOKEN>
				<TOKEN end_char="73" id="token-1-12" start_char="73">-</TOKEN>
				<TOKEN end_char="75" id="token-1-13" start_char="74">05</TOKEN>
				<TOKEN end_char="76" id="token-1-14" start_char="76">:</TOKEN>
				<TOKEN end_char="78" id="token-1-15" start_char="77">00</TOKEN>
			</SEG>
			<SEG end_char="218" id="20120924_WAPO_ab8eb0a8-0655-11e2-afff-d6c7f20a83bf-2" start_char="80">
				<ORIGINAL_TEXT>Users will have a little more access to their social data, thanks to new features from Facebook and plans from Twitter announced last week.</ORIGINAL_TEXT>
				<TOKEN end_char="84" id="token-2-0" start_char="80">Users</TOKEN>
				<TOKEN end_char="89" id="token-2-1" start_char="86">will</TOKEN>
				<TOKEN end_char="94" id="token-2-2" start_char="91">have</TOKEN>
				<TOKEN end_char="96" id="token-2-3" start_char="96">a</TOKEN>
				<TOKEN end_char="103" id="token-2-4" start_char="98">little</TOKEN>
				<TOKEN end_char="108" id="token-2-5" start_char="105">more</TOKEN>
				<TOKEN end_char="115" id="token-2-6" start_char="110">access</TOKEN>
				<TOKEN end_char="118" id="token-2-7" start_char="117">to</TOKEN>
				<TOKEN end_char="124" id="token-2-8" start_char="120">their</TOKEN>
				<TOKEN end_char="131" id="token-2-9" start_char="126">social</TOKEN>
				<TOKEN end_char="136" id="token-2-10" start_char="133">data</TOKEN>
				<TOKEN end_char="137" id="token-2-11" start_char="137">,</TOKEN>
				<TOKEN end_char="144" id="token-2-12" start_char="139">thanks</TOKEN>
				<TOKEN end_char="147" id="token-2-13" start_char="146">to</TOKEN>
				<TOKEN end_char="151" id="token-2-14" start_char="149">new</TOKEN>
				<TOKEN end_char="160" id="token-2-15" start_char="153">features</TOKEN>
				<TOKEN end_char="165" id="token-2-16" start_char="162">from</TOKEN>
				<TOKEN end_char="174" id="token-2-17" start_char="167">Facebook</TOKEN>
				<TOKEN end_char="178" id="token-2-18" start_char="176">and</TOKEN>
				<TOKEN end_char="184" id="token-2-19" start_char="180">plans</TOKEN>
				<TOKEN end_char="189" id="token-2-20" start_char="186">from</TOKEN>
				<TOKEN end_char="197" id="token-2-21" start_char="191">Twitter</TOKEN>
				<TOKEN end_char="207" id="token-2-22" start_char="199">announced</TOKEN>
				<TOKEN end_char="212" id="token-2-23" start_char="209">last</TOKEN>
				<TOKEN end_char="217" id="token-2-24" start_char="214">week</TOKEN>
				<TOKEN end_char="218" id="token-2-25" start_char="218">.</TOKEN>
			</SEG>
			<SEG end_char="450" id="20120924_WAPO_ab8eb0a8-0655-11e2-afff-d6c7f20a83bf-3" start_char="220">
				<ORIGINAL_TEXT>Facebook has begun allowing users to search and edit their site search history, the company said in a Friday announcement. Users will be able to view and edit their search history, which is not viewable for anyone other than users.</ORIGINAL_TEXT>
				<TOKEN end_char="227" id="token-3-0" start_char="220">Facebook</TOKEN>
				<TOKEN end_char="231" id="token-3-1" start_char="229">has</TOKEN>
				<TOKEN end_char="237" id="token-3-2" start_char="233">begun</TOKEN>
				<TOKEN end_char="246" id="token-3-3" start_char="239">allowing</TOKEN>
				<TOKEN end_char="252" id="token-3-4" start_char="248">users</TOKEN>
				<TOKEN end_char="255" id="token-3-5" start_char="254">to</TOKEN>
				<TOKEN end_char="262" id="token-3-6" start_char="257">search</TOKEN>
				<TOKEN end_char="266" id="token-3-7" start_char="264">and</TOKEN>
				<TOKEN end_char="271" id="token-3-8" start_char="268">edit</TOKEN>
				<TOKEN end_char="277" id="token-3-9" start_char="273">their</TOKEN>
				<TOKEN end_char="282" id="token-3-10" start_char="279">site</TOKEN>
				<TOKEN end_char="289" id="token-3-11" start_char="284">search</TOKEN>
				<TOKEN end_char="297" id="token-3-12" start_char="291">history</TOKEN>
				<TOKEN end_char="298" id="token-3-13" start_char="298">,</TOKEN>
				<TOKEN end_char="302" id="token-3-14" start_char="300">the</TOKEN>
				<TOKEN end_char="310" id="token-3-15" start_char="304">company</TOKEN>
				<TOKEN end_char="315" id="token-3-16" start_char="312">said</TOKEN>
				<TOKEN end_char="318" id="token-3-17" start_char="317">in</TOKEN>
				<TOKEN end_char="320" id="token-3-18" start_char="320">a</TOKEN>
				<TOKEN end_char="327" id="token-3-19" start_char="322">Friday</TOKEN>
				<TOKEN end_char="340" id="token-3-20" start_char="329">announcement</TOKEN>
				<TOKEN end_char="341" id="token-3-21" start_char="341">.</TOKEN>
				<TOKEN end_char="347" id="token-3-22" start_char="343">Users</TOKEN>
				<TOKEN end_char="352" id="token-3-23" start_char="349">will</TOKEN>
				<TOKEN end_char="355" id="token-3-24" start_char="354">be</TOKEN>
				<TOKEN end_char="360" id="token-3-25" start_char="357">able</TOKEN>
				<TOKEN end_char="363" id="token-3-26" start_char="362">to</TOKEN>
				<TOKEN end_char="368" id="token-3-27" start_char="365">view</TOKEN>
				<TOKEN end_char="372" id="token-3-28" start_char="370">and</TOKEN>
				<TOKEN end_char="377" id="token-3-29" start_char="374">edit</TOKEN>
				<TOKEN end_char="383" id="token-3-30" start_char="379">their</TOKEN>
				<TOKEN end_char="390" id="token-3-31" start_char="385">search</TOKEN>
				<TOKEN end_char="398" id="token-3-32" start_char="392">history</TOKEN>
				<TOKEN end_char="399" id="token-3-33" start_char="399">,</TOKEN>
				<TOKEN end_char="405" id="token-3-34" start_char="401">which</TOKEN>
				<TOKEN end_char="408" id="token-3-35" start_char="407">is</TOKEN>
				<TOKEN end_char="412" id="token-3-36" start_char="410">not</TOKEN>
				<TOKEN end_char="421" id="token-3-37" start_char="414">viewable</TOKEN>
				<TOKEN end_char="425" id="token-3-38" start_char="423">for</TOKEN>
				<TOKEN end_char="432" id="token-3-39" start_char="427">anyone</TOKEN>
				<TOKEN end_char="438" id="token-3-40" start_char="434">other</TOKEN>
				<TOKEN end_char="443" id="token-3-41" start_char="440">than</TOKEN>
				<TOKEN end_char="449" id="token-3-42" start_char="445">users</TOKEN>
				<TOKEN end_char="450" id="token-3-43" start_char="450">.</TOKEN>
			</SEG>
			<SEG end_char="832" id="20120924_WAPO_ab8eb0a8-0655-11e2-afff-d6c7f20a83bf-4" start_char="452">
				<ORIGINAL_TEXT>The introduction of the additional feature has raised speculation about whether Facebook will be moving into the search space in the future, particularly given chief executive Mark Zuckerberg’s comment at TechCrunch Disrupt last week. Zuckerberg, as TechCrunch reports, said that his company will be looking at search “at some point” and that it has a team looking at the function.</ORIGINAL_TEXT>
				<TOKEN end_char="454" id="token-4-0" start_char="452">The</TOKEN>
				<TOKEN end_char="467" id="token-4-1" start_char="456">introduction</TOKEN>
				<TOKEN end_char="470" id="token-4-2" start_char="469">of</TOKEN>
				<TOKEN end_char="474" id="token-4-3" start_char="472">the</TOKEN>
				<TOKEN end_char="485" id="token-4-4" start_char="476">additional</TOKEN>
				<TOKEN end_char="493" id="token-4-5" start_char="487">feature</TOKEN>
				<TOKEN end_char="497" id="token-4-6" start_char="495">has</TOKEN>
				<TOKEN end_char="504" id="token-4-7" start_char="499">raised</TOKEN>
				<TOKEN end_char="516" id="token-4-8" start_char="506">speculation</TOKEN>
				<TOKEN end_char="522" id="token-4-9" start_char="518">about</TOKEN>
				<TOKEN end_char="530" id="token-4-10" start_char="524">whether</TOKEN>
				<TOKEN end_char="539" id="token-4-11" start_char="532">Facebook</TOKEN>
				<TOKEN end_char="544" id="token-4-12" start_char="541">will</TOKEN>
				<TOKEN end_char="547" id="token-4-13" start_char="546">be</TOKEN>
				<TOKEN end_char="554" id="token-4-14" start_char="549">moving</TOKEN>
				<TOKEN end_char="559" id="token-4-15" start_char="556">into</TOKEN>
				<TOKEN end_char="563" id="token-4-16" start_char="561">the</TOKEN>
				<TOKEN end_char="570" id="token-4-17" start_char="565">search</TOKEN>
				<TOKEN end_char="576" id="token-4-18" start_char="572">space</TOKEN>
				<TOKEN end_char="579" id="token-4-19" start_char="578">in</TOKEN>
				<TOKEN end_char="583" id="token-4-20" start_char="581">the</TOKEN>
				<TOKEN end_char="590" id="token-4-21" start_char="585">future</TOKEN>
				<TOKEN end_char="591" id="token-4-22" start_char="591">,</TOKEN>
				<TOKEN end_char="604" id="token-4-23" start_char="593">particularly</TOKEN>
				<TOKEN end_char="610" id="token-4-24" start_char="606">given</TOKEN>
				<TOKEN end_char="616" id="token-4-25" start_char="612">chief</TOKEN>
				<TOKEN end_char="626" id="token-4-26" start_char="618">executive</TOKEN>
				<TOKEN end_char="631" id="token-4-27" start_char="628">Mark</TOKEN>
				<TOKEN end_char="642" id="token-4-28" start_char="633">Zuckerberg</TOKEN>
				<TOKEN end_char="643" id="token-4-29" start_char="643">’</TOKEN>
				<TOKEN end_char="644" id="token-4-30" start_char="644">s</TOKEN>
				<TOKEN end_char="652" id="token-4-31" start_char="646">comment</TOKEN>
				<TOKEN end_char="655" id="token-4-32" start_char="654">at</TOKEN>
				<TOKEN end_char="666" id="token-4-33" start_char="657">TechCrunch</TOKEN>
				<TOKEN end_char="674" id="token-4-34" start_char="668">Disrupt</TOKEN>
				<TOKEN end_char="679" id="token-4-35" start_char="676">last</TOKEN>
				<TOKEN end_char="684" id="token-4-36" start_char="681">week</TOKEN>
				<TOKEN end_char="685" id="token-4-37" start_char="685">.</TOKEN>
				<TOKEN end_char="696" id="token-4-38" start_char="687">Zuckerberg</TOKEN>
				<TOKEN end_char="697" id="token-4-39" start_char="697">,</TOKEN>
				<TOKEN end_char="700" id="token-4-40" start_char="699">as</TOKEN>
				<TOKEN end_char="711" id="token-4-41" start_char="702">TechCrunch</TOKEN>
				<TOKEN end_char="719" id="token-4-42" start_char="713">reports</TOKEN>
				<TOKEN end_char="720" id="token-4-43" start_char="720">,</TOKEN>
				<TOKEN end_char="725" id="token-4-44" start_char="722">said</TOKEN>
				<TOKEN end_char="730" id="token-4-45" start_char="727">that</TOKEN>
				<TOKEN end_char="734" id="token-4-46" start_char="732">his</TOKEN>
				<TOKEN end_char="742" id="token-4-47" start_char="736">company</TOKEN>
				<TOKEN end_char="747" id="token-4-48" start_char="744">will</TOKEN>
				<TOKEN end_char="750" id="token-4-49" start_char="749">be</TOKEN>
				<TOKEN end_char="758" id="token-4-50" start_char="752">looking</TOKEN>
				<TOKEN end_char="761" id="token-4-51" start_char="760">at</TOKEN>
				<TOKEN end_char="768" id="token-4-52" start_char="763">search</TOKEN>
				<TOKEN end_char="770" id="token-4-53" start_char="770">“</TOKEN>
				<TOKEN end_char="772" id="token-4-54" start_char="771">at</TOKEN>
				<TOKEN end_char="777" id="token-4-55" start_char="774">some</TOKEN>
				<TOKEN end_char="783" id="token-4-56" start_char="779">point</TOKEN>
				<TOKEN end_char="784" id="token-4-57" start_char="784">”</TOKEN>
				<TOKEN end_char="788" id="token-4-58" start_char="786">and</TOKEN>
				<TOKEN end_char="793" id="token-4-59" start_char="790">that</TOKEN>
				<TOKEN end_char="796" id="token-4-60" start_char="795">it</TOKEN>
				<TOKEN end_char="800" id="token-4-61" start_char="798">has</TOKEN>
				<TOKEN end_char="802" id="token-4-62" start_char="802">a</TOKEN>
				<TOKEN end_char="807" id="token-4-63" start_char="804">team</TOKEN>
				<TOKEN end_char="815" id="token-4-64" start_char="809">looking</TOKEN>
				<TOKEN end_char="818" id="token-4-65" start_char="817">at</TOKEN>
				<TOKEN end_char="822" id="token-4-66" start_char="820">the</TOKEN>
				<TOKEN end_char="831" id="token-4-67" start_char="824">function</TOKEN>
				<TOKEN end_char="832" id="token-4-68" start_char="832">.</TOKEN>
			</SEG>
			<SEG end_char="929" id="20120924_WAPO_ab8eb0a8-0655-11e2-afff-d6c7f20a83bf-5" start_char="834">
				<ORIGINAL_TEXT>For now, though, it simply means that you have a little more control over your data on Facebook.</ORIGINAL_TEXT>
				<TOKEN end_char="836" id="token-5-0" start_char="834">For</TOKEN>
				<TOKEN end_char="840" id="token-5-1" start_char="838">now</TOKEN>
				<TOKEN end_char="841" id="token-5-2" start_char="841">,</TOKEN>
				<TOKEN end_char="848" id="token-5-3" start_char="843">though</TOKEN>
				<TOKEN end_char="849" id="token-5-4" start_char="849">,</TOKEN>
				<TOKEN end_char="852" id="token-5-5" start_char="851">it</TOKEN>
				<TOKEN end_char="859" id="token-5-6" start_char="854">simply</TOKEN>
				<TOKEN end_char="865" id="token-5-7" start_char="861">means</TOKEN>
				<TOKEN end_char="870" id="token-5-8" start_char="867">that</TOKEN>
				<TOKEN end_char="874" id="token-5-9" start_char="872">you</TOKEN>
				<TOKEN end_char="879" id="token-5-10" start_char="876">have</TOKEN>
				<TOKEN end_char="881" id="token-5-11" start_char="881">a</TOKEN>
				<TOKEN end_char="888" id="token-5-12" start_char="883">little</TOKEN>
				<TOKEN end_char="893" id="token-5-13" start_char="890">more</TOKEN>
				<TOKEN end_char="901" id="token-5-14" start_char="895">control</TOKEN>
				<TOKEN end_char="906" id="token-5-15" start_char="903">over</TOKEN>
				<TOKEN end_char="911" id="token-5-16" start_char="908">your</TOKEN>
				<TOKEN end_char="916" id="token-5-17" start_char="913">data</TOKEN>
				<TOKEN end_char="919" id="token-5-18" start_char="918">on</TOKEN>
				<TOKEN end_char="928" id="token-5-19" start_char="921">Facebook</TOKEN>
				<TOKEN end_char="929" id="token-5-20" start_char="929">.</TOKEN>
			</SEG>
			<SEG end_char="1244" id="20120924_WAPO_ab8eb0a8-0655-11e2-afff-d6c7f20a83bf-6" start_char="931">
				<ORIGINAL_TEXT>Twitter also is moving toward giving users a little more data control. At last week’s Online News Association conference, Twitter chief executive Dick Costolo said that he’s pushing his developers to have a tool in place that lets users download all their tweets by the end of the year — if the technology permits.</ORIGINAL_TEXT>
				<TOKEN end_char="937" id="token-6-0" start_char="931">Twitter</TOKEN>
				<TOKEN end_char="942" id="token-6-1" start_char="939">also</TOKEN>
				<TOKEN end_char="945" id="token-6-2" start_char="944">is</TOKEN>
				<TOKEN end_char="952" id="token-6-3" start_char="947">moving</TOKEN>
				<TOKEN end_char="959" id="token-6-4" start_char="954">toward</TOKEN>
				<TOKEN end_char="966" id="token-6-5" start_char="961">giving</TOKEN>
				<TOKEN end_char="972" id="token-6-6" start_char="968">users</TOKEN>
				<TOKEN end_char="974" id="token-6-7" start_char="974">a</TOKEN>
				<TOKEN end_char="981" id="token-6-8" start_char="976">little</TOKEN>
				<TOKEN end_char="986" id="token-6-9" start_char="983">more</TOKEN>
				<TOKEN end_char="991" id="token-6-10" start_char="988">data</TOKEN>
				<TOKEN end_char="999" id="token-6-11" start_char="993">control</TOKEN>
				<TOKEN end_char="1000" id="token-6-12" start_char="1000">.</TOKEN>
				<TOKEN end_char="1003" id="token-6-13" start_char="1002">At</TOKEN>
				<TOKEN end_char="1008" id="token-6-14" start_char="1005">last</TOKEN>
				<TOKEN end_char="1013" id="token-6-15" start_char="1010">week</TOKEN>
				<TOKEN end_char="1014" id="token-6-16" start_char="1014">’</TOKEN>
				<TOKEN end_char="1015" id="token-6-17" start_char="1015">s</TOKEN>
				<TOKEN end_char="1022" id="token-6-18" start_char="1017">Online</TOKEN>
				<TOKEN end_char="1027" id="token-6-19" start_char="1024">News</TOKEN>
				<TOKEN end_char="1039" id="token-6-20" start_char="1029">Association</TOKEN>
				<TOKEN end_char="1050" id="token-6-21" start_char="1041">conference</TOKEN>
				<TOKEN end_char="1051" id="token-6-22" start_char="1051">,</TOKEN>
				<TOKEN end_char="1059" id="token-6-23" start_char="1053">Twitter</TOKEN>
				<TOKEN end_char="1065" id="token-6-24" start_char="1061">chief</TOKEN>
				<TOKEN end_char="1075" id="token-6-25" start_char="1067">executive</TOKEN>
				<TOKEN end_char="1080" id="token-6-26" start_char="1077">Dick</TOKEN>
				<TOKEN end_char="1088" id="token-6-27" start_char="1082">Costolo</TOKEN>
				<TOKEN end_char="1093" id="token-6-28" start_char="1090">said</TOKEN>
				<TOKEN end_char="1098" id="token-6-29" start_char="1095">that</TOKEN>
				<TOKEN end_char="1101" id="token-6-30" start_char="1100">he</TOKEN>
				<TOKEN end_char="1102" id="token-6-31" start_char="1102">’</TOKEN>
				<TOKEN end_char="1103" id="token-6-32" start_char="1103">s</TOKEN>
				<TOKEN end_char="1111" id="token-6-33" start_char="1105">pushing</TOKEN>
				<TOKEN end_char="1115" id="token-6-34" start_char="1113">his</TOKEN>
				<TOKEN end_char="1126" id="token-6-35" start_char="1117">developers</TOKEN>
				<TOKEN end_char="1129" id="token-6-36" start_char="1128">to</TOKEN>
				<TOKEN end_char="1134" id="token-6-37" start_char="1131">have</TOKEN>
				<TOKEN end_char="1136" id="token-6-38" start_char="1136">a</TOKEN>
				<TOKEN end_char="1141" id="token-6-39" start_char="1138">tool</TOKEN>
				<TOKEN end_char="1144" id="token-6-40" start_char="1143">in</TOKEN>
				<TOKEN end_char="1150" id="token-6-41" start_char="1146">place</TOKEN>
				<TOKEN end_char="1155" id="token-6-42" start_char="1152">that</TOKEN>
				<TOKEN end_char="1160" id="token-6-43" start_char="1157">lets</TOKEN>
				<TOKEN end_char="1166" id="token-6-44" start_char="1162">users</TOKEN>
				<TOKEN end_char="1175" id="token-6-45" start_char="1168">download</TOKEN>
				<TOKEN end_char="1179" id="token-6-46" start_char="1177">all</TOKEN>
				<TOKEN end_char="1185" id="token-6-47" start_char="1181">their</TOKEN>
				<TOKEN end_char="1192" id="token-6-48" start_char="1187">tweets</TOKEN>
				<TOKEN end_char="1195" id="token-6-49" start_char="1194">by</TOKEN>
				<TOKEN end_char="1199" id="token-6-50" start_char="1197">the</TOKEN>
				<TOKEN end_char="1203" id="token-6-51" start_char="1201">end</TOKEN>
				<TOKEN end_char="1206" id="token-6-52" start_char="1205">of</TOKEN>
				<TOKEN end_char="1210" id="token-6-53" start_char="1208">the</TOKEN>
				<TOKEN end_char="1215" id="token-6-54" start_char="1212">year</TOKEN>
				<TOKEN end_char="1217" id="token-6-55" start_char="1217">—</TOKEN>
				<TOKEN end_char="1220" id="token-6-56" start_char="1219">if</TOKEN>
				<TOKEN end_char="1224" id="token-6-57" start_char="1222">the</TOKEN>
				<TOKEN end_char="1235" id="token-6-58" start_char="1226">technology</TOKEN>
				<TOKEN end_char="1243" id="token-6-59" start_char="1237">permits</TOKEN>
				<TOKEN end_char="1244" id="token-6-60" start_char="1244">.</TOKEN>
			</SEG>
			<SEG end_char="1383" id="20120924_WAPO_ab8eb0a8-0655-11e2-afff-d6c7f20a83bf-7" start_char="1246">
				<ORIGINAL_TEXT>That feature is one that users of the service have long-requested, and one, GigaOm reported, that some are skeptical Twitter will deliver.</ORIGINAL_TEXT>
				<TOKEN end_char="1249" id="token-7-0" start_char="1246">That</TOKEN>
				<TOKEN end_char="1257" id="token-7-1" start_char="1251">feature</TOKEN>
				<TOKEN end_char="1260" id="token-7-2" start_char="1259">is</TOKEN>
				<TOKEN end_char="1264" id="token-7-3" start_char="1262">one</TOKEN>
				<TOKEN end_char="1269" id="token-7-4" start_char="1266">that</TOKEN>
				<TOKEN end_char="1275" id="token-7-5" start_char="1271">users</TOKEN>
				<TOKEN end_char="1278" id="token-7-6" start_char="1277">of</TOKEN>
				<TOKEN end_char="1282" id="token-7-7" start_char="1280">the</TOKEN>
				<TOKEN end_char="1290" id="token-7-8" start_char="1284">service</TOKEN>
				<TOKEN end_char="1295" id="token-7-9" start_char="1292">have</TOKEN>
				<TOKEN end_char="1300" id="token-7-10" start_char="1297">long</TOKEN>
				<TOKEN end_char="1301" id="token-7-11" start_char="1301">-</TOKEN>
				<TOKEN end_char="1310" id="token-7-12" start_char="1302">requested</TOKEN>
				<TOKEN end_char="1311" id="token-7-13" start_char="1311">,</TOKEN>
				<TOKEN end_char="1315" id="token-7-14" start_char="1313">and</TOKEN>
				<TOKEN end_char="1319" id="token-7-15" start_char="1317">one</TOKEN>
				<TOKEN end_char="1320" id="token-7-16" start_char="1320">,</TOKEN>
				<TOKEN end_char="1327" id="token-7-17" start_char="1322">GigaOm</TOKEN>
				<TOKEN end_char="1336" id="token-7-18" start_char="1329">reported</TOKEN>
				<TOKEN end_char="1337" id="token-7-19" start_char="1337">,</TOKEN>
				<TOKEN end_char="1342" id="token-7-20" start_char="1339">that</TOKEN>
				<TOKEN end_char="1347" id="token-7-21" start_char="1344">some</TOKEN>
				<TOKEN end_char="1351" id="token-7-22" start_char="1349">are</TOKEN>
				<TOKEN end_char="1361" id="token-7-23" start_char="1353">skeptical</TOKEN>
				<TOKEN end_char="1369" id="token-7-24" start_char="1363">Twitter</TOKEN>
				<TOKEN end_char="1374" id="token-7-25" start_char="1371">will</TOKEN>
				<TOKEN end_char="1382" id="token-7-26" start_char="1376">deliver</TOKEN>
				<TOKEN end_char="1383" id="token-7-27" start_char="1383">.</TOKEN>
			</SEG>
			<SEG end_char="1628" id="20120924_WAPO_ab8eb0a8-0655-11e2-afff-d6c7f20a83bf-8" start_char="1385">
				<ORIGINAL_TEXT>In his comments on Costolo’s talk, prominent blogger Dave Winer said that if Twitter does let users download their tweets, he believes it will be in “GIF format or PDF,” or another format that will not let you take your data to another service.</ORIGINAL_TEXT>
				<TOKEN end_char="1386" id="token-8-0" start_char="1385">In</TOKEN>
				<TOKEN end_char="1390" id="token-8-1" start_char="1388">his</TOKEN>
				<TOKEN end_char="1399" id="token-8-2" start_char="1392">comments</TOKEN>
				<TOKEN end_char="1402" id="token-8-3" start_char="1401">on</TOKEN>
				<TOKEN end_char="1410" id="token-8-4" start_char="1404">Costolo</TOKEN>
				<TOKEN end_char="1411" id="token-8-5" start_char="1411">’</TOKEN>
				<TOKEN end_char="1412" id="token-8-6" start_char="1412">s</TOKEN>
				<TOKEN end_char="1417" id="token-8-7" start_char="1414">talk</TOKEN>
				<TOKEN end_char="1418" id="token-8-8" start_char="1418">,</TOKEN>
				<TOKEN end_char="1428" id="token-8-9" start_char="1420">prominent</TOKEN>
				<TOKEN end_char="1436" id="token-8-10" start_char="1430">blogger</TOKEN>
				<TOKEN end_char="1441" id="token-8-11" start_char="1438">Dave</TOKEN>
				<TOKEN end_char="1447" id="token-8-12" start_char="1443">Winer</TOKEN>
				<TOKEN end_char="1452" id="token-8-13" start_char="1449">said</TOKEN>
				<TOKEN end_char="1457" id="token-8-14" start_char="1454">that</TOKEN>
				<TOKEN end_char="1460" id="token-8-15" start_char="1459">if</TOKEN>
				<TOKEN end_char="1468" id="token-8-16" start_char="1462">Twitter</TOKEN>
				<TOKEN end_char="1473" id="token-8-17" start_char="1470">does</TOKEN>
				<TOKEN end_char="1477" id="token-8-18" start_char="1475">let</TOKEN>
				<TOKEN end_char="1483" id="token-8-19" start_char="1479">users</TOKEN>
				<TOKEN end_char="1492" id="token-8-20" start_char="1485">download</TOKEN>
				<TOKEN end_char="1498" id="token-8-21" start_char="1494">their</TOKEN>
				<TOKEN end_char="1505" id="token-8-22" start_char="1500">tweets</TOKEN>
				<TOKEN end_char="1506" id="token-8-23" start_char="1506">,</TOKEN>
				<TOKEN end_char="1509" id="token-8-24" start_char="1508">he</TOKEN>
				<TOKEN end_char="1518" id="token-8-25" start_char="1511">believes</TOKEN>
				<TOKEN end_char="1521" id="token-8-26" start_char="1520">it</TOKEN>
				<TOKEN end_char="1526" id="token-8-27" start_char="1523">will</TOKEN>
				<TOKEN end_char="1529" id="token-8-28" start_char="1528">be</TOKEN>
				<TOKEN end_char="1532" id="token-8-29" start_char="1531">in</TOKEN>
				<TOKEN end_char="1534" id="token-8-30" start_char="1534">“</TOKEN>
				<TOKEN end_char="1537" id="token-8-31" start_char="1535">GIF</TOKEN>
				<TOKEN end_char="1544" id="token-8-32" start_char="1539">format</TOKEN>
				<TOKEN end_char="1547" id="token-8-33" start_char="1546">or</TOKEN>
				<TOKEN end_char="1551" id="token-8-34" start_char="1549">PDF</TOKEN>
				<TOKEN end_char="1553" id="token-8-35" start_char="1552">,”</TOKEN>
				<TOKEN end_char="1556" id="token-8-36" start_char="1555">or</TOKEN>
				<TOKEN end_char="1564" id="token-8-37" start_char="1558">another</TOKEN>
				<TOKEN end_char="1571" id="token-8-38" start_char="1566">format</TOKEN>
				<TOKEN end_char="1576" id="token-8-39" start_char="1573">that</TOKEN>
				<TOKEN end_char="1581" id="token-8-40" start_char="1578">will</TOKEN>
				<TOKEN end_char="1585" id="token-8-41" start_char="1583">not</TOKEN>
				<TOKEN end_char="1589" id="token-8-42" start_char="1587">let</TOKEN>
				<TOKEN end_char="1593" id="token-8-43" start_char="1591">you</TOKEN>
				<TOKEN end_char="1598" id="token-8-44" start_char="1595">take</TOKEN>
				<TOKEN end_char="1603" id="token-8-45" start_char="1600">your</TOKEN>
				<TOKEN end_char="1608" id="token-8-46" start_char="1605">data</TOKEN>
				<TOKEN end_char="1611" id="token-8-47" start_char="1610">to</TOKEN>
				<TOKEN end_char="1619" id="token-8-48" start_char="1613">another</TOKEN>
				<TOKEN end_char="1627" id="token-8-49" start_char="1621">service</TOKEN>
				<TOKEN end_char="1628" id="token-8-50" start_char="1628">.</TOKEN>
			</SEG>
			<SEG end_char="1797" id="20120924_WAPO_ab8eb0a8-0655-11e2-afff-d6c7f20a83bf-9" start_char="1630">
				<ORIGINAL_TEXT>Other social networks, including Facebook and Google+ allow users to download some data from social networks to keep their own record of their activity on the services.</ORIGINAL_TEXT>
				<TOKEN end_char="1634" id="token-9-0" start_char="1630">Other</TOKEN>
				<TOKEN end_char="1641" id="token-9-1" start_char="1636">social</TOKEN>
				<TOKEN end_char="1650" id="token-9-2" start_char="1643">networks</TOKEN>
				<TOKEN end_char="1651" id="token-9-3" start_char="1651">,</TOKEN>
				<TOKEN end_char="1661" id="token-9-4" start_char="1653">including</TOKEN>
				<TOKEN end_char="1670" id="token-9-5" start_char="1663">Facebook</TOKEN>
				<TOKEN end_char="1674" id="token-9-6" start_char="1672">and</TOKEN>
				<TOKEN end_char="1681" id="token-9-7" start_char="1676">Google</TOKEN>
				<TOKEN end_char="1682" id="token-9-8" start_char="1682">+</TOKEN>
				<TOKEN end_char="1688" id="token-9-9" start_char="1684">allow</TOKEN>
				<TOKEN end_char="1694" id="token-9-10" start_char="1690">users</TOKEN>
				<TOKEN end_char="1697" id="token-9-11" start_char="1696">to</TOKEN>
				<TOKEN end_char="1706" id="token-9-12" start_char="1699">download</TOKEN>
				<TOKEN end_char="1711" id="token-9-13" start_char="1708">some</TOKEN>
				<TOKEN end_char="1716" id="token-9-14" start_char="1713">data</TOKEN>
				<TOKEN end_char="1721" id="token-9-15" start_char="1718">from</TOKEN>
				<TOKEN end_char="1728" id="token-9-16" start_char="1723">social</TOKEN>
				<TOKEN end_char="1737" id="token-9-17" start_char="1730">networks</TOKEN>
				<TOKEN end_char="1740" id="token-9-18" start_char="1739">to</TOKEN>
				<TOKEN end_char="1745" id="token-9-19" start_char="1742">keep</TOKEN>
				<TOKEN end_char="1751" id="token-9-20" start_char="1747">their</TOKEN>
				<TOKEN end_char="1755" id="token-9-21" start_char="1753">own</TOKEN>
				<TOKEN end_char="1762" id="token-9-22" start_char="1757">record</TOKEN>
				<TOKEN end_char="1765" id="token-9-23" start_char="1764">of</TOKEN>
				<TOKEN end_char="1771" id="token-9-24" start_char="1767">their</TOKEN>
				<TOKEN end_char="1780" id="token-9-25" start_char="1773">activity</TOKEN>
				<TOKEN end_char="1783" id="token-9-26" start_char="1782">on</TOKEN>
				<TOKEN end_char="1787" id="token-9-27" start_char="1785">the</TOKEN>
				<TOKEN end_char="1796" id="token-9-28" start_char="1789">services</TOKEN>
				<TOKEN end_char="1797" id="token-9-29" start_char="1797">.</TOKEN>
			</SEG>
			<SEG end_char="1911" id="20120924_WAPO_ab8eb0a8-0655-11e2-afff-d6c7f20a83bf-10" start_char="1799">
				<ORIGINAL_TEXT>(Washington Post Co. Chairman and chief executive Donald E. Graham is a member of Facebook’s board of directors.)</ORIGINAL_TEXT>
				<TOKEN end_char="1799" id="token-10-0" start_char="1799">(</TOKEN>
				<TOKEN end_char="1809" id="token-10-1" start_char="1800">Washington</TOKEN>
				<TOKEN end_char="1814" id="token-10-2" start_char="1811">Post</TOKEN>
				<TOKEN end_char="1817" id="token-10-3" start_char="1816">Co</TOKEN>
				<TOKEN end_char="1818" id="token-10-4" start_char="1818">.</TOKEN>
				<TOKEN end_char="1827" id="token-10-5" start_char="1820">Chairman</TOKEN>
				<TOKEN end_char="1831" id="token-10-6" start_char="1829">and</TOKEN>
				<TOKEN end_char="1837" id="token-10-7" start_char="1833">chief</TOKEN>
				<TOKEN end_char="1847" id="token-10-8" start_char="1839">executive</TOKEN>
				<TOKEN end_char="1854" id="token-10-9" start_char="1849">Donald</TOKEN>
				<TOKEN end_char="1856" id="token-10-10" start_char="1856">E</TOKEN>
				<TOKEN end_char="1857" id="token-10-11" start_char="1857">.</TOKEN>
				<TOKEN end_char="1864" id="token-10-12" start_char="1859">Graham</TOKEN>
				<TOKEN end_char="1867" id="token-10-13" start_char="1866">is</TOKEN>
				<TOKEN end_char="1869" id="token-10-14" start_char="1869">a</TOKEN>
				<TOKEN end_char="1876" id="token-10-15" start_char="1871">member</TOKEN>
				<TOKEN end_char="1879" id="token-10-16" start_char="1878">of</TOKEN>
				<TOKEN end_char="1888" id="token-10-17" start_char="1881">Facebook</TOKEN>
				<TOKEN end_char="1889" id="token-10-18" start_char="1889">’</TOKEN>
				<TOKEN end_char="1890" id="token-10-19" start_char="1890">s</TOKEN>
				<TOKEN end_char="1896" id="token-10-20" start_char="1892">board</TOKEN>
				<TOKEN end_char="1899" id="token-10-21" start_char="1898">of</TOKEN>
				<TOKEN end_char="1909" id="token-10-22" start_char="1901">directors</TOKEN>
				<TOKEN end_char="1911" id="token-10-23" start_char="1910">.)</TOKEN>
			</SEG>
			<SEG end_char="1928" id="20120924_WAPO_ab8eb0a8-0655-11e2-afff-d6c7f20a83bf-11" start_char="1913">
				<ORIGINAL_TEXT>Related stories:</ORIGINAL_TEXT>
				<TOKEN end_char="1919" id="token-11-0" start_char="1913">Related</TOKEN>
				<TOKEN end_char="1927" id="token-11-1" start_char="1921">stories</TOKEN>
				<TOKEN end_char="1928" id="token-11-2" start_char="1928">:</TOKEN>
			</SEG>
			<SEG end_char="2015" id="20120924_WAPO_ab8eb0a8-0655-11e2-afff-d6c7f20a83bf-12" start_char="1930">
				<ORIGINAL_TEXT>Twitter hands over records in Occupy Wall Street case, avoids steep fines by NYC judge</ORIGINAL_TEXT>
				<TOKEN end_char="1936" id="token-12-0" start_char="1930">Twitter</TOKEN>
				<TOKEN end_char="1942" id="token-12-1" start_char="1938">hands</TOKEN>
				<TOKEN end_char="1947" id="token-12-2" start_char="1944">over</TOKEN>
				<TOKEN end_char="1955" id="token-12-3" start_char="1949">records</TOKEN>
				<TOKEN end_char="1958" id="token-12-4" start_char="1957">in</TOKEN>
				<TOKEN end_char="1965" id="token-12-5" start_char="1960">Occupy</TOKEN>
				<TOKEN end_char="1970" id="token-12-6" start_char="1967">Wall</TOKEN>
				<TOKEN end_char="1977" id="token-12-7" start_char="1972">Street</TOKEN>
				<TOKEN end_char="1982" id="token-12-8" start_char="1979">case</TOKEN>
				<TOKEN end_char="1983" id="token-12-9" start_char="1983">,</TOKEN>
				<TOKEN end_char="1990" id="token-12-10" start_char="1985">avoids</TOKEN>
				<TOKEN end_char="1996" id="token-12-11" start_char="1992">steep</TOKEN>
				<TOKEN end_char="2002" id="token-12-12" start_char="1998">fines</TOKEN>
				<TOKEN end_char="2005" id="token-12-13" start_char="2004">by</TOKEN>
				<TOKEN end_char="2009" id="token-12-14" start_char="2007">NYC</TOKEN>
				<TOKEN end_char="2015" id="token-12-15" start_char="2011">judge</TOKEN>
			</SEG>
			<SEG end_char="2080" id="20120924_WAPO_ab8eb0a8-0655-11e2-afff-d6c7f20a83bf-13" start_char="2017">
				<ORIGINAL_TEXT>Facebook stock falls after Barron’s says it’s ‘still too pricey’</ORIGINAL_TEXT>
				<TOKEN end_char="2024" id="token-13-0" start_char="2017">Facebook</TOKEN>
				<TOKEN end_char="2030" id="token-13-1" start_char="2026">stock</TOKEN>
				<TOKEN end_char="2036" id="token-13-2" start_char="2032">falls</TOKEN>
				<TOKEN end_char="2042" id="token-13-3" start_char="2038">after</TOKEN>
				<TOKEN end_char="2049" id="token-13-4" start_char="2044">Barron</TOKEN>
				<TOKEN end_char="2050" id="token-13-5" start_char="2050">’</TOKEN>
				<TOKEN end_char="2051" id="token-13-6" start_char="2051">s</TOKEN>
				<TOKEN end_char="2056" id="token-13-7" start_char="2053">says</TOKEN>
				<TOKEN end_char="2059" id="token-13-8" start_char="2058">it</TOKEN>
				<TOKEN end_char="2060" id="token-13-9" start_char="2060">’</TOKEN>
				<TOKEN end_char="2061" id="token-13-10" start_char="2061">s</TOKEN>
				<TOKEN end_char="2063" id="token-13-11" start_char="2063">‘</TOKEN>
				<TOKEN end_char="2068" id="token-13-12" start_char="2064">still</TOKEN>
				<TOKEN end_char="2072" id="token-13-13" start_char="2070">too</TOKEN>
				<TOKEN end_char="2079" id="token-13-14" start_char="2074">pricey</TOKEN>
				<TOKEN end_char="2080" id="token-13-15" start_char="2080">’</TOKEN>
			</SEG>
			<SEG end_char="2131" id="20120924_WAPO_ab8eb0a8-0655-11e2-afff-d6c7f20a83bf-14" start_char="2082">
				<ORIGINAL_TEXT>Facebook, Google, Amazon join forces in D.C. lobby</ORIGINAL_TEXT>
				<TOKEN end_char="2089" id="token-14-0" start_char="2082">Facebook</TOKEN>
				<TOKEN end_char="2090" id="token-14-1" start_char="2090">,</TOKEN>
				<TOKEN end_char="2097" id="token-14-2" start_char="2092">Google</TOKEN>
				<TOKEN end_char="2098" id="token-14-3" start_char="2098">,</TOKEN>
				<TOKEN end_char="2105" id="token-14-4" start_char="2100">Amazon</TOKEN>
				<TOKEN end_char="2110" id="token-14-5" start_char="2107">join</TOKEN>
				<TOKEN end_char="2117" id="token-14-6" start_char="2112">forces</TOKEN>
				<TOKEN end_char="2120" id="token-14-7" start_char="2119">in</TOKEN>
				<TOKEN end_char="2122" id="token-14-8" start_char="2122">D</TOKEN>
				<TOKEN end_char="2123" id="token-14-9" start_char="2123">.</TOKEN>
				<TOKEN end_char="2124" id="token-14-10" start_char="2124">C</TOKEN>
				<TOKEN end_char="2125" id="token-14-11" start_char="2125">.</TOKEN>
				<TOKEN end_char="2131" id="token-14-12" start_char="2127">lobby</TOKEN>
			</SEG>
		</TEXT>
	</DOC>
</LCTL_TEXT>
