<?xml version="1.0" encoding="utf-8"?>
<LCTL_TEXT>
	<DOC id="20120620_WAPO_6eaf3cf2-ba51-11e1-8867-ecf6cb7935ef">
		<TEXT>
			<SEG end_char="76" id="20120620_WAPO_6eaf3cf2-ba51-11e1-8867-ecf6cb7935ef-0" start_char="0">
				<ORIGINAL_TEXT>The Influence Industry: New egg lobby heats debate over hen-house legislation</ORIGINAL_TEXT>
				<TOKEN end_char="2" id="token-0-0" start_char="0">The</TOKEN>
				<TOKEN end_char="12" id="token-0-1" start_char="4">Influence</TOKEN>
				<TOKEN end_char="21" id="token-0-2" start_char="14">Industry</TOKEN>
				<TOKEN end_char="22" id="token-0-3" start_char="22">:</TOKEN>
				<TOKEN end_char="26" id="token-0-4" start_char="24">New</TOKEN>
				<TOKEN end_char="30" id="token-0-5" start_char="28">egg</TOKEN>
				<TOKEN end_char="36" id="token-0-6" start_char="32">lobby</TOKEN>
				<TOKEN end_char="42" id="token-0-7" start_char="38">heats</TOKEN>
				<TOKEN end_char="49" id="token-0-8" start_char="44">debate</TOKEN>
				<TOKEN end_char="54" id="token-0-9" start_char="51">over</TOKEN>
				<TOKEN end_char="58" id="token-0-10" start_char="56">hen</TOKEN>
				<TOKEN end_char="59" id="token-0-11" start_char="59">-</TOKEN>
				<TOKEN end_char="64" id="token-0-12" start_char="60">house</TOKEN>
				<TOKEN end_char="76" id="token-0-13" start_char="66">legislation</TOKEN>
			</SEG>
			<SEG end_char="120" id="20120620_WAPO_6eaf3cf2-ba51-11e1-8867-ecf6cb7935ef-1" start_char="78">
				<ORIGINAL_TEXT>Wednesday, June 20, 2012 21:55:54 GMT-05:00</ORIGINAL_TEXT>
				<TOKEN end_char="86" id="token-1-0" start_char="78">Wednesday</TOKEN>
				<TOKEN end_char="87" id="token-1-1" start_char="87">,</TOKEN>
				<TOKEN end_char="92" id="token-1-2" start_char="89">June</TOKEN>
				<TOKEN end_char="95" id="token-1-3" start_char="94">20</TOKEN>
				<TOKEN end_char="96" id="token-1-4" start_char="96">,</TOKEN>
				<TOKEN end_char="101" id="token-1-5" start_char="98">2012</TOKEN>
				<TOKEN end_char="104" id="token-1-6" start_char="103">21</TOKEN>
				<TOKEN end_char="105" id="token-1-7" start_char="105">:</TOKEN>
				<TOKEN end_char="107" id="token-1-8" start_char="106">55</TOKEN>
				<TOKEN end_char="108" id="token-1-9" start_char="108">:</TOKEN>
				<TOKEN end_char="110" id="token-1-10" start_char="109">54</TOKEN>
				<TOKEN end_char="114" id="token-1-11" start_char="112">GMT</TOKEN>
				<TOKEN end_char="115" id="token-1-12" start_char="115">-</TOKEN>
				<TOKEN end_char="117" id="token-1-13" start_char="116">05</TOKEN>
				<TOKEN end_char="118" id="token-1-14" start_char="118">:</TOKEN>
				<TOKEN end_char="120" id="token-1-15" start_char="119">00</TOKEN>
			</SEG>
			<SEG end_char="338" id="20120620_WAPO_6eaf3cf2-ba51-11e1-8867-ecf6cb7935ef-2" start_char="122">
				<ORIGINAL_TEXT>Last summer, the United Egg Producers and the Humane Society of the United States agreed on legislation that would set national standards for the treatment of laying hens, setting aside years of enmity over the issue.</ORIGINAL_TEXT>
				<TOKEN end_char="125" id="token-2-0" start_char="122">Last</TOKEN>
				<TOKEN end_char="132" id="token-2-1" start_char="127">summer</TOKEN>
				<TOKEN end_char="133" id="token-2-2" start_char="133">,</TOKEN>
				<TOKEN end_char="137" id="token-2-3" start_char="135">the</TOKEN>
				<TOKEN end_char="144" id="token-2-4" start_char="139">United</TOKEN>
				<TOKEN end_char="148" id="token-2-5" start_char="146">Egg</TOKEN>
				<TOKEN end_char="158" id="token-2-6" start_char="150">Producers</TOKEN>
				<TOKEN end_char="162" id="token-2-7" start_char="160">and</TOKEN>
				<TOKEN end_char="166" id="token-2-8" start_char="164">the</TOKEN>
				<TOKEN end_char="173" id="token-2-9" start_char="168">Humane</TOKEN>
				<TOKEN end_char="181" id="token-2-10" start_char="175">Society</TOKEN>
				<TOKEN end_char="184" id="token-2-11" start_char="183">of</TOKEN>
				<TOKEN end_char="188" id="token-2-12" start_char="186">the</TOKEN>
				<TOKEN end_char="195" id="token-2-13" start_char="190">United</TOKEN>
				<TOKEN end_char="202" id="token-2-14" start_char="197">States</TOKEN>
				<TOKEN end_char="209" id="token-2-15" start_char="204">agreed</TOKEN>
				<TOKEN end_char="212" id="token-2-16" start_char="211">on</TOKEN>
				<TOKEN end_char="224" id="token-2-17" start_char="214">legislation</TOKEN>
				<TOKEN end_char="229" id="token-2-18" start_char="226">that</TOKEN>
				<TOKEN end_char="235" id="token-2-19" start_char="231">would</TOKEN>
				<TOKEN end_char="239" id="token-2-20" start_char="237">set</TOKEN>
				<TOKEN end_char="248" id="token-2-21" start_char="241">national</TOKEN>
				<TOKEN end_char="258" id="token-2-22" start_char="250">standards</TOKEN>
				<TOKEN end_char="262" id="token-2-23" start_char="260">for</TOKEN>
				<TOKEN end_char="266" id="token-2-24" start_char="264">the</TOKEN>
				<TOKEN end_char="276" id="token-2-25" start_char="268">treatment</TOKEN>
				<TOKEN end_char="279" id="token-2-26" start_char="278">of</TOKEN>
				<TOKEN end_char="286" id="token-2-27" start_char="281">laying</TOKEN>
				<TOKEN end_char="291" id="token-2-28" start_char="288">hens</TOKEN>
				<TOKEN end_char="292" id="token-2-29" start_char="292">,</TOKEN>
				<TOKEN end_char="300" id="token-2-30" start_char="294">setting</TOKEN>
				<TOKEN end_char="306" id="token-2-31" start_char="302">aside</TOKEN>
				<TOKEN end_char="312" id="token-2-32" start_char="308">years</TOKEN>
				<TOKEN end_char="315" id="token-2-33" start_char="314">of</TOKEN>
				<TOKEN end_char="322" id="token-2-34" start_char="317">enmity</TOKEN>
				<TOKEN end_char="327" id="token-2-35" start_char="324">over</TOKEN>
				<TOKEN end_char="331" id="token-2-36" start_char="329">the</TOKEN>
				<TOKEN end_char="337" id="token-2-37" start_char="333">issue</TOKEN>
				<TOKEN end_char="338" id="token-2-38" start_char="338">.</TOKEN>
			</SEG>
			<SEG end_char="513" id="20120620_WAPO_6eaf3cf2-ba51-11e1-8867-ecf6cb7935ef-3" start_char="340">
				<ORIGINAL_TEXT>But the development did not sit well with Amon Baer, an egg farmer and pork producer in Minnesota who says he decided to set up his own Washington lobbying group in response.</ORIGINAL_TEXT>
				<TOKEN end_char="342" id="token-3-0" start_char="340">But</TOKEN>
				<TOKEN end_char="346" id="token-3-1" start_char="344">the</TOKEN>
				<TOKEN end_char="358" id="token-3-2" start_char="348">development</TOKEN>
				<TOKEN end_char="362" id="token-3-3" start_char="360">did</TOKEN>
				<TOKEN end_char="366" id="token-3-4" start_char="364">not</TOKEN>
				<TOKEN end_char="370" id="token-3-5" start_char="368">sit</TOKEN>
				<TOKEN end_char="375" id="token-3-6" start_char="372">well</TOKEN>
				<TOKEN end_char="380" id="token-3-7" start_char="377">with</TOKEN>
				<TOKEN end_char="385" id="token-3-8" start_char="382">Amon</TOKEN>
				<TOKEN end_char="390" id="token-3-9" start_char="387">Baer</TOKEN>
				<TOKEN end_char="391" id="token-3-10" start_char="391">,</TOKEN>
				<TOKEN end_char="394" id="token-3-11" start_char="393">an</TOKEN>
				<TOKEN end_char="398" id="token-3-12" start_char="396">egg</TOKEN>
				<TOKEN end_char="405" id="token-3-13" start_char="400">farmer</TOKEN>
				<TOKEN end_char="409" id="token-3-14" start_char="407">and</TOKEN>
				<TOKEN end_char="414" id="token-3-15" start_char="411">pork</TOKEN>
				<TOKEN end_char="423" id="token-3-16" start_char="416">producer</TOKEN>
				<TOKEN end_char="426" id="token-3-17" start_char="425">in</TOKEN>
				<TOKEN end_char="436" id="token-3-18" start_char="428">Minnesota</TOKEN>
				<TOKEN end_char="440" id="token-3-19" start_char="438">who</TOKEN>
				<TOKEN end_char="445" id="token-3-20" start_char="442">says</TOKEN>
				<TOKEN end_char="448" id="token-3-21" start_char="447">he</TOKEN>
				<TOKEN end_char="456" id="token-3-22" start_char="450">decided</TOKEN>
				<TOKEN end_char="459" id="token-3-23" start_char="458">to</TOKEN>
				<TOKEN end_char="463" id="token-3-24" start_char="461">set</TOKEN>
				<TOKEN end_char="466" id="token-3-25" start_char="465">up</TOKEN>
				<TOKEN end_char="470" id="token-3-26" start_char="468">his</TOKEN>
				<TOKEN end_char="474" id="token-3-27" start_char="472">own</TOKEN>
				<TOKEN end_char="485" id="token-3-28" start_char="476">Washington</TOKEN>
				<TOKEN end_char="494" id="token-3-29" start_char="487">lobbying</TOKEN>
				<TOKEN end_char="500" id="token-3-30" start_char="496">group</TOKEN>
				<TOKEN end_char="503" id="token-3-31" start_char="502">in</TOKEN>
				<TOKEN end_char="512" id="token-3-32" start_char="505">response</TOKEN>
				<TOKEN end_char="513" id="token-3-33" start_char="513">.</TOKEN>
			</SEG>
			<SEG end_char="914" id="20120620_WAPO_6eaf3cf2-ba51-11e1-8867-ecf6cb7935ef-4" start_char="515">
				<ORIGINAL_TEXT>The group, dubbed Egg Farmers of America, has joined with much larger agribusiness organizations in mounting strong opposition to the proposed egg legislation, which is part of the broader debate over a farm bill now convulsing Congress. The debate has pitted the egg industry’s largest lobbying group against other agricultural interests, as well as producing a split within the egg industry itself.</ORIGINAL_TEXT>
				<TOKEN end_char="517" id="token-4-0" start_char="515">The</TOKEN>
				<TOKEN end_char="523" id="token-4-1" start_char="519">group</TOKEN>
				<TOKEN end_char="524" id="token-4-2" start_char="524">,</TOKEN>
				<TOKEN end_char="531" id="token-4-3" start_char="526">dubbed</TOKEN>
				<TOKEN end_char="535" id="token-4-4" start_char="533">Egg</TOKEN>
				<TOKEN end_char="543" id="token-4-5" start_char="537">Farmers</TOKEN>
				<TOKEN end_char="546" id="token-4-6" start_char="545">of</TOKEN>
				<TOKEN end_char="554" id="token-4-7" start_char="548">America</TOKEN>
				<TOKEN end_char="555" id="token-4-8" start_char="555">,</TOKEN>
				<TOKEN end_char="559" id="token-4-9" start_char="557">has</TOKEN>
				<TOKEN end_char="566" id="token-4-10" start_char="561">joined</TOKEN>
				<TOKEN end_char="571" id="token-4-11" start_char="568">with</TOKEN>
				<TOKEN end_char="576" id="token-4-12" start_char="573">much</TOKEN>
				<TOKEN end_char="583" id="token-4-13" start_char="578">larger</TOKEN>
				<TOKEN end_char="596" id="token-4-14" start_char="585">agribusiness</TOKEN>
				<TOKEN end_char="610" id="token-4-15" start_char="598">organizations</TOKEN>
				<TOKEN end_char="613" id="token-4-16" start_char="612">in</TOKEN>
				<TOKEN end_char="622" id="token-4-17" start_char="615">mounting</TOKEN>
				<TOKEN end_char="629" id="token-4-18" start_char="624">strong</TOKEN>
				<TOKEN end_char="640" id="token-4-19" start_char="631">opposition</TOKEN>
				<TOKEN end_char="643" id="token-4-20" start_char="642">to</TOKEN>
				<TOKEN end_char="647" id="token-4-21" start_char="645">the</TOKEN>
				<TOKEN end_char="656" id="token-4-22" start_char="649">proposed</TOKEN>
				<TOKEN end_char="660" id="token-4-23" start_char="658">egg</TOKEN>
				<TOKEN end_char="672" id="token-4-24" start_char="662">legislation</TOKEN>
				<TOKEN end_char="673" id="token-4-25" start_char="673">,</TOKEN>
				<TOKEN end_char="679" id="token-4-26" start_char="675">which</TOKEN>
				<TOKEN end_char="682" id="token-4-27" start_char="681">is</TOKEN>
				<TOKEN end_char="687" id="token-4-28" start_char="684">part</TOKEN>
				<TOKEN end_char="690" id="token-4-29" start_char="689">of</TOKEN>
				<TOKEN end_char="694" id="token-4-30" start_char="692">the</TOKEN>
				<TOKEN end_char="702" id="token-4-31" start_char="696">broader</TOKEN>
				<TOKEN end_char="709" id="token-4-32" start_char="704">debate</TOKEN>
				<TOKEN end_char="714" id="token-4-33" start_char="711">over</TOKEN>
				<TOKEN end_char="716" id="token-4-34" start_char="716">a</TOKEN>
				<TOKEN end_char="721" id="token-4-35" start_char="718">farm</TOKEN>
				<TOKEN end_char="726" id="token-4-36" start_char="723">bill</TOKEN>
				<TOKEN end_char="730" id="token-4-37" start_char="728">now</TOKEN>
				<TOKEN end_char="741" id="token-4-38" start_char="732">convulsing</TOKEN>
				<TOKEN end_char="750" id="token-4-39" start_char="743">Congress</TOKEN>
				<TOKEN end_char="751" id="token-4-40" start_char="751">.</TOKEN>
				<TOKEN end_char="755" id="token-4-41" start_char="753">The</TOKEN>
				<TOKEN end_char="762" id="token-4-42" start_char="757">debate</TOKEN>
				<TOKEN end_char="766" id="token-4-43" start_char="764">has</TOKEN>
				<TOKEN end_char="773" id="token-4-44" start_char="768">pitted</TOKEN>
				<TOKEN end_char="777" id="token-4-45" start_char="775">the</TOKEN>
				<TOKEN end_char="781" id="token-4-46" start_char="779">egg</TOKEN>
				<TOKEN end_char="790" id="token-4-47" start_char="783">industry</TOKEN>
				<TOKEN end_char="791" id="token-4-48" start_char="791">’</TOKEN>
				<TOKEN end_char="792" id="token-4-49" start_char="792">s</TOKEN>
				<TOKEN end_char="800" id="token-4-50" start_char="794">largest</TOKEN>
				<TOKEN end_char="809" id="token-4-51" start_char="802">lobbying</TOKEN>
				<TOKEN end_char="815" id="token-4-52" start_char="811">group</TOKEN>
				<TOKEN end_char="823" id="token-4-53" start_char="817">against</TOKEN>
				<TOKEN end_char="829" id="token-4-54" start_char="825">other</TOKEN>
				<TOKEN end_char="842" id="token-4-55" start_char="831">agricultural</TOKEN>
				<TOKEN end_char="852" id="token-4-56" start_char="844">interests</TOKEN>
				<TOKEN end_char="853" id="token-4-57" start_char="853">,</TOKEN>
				<TOKEN end_char="856" id="token-4-58" start_char="855">as</TOKEN>
				<TOKEN end_char="861" id="token-4-59" start_char="858">well</TOKEN>
				<TOKEN end_char="864" id="token-4-60" start_char="863">as</TOKEN>
				<TOKEN end_char="874" id="token-4-61" start_char="866">producing</TOKEN>
				<TOKEN end_char="876" id="token-4-62" start_char="876">a</TOKEN>
				<TOKEN end_char="882" id="token-4-63" start_char="878">split</TOKEN>
				<TOKEN end_char="889" id="token-4-64" start_char="884">within</TOKEN>
				<TOKEN end_char="893" id="token-4-65" start_char="891">the</TOKEN>
				<TOKEN end_char="897" id="token-4-66" start_char="895">egg</TOKEN>
				<TOKEN end_char="906" id="token-4-67" start_char="899">industry</TOKEN>
				<TOKEN end_char="913" id="token-4-68" start_char="908">itself</TOKEN>
				<TOKEN end_char="914" id="token-4-69" start_char="914">.</TOKEN>
			</SEG>
			<SEG end_char="1187" id="20120620_WAPO_6eaf3cf2-ba51-11e1-8867-ecf6cb7935ef-5" start_char="916">
				<ORIGINAL_TEXT>Under the proposal, the average size of cages for laying hens would be doubled and new federal standards would be imposed for hygiene, cage-free labeling and other measures. Although the proposal appears stalled in the Senate, backers are hoping for approval in the House.</ORIGINAL_TEXT>
				<TOKEN end_char="920" id="token-5-0" start_char="916">Under</TOKEN>
				<TOKEN end_char="924" id="token-5-1" start_char="922">the</TOKEN>
				<TOKEN end_char="933" id="token-5-2" start_char="926">proposal</TOKEN>
				<TOKEN end_char="934" id="token-5-3" start_char="934">,</TOKEN>
				<TOKEN end_char="938" id="token-5-4" start_char="936">the</TOKEN>
				<TOKEN end_char="946" id="token-5-5" start_char="940">average</TOKEN>
				<TOKEN end_char="951" id="token-5-6" start_char="948">size</TOKEN>
				<TOKEN end_char="954" id="token-5-7" start_char="953">of</TOKEN>
				<TOKEN end_char="960" id="token-5-8" start_char="956">cages</TOKEN>
				<TOKEN end_char="964" id="token-5-9" start_char="962">for</TOKEN>
				<TOKEN end_char="971" id="token-5-10" start_char="966">laying</TOKEN>
				<TOKEN end_char="976" id="token-5-11" start_char="973">hens</TOKEN>
				<TOKEN end_char="982" id="token-5-12" start_char="978">would</TOKEN>
				<TOKEN end_char="985" id="token-5-13" start_char="984">be</TOKEN>
				<TOKEN end_char="993" id="token-5-14" start_char="987">doubled</TOKEN>
				<TOKEN end_char="997" id="token-5-15" start_char="995">and</TOKEN>
				<TOKEN end_char="1001" id="token-5-16" start_char="999">new</TOKEN>
				<TOKEN end_char="1009" id="token-5-17" start_char="1003">federal</TOKEN>
				<TOKEN end_char="1019" id="token-5-18" start_char="1011">standards</TOKEN>
				<TOKEN end_char="1025" id="token-5-19" start_char="1021">would</TOKEN>
				<TOKEN end_char="1028" id="token-5-20" start_char="1027">be</TOKEN>
				<TOKEN end_char="1036" id="token-5-21" start_char="1030">imposed</TOKEN>
				<TOKEN end_char="1040" id="token-5-22" start_char="1038">for</TOKEN>
				<TOKEN end_char="1048" id="token-5-23" start_char="1042">hygiene</TOKEN>
				<TOKEN end_char="1049" id="token-5-24" start_char="1049">,</TOKEN>
				<TOKEN end_char="1054" id="token-5-25" start_char="1051">cage</TOKEN>
				<TOKEN end_char="1055" id="token-5-26" start_char="1055">-</TOKEN>
				<TOKEN end_char="1059" id="token-5-27" start_char="1056">free</TOKEN>
				<TOKEN end_char="1068" id="token-5-28" start_char="1061">labeling</TOKEN>
				<TOKEN end_char="1072" id="token-5-29" start_char="1070">and</TOKEN>
				<TOKEN end_char="1078" id="token-5-30" start_char="1074">other</TOKEN>
				<TOKEN end_char="1087" id="token-5-31" start_char="1080">measures</TOKEN>
				<TOKEN end_char="1088" id="token-5-32" start_char="1088">.</TOKEN>
				<TOKEN end_char="1097" id="token-5-33" start_char="1090">Although</TOKEN>
				<TOKEN end_char="1101" id="token-5-34" start_char="1099">the</TOKEN>
				<TOKEN end_char="1110" id="token-5-35" start_char="1103">proposal</TOKEN>
				<TOKEN end_char="1118" id="token-5-36" start_char="1112">appears</TOKEN>
				<TOKEN end_char="1126" id="token-5-37" start_char="1120">stalled</TOKEN>
				<TOKEN end_char="1129" id="token-5-38" start_char="1128">in</TOKEN>
				<TOKEN end_char="1133" id="token-5-39" start_char="1131">the</TOKEN>
				<TOKEN end_char="1140" id="token-5-40" start_char="1135">Senate</TOKEN>
				<TOKEN end_char="1141" id="token-5-41" start_char="1141">,</TOKEN>
				<TOKEN end_char="1149" id="token-5-42" start_char="1143">backers</TOKEN>
				<TOKEN end_char="1153" id="token-5-43" start_char="1151">are</TOKEN>
				<TOKEN end_char="1160" id="token-5-44" start_char="1155">hoping</TOKEN>
				<TOKEN end_char="1164" id="token-5-45" start_char="1162">for</TOKEN>
				<TOKEN end_char="1173" id="token-5-46" start_char="1166">approval</TOKEN>
				<TOKEN end_char="1176" id="token-5-47" start_char="1175">in</TOKEN>
				<TOKEN end_char="1180" id="token-5-48" start_char="1178">the</TOKEN>
				<TOKEN end_char="1186" id="token-5-49" start_char="1182">House</TOKEN>
				<TOKEN end_char="1187" id="token-5-50" start_char="1187">.</TOKEN>
			</SEG>
			<SEG end_char="1421" id="20120620_WAPO_6eaf3cf2-ba51-11e1-8867-ecf6cb7935ef-6" start_char="1189">
				<ORIGINAL_TEXT>The Humane Society views the deal as an important move forward in the treatment of poultry, while the egg producers group favors the legislation in part because it would do away with a confusing patchwork of state-by-state standards.</ORIGINAL_TEXT>
				<TOKEN end_char="1191" id="token-6-0" start_char="1189">The</TOKEN>
				<TOKEN end_char="1198" id="token-6-1" start_char="1193">Humane</TOKEN>
				<TOKEN end_char="1206" id="token-6-2" start_char="1200">Society</TOKEN>
				<TOKEN end_char="1212" id="token-6-3" start_char="1208">views</TOKEN>
				<TOKEN end_char="1216" id="token-6-4" start_char="1214">the</TOKEN>
				<TOKEN end_char="1221" id="token-6-5" start_char="1218">deal</TOKEN>
				<TOKEN end_char="1224" id="token-6-6" start_char="1223">as</TOKEN>
				<TOKEN end_char="1227" id="token-6-7" start_char="1226">an</TOKEN>
				<TOKEN end_char="1237" id="token-6-8" start_char="1229">important</TOKEN>
				<TOKEN end_char="1242" id="token-6-9" start_char="1239">move</TOKEN>
				<TOKEN end_char="1250" id="token-6-10" start_char="1244">forward</TOKEN>
				<TOKEN end_char="1253" id="token-6-11" start_char="1252">in</TOKEN>
				<TOKEN end_char="1257" id="token-6-12" start_char="1255">the</TOKEN>
				<TOKEN end_char="1267" id="token-6-13" start_char="1259">treatment</TOKEN>
				<TOKEN end_char="1270" id="token-6-14" start_char="1269">of</TOKEN>
				<TOKEN end_char="1278" id="token-6-15" start_char="1272">poultry</TOKEN>
				<TOKEN end_char="1279" id="token-6-16" start_char="1279">,</TOKEN>
				<TOKEN end_char="1285" id="token-6-17" start_char="1281">while</TOKEN>
				<TOKEN end_char="1289" id="token-6-18" start_char="1287">the</TOKEN>
				<TOKEN end_char="1293" id="token-6-19" start_char="1291">egg</TOKEN>
				<TOKEN end_char="1303" id="token-6-20" start_char="1295">producers</TOKEN>
				<TOKEN end_char="1309" id="token-6-21" start_char="1305">group</TOKEN>
				<TOKEN end_char="1316" id="token-6-22" start_char="1311">favors</TOKEN>
				<TOKEN end_char="1320" id="token-6-23" start_char="1318">the</TOKEN>
				<TOKEN end_char="1332" id="token-6-24" start_char="1322">legislation</TOKEN>
				<TOKEN end_char="1335" id="token-6-25" start_char="1334">in</TOKEN>
				<TOKEN end_char="1340" id="token-6-26" start_char="1337">part</TOKEN>
				<TOKEN end_char="1348" id="token-6-27" start_char="1342">because</TOKEN>
				<TOKEN end_char="1351" id="token-6-28" start_char="1350">it</TOKEN>
				<TOKEN end_char="1357" id="token-6-29" start_char="1353">would</TOKEN>
				<TOKEN end_char="1360" id="token-6-30" start_char="1359">do</TOKEN>
				<TOKEN end_char="1365" id="token-6-31" start_char="1362">away</TOKEN>
				<TOKEN end_char="1370" id="token-6-32" start_char="1367">with</TOKEN>
				<TOKEN end_char="1372" id="token-6-33" start_char="1372">a</TOKEN>
				<TOKEN end_char="1382" id="token-6-34" start_char="1374">confusing</TOKEN>
				<TOKEN end_char="1392" id="token-6-35" start_char="1384">patchwork</TOKEN>
				<TOKEN end_char="1395" id="token-6-36" start_char="1394">of</TOKEN>
				<TOKEN end_char="1401" id="token-6-37" start_char="1397">state</TOKEN>
				<TOKEN end_char="1402" id="token-6-38" start_char="1402">-</TOKEN>
				<TOKEN end_char="1404" id="token-6-39" start_char="1403">by</TOKEN>
				<TOKEN end_char="1405" id="token-6-40" start_char="1405">-</TOKEN>
				<TOKEN end_char="1410" id="token-6-41" start_char="1406">state</TOKEN>
				<TOKEN end_char="1420" id="token-6-42" start_char="1412">standards</TOKEN>
				<TOKEN end_char="1421" id="token-6-43" start_char="1421">.</TOKEN>
			</SEG>
			<SEG end_char="1789" id="20120620_WAPO_6eaf3cf2-ba51-11e1-8867-ecf6cb7935ef-7" start_char="1423">
				<ORIGINAL_TEXT>But Baer said his organization has dozens of members, primarily in the upper Midwest, who would be financially devastated by new requirements in the legislation. Large agribusiness groups such as the Farm Bureau and the National Pork Producers Council also oppose the bill because they fear it could set a precedent for tougher federal regulation of their industries.</ORIGINAL_TEXT>
				<TOKEN end_char="1425" id="token-7-0" start_char="1423">But</TOKEN>
				<TOKEN end_char="1430" id="token-7-1" start_char="1427">Baer</TOKEN>
				<TOKEN end_char="1435" id="token-7-2" start_char="1432">said</TOKEN>
				<TOKEN end_char="1439" id="token-7-3" start_char="1437">his</TOKEN>
				<TOKEN end_char="1452" id="token-7-4" start_char="1441">organization</TOKEN>
				<TOKEN end_char="1456" id="token-7-5" start_char="1454">has</TOKEN>
				<TOKEN end_char="1463" id="token-7-6" start_char="1458">dozens</TOKEN>
				<TOKEN end_char="1466" id="token-7-7" start_char="1465">of</TOKEN>
				<TOKEN end_char="1474" id="token-7-8" start_char="1468">members</TOKEN>
				<TOKEN end_char="1475" id="token-7-9" start_char="1475">,</TOKEN>
				<TOKEN end_char="1485" id="token-7-10" start_char="1477">primarily</TOKEN>
				<TOKEN end_char="1488" id="token-7-11" start_char="1487">in</TOKEN>
				<TOKEN end_char="1492" id="token-7-12" start_char="1490">the</TOKEN>
				<TOKEN end_char="1498" id="token-7-13" start_char="1494">upper</TOKEN>
				<TOKEN end_char="1506" id="token-7-14" start_char="1500">Midwest</TOKEN>
				<TOKEN end_char="1507" id="token-7-15" start_char="1507">,</TOKEN>
				<TOKEN end_char="1511" id="token-7-16" start_char="1509">who</TOKEN>
				<TOKEN end_char="1517" id="token-7-17" start_char="1513">would</TOKEN>
				<TOKEN end_char="1520" id="token-7-18" start_char="1519">be</TOKEN>
				<TOKEN end_char="1532" id="token-7-19" start_char="1522">financially</TOKEN>
				<TOKEN end_char="1543" id="token-7-20" start_char="1534">devastated</TOKEN>
				<TOKEN end_char="1546" id="token-7-21" start_char="1545">by</TOKEN>
				<TOKEN end_char="1550" id="token-7-22" start_char="1548">new</TOKEN>
				<TOKEN end_char="1563" id="token-7-23" start_char="1552">requirements</TOKEN>
				<TOKEN end_char="1566" id="token-7-24" start_char="1565">in</TOKEN>
				<TOKEN end_char="1570" id="token-7-25" start_char="1568">the</TOKEN>
				<TOKEN end_char="1582" id="token-7-26" start_char="1572">legislation</TOKEN>
				<TOKEN end_char="1583" id="token-7-27" start_char="1583">.</TOKEN>
				<TOKEN end_char="1589" id="token-7-28" start_char="1585">Large</TOKEN>
				<TOKEN end_char="1602" id="token-7-29" start_char="1591">agribusiness</TOKEN>
				<TOKEN end_char="1609" id="token-7-30" start_char="1604">groups</TOKEN>
				<TOKEN end_char="1614" id="token-7-31" start_char="1611">such</TOKEN>
				<TOKEN end_char="1617" id="token-7-32" start_char="1616">as</TOKEN>
				<TOKEN end_char="1621" id="token-7-33" start_char="1619">the</TOKEN>
				<TOKEN end_char="1626" id="token-7-34" start_char="1623">Farm</TOKEN>
				<TOKEN end_char="1633" id="token-7-35" start_char="1628">Bureau</TOKEN>
				<TOKEN end_char="1637" id="token-7-36" start_char="1635">and</TOKEN>
				<TOKEN end_char="1641" id="token-7-37" start_char="1639">the</TOKEN>
				<TOKEN end_char="1650" id="token-7-38" start_char="1643">National</TOKEN>
				<TOKEN end_char="1655" id="token-7-39" start_char="1652">Pork</TOKEN>
				<TOKEN end_char="1665" id="token-7-40" start_char="1657">Producers</TOKEN>
				<TOKEN end_char="1673" id="token-7-41" start_char="1667">Council</TOKEN>
				<TOKEN end_char="1678" id="token-7-42" start_char="1675">also</TOKEN>
				<TOKEN end_char="1685" id="token-7-43" start_char="1680">oppose</TOKEN>
				<TOKEN end_char="1689" id="token-7-44" start_char="1687">the</TOKEN>
				<TOKEN end_char="1694" id="token-7-45" start_char="1691">bill</TOKEN>
				<TOKEN end_char="1702" id="token-7-46" start_char="1696">because</TOKEN>
				<TOKEN end_char="1707" id="token-7-47" start_char="1704">they</TOKEN>
				<TOKEN end_char="1712" id="token-7-48" start_char="1709">fear</TOKEN>
				<TOKEN end_char="1715" id="token-7-49" start_char="1714">it</TOKEN>
				<TOKEN end_char="1721" id="token-7-50" start_char="1717">could</TOKEN>
				<TOKEN end_char="1725" id="token-7-51" start_char="1723">set</TOKEN>
				<TOKEN end_char="1727" id="token-7-52" start_char="1727">a</TOKEN>
				<TOKEN end_char="1737" id="token-7-53" start_char="1729">precedent</TOKEN>
				<TOKEN end_char="1741" id="token-7-54" start_char="1739">for</TOKEN>
				<TOKEN end_char="1749" id="token-7-55" start_char="1743">tougher</TOKEN>
				<TOKEN end_char="1757" id="token-7-56" start_char="1751">federal</TOKEN>
				<TOKEN end_char="1768" id="token-7-57" start_char="1759">regulation</TOKEN>
				<TOKEN end_char="1771" id="token-7-58" start_char="1770">of</TOKEN>
				<TOKEN end_char="1777" id="token-7-59" start_char="1773">their</TOKEN>
				<TOKEN end_char="1788" id="token-7-60" start_char="1779">industries</TOKEN>
				<TOKEN end_char="1789" id="token-7-61" start_char="1789">.</TOKEN>
			</SEG>
			<SEG end_char="1948" id="20120620_WAPO_6eaf3cf2-ba51-11e1-8867-ecf6cb7935ef-8" start_char="1791">
				<ORIGINAL_TEXT>“We just feel we’re not represented by UEP,” said Baer, who is a UEP board member. “They’re not representing the interests of mid-size and smaller producers.”</ORIGINAL_TEXT>
				<TOKEN end_char="1791" id="token-8-0" start_char="1791">“</TOKEN>
				<TOKEN end_char="1793" id="token-8-1" start_char="1792">We</TOKEN>
				<TOKEN end_char="1798" id="token-8-2" start_char="1795">just</TOKEN>
				<TOKEN end_char="1803" id="token-8-3" start_char="1800">feel</TOKEN>
				<TOKEN end_char="1806" id="token-8-4" start_char="1805">we</TOKEN>
				<TOKEN end_char="1807" id="token-8-5" start_char="1807">’</TOKEN>
				<TOKEN end_char="1809" id="token-8-6" start_char="1808">re</TOKEN>
				<TOKEN end_char="1813" id="token-8-7" start_char="1811">not</TOKEN>
				<TOKEN end_char="1825" id="token-8-8" start_char="1815">represented</TOKEN>
				<TOKEN end_char="1828" id="token-8-9" start_char="1827">by</TOKEN>
				<TOKEN end_char="1832" id="token-8-10" start_char="1830">UEP</TOKEN>
				<TOKEN end_char="1834" id="token-8-11" start_char="1833">,”</TOKEN>
				<TOKEN end_char="1839" id="token-8-12" start_char="1836">said</TOKEN>
				<TOKEN end_char="1844" id="token-8-13" start_char="1841">Baer</TOKEN>
				<TOKEN end_char="1845" id="token-8-14" start_char="1845">,</TOKEN>
				<TOKEN end_char="1849" id="token-8-15" start_char="1847">who</TOKEN>
				<TOKEN end_char="1852" id="token-8-16" start_char="1851">is</TOKEN>
				<TOKEN end_char="1854" id="token-8-17" start_char="1854">a</TOKEN>
				<TOKEN end_char="1858" id="token-8-18" start_char="1856">UEP</TOKEN>
				<TOKEN end_char="1864" id="token-8-19" start_char="1860">board</TOKEN>
				<TOKEN end_char="1871" id="token-8-20" start_char="1866">member</TOKEN>
				<TOKEN end_char="1872" id="token-8-21" start_char="1872">.</TOKEN>
				<TOKEN end_char="1874" id="token-8-22" start_char="1874">“</TOKEN>
				<TOKEN end_char="1878" id="token-8-23" start_char="1875">They</TOKEN>
				<TOKEN end_char="1879" id="token-8-24" start_char="1879">’</TOKEN>
				<TOKEN end_char="1881" id="token-8-25" start_char="1880">re</TOKEN>
				<TOKEN end_char="1885" id="token-8-26" start_char="1883">not</TOKEN>
				<TOKEN end_char="1898" id="token-8-27" start_char="1887">representing</TOKEN>
				<TOKEN end_char="1902" id="token-8-28" start_char="1900">the</TOKEN>
				<TOKEN end_char="1912" id="token-8-29" start_char="1904">interests</TOKEN>
				<TOKEN end_char="1915" id="token-8-30" start_char="1914">of</TOKEN>
				<TOKEN end_char="1919" id="token-8-31" start_char="1917">mid</TOKEN>
				<TOKEN end_char="1920" id="token-8-32" start_char="1920">-</TOKEN>
				<TOKEN end_char="1924" id="token-8-33" start_char="1921">size</TOKEN>
				<TOKEN end_char="1928" id="token-8-34" start_char="1926">and</TOKEN>
				<TOKEN end_char="1936" id="token-8-35" start_char="1930">smaller</TOKEN>
				<TOKEN end_char="1946" id="token-8-36" start_char="1938">producers</TOKEN>
				<TOKEN end_char="1948" id="token-8-37" start_char="1947">.”</TOKEN>
			</SEG>
			<SEG end_char="2152" id="20120620_WAPO_6eaf3cf2-ba51-11e1-8867-ecf6cb7935ef-9" start_char="1950">
				<ORIGINAL_TEXT>Animal-welfare advocates, meanwhile, accuse Baer’s Egg Farmers of America of acting as a Trojan horse for the pork industry and other agribusiness interests firmly opposed to tougher federal regulations.</ORIGINAL_TEXT>
				<TOKEN end_char="1955" id="token-9-0" start_char="1950">Animal</TOKEN>
				<TOKEN end_char="1956" id="token-9-1" start_char="1956">-</TOKEN>
				<TOKEN end_char="1963" id="token-9-2" start_char="1957">welfare</TOKEN>
				<TOKEN end_char="1973" id="token-9-3" start_char="1965">advocates</TOKEN>
				<TOKEN end_char="1974" id="token-9-4" start_char="1974">,</TOKEN>
				<TOKEN end_char="1984" id="token-9-5" start_char="1976">meanwhile</TOKEN>
				<TOKEN end_char="1985" id="token-9-6" start_char="1985">,</TOKEN>
				<TOKEN end_char="1992" id="token-9-7" start_char="1987">accuse</TOKEN>
				<TOKEN end_char="1997" id="token-9-8" start_char="1994">Baer</TOKEN>
				<TOKEN end_char="1998" id="token-9-9" start_char="1998">’</TOKEN>
				<TOKEN end_char="1999" id="token-9-10" start_char="1999">s</TOKEN>
				<TOKEN end_char="2003" id="token-9-11" start_char="2001">Egg</TOKEN>
				<TOKEN end_char="2011" id="token-9-12" start_char="2005">Farmers</TOKEN>
				<TOKEN end_char="2014" id="token-9-13" start_char="2013">of</TOKEN>
				<TOKEN end_char="2022" id="token-9-14" start_char="2016">America</TOKEN>
				<TOKEN end_char="2025" id="token-9-15" start_char="2024">of</TOKEN>
				<TOKEN end_char="2032" id="token-9-16" start_char="2027">acting</TOKEN>
				<TOKEN end_char="2035" id="token-9-17" start_char="2034">as</TOKEN>
				<TOKEN end_char="2037" id="token-9-18" start_char="2037">a</TOKEN>
				<TOKEN end_char="2044" id="token-9-19" start_char="2039">Trojan</TOKEN>
				<TOKEN end_char="2050" id="token-9-20" start_char="2046">horse</TOKEN>
				<TOKEN end_char="2054" id="token-9-21" start_char="2052">for</TOKEN>
				<TOKEN end_char="2058" id="token-9-22" start_char="2056">the</TOKEN>
				<TOKEN end_char="2063" id="token-9-23" start_char="2060">pork</TOKEN>
				<TOKEN end_char="2072" id="token-9-24" start_char="2065">industry</TOKEN>
				<TOKEN end_char="2076" id="token-9-25" start_char="2074">and</TOKEN>
				<TOKEN end_char="2082" id="token-9-26" start_char="2078">other</TOKEN>
				<TOKEN end_char="2095" id="token-9-27" start_char="2084">agribusiness</TOKEN>
				<TOKEN end_char="2105" id="token-9-28" start_char="2097">interests</TOKEN>
				<TOKEN end_char="2112" id="token-9-29" start_char="2107">firmly</TOKEN>
				<TOKEN end_char="2120" id="token-9-30" start_char="2114">opposed</TOKEN>
				<TOKEN end_char="2123" id="token-9-31" start_char="2122">to</TOKEN>
				<TOKEN end_char="2131" id="token-9-32" start_char="2125">tougher</TOKEN>
				<TOKEN end_char="2139" id="token-9-33" start_char="2133">federal</TOKEN>
				<TOKEN end_char="2151" id="token-9-34" start_char="2141">regulations</TOKEN>
				<TOKEN end_char="2152" id="token-9-35" start_char="2152">.</TOKEN>
			</SEG>
			<SEG end_char="2376" id="20120620_WAPO_6eaf3cf2-ba51-11e1-8867-ecf6cb7935ef-10" start_char="2154">
				<ORIGINAL_TEXT>Paul Shapiro, vice president for farm animal protection at the Humane Society, said the new egg group has helped provide cover for the meat industry and other lobbying groups with little direct interest in the egg business.</ORIGINAL_TEXT>
				<TOKEN end_char="2157" id="token-10-0" start_char="2154">Paul</TOKEN>
				<TOKEN end_char="2165" id="token-10-1" start_char="2159">Shapiro</TOKEN>
				<TOKEN end_char="2166" id="token-10-2" start_char="2166">,</TOKEN>
				<TOKEN end_char="2171" id="token-10-3" start_char="2168">vice</TOKEN>
				<TOKEN end_char="2181" id="token-10-4" start_char="2173">president</TOKEN>
				<TOKEN end_char="2185" id="token-10-5" start_char="2183">for</TOKEN>
				<TOKEN end_char="2190" id="token-10-6" start_char="2187">farm</TOKEN>
				<TOKEN end_char="2197" id="token-10-7" start_char="2192">animal</TOKEN>
				<TOKEN end_char="2208" id="token-10-8" start_char="2199">protection</TOKEN>
				<TOKEN end_char="2211" id="token-10-9" start_char="2210">at</TOKEN>
				<TOKEN end_char="2215" id="token-10-10" start_char="2213">the</TOKEN>
				<TOKEN end_char="2222" id="token-10-11" start_char="2217">Humane</TOKEN>
				<TOKEN end_char="2230" id="token-10-12" start_char="2224">Society</TOKEN>
				<TOKEN end_char="2231" id="token-10-13" start_char="2231">,</TOKEN>
				<TOKEN end_char="2236" id="token-10-14" start_char="2233">said</TOKEN>
				<TOKEN end_char="2240" id="token-10-15" start_char="2238">the</TOKEN>
				<TOKEN end_char="2244" id="token-10-16" start_char="2242">new</TOKEN>
				<TOKEN end_char="2248" id="token-10-17" start_char="2246">egg</TOKEN>
				<TOKEN end_char="2254" id="token-10-18" start_char="2250">group</TOKEN>
				<TOKEN end_char="2258" id="token-10-19" start_char="2256">has</TOKEN>
				<TOKEN end_char="2265" id="token-10-20" start_char="2260">helped</TOKEN>
				<TOKEN end_char="2273" id="token-10-21" start_char="2267">provide</TOKEN>
				<TOKEN end_char="2279" id="token-10-22" start_char="2275">cover</TOKEN>
				<TOKEN end_char="2283" id="token-10-23" start_char="2281">for</TOKEN>
				<TOKEN end_char="2287" id="token-10-24" start_char="2285">the</TOKEN>
				<TOKEN end_char="2292" id="token-10-25" start_char="2289">meat</TOKEN>
				<TOKEN end_char="2301" id="token-10-26" start_char="2294">industry</TOKEN>
				<TOKEN end_char="2305" id="token-10-27" start_char="2303">and</TOKEN>
				<TOKEN end_char="2311" id="token-10-28" start_char="2307">other</TOKEN>
				<TOKEN end_char="2320" id="token-10-29" start_char="2313">lobbying</TOKEN>
				<TOKEN end_char="2327" id="token-10-30" start_char="2322">groups</TOKEN>
				<TOKEN end_char="2332" id="token-10-31" start_char="2329">with</TOKEN>
				<TOKEN end_char="2339" id="token-10-32" start_char="2334">little</TOKEN>
				<TOKEN end_char="2346" id="token-10-33" start_char="2341">direct</TOKEN>
				<TOKEN end_char="2355" id="token-10-34" start_char="2348">interest</TOKEN>
				<TOKEN end_char="2358" id="token-10-35" start_char="2357">in</TOKEN>
				<TOKEN end_char="2362" id="token-10-36" start_char="2360">the</TOKEN>
				<TOKEN end_char="2366" id="token-10-37" start_char="2364">egg</TOKEN>
				<TOKEN end_char="2375" id="token-10-38" start_char="2368">business</TOKEN>
				<TOKEN end_char="2376" id="token-10-39" start_char="2376">.</TOKEN>
			</SEG>
			<SEG end_char="2682" id="20120620_WAPO_6eaf3cf2-ba51-11e1-8867-ecf6cb7935ef-11" start_char="2378">
				<ORIGINAL_TEXT>“They had to fabricate this organization in order to make it appear that there is egg industry opposition, when in reality the majority of egg producers support this legislation,” Shapiro said. “Because the bill doesn’t affect cattle or pigs, they’ve had a hard time finding sympathy for their arguments.”</ORIGINAL_TEXT>
				<TOKEN end_char="2378" id="token-11-0" start_char="2378">“</TOKEN>
				<TOKEN end_char="2382" id="token-11-1" start_char="2379">They</TOKEN>
				<TOKEN end_char="2386" id="token-11-2" start_char="2384">had</TOKEN>
				<TOKEN end_char="2389" id="token-11-3" start_char="2388">to</TOKEN>
				<TOKEN end_char="2399" id="token-11-4" start_char="2391">fabricate</TOKEN>
				<TOKEN end_char="2404" id="token-11-5" start_char="2401">this</TOKEN>
				<TOKEN end_char="2417" id="token-11-6" start_char="2406">organization</TOKEN>
				<TOKEN end_char="2420" id="token-11-7" start_char="2419">in</TOKEN>
				<TOKEN end_char="2426" id="token-11-8" start_char="2422">order</TOKEN>
				<TOKEN end_char="2429" id="token-11-9" start_char="2428">to</TOKEN>
				<TOKEN end_char="2434" id="token-11-10" start_char="2431">make</TOKEN>
				<TOKEN end_char="2437" id="token-11-11" start_char="2436">it</TOKEN>
				<TOKEN end_char="2444" id="token-11-12" start_char="2439">appear</TOKEN>
				<TOKEN end_char="2449" id="token-11-13" start_char="2446">that</TOKEN>
				<TOKEN end_char="2455" id="token-11-14" start_char="2451">there</TOKEN>
				<TOKEN end_char="2458" id="token-11-15" start_char="2457">is</TOKEN>
				<TOKEN end_char="2462" id="token-11-16" start_char="2460">egg</TOKEN>
				<TOKEN end_char="2471" id="token-11-17" start_char="2464">industry</TOKEN>
				<TOKEN end_char="2482" id="token-11-18" start_char="2473">opposition</TOKEN>
				<TOKEN end_char="2483" id="token-11-19" start_char="2483">,</TOKEN>
				<TOKEN end_char="2488" id="token-11-20" start_char="2485">when</TOKEN>
				<TOKEN end_char="2491" id="token-11-21" start_char="2490">in</TOKEN>
				<TOKEN end_char="2499" id="token-11-22" start_char="2493">reality</TOKEN>
				<TOKEN end_char="2503" id="token-11-23" start_char="2501">the</TOKEN>
				<TOKEN end_char="2512" id="token-11-24" start_char="2505">majority</TOKEN>
				<TOKEN end_char="2515" id="token-11-25" start_char="2514">of</TOKEN>
				<TOKEN end_char="2519" id="token-11-26" start_char="2517">egg</TOKEN>
				<TOKEN end_char="2529" id="token-11-27" start_char="2521">producers</TOKEN>
				<TOKEN end_char="2537" id="token-11-28" start_char="2531">support</TOKEN>
				<TOKEN end_char="2542" id="token-11-29" start_char="2539">this</TOKEN>
				<TOKEN end_char="2554" id="token-11-30" start_char="2544">legislation</TOKEN>
				<TOKEN end_char="2556" id="token-11-31" start_char="2555">,”</TOKEN>
				<TOKEN end_char="2564" id="token-11-32" start_char="2558">Shapiro</TOKEN>
				<TOKEN end_char="2569" id="token-11-33" start_char="2566">said</TOKEN>
				<TOKEN end_char="2570" id="token-11-34" start_char="2570">.</TOKEN>
				<TOKEN end_char="2572" id="token-11-35" start_char="2572">“</TOKEN>
				<TOKEN end_char="2579" id="token-11-36" start_char="2573">Because</TOKEN>
				<TOKEN end_char="2583" id="token-11-37" start_char="2581">the</TOKEN>
				<TOKEN end_char="2588" id="token-11-38" start_char="2585">bill</TOKEN>
				<TOKEN end_char="2594" id="token-11-39" start_char="2590">doesn</TOKEN>
				<TOKEN end_char="2595" id="token-11-40" start_char="2595">’</TOKEN>
				<TOKEN end_char="2596" id="token-11-41" start_char="2596">t</TOKEN>
				<TOKEN end_char="2603" id="token-11-42" start_char="2598">affect</TOKEN>
				<TOKEN end_char="2610" id="token-11-43" start_char="2605">cattle</TOKEN>
				<TOKEN end_char="2613" id="token-11-44" start_char="2612">or</TOKEN>
				<TOKEN end_char="2618" id="token-11-45" start_char="2615">pigs</TOKEN>
				<TOKEN end_char="2619" id="token-11-46" start_char="2619">,</TOKEN>
				<TOKEN end_char="2624" id="token-11-47" start_char="2621">they</TOKEN>
				<TOKEN end_char="2625" id="token-11-48" start_char="2625">’</TOKEN>
				<TOKEN end_char="2627" id="token-11-49" start_char="2626">ve</TOKEN>
				<TOKEN end_char="2631" id="token-11-50" start_char="2629">had</TOKEN>
				<TOKEN end_char="2633" id="token-11-51" start_char="2633">a</TOKEN>
				<TOKEN end_char="2638" id="token-11-52" start_char="2635">hard</TOKEN>
				<TOKEN end_char="2643" id="token-11-53" start_char="2640">time</TOKEN>
				<TOKEN end_char="2651" id="token-11-54" start_char="2645">finding</TOKEN>
				<TOKEN end_char="2660" id="token-11-55" start_char="2653">sympathy</TOKEN>
				<TOKEN end_char="2664" id="token-11-56" start_char="2662">for</TOKEN>
				<TOKEN end_char="2670" id="token-11-57" start_char="2666">their</TOKEN>
				<TOKEN end_char="2680" id="token-11-58" start_char="2672">arguments</TOKEN>
				<TOKEN end_char="2682" id="token-11-59" start_char="2681">.”</TOKEN>
			</SEG>
			<SEG end_char="3056" id="20120620_WAPO_6eaf3cf2-ba51-11e1-8867-ecf6cb7935ef-12" start_char="2684">
				<ORIGINAL_TEXT>The lobbying firm hired by the Egg Farmers of America, the Russell Group of Arlington, also represents the National Pork Producers Council, the International Dairy Foods Association, Hormel and many other large agribusiness interests, according to lobbying records. Baer’s group has paid Russell $70,000 for lobbying since the fourth quarter of last year, the records show.</ORIGINAL_TEXT>
				<TOKEN end_char="2686" id="token-12-0" start_char="2684">The</TOKEN>
				<TOKEN end_char="2695" id="token-12-1" start_char="2688">lobbying</TOKEN>
				<TOKEN end_char="2700" id="token-12-2" start_char="2697">firm</TOKEN>
				<TOKEN end_char="2706" id="token-12-3" start_char="2702">hired</TOKEN>
				<TOKEN end_char="2709" id="token-12-4" start_char="2708">by</TOKEN>
				<TOKEN end_char="2713" id="token-12-5" start_char="2711">the</TOKEN>
				<TOKEN end_char="2717" id="token-12-6" start_char="2715">Egg</TOKEN>
				<TOKEN end_char="2725" id="token-12-7" start_char="2719">Farmers</TOKEN>
				<TOKEN end_char="2728" id="token-12-8" start_char="2727">of</TOKEN>
				<TOKEN end_char="2736" id="token-12-9" start_char="2730">America</TOKEN>
				<TOKEN end_char="2737" id="token-12-10" start_char="2737">,</TOKEN>
				<TOKEN end_char="2741" id="token-12-11" start_char="2739">the</TOKEN>
				<TOKEN end_char="2749" id="token-12-12" start_char="2743">Russell</TOKEN>
				<TOKEN end_char="2755" id="token-12-13" start_char="2751">Group</TOKEN>
				<TOKEN end_char="2758" id="token-12-14" start_char="2757">of</TOKEN>
				<TOKEN end_char="2768" id="token-12-15" start_char="2760">Arlington</TOKEN>
				<TOKEN end_char="2769" id="token-12-16" start_char="2769">,</TOKEN>
				<TOKEN end_char="2774" id="token-12-17" start_char="2771">also</TOKEN>
				<TOKEN end_char="2785" id="token-12-18" start_char="2776">represents</TOKEN>
				<TOKEN end_char="2789" id="token-12-19" start_char="2787">the</TOKEN>
				<TOKEN end_char="2798" id="token-12-20" start_char="2791">National</TOKEN>
				<TOKEN end_char="2803" id="token-12-21" start_char="2800">Pork</TOKEN>
				<TOKEN end_char="2813" id="token-12-22" start_char="2805">Producers</TOKEN>
				<TOKEN end_char="2821" id="token-12-23" start_char="2815">Council</TOKEN>
				<TOKEN end_char="2822" id="token-12-24" start_char="2822">,</TOKEN>
				<TOKEN end_char="2826" id="token-12-25" start_char="2824">the</TOKEN>
				<TOKEN end_char="2840" id="token-12-26" start_char="2828">International</TOKEN>
				<TOKEN end_char="2846" id="token-12-27" start_char="2842">Dairy</TOKEN>
				<TOKEN end_char="2852" id="token-12-28" start_char="2848">Foods</TOKEN>
				<TOKEN end_char="2864" id="token-12-29" start_char="2854">Association</TOKEN>
				<TOKEN end_char="2865" id="token-12-30" start_char="2865">,</TOKEN>
				<TOKEN end_char="2872" id="token-12-31" start_char="2867">Hormel</TOKEN>
				<TOKEN end_char="2876" id="token-12-32" start_char="2874">and</TOKEN>
				<TOKEN end_char="2881" id="token-12-33" start_char="2878">many</TOKEN>
				<TOKEN end_char="2887" id="token-12-34" start_char="2883">other</TOKEN>
				<TOKEN end_char="2893" id="token-12-35" start_char="2889">large</TOKEN>
				<TOKEN end_char="2906" id="token-12-36" start_char="2895">agribusiness</TOKEN>
				<TOKEN end_char="2916" id="token-12-37" start_char="2908">interests</TOKEN>
				<TOKEN end_char="2917" id="token-12-38" start_char="2917">,</TOKEN>
				<TOKEN end_char="2927" id="token-12-39" start_char="2919">according</TOKEN>
				<TOKEN end_char="2930" id="token-12-40" start_char="2929">to</TOKEN>
				<TOKEN end_char="2939" id="token-12-41" start_char="2932">lobbying</TOKEN>
				<TOKEN end_char="2947" id="token-12-42" start_char="2941">records</TOKEN>
				<TOKEN end_char="2948" id="token-12-43" start_char="2948">.</TOKEN>
				<TOKEN end_char="2953" id="token-12-44" start_char="2950">Baer</TOKEN>
				<TOKEN end_char="2954" id="token-12-45" start_char="2954">’</TOKEN>
				<TOKEN end_char="2955" id="token-12-46" start_char="2955">s</TOKEN>
				<TOKEN end_char="2961" id="token-12-47" start_char="2957">group</TOKEN>
				<TOKEN end_char="2965" id="token-12-48" start_char="2963">has</TOKEN>
				<TOKEN end_char="2970" id="token-12-49" start_char="2967">paid</TOKEN>
				<TOKEN end_char="2978" id="token-12-50" start_char="2972">Russell</TOKEN>
				<TOKEN end_char="2980" id="token-12-51" start_char="2980">$</TOKEN>
				<TOKEN end_char="2982" id="token-12-52" start_char="2981">70</TOKEN>
				<TOKEN end_char="2983" id="token-12-53" start_char="2983">,</TOKEN>
				<TOKEN end_char="2986" id="token-12-54" start_char="2984">000</TOKEN>
				<TOKEN end_char="2990" id="token-12-55" start_char="2988">for</TOKEN>
				<TOKEN end_char="2999" id="token-12-56" start_char="2992">lobbying</TOKEN>
				<TOKEN end_char="3005" id="token-12-57" start_char="3001">since</TOKEN>
				<TOKEN end_char="3009" id="token-12-58" start_char="3007">the</TOKEN>
				<TOKEN end_char="3016" id="token-12-59" start_char="3011">fourth</TOKEN>
				<TOKEN end_char="3024" id="token-12-60" start_char="3018">quarter</TOKEN>
				<TOKEN end_char="3027" id="token-12-61" start_char="3026">of</TOKEN>
				<TOKEN end_char="3032" id="token-12-62" start_char="3029">last</TOKEN>
				<TOKEN end_char="3037" id="token-12-63" start_char="3034">year</TOKEN>
				<TOKEN end_char="3038" id="token-12-64" start_char="3038">,</TOKEN>
				<TOKEN end_char="3042" id="token-12-65" start_char="3040">the</TOKEN>
				<TOKEN end_char="3050" id="token-12-66" start_char="3044">records</TOKEN>
				<TOKEN end_char="3055" id="token-12-67" start_char="3052">show</TOKEN>
				<TOKEN end_char="3056" id="token-12-68" start_char="3056">.</TOKEN>
			</SEG>
			<SEG end_char="3275" id="20120620_WAPO_6eaf3cf2-ba51-11e1-8867-ecf6cb7935ef-13" start_char="3058">
				<ORIGINAL_TEXT>Tyson Redpath, a lobbyist at Russell, said there was “absolutely no connection” between the Egg Farmers of America and his firm’s other clients. He said Baer approached the firm after deciding to form his organization.</ORIGINAL_TEXT>
				<TOKEN end_char="3062" id="token-13-0" start_char="3058">Tyson</TOKEN>
				<TOKEN end_char="3070" id="token-13-1" start_char="3064">Redpath</TOKEN>
				<TOKEN end_char="3071" id="token-13-2" start_char="3071">,</TOKEN>
				<TOKEN end_char="3073" id="token-13-3" start_char="3073">a</TOKEN>
				<TOKEN end_char="3082" id="token-13-4" start_char="3075">lobbyist</TOKEN>
				<TOKEN end_char="3085" id="token-13-5" start_char="3084">at</TOKEN>
				<TOKEN end_char="3093" id="token-13-6" start_char="3087">Russell</TOKEN>
				<TOKEN end_char="3094" id="token-13-7" start_char="3094">,</TOKEN>
				<TOKEN end_char="3099" id="token-13-8" start_char="3096">said</TOKEN>
				<TOKEN end_char="3105" id="token-13-9" start_char="3101">there</TOKEN>
				<TOKEN end_char="3109" id="token-13-10" start_char="3107">was</TOKEN>
				<TOKEN end_char="3111" id="token-13-11" start_char="3111">“</TOKEN>
				<TOKEN end_char="3121" id="token-13-12" start_char="3112">absolutely</TOKEN>
				<TOKEN end_char="3124" id="token-13-13" start_char="3123">no</TOKEN>
				<TOKEN end_char="3135" id="token-13-14" start_char="3126">connection</TOKEN>
				<TOKEN end_char="3136" id="token-13-15" start_char="3136">”</TOKEN>
				<TOKEN end_char="3144" id="token-13-16" start_char="3138">between</TOKEN>
				<TOKEN end_char="3148" id="token-13-17" start_char="3146">the</TOKEN>
				<TOKEN end_char="3152" id="token-13-18" start_char="3150">Egg</TOKEN>
				<TOKEN end_char="3160" id="token-13-19" start_char="3154">Farmers</TOKEN>
				<TOKEN end_char="3163" id="token-13-20" start_char="3162">of</TOKEN>
				<TOKEN end_char="3171" id="token-13-21" start_char="3165">America</TOKEN>
				<TOKEN end_char="3175" id="token-13-22" start_char="3173">and</TOKEN>
				<TOKEN end_char="3179" id="token-13-23" start_char="3177">his</TOKEN>
				<TOKEN end_char="3184" id="token-13-24" start_char="3181">firm</TOKEN>
				<TOKEN end_char="3185" id="token-13-25" start_char="3185">’</TOKEN>
				<TOKEN end_char="3186" id="token-13-26" start_char="3186">s</TOKEN>
				<TOKEN end_char="3192" id="token-13-27" start_char="3188">other</TOKEN>
				<TOKEN end_char="3200" id="token-13-28" start_char="3194">clients</TOKEN>
				<TOKEN end_char="3201" id="token-13-29" start_char="3201">.</TOKEN>
				<TOKEN end_char="3204" id="token-13-30" start_char="3203">He</TOKEN>
				<TOKEN end_char="3209" id="token-13-31" start_char="3206">said</TOKEN>
				<TOKEN end_char="3214" id="token-13-32" start_char="3211">Baer</TOKEN>
				<TOKEN end_char="3225" id="token-13-33" start_char="3216">approached</TOKEN>
				<TOKEN end_char="3229" id="token-13-34" start_char="3227">the</TOKEN>
				<TOKEN end_char="3234" id="token-13-35" start_char="3231">firm</TOKEN>
				<TOKEN end_char="3240" id="token-13-36" start_char="3236">after</TOKEN>
				<TOKEN end_char="3249" id="token-13-37" start_char="3242">deciding</TOKEN>
				<TOKEN end_char="3252" id="token-13-38" start_char="3251">to</TOKEN>
				<TOKEN end_char="3257" id="token-13-39" start_char="3254">form</TOKEN>
				<TOKEN end_char="3261" id="token-13-40" start_char="3259">his</TOKEN>
				<TOKEN end_char="3274" id="token-13-41" start_char="3263">organization</TOKEN>
				<TOKEN end_char="3275" id="token-13-42" start_char="3275">.</TOKEN>
			</SEG>
			<SEG end_char="3596" id="20120620_WAPO_6eaf3cf2-ba51-11e1-8867-ecf6cb7935ef-14" start_char="3277">
				<ORIGINAL_TEXT>“It’s an ad-hoc coalition of small- and medium-sized egg farmers who don’t feel that the [United] Egg Producers represent their interests,” Redpath said. “They are using their right to advocate before Congress their opposition to this agreement, and opposition to federally legislating hen housing standards nationwide.”</ORIGINAL_TEXT>
				<TOKEN end_char="3277" id="token-14-0" start_char="3277">“</TOKEN>
				<TOKEN end_char="3279" id="token-14-1" start_char="3278">It</TOKEN>
				<TOKEN end_char="3280" id="token-14-2" start_char="3280">’</TOKEN>
				<TOKEN end_char="3281" id="token-14-3" start_char="3281">s</TOKEN>
				<TOKEN end_char="3284" id="token-14-4" start_char="3283">an</TOKEN>
				<TOKEN end_char="3287" id="token-14-5" start_char="3286">ad</TOKEN>
				<TOKEN end_char="3288" id="token-14-6" start_char="3288">-</TOKEN>
				<TOKEN end_char="3291" id="token-14-7" start_char="3289">hoc</TOKEN>
				<TOKEN end_char="3301" id="token-14-8" start_char="3293">coalition</TOKEN>
				<TOKEN end_char="3304" id="token-14-9" start_char="3303">of</TOKEN>
				<TOKEN end_char="3310" id="token-14-10" start_char="3306">small</TOKEN>
				<TOKEN end_char="3311" id="token-14-11" start_char="3311">-</TOKEN>
				<TOKEN end_char="3315" id="token-14-12" start_char="3313">and</TOKEN>
				<TOKEN end_char="3322" id="token-14-13" start_char="3317">medium</TOKEN>
				<TOKEN end_char="3323" id="token-14-14" start_char="3323">-</TOKEN>
				<TOKEN end_char="3328" id="token-14-15" start_char="3324">sized</TOKEN>
				<TOKEN end_char="3332" id="token-14-16" start_char="3330">egg</TOKEN>
				<TOKEN end_char="3340" id="token-14-17" start_char="3334">farmers</TOKEN>
				<TOKEN end_char="3344" id="token-14-18" start_char="3342">who</TOKEN>
				<TOKEN end_char="3348" id="token-14-19" start_char="3346">don</TOKEN>
				<TOKEN end_char="3349" id="token-14-20" start_char="3349">’</TOKEN>
				<TOKEN end_char="3350" id="token-14-21" start_char="3350">t</TOKEN>
				<TOKEN end_char="3355" id="token-14-22" start_char="3352">feel</TOKEN>
				<TOKEN end_char="3360" id="token-14-23" start_char="3357">that</TOKEN>
				<TOKEN end_char="3364" id="token-14-24" start_char="3362">the</TOKEN>
				<TOKEN end_char="3366" id="token-14-25" start_char="3366">[</TOKEN>
				<TOKEN end_char="3372" id="token-14-26" start_char="3367">United</TOKEN>
				<TOKEN end_char="3373" id="token-14-27" start_char="3373">]</TOKEN>
				<TOKEN end_char="3377" id="token-14-28" start_char="3375">Egg</TOKEN>
				<TOKEN end_char="3387" id="token-14-29" start_char="3379">Producers</TOKEN>
				<TOKEN end_char="3397" id="token-14-30" start_char="3389">represent</TOKEN>
				<TOKEN end_char="3403" id="token-14-31" start_char="3399">their</TOKEN>
				<TOKEN end_char="3413" id="token-14-32" start_char="3405">interests</TOKEN>
				<TOKEN end_char="3415" id="token-14-33" start_char="3414">,”</TOKEN>
				<TOKEN end_char="3423" id="token-14-34" start_char="3417">Redpath</TOKEN>
				<TOKEN end_char="3428" id="token-14-35" start_char="3425">said</TOKEN>
				<TOKEN end_char="3429" id="token-14-36" start_char="3429">.</TOKEN>
				<TOKEN end_char="3431" id="token-14-37" start_char="3431">“</TOKEN>
				<TOKEN end_char="3435" id="token-14-38" start_char="3432">They</TOKEN>
				<TOKEN end_char="3439" id="token-14-39" start_char="3437">are</TOKEN>
				<TOKEN end_char="3445" id="token-14-40" start_char="3441">using</TOKEN>
				<TOKEN end_char="3451" id="token-14-41" start_char="3447">their</TOKEN>
				<TOKEN end_char="3457" id="token-14-42" start_char="3453">right</TOKEN>
				<TOKEN end_char="3460" id="token-14-43" start_char="3459">to</TOKEN>
				<TOKEN end_char="3469" id="token-14-44" start_char="3462">advocate</TOKEN>
				<TOKEN end_char="3476" id="token-14-45" start_char="3471">before</TOKEN>
				<TOKEN end_char="3485" id="token-14-46" start_char="3478">Congress</TOKEN>
				<TOKEN end_char="3491" id="token-14-47" start_char="3487">their</TOKEN>
				<TOKEN end_char="3502" id="token-14-48" start_char="3493">opposition</TOKEN>
				<TOKEN end_char="3505" id="token-14-49" start_char="3504">to</TOKEN>
				<TOKEN end_char="3510" id="token-14-50" start_char="3507">this</TOKEN>
				<TOKEN end_char="3520" id="token-14-51" start_char="3512">agreement</TOKEN>
				<TOKEN end_char="3521" id="token-14-52" start_char="3521">,</TOKEN>
				<TOKEN end_char="3525" id="token-14-53" start_char="3523">and</TOKEN>
				<TOKEN end_char="3536" id="token-14-54" start_char="3527">opposition</TOKEN>
				<TOKEN end_char="3539" id="token-14-55" start_char="3538">to</TOKEN>
				<TOKEN end_char="3549" id="token-14-56" start_char="3541">federally</TOKEN>
				<TOKEN end_char="3561" id="token-14-57" start_char="3551">legislating</TOKEN>
				<TOKEN end_char="3565" id="token-14-58" start_char="3563">hen</TOKEN>
				<TOKEN end_char="3573" id="token-14-59" start_char="3567">housing</TOKEN>
				<TOKEN end_char="3583" id="token-14-60" start_char="3575">standards</TOKEN>
				<TOKEN end_char="3594" id="token-14-61" start_char="3585">nationwide</TOKEN>
				<TOKEN end_char="3596" id="token-14-62" start_char="3595">.”</TOKEN>
			</SEG>
			<SEG end_char="3778" id="20120620_WAPO_6eaf3cf2-ba51-11e1-8867-ecf6cb7935ef-15" start_char="3598">
				<ORIGINAL_TEXT>Dave Warner, a spokesman for the pork producers lobby, said the council played no role in forming the egg farmers group but has joined sides to oppose the hen treatment legislation.</ORIGINAL_TEXT>
				<TOKEN end_char="3601" id="token-15-0" start_char="3598">Dave</TOKEN>
				<TOKEN end_char="3608" id="token-15-1" start_char="3603">Warner</TOKEN>
				<TOKEN end_char="3609" id="token-15-2" start_char="3609">,</TOKEN>
				<TOKEN end_char="3611" id="token-15-3" start_char="3611">a</TOKEN>
				<TOKEN end_char="3621" id="token-15-4" start_char="3613">spokesman</TOKEN>
				<TOKEN end_char="3625" id="token-15-5" start_char="3623">for</TOKEN>
				<TOKEN end_char="3629" id="token-15-6" start_char="3627">the</TOKEN>
				<TOKEN end_char="3634" id="token-15-7" start_char="3631">pork</TOKEN>
				<TOKEN end_char="3644" id="token-15-8" start_char="3636">producers</TOKEN>
				<TOKEN end_char="3650" id="token-15-9" start_char="3646">lobby</TOKEN>
				<TOKEN end_char="3651" id="token-15-10" start_char="3651">,</TOKEN>
				<TOKEN end_char="3656" id="token-15-11" start_char="3653">said</TOKEN>
				<TOKEN end_char="3660" id="token-15-12" start_char="3658">the</TOKEN>
				<TOKEN end_char="3668" id="token-15-13" start_char="3662">council</TOKEN>
				<TOKEN end_char="3675" id="token-15-14" start_char="3670">played</TOKEN>
				<TOKEN end_char="3678" id="token-15-15" start_char="3677">no</TOKEN>
				<TOKEN end_char="3683" id="token-15-16" start_char="3680">role</TOKEN>
				<TOKEN end_char="3686" id="token-15-17" start_char="3685">in</TOKEN>
				<TOKEN end_char="3694" id="token-15-18" start_char="3688">forming</TOKEN>
				<TOKEN end_char="3698" id="token-15-19" start_char="3696">the</TOKEN>
				<TOKEN end_char="3702" id="token-15-20" start_char="3700">egg</TOKEN>
				<TOKEN end_char="3710" id="token-15-21" start_char="3704">farmers</TOKEN>
				<TOKEN end_char="3716" id="token-15-22" start_char="3712">group</TOKEN>
				<TOKEN end_char="3720" id="token-15-23" start_char="3718">but</TOKEN>
				<TOKEN end_char="3724" id="token-15-24" start_char="3722">has</TOKEN>
				<TOKEN end_char="3731" id="token-15-25" start_char="3726">joined</TOKEN>
				<TOKEN end_char="3737" id="token-15-26" start_char="3733">sides</TOKEN>
				<TOKEN end_char="3740" id="token-15-27" start_char="3739">to</TOKEN>
				<TOKEN end_char="3747" id="token-15-28" start_char="3742">oppose</TOKEN>
				<TOKEN end_char="3751" id="token-15-29" start_char="3749">the</TOKEN>
				<TOKEN end_char="3755" id="token-15-30" start_char="3753">hen</TOKEN>
				<TOKEN end_char="3765" id="token-15-31" start_char="3757">treatment</TOKEN>
				<TOKEN end_char="3777" id="token-15-32" start_char="3767">legislation</TOKEN>
				<TOKEN end_char="3778" id="token-15-33" start_char="3778">.</TOKEN>
			</SEG>
			<SEG end_char="4119" id="20120620_WAPO_6eaf3cf2-ba51-11e1-8867-ecf6cb7935ef-16" start_char="3780">
				<ORIGINAL_TEXT>United Egg Producers, based in Alpharetta, Ga., is a cooperative lobbying group that says its members account for 88 percent of the 80 billion eggs produced in the United States each year. The group had long opposed mandated cage sizes and other limits, and has spent years attempting to fend off state-level regulations around the country.</ORIGINAL_TEXT>
				<TOKEN end_char="3785" id="token-16-0" start_char="3780">United</TOKEN>
				<TOKEN end_char="3789" id="token-16-1" start_char="3787">Egg</TOKEN>
				<TOKEN end_char="3799" id="token-16-2" start_char="3791">Producers</TOKEN>
				<TOKEN end_char="3800" id="token-16-3" start_char="3800">,</TOKEN>
				<TOKEN end_char="3806" id="token-16-4" start_char="3802">based</TOKEN>
				<TOKEN end_char="3809" id="token-16-5" start_char="3808">in</TOKEN>
				<TOKEN end_char="3820" id="token-16-6" start_char="3811">Alpharetta</TOKEN>
				<TOKEN end_char="3821" id="token-16-7" start_char="3821">,</TOKEN>
				<TOKEN end_char="3824" id="token-16-8" start_char="3823">Ga</TOKEN>
				<TOKEN end_char="3826" id="token-16-9" start_char="3825">.,</TOKEN>
				<TOKEN end_char="3829" id="token-16-10" start_char="3828">is</TOKEN>
				<TOKEN end_char="3831" id="token-16-11" start_char="3831">a</TOKEN>
				<TOKEN end_char="3843" id="token-16-12" start_char="3833">cooperative</TOKEN>
				<TOKEN end_char="3852" id="token-16-13" start_char="3845">lobbying</TOKEN>
				<TOKEN end_char="3858" id="token-16-14" start_char="3854">group</TOKEN>
				<TOKEN end_char="3863" id="token-16-15" start_char="3860">that</TOKEN>
				<TOKEN end_char="3868" id="token-16-16" start_char="3865">says</TOKEN>
				<TOKEN end_char="3872" id="token-16-17" start_char="3870">its</TOKEN>
				<TOKEN end_char="3880" id="token-16-18" start_char="3874">members</TOKEN>
				<TOKEN end_char="3888" id="token-16-19" start_char="3882">account</TOKEN>
				<TOKEN end_char="3892" id="token-16-20" start_char="3890">for</TOKEN>
				<TOKEN end_char="3895" id="token-16-21" start_char="3894">88</TOKEN>
				<TOKEN end_char="3903" id="token-16-22" start_char="3897">percent</TOKEN>
				<TOKEN end_char="3906" id="token-16-23" start_char="3905">of</TOKEN>
				<TOKEN end_char="3910" id="token-16-24" start_char="3908">the</TOKEN>
				<TOKEN end_char="3913" id="token-16-25" start_char="3912">80</TOKEN>
				<TOKEN end_char="3921" id="token-16-26" start_char="3915">billion</TOKEN>
				<TOKEN end_char="3926" id="token-16-27" start_char="3923">eggs</TOKEN>
				<TOKEN end_char="3935" id="token-16-28" start_char="3928">produced</TOKEN>
				<TOKEN end_char="3938" id="token-16-29" start_char="3937">in</TOKEN>
				<TOKEN end_char="3942" id="token-16-30" start_char="3940">the</TOKEN>
				<TOKEN end_char="3949" id="token-16-31" start_char="3944">United</TOKEN>
				<TOKEN end_char="3956" id="token-16-32" start_char="3951">States</TOKEN>
				<TOKEN end_char="3961" id="token-16-33" start_char="3958">each</TOKEN>
				<TOKEN end_char="3966" id="token-16-34" start_char="3963">year</TOKEN>
				<TOKEN end_char="3967" id="token-16-35" start_char="3967">.</TOKEN>
				<TOKEN end_char="3971" id="token-16-36" start_char="3969">The</TOKEN>
				<TOKEN end_char="3977" id="token-16-37" start_char="3973">group</TOKEN>
				<TOKEN end_char="3981" id="token-16-38" start_char="3979">had</TOKEN>
				<TOKEN end_char="3986" id="token-16-39" start_char="3983">long</TOKEN>
				<TOKEN end_char="3994" id="token-16-40" start_char="3988">opposed</TOKEN>
				<TOKEN end_char="4003" id="token-16-41" start_char="3996">mandated</TOKEN>
				<TOKEN end_char="4008" id="token-16-42" start_char="4005">cage</TOKEN>
				<TOKEN end_char="4014" id="token-16-43" start_char="4010">sizes</TOKEN>
				<TOKEN end_char="4018" id="token-16-44" start_char="4016">and</TOKEN>
				<TOKEN end_char="4024" id="token-16-45" start_char="4020">other</TOKEN>
				<TOKEN end_char="4031" id="token-16-46" start_char="4026">limits</TOKEN>
				<TOKEN end_char="4032" id="token-16-47" start_char="4032">,</TOKEN>
				<TOKEN end_char="4036" id="token-16-48" start_char="4034">and</TOKEN>
				<TOKEN end_char="4040" id="token-16-49" start_char="4038">has</TOKEN>
				<TOKEN end_char="4046" id="token-16-50" start_char="4042">spent</TOKEN>
				<TOKEN end_char="4052" id="token-16-51" start_char="4048">years</TOKEN>
				<TOKEN end_char="4063" id="token-16-52" start_char="4054">attempting</TOKEN>
				<TOKEN end_char="4066" id="token-16-53" start_char="4065">to</TOKEN>
				<TOKEN end_char="4071" id="token-16-54" start_char="4068">fend</TOKEN>
				<TOKEN end_char="4075" id="token-16-55" start_char="4073">off</TOKEN>
				<TOKEN end_char="4081" id="token-16-56" start_char="4077">state</TOKEN>
				<TOKEN end_char="4082" id="token-16-57" start_char="4082">-</TOKEN>
				<TOKEN end_char="4087" id="token-16-58" start_char="4083">level</TOKEN>
				<TOKEN end_char="4099" id="token-16-59" start_char="4089">regulations</TOKEN>
				<TOKEN end_char="4106" id="token-16-60" start_char="4101">around</TOKEN>
				<TOKEN end_char="4110" id="token-16-61" start_char="4108">the</TOKEN>
				<TOKEN end_char="4118" id="token-16-62" start_char="4112">country</TOKEN>
				<TOKEN end_char="4119" id="token-16-63" start_char="4119">.</TOKEN>
			</SEG>
		</TEXT>
	</DOC>
</LCTL_TEXT>
