<?xml version="1.0" encoding="utf-8"?>
<LCTL_TEXT>
	<DOC id="20121227_WAPO_6cbd8631f37185b1802b1a83613b4a86">
		<TEXT>
			<SEG end_char="51" id="20121227_WAPO_6cbd8631f37185b1802b1a83613b4a86-0" start_char="0">
				<ORIGINAL_TEXT>Could a port strike really cripple the U.S. economy?</ORIGINAL_TEXT>
				<TOKEN end_char="4" id="token-0-0" start_char="0">Could</TOKEN>
				<TOKEN end_char="6" id="token-0-1" start_char="6">a</TOKEN>
				<TOKEN end_char="11" id="token-0-2" start_char="8">port</TOKEN>
				<TOKEN end_char="18" id="token-0-3" start_char="13">strike</TOKEN>
				<TOKEN end_char="25" id="token-0-4" start_char="20">really</TOKEN>
				<TOKEN end_char="33" id="token-0-5" start_char="27">cripple</TOKEN>
				<TOKEN end_char="37" id="token-0-6" start_char="35">the</TOKEN>
				<TOKEN end_char="39" id="token-0-7" start_char="39">U</TOKEN>
				<TOKEN end_char="40" id="token-0-8" start_char="40">.</TOKEN>
				<TOKEN end_char="41" id="token-0-9" start_char="41">S</TOKEN>
				<TOKEN end_char="42" id="token-0-10" start_char="42">.</TOKEN>
				<TOKEN end_char="50" id="token-0-11" start_char="44">economy</TOKEN>
				<TOKEN end_char="51" id="token-0-12" start_char="51">?</TOKEN>
			</SEG>
			<SEG end_char="98" id="20121227_WAPO_6cbd8631f37185b1802b1a83613b4a86-1" start_char="53">
				<ORIGINAL_TEXT>Thursday, December 27, 2012 12:08:10 GMT-05:00</ORIGINAL_TEXT>
				<TOKEN end_char="60" id="token-1-0" start_char="53">Thursday</TOKEN>
				<TOKEN end_char="61" id="token-1-1" start_char="61">,</TOKEN>
				<TOKEN end_char="70" id="token-1-2" start_char="63">December</TOKEN>
				<TOKEN end_char="73" id="token-1-3" start_char="72">27</TOKEN>
				<TOKEN end_char="74" id="token-1-4" start_char="74">,</TOKEN>
				<TOKEN end_char="79" id="token-1-5" start_char="76">2012</TOKEN>
				<TOKEN end_char="82" id="token-1-6" start_char="81">12</TOKEN>
				<TOKEN end_char="83" id="token-1-7" start_char="83">:</TOKEN>
				<TOKEN end_char="85" id="token-1-8" start_char="84">08</TOKEN>
				<TOKEN end_char="86" id="token-1-9" start_char="86">:</TOKEN>
				<TOKEN end_char="88" id="token-1-10" start_char="87">10</TOKEN>
				<TOKEN end_char="92" id="token-1-11" start_char="90">GMT</TOKEN>
				<TOKEN end_char="93" id="token-1-12" start_char="93">-</TOKEN>
				<TOKEN end_char="95" id="token-1-13" start_char="94">05</TOKEN>
				<TOKEN end_char="96" id="token-1-14" start_char="96">:</TOKEN>
				<TOKEN end_char="98" id="token-1-15" start_char="97">00</TOKEN>
			</SEG>
			<SEG end_char="343" id="20121227_WAPO_6cbd8631f37185b1802b1a83613b4a86-2" start_char="100">
				<ORIGINAL_TEXT>The fiscal cliff is no longer the only threat facing the U.S. economy. Some 14,500 dockworkers from Baltimore to Texas are threatening to strike this week, a move that could throttle an array of key ports and disrupt commerce across the nation.</ORIGINAL_TEXT>
				<TOKEN end_char="102" id="token-2-0" start_char="100">The</TOKEN>
				<TOKEN end_char="109" id="token-2-1" start_char="104">fiscal</TOKEN>
				<TOKEN end_char="115" id="token-2-2" start_char="111">cliff</TOKEN>
				<TOKEN end_char="118" id="token-2-3" start_char="117">is</TOKEN>
				<TOKEN end_char="121" id="token-2-4" start_char="120">no</TOKEN>
				<TOKEN end_char="128" id="token-2-5" start_char="123">longer</TOKEN>
				<TOKEN end_char="132" id="token-2-6" start_char="130">the</TOKEN>
				<TOKEN end_char="137" id="token-2-7" start_char="134">only</TOKEN>
				<TOKEN end_char="144" id="token-2-8" start_char="139">threat</TOKEN>
				<TOKEN end_char="151" id="token-2-9" start_char="146">facing</TOKEN>
				<TOKEN end_char="155" id="token-2-10" start_char="153">the</TOKEN>
				<TOKEN end_char="157" id="token-2-11" start_char="157">U</TOKEN>
				<TOKEN end_char="158" id="token-2-12" start_char="158">.</TOKEN>
				<TOKEN end_char="159" id="token-2-13" start_char="159">S</TOKEN>
				<TOKEN end_char="160" id="token-2-14" start_char="160">.</TOKEN>
				<TOKEN end_char="168" id="token-2-15" start_char="162">economy</TOKEN>
				<TOKEN end_char="169" id="token-2-16" start_char="169">.</TOKEN>
				<TOKEN end_char="174" id="token-2-17" start_char="171">Some</TOKEN>
				<TOKEN end_char="177" id="token-2-18" start_char="176">14</TOKEN>
				<TOKEN end_char="178" id="token-2-19" start_char="178">,</TOKEN>
				<TOKEN end_char="181" id="token-2-20" start_char="179">500</TOKEN>
				<TOKEN end_char="193" id="token-2-21" start_char="183">dockworkers</TOKEN>
				<TOKEN end_char="198" id="token-2-22" start_char="195">from</TOKEN>
				<TOKEN end_char="208" id="token-2-23" start_char="200">Baltimore</TOKEN>
				<TOKEN end_char="211" id="token-2-24" start_char="210">to</TOKEN>
				<TOKEN end_char="217" id="token-2-25" start_char="213">Texas</TOKEN>
				<TOKEN end_char="221" id="token-2-26" start_char="219">are</TOKEN>
				<TOKEN end_char="233" id="token-2-27" start_char="223">threatening</TOKEN>
				<TOKEN end_char="236" id="token-2-28" start_char="235">to</TOKEN>
				<TOKEN end_char="243" id="token-2-29" start_char="238">strike</TOKEN>
				<TOKEN end_char="248" id="token-2-30" start_char="245">this</TOKEN>
				<TOKEN end_char="253" id="token-2-31" start_char="250">week</TOKEN>
				<TOKEN end_char="254" id="token-2-32" start_char="254">,</TOKEN>
				<TOKEN end_char="256" id="token-2-33" start_char="256">a</TOKEN>
				<TOKEN end_char="261" id="token-2-34" start_char="258">move</TOKEN>
				<TOKEN end_char="266" id="token-2-35" start_char="263">that</TOKEN>
				<TOKEN end_char="272" id="token-2-36" start_char="268">could</TOKEN>
				<TOKEN end_char="281" id="token-2-37" start_char="274">throttle</TOKEN>
				<TOKEN end_char="284" id="token-2-38" start_char="283">an</TOKEN>
				<TOKEN end_char="290" id="token-2-39" start_char="286">array</TOKEN>
				<TOKEN end_char="293" id="token-2-40" start_char="292">of</TOKEN>
				<TOKEN end_char="297" id="token-2-41" start_char="295">key</TOKEN>
				<TOKEN end_char="303" id="token-2-42" start_char="299">ports</TOKEN>
				<TOKEN end_char="307" id="token-2-43" start_char="305">and</TOKEN>
				<TOKEN end_char="315" id="token-2-44" start_char="309">disrupt</TOKEN>
				<TOKEN end_char="324" id="token-2-45" start_char="317">commerce</TOKEN>
				<TOKEN end_char="331" id="token-2-46" start_char="326">across</TOKEN>
				<TOKEN end_char="335" id="token-2-47" start_char="333">the</TOKEN>
				<TOKEN end_char="342" id="token-2-48" start_char="337">nation</TOKEN>
				<TOKEN end_char="343" id="token-2-49" start_char="343">.</TOKEN>
			</SEG>
			<SEG end_char="780" id="20121227_WAPO_6cbd8631f37185b1802b1a83613b4a86-3" start_char="345">
				<ORIGINAL_TEXT>For months, negotiations have dragged on between the dockworkers' union and the group that represents shippers and port operators — their disagreements have centered on container royalties, which are used to augment worker wages and benefits. Without a resolution, dockworkers are poised to strike at 14 shipping-container ports starting Sunday, including Boston, New York-New Jersey, Baltimore, Charleston, Savannah, Miami and Houston.</ORIGINAL_TEXT>
				<TOKEN end_char="347" id="token-3-0" start_char="345">For</TOKEN>
				<TOKEN end_char="354" id="token-3-1" start_char="349">months</TOKEN>
				<TOKEN end_char="355" id="token-3-2" start_char="355">,</TOKEN>
				<TOKEN end_char="368" id="token-3-3" start_char="357">negotiations</TOKEN>
				<TOKEN end_char="373" id="token-3-4" start_char="370">have</TOKEN>
				<TOKEN end_char="381" id="token-3-5" start_char="375">dragged</TOKEN>
				<TOKEN end_char="384" id="token-3-6" start_char="383">on</TOKEN>
				<TOKEN end_char="392" id="token-3-7" start_char="386">between</TOKEN>
				<TOKEN end_char="396" id="token-3-8" start_char="394">the</TOKEN>
				<TOKEN end_char="408" id="token-3-9" start_char="398">dockworkers</TOKEN>
				<TOKEN end_char="409" id="token-3-10" start_char="409">'</TOKEN>
				<TOKEN end_char="415" id="token-3-11" start_char="411">union</TOKEN>
				<TOKEN end_char="419" id="token-3-12" start_char="417">and</TOKEN>
				<TOKEN end_char="423" id="token-3-13" start_char="421">the</TOKEN>
				<TOKEN end_char="429" id="token-3-14" start_char="425">group</TOKEN>
				<TOKEN end_char="434" id="token-3-15" start_char="431">that</TOKEN>
				<TOKEN end_char="445" id="token-3-16" start_char="436">represents</TOKEN>
				<TOKEN end_char="454" id="token-3-17" start_char="447">shippers</TOKEN>
				<TOKEN end_char="458" id="token-3-18" start_char="456">and</TOKEN>
				<TOKEN end_char="463" id="token-3-19" start_char="460">port</TOKEN>
				<TOKEN end_char="473" id="token-3-20" start_char="465">operators</TOKEN>
				<TOKEN end_char="475" id="token-3-21" start_char="475">—</TOKEN>
				<TOKEN end_char="481" id="token-3-22" start_char="477">their</TOKEN>
				<TOKEN end_char="495" id="token-3-23" start_char="483">disagreements</TOKEN>
				<TOKEN end_char="500" id="token-3-24" start_char="497">have</TOKEN>
				<TOKEN end_char="509" id="token-3-25" start_char="502">centered</TOKEN>
				<TOKEN end_char="512" id="token-3-26" start_char="511">on</TOKEN>
				<TOKEN end_char="522" id="token-3-27" start_char="514">container</TOKEN>
				<TOKEN end_char="532" id="token-3-28" start_char="524">royalties</TOKEN>
				<TOKEN end_char="533" id="token-3-29" start_char="533">,</TOKEN>
				<TOKEN end_char="539" id="token-3-30" start_char="535">which</TOKEN>
				<TOKEN end_char="543" id="token-3-31" start_char="541">are</TOKEN>
				<TOKEN end_char="548" id="token-3-32" start_char="545">used</TOKEN>
				<TOKEN end_char="551" id="token-3-33" start_char="550">to</TOKEN>
				<TOKEN end_char="559" id="token-3-34" start_char="553">augment</TOKEN>
				<TOKEN end_char="566" id="token-3-35" start_char="561">worker</TOKEN>
				<TOKEN end_char="572" id="token-3-36" start_char="568">wages</TOKEN>
				<TOKEN end_char="576" id="token-3-37" start_char="574">and</TOKEN>
				<TOKEN end_char="585" id="token-3-38" start_char="578">benefits</TOKEN>
				<TOKEN end_char="586" id="token-3-39" start_char="586">.</TOKEN>
				<TOKEN end_char="594" id="token-3-40" start_char="588">Without</TOKEN>
				<TOKEN end_char="596" id="token-3-41" start_char="596">a</TOKEN>
				<TOKEN end_char="607" id="token-3-42" start_char="598">resolution</TOKEN>
				<TOKEN end_char="608" id="token-3-43" start_char="608">,</TOKEN>
				<TOKEN end_char="620" id="token-3-44" start_char="610">dockworkers</TOKEN>
				<TOKEN end_char="624" id="token-3-45" start_char="622">are</TOKEN>
				<TOKEN end_char="631" id="token-3-46" start_char="626">poised</TOKEN>
				<TOKEN end_char="634" id="token-3-47" start_char="633">to</TOKEN>
				<TOKEN end_char="641" id="token-3-48" start_char="636">strike</TOKEN>
				<TOKEN end_char="644" id="token-3-49" start_char="643">at</TOKEN>
				<TOKEN end_char="647" id="token-3-50" start_char="646">14</TOKEN>
				<TOKEN end_char="656" id="token-3-51" start_char="649">shipping</TOKEN>
				<TOKEN end_char="657" id="token-3-52" start_char="657">-</TOKEN>
				<TOKEN end_char="666" id="token-3-53" start_char="658">container</TOKEN>
				<TOKEN end_char="672" id="token-3-54" start_char="668">ports</TOKEN>
				<TOKEN end_char="681" id="token-3-55" start_char="674">starting</TOKEN>
				<TOKEN end_char="688" id="token-3-56" start_char="683">Sunday</TOKEN>
				<TOKEN end_char="689" id="token-3-57" start_char="689">,</TOKEN>
				<TOKEN end_char="699" id="token-3-58" start_char="691">including</TOKEN>
				<TOKEN end_char="706" id="token-3-59" start_char="701">Boston</TOKEN>
				<TOKEN end_char="707" id="token-3-60" start_char="707">,</TOKEN>
				<TOKEN end_char="711" id="token-3-61" start_char="709">New</TOKEN>
				<TOKEN end_char="716" id="token-3-62" start_char="713">York</TOKEN>
				<TOKEN end_char="717" id="token-3-63" start_char="717">-</TOKEN>
				<TOKEN end_char="720" id="token-3-64" start_char="718">New</TOKEN>
				<TOKEN end_char="727" id="token-3-65" start_char="722">Jersey</TOKEN>
				<TOKEN end_char="728" id="token-3-66" start_char="728">,</TOKEN>
				<TOKEN end_char="738" id="token-3-67" start_char="730">Baltimore</TOKEN>
				<TOKEN end_char="739" id="token-3-68" start_char="739">,</TOKEN>
				<TOKEN end_char="750" id="token-3-69" start_char="741">Charleston</TOKEN>
				<TOKEN end_char="751" id="token-3-70" start_char="751">,</TOKEN>
				<TOKEN end_char="760" id="token-3-71" start_char="753">Savannah</TOKEN>
				<TOKEN end_char="761" id="token-3-72" start_char="761">,</TOKEN>
				<TOKEN end_char="767" id="token-3-73" start_char="763">Miami</TOKEN>
				<TOKEN end_char="771" id="token-3-74" start_char="769">and</TOKEN>
				<TOKEN end_char="779" id="token-3-75" start_char="773">Houston</TOKEN>
				<TOKEN end_char="780" id="token-3-76" start_char="780">.</TOKEN>
			</SEG>
			<SEG end_char="926" id="20121227_WAPO_6cbd8631f37185b1802b1a83613b4a86-4" start_char="782">
				<ORIGINAL_TEXT>&quot;This is truly a ‘container cliff’ in the making,&quot; warned Jonathan Gold, the National Retail Federation’s vice president for supply chain policy.</ORIGINAL_TEXT>
				<TOKEN end_char="782" id="token-4-0" start_char="782">&quot;</TOKEN>
				<TOKEN end_char="786" id="token-4-1" start_char="783">This</TOKEN>
				<TOKEN end_char="789" id="token-4-2" start_char="788">is</TOKEN>
				<TOKEN end_char="795" id="token-4-3" start_char="791">truly</TOKEN>
				<TOKEN end_char="797" id="token-4-4" start_char="797">a</TOKEN>
				<TOKEN end_char="799" id="token-4-5" start_char="799">‘</TOKEN>
				<TOKEN end_char="808" id="token-4-6" start_char="800">container</TOKEN>
				<TOKEN end_char="814" id="token-4-7" start_char="810">cliff</TOKEN>
				<TOKEN end_char="815" id="token-4-8" start_char="815">’</TOKEN>
				<TOKEN end_char="818" id="token-4-9" start_char="817">in</TOKEN>
				<TOKEN end_char="822" id="token-4-10" start_char="820">the</TOKEN>
				<TOKEN end_char="829" id="token-4-11" start_char="824">making</TOKEN>
				<TOKEN end_char="831" id="token-4-12" start_char="830">,&quot;</TOKEN>
				<TOKEN end_char="838" id="token-4-13" start_char="833">warned</TOKEN>
				<TOKEN end_char="847" id="token-4-14" start_char="840">Jonathan</TOKEN>
				<TOKEN end_char="852" id="token-4-15" start_char="849">Gold</TOKEN>
				<TOKEN end_char="853" id="token-4-16" start_char="853">,</TOKEN>
				<TOKEN end_char="857" id="token-4-17" start_char="855">the</TOKEN>
				<TOKEN end_char="866" id="token-4-18" start_char="859">National</TOKEN>
				<TOKEN end_char="873" id="token-4-19" start_char="868">Retail</TOKEN>
				<TOKEN end_char="884" id="token-4-20" start_char="875">Federation</TOKEN>
				<TOKEN end_char="885" id="token-4-21" start_char="885">’</TOKEN>
				<TOKEN end_char="886" id="token-4-22" start_char="886">s</TOKEN>
				<TOKEN end_char="891" id="token-4-23" start_char="888">vice</TOKEN>
				<TOKEN end_char="901" id="token-4-24" start_char="893">president</TOKEN>
				<TOKEN end_char="905" id="token-4-25" start_char="903">for</TOKEN>
				<TOKEN end_char="912" id="token-4-26" start_char="907">supply</TOKEN>
				<TOKEN end_char="918" id="token-4-27" start_char="914">chain</TOKEN>
				<TOKEN end_char="925" id="token-4-28" start_char="920">policy</TOKEN>
				<TOKEN end_char="926" id="token-4-29" start_char="926">.</TOKEN>
			</SEG>
			<SEG end_char="1324" id="20121227_WAPO_6cbd8631f37185b1802b1a83613b4a86-5" start_char="928">
				<ORIGINAL_TEXT>So how much economic damage would a port strike cause? Estimates can vary widely. Business groups claim that a comparable 11-day lockout at ports on the West Coast in 2002 cost the economy $1 billion per day, or nearly 4 percent of the nation's output during that period. Yet other economists have argued that these figures are often inflated and that the economy can handle temporary disruptions.</ORIGINAL_TEXT>
				<TOKEN end_char="929" id="token-5-0" start_char="928">So</TOKEN>
				<TOKEN end_char="933" id="token-5-1" start_char="931">how</TOKEN>
				<TOKEN end_char="938" id="token-5-2" start_char="935">much</TOKEN>
				<TOKEN end_char="947" id="token-5-3" start_char="940">economic</TOKEN>
				<TOKEN end_char="954" id="token-5-4" start_char="949">damage</TOKEN>
				<TOKEN end_char="960" id="token-5-5" start_char="956">would</TOKEN>
				<TOKEN end_char="962" id="token-5-6" start_char="962">a</TOKEN>
				<TOKEN end_char="967" id="token-5-7" start_char="964">port</TOKEN>
				<TOKEN end_char="974" id="token-5-8" start_char="969">strike</TOKEN>
				<TOKEN end_char="980" id="token-5-9" start_char="976">cause</TOKEN>
				<TOKEN end_char="981" id="token-5-10" start_char="981">?</TOKEN>
				<TOKEN end_char="991" id="token-5-11" start_char="983">Estimates</TOKEN>
				<TOKEN end_char="995" id="token-5-12" start_char="993">can</TOKEN>
				<TOKEN end_char="1000" id="token-5-13" start_char="997">vary</TOKEN>
				<TOKEN end_char="1007" id="token-5-14" start_char="1002">widely</TOKEN>
				<TOKEN end_char="1008" id="token-5-15" start_char="1008">.</TOKEN>
				<TOKEN end_char="1017" id="token-5-16" start_char="1010">Business</TOKEN>
				<TOKEN end_char="1024" id="token-5-17" start_char="1019">groups</TOKEN>
				<TOKEN end_char="1030" id="token-5-18" start_char="1026">claim</TOKEN>
				<TOKEN end_char="1035" id="token-5-19" start_char="1032">that</TOKEN>
				<TOKEN end_char="1037" id="token-5-20" start_char="1037">a</TOKEN>
				<TOKEN end_char="1048" id="token-5-21" start_char="1039">comparable</TOKEN>
				<TOKEN end_char="1051" id="token-5-22" start_char="1050">11</TOKEN>
				<TOKEN end_char="1052" id="token-5-23" start_char="1052">-</TOKEN>
				<TOKEN end_char="1055" id="token-5-24" start_char="1053">day</TOKEN>
				<TOKEN end_char="1063" id="token-5-25" start_char="1057">lockout</TOKEN>
				<TOKEN end_char="1066" id="token-5-26" start_char="1065">at</TOKEN>
				<TOKEN end_char="1072" id="token-5-27" start_char="1068">ports</TOKEN>
				<TOKEN end_char="1075" id="token-5-28" start_char="1074">on</TOKEN>
				<TOKEN end_char="1079" id="token-5-29" start_char="1077">the</TOKEN>
				<TOKEN end_char="1084" id="token-5-30" start_char="1081">West</TOKEN>
				<TOKEN end_char="1090" id="token-5-31" start_char="1086">Coast</TOKEN>
				<TOKEN end_char="1093" id="token-5-32" start_char="1092">in</TOKEN>
				<TOKEN end_char="1098" id="token-5-33" start_char="1095">2002</TOKEN>
				<TOKEN end_char="1103" id="token-5-34" start_char="1100">cost</TOKEN>
				<TOKEN end_char="1107" id="token-5-35" start_char="1105">the</TOKEN>
				<TOKEN end_char="1115" id="token-5-36" start_char="1109">economy</TOKEN>
				<TOKEN end_char="1117" id="token-5-37" start_char="1117">$</TOKEN>
				<TOKEN end_char="1118" id="token-5-38" start_char="1118">1</TOKEN>
				<TOKEN end_char="1126" id="token-5-39" start_char="1120">billion</TOKEN>
				<TOKEN end_char="1130" id="token-5-40" start_char="1128">per</TOKEN>
				<TOKEN end_char="1134" id="token-5-41" start_char="1132">day</TOKEN>
				<TOKEN end_char="1135" id="token-5-42" start_char="1135">,</TOKEN>
				<TOKEN end_char="1138" id="token-5-43" start_char="1137">or</TOKEN>
				<TOKEN end_char="1145" id="token-5-44" start_char="1140">nearly</TOKEN>
				<TOKEN end_char="1147" id="token-5-45" start_char="1147">4</TOKEN>
				<TOKEN end_char="1155" id="token-5-46" start_char="1149">percent</TOKEN>
				<TOKEN end_char="1158" id="token-5-47" start_char="1157">of</TOKEN>
				<TOKEN end_char="1162" id="token-5-48" start_char="1160">the</TOKEN>
				<TOKEN end_char="1169" id="token-5-49" start_char="1164">nation</TOKEN>
				<TOKEN end_char="1170" id="token-5-50" start_char="1170">'</TOKEN>
				<TOKEN end_char="1171" id="token-5-51" start_char="1171">s</TOKEN>
				<TOKEN end_char="1178" id="token-5-52" start_char="1173">output</TOKEN>
				<TOKEN end_char="1185" id="token-5-53" start_char="1180">during</TOKEN>
				<TOKEN end_char="1190" id="token-5-54" start_char="1187">that</TOKEN>
				<TOKEN end_char="1197" id="token-5-55" start_char="1192">period</TOKEN>
				<TOKEN end_char="1198" id="token-5-56" start_char="1198">.</TOKEN>
				<TOKEN end_char="1202" id="token-5-57" start_char="1200">Yet</TOKEN>
				<TOKEN end_char="1208" id="token-5-58" start_char="1204">other</TOKEN>
				<TOKEN end_char="1219" id="token-5-59" start_char="1210">economists</TOKEN>
				<TOKEN end_char="1224" id="token-5-60" start_char="1221">have</TOKEN>
				<TOKEN end_char="1231" id="token-5-61" start_char="1226">argued</TOKEN>
				<TOKEN end_char="1236" id="token-5-62" start_char="1233">that</TOKEN>
				<TOKEN end_char="1242" id="token-5-63" start_char="1238">these</TOKEN>
				<TOKEN end_char="1250" id="token-5-64" start_char="1244">figures</TOKEN>
				<TOKEN end_char="1254" id="token-5-65" start_char="1252">are</TOKEN>
				<TOKEN end_char="1260" id="token-5-66" start_char="1256">often</TOKEN>
				<TOKEN end_char="1269" id="token-5-67" start_char="1262">inflated</TOKEN>
				<TOKEN end_char="1273" id="token-5-68" start_char="1271">and</TOKEN>
				<TOKEN end_char="1278" id="token-5-69" start_char="1275">that</TOKEN>
				<TOKEN end_char="1282" id="token-5-70" start_char="1280">the</TOKEN>
				<TOKEN end_char="1290" id="token-5-71" start_char="1284">economy</TOKEN>
				<TOKEN end_char="1294" id="token-5-72" start_char="1292">can</TOKEN>
				<TOKEN end_char="1301" id="token-5-73" start_char="1296">handle</TOKEN>
				<TOKEN end_char="1311" id="token-5-74" start_char="1303">temporary</TOKEN>
				<TOKEN end_char="1323" id="token-5-75" start_char="1313">disruptions</TOKEN>
				<TOKEN end_char="1324" id="token-5-76" start_char="1324">.</TOKEN>
			</SEG>
			<SEG end_char="1616" id="20121227_WAPO_6cbd8631f37185b1802b1a83613b4a86-6" start_char="1326">
				<ORIGINAL_TEXT>There's no question that the 14 threatened ports on the East Coast and Gulf Coast are critical — nearly half of ocean-going shipping containers coming to and from the United States go through these points. The biggest port, New York-New Jersey, handled $208 billion worth of goods last year.</ORIGINAL_TEXT>
				<TOKEN end_char="1330" id="token-6-0" start_char="1326">There</TOKEN>
				<TOKEN end_char="1331" id="token-6-1" start_char="1331">'</TOKEN>
				<TOKEN end_char="1332" id="token-6-2" start_char="1332">s</TOKEN>
				<TOKEN end_char="1335" id="token-6-3" start_char="1334">no</TOKEN>
				<TOKEN end_char="1344" id="token-6-4" start_char="1337">question</TOKEN>
				<TOKEN end_char="1349" id="token-6-5" start_char="1346">that</TOKEN>
				<TOKEN end_char="1353" id="token-6-6" start_char="1351">the</TOKEN>
				<TOKEN end_char="1356" id="token-6-7" start_char="1355">14</TOKEN>
				<TOKEN end_char="1367" id="token-6-8" start_char="1358">threatened</TOKEN>
				<TOKEN end_char="1373" id="token-6-9" start_char="1369">ports</TOKEN>
				<TOKEN end_char="1376" id="token-6-10" start_char="1375">on</TOKEN>
				<TOKEN end_char="1380" id="token-6-11" start_char="1378">the</TOKEN>
				<TOKEN end_char="1385" id="token-6-12" start_char="1382">East</TOKEN>
				<TOKEN end_char="1391" id="token-6-13" start_char="1387">Coast</TOKEN>
				<TOKEN end_char="1395" id="token-6-14" start_char="1393">and</TOKEN>
				<TOKEN end_char="1400" id="token-6-15" start_char="1397">Gulf</TOKEN>
				<TOKEN end_char="1406" id="token-6-16" start_char="1402">Coast</TOKEN>
				<TOKEN end_char="1410" id="token-6-17" start_char="1408">are</TOKEN>
				<TOKEN end_char="1419" id="token-6-18" start_char="1412">critical</TOKEN>
				<TOKEN end_char="1421" id="token-6-19" start_char="1421">—</TOKEN>
				<TOKEN end_char="1428" id="token-6-20" start_char="1423">nearly</TOKEN>
				<TOKEN end_char="1433" id="token-6-21" start_char="1430">half</TOKEN>
				<TOKEN end_char="1436" id="token-6-22" start_char="1435">of</TOKEN>
				<TOKEN end_char="1442" id="token-6-23" start_char="1438">ocean</TOKEN>
				<TOKEN end_char="1443" id="token-6-24" start_char="1443">-</TOKEN>
				<TOKEN end_char="1448" id="token-6-25" start_char="1444">going</TOKEN>
				<TOKEN end_char="1457" id="token-6-26" start_char="1450">shipping</TOKEN>
				<TOKEN end_char="1468" id="token-6-27" start_char="1459">containers</TOKEN>
				<TOKEN end_char="1475" id="token-6-28" start_char="1470">coming</TOKEN>
				<TOKEN end_char="1478" id="token-6-29" start_char="1477">to</TOKEN>
				<TOKEN end_char="1482" id="token-6-30" start_char="1480">and</TOKEN>
				<TOKEN end_char="1487" id="token-6-31" start_char="1484">from</TOKEN>
				<TOKEN end_char="1491" id="token-6-32" start_char="1489">the</TOKEN>
				<TOKEN end_char="1498" id="token-6-33" start_char="1493">United</TOKEN>
				<TOKEN end_char="1505" id="token-6-34" start_char="1500">States</TOKEN>
				<TOKEN end_char="1508" id="token-6-35" start_char="1507">go</TOKEN>
				<TOKEN end_char="1516" id="token-6-36" start_char="1510">through</TOKEN>
				<TOKEN end_char="1522" id="token-6-37" start_char="1518">these</TOKEN>
				<TOKEN end_char="1529" id="token-6-38" start_char="1524">points</TOKEN>
				<TOKEN end_char="1530" id="token-6-39" start_char="1530">.</TOKEN>
				<TOKEN end_char="1534" id="token-6-40" start_char="1532">The</TOKEN>
				<TOKEN end_char="1542" id="token-6-41" start_char="1536">biggest</TOKEN>
				<TOKEN end_char="1547" id="token-6-42" start_char="1544">port</TOKEN>
				<TOKEN end_char="1548" id="token-6-43" start_char="1548">,</TOKEN>
				<TOKEN end_char="1552" id="token-6-44" start_char="1550">New</TOKEN>
				<TOKEN end_char="1557" id="token-6-45" start_char="1554">York</TOKEN>
				<TOKEN end_char="1558" id="token-6-46" start_char="1558">-</TOKEN>
				<TOKEN end_char="1561" id="token-6-47" start_char="1559">New</TOKEN>
				<TOKEN end_char="1568" id="token-6-48" start_char="1563">Jersey</TOKEN>
				<TOKEN end_char="1569" id="token-6-49" start_char="1569">,</TOKEN>
				<TOKEN end_char="1577" id="token-6-50" start_char="1571">handled</TOKEN>
				<TOKEN end_char="1579" id="token-6-51" start_char="1579">$</TOKEN>
				<TOKEN end_char="1582" id="token-6-52" start_char="1580">208</TOKEN>
				<TOKEN end_char="1590" id="token-6-53" start_char="1584">billion</TOKEN>
				<TOKEN end_char="1596" id="token-6-54" start_char="1592">worth</TOKEN>
				<TOKEN end_char="1599" id="token-6-55" start_char="1598">of</TOKEN>
				<TOKEN end_char="1605" id="token-6-56" start_char="1601">goods</TOKEN>
				<TOKEN end_char="1610" id="token-6-57" start_char="1607">last</TOKEN>
				<TOKEN end_char="1615" id="token-6-58" start_char="1612">year</TOKEN>
				<TOKEN end_char="1616" id="token-6-59" start_char="1616">.</TOKEN>
			</SEG>
			<SEG end_char="1905" id="20121227_WAPO_6cbd8631f37185b1802b1a83613b4a86-7" start_char="1618">
				<ORIGINAL_TEXT>And the dock workers, for their part, have enormous control over the loading and unloading of cargo. &quot;Many of them, like the crane operators who transfer containers from ships to the docks, are highly skilled and cannot be easily replaced,&quot; writes Steven Greenhouse of the New York Times.</ORIGINAL_TEXT>
				<TOKEN end_char="1620" id="token-7-0" start_char="1618">And</TOKEN>
				<TOKEN end_char="1624" id="token-7-1" start_char="1622">the</TOKEN>
				<TOKEN end_char="1629" id="token-7-2" start_char="1626">dock</TOKEN>
				<TOKEN end_char="1637" id="token-7-3" start_char="1631">workers</TOKEN>
				<TOKEN end_char="1638" id="token-7-4" start_char="1638">,</TOKEN>
				<TOKEN end_char="1642" id="token-7-5" start_char="1640">for</TOKEN>
				<TOKEN end_char="1648" id="token-7-6" start_char="1644">their</TOKEN>
				<TOKEN end_char="1653" id="token-7-7" start_char="1650">part</TOKEN>
				<TOKEN end_char="1654" id="token-7-8" start_char="1654">,</TOKEN>
				<TOKEN end_char="1659" id="token-7-9" start_char="1656">have</TOKEN>
				<TOKEN end_char="1668" id="token-7-10" start_char="1661">enormous</TOKEN>
				<TOKEN end_char="1676" id="token-7-11" start_char="1670">control</TOKEN>
				<TOKEN end_char="1681" id="token-7-12" start_char="1678">over</TOKEN>
				<TOKEN end_char="1685" id="token-7-13" start_char="1683">the</TOKEN>
				<TOKEN end_char="1693" id="token-7-14" start_char="1687">loading</TOKEN>
				<TOKEN end_char="1697" id="token-7-15" start_char="1695">and</TOKEN>
				<TOKEN end_char="1707" id="token-7-16" start_char="1699">unloading</TOKEN>
				<TOKEN end_char="1710" id="token-7-17" start_char="1709">of</TOKEN>
				<TOKEN end_char="1716" id="token-7-18" start_char="1712">cargo</TOKEN>
				<TOKEN end_char="1717" id="token-7-19" start_char="1717">.</TOKEN>
				<TOKEN end_char="1719" id="token-7-20" start_char="1719">&quot;</TOKEN>
				<TOKEN end_char="1723" id="token-7-21" start_char="1720">Many</TOKEN>
				<TOKEN end_char="1726" id="token-7-22" start_char="1725">of</TOKEN>
				<TOKEN end_char="1731" id="token-7-23" start_char="1728">them</TOKEN>
				<TOKEN end_char="1732" id="token-7-24" start_char="1732">,</TOKEN>
				<TOKEN end_char="1737" id="token-7-25" start_char="1734">like</TOKEN>
				<TOKEN end_char="1741" id="token-7-26" start_char="1739">the</TOKEN>
				<TOKEN end_char="1747" id="token-7-27" start_char="1743">crane</TOKEN>
				<TOKEN end_char="1757" id="token-7-28" start_char="1749">operators</TOKEN>
				<TOKEN end_char="1761" id="token-7-29" start_char="1759">who</TOKEN>
				<TOKEN end_char="1770" id="token-7-30" start_char="1763">transfer</TOKEN>
				<TOKEN end_char="1781" id="token-7-31" start_char="1772">containers</TOKEN>
				<TOKEN end_char="1786" id="token-7-32" start_char="1783">from</TOKEN>
				<TOKEN end_char="1792" id="token-7-33" start_char="1788">ships</TOKEN>
				<TOKEN end_char="1795" id="token-7-34" start_char="1794">to</TOKEN>
				<TOKEN end_char="1799" id="token-7-35" start_char="1797">the</TOKEN>
				<TOKEN end_char="1805" id="token-7-36" start_char="1801">docks</TOKEN>
				<TOKEN end_char="1806" id="token-7-37" start_char="1806">,</TOKEN>
				<TOKEN end_char="1810" id="token-7-38" start_char="1808">are</TOKEN>
				<TOKEN end_char="1817" id="token-7-39" start_char="1812">highly</TOKEN>
				<TOKEN end_char="1825" id="token-7-40" start_char="1819">skilled</TOKEN>
				<TOKEN end_char="1829" id="token-7-41" start_char="1827">and</TOKEN>
				<TOKEN end_char="1836" id="token-7-42" start_char="1831">cannot</TOKEN>
				<TOKEN end_char="1839" id="token-7-43" start_char="1838">be</TOKEN>
				<TOKEN end_char="1846" id="token-7-44" start_char="1841">easily</TOKEN>
				<TOKEN end_char="1855" id="token-7-45" start_char="1848">replaced</TOKEN>
				<TOKEN end_char="1857" id="token-7-46" start_char="1856">,&quot;</TOKEN>
				<TOKEN end_char="1864" id="token-7-47" start_char="1859">writes</TOKEN>
				<TOKEN end_char="1871" id="token-7-48" start_char="1866">Steven</TOKEN>
				<TOKEN end_char="1882" id="token-7-49" start_char="1873">Greenhouse</TOKEN>
				<TOKEN end_char="1885" id="token-7-50" start_char="1884">of</TOKEN>
				<TOKEN end_char="1889" id="token-7-51" start_char="1887">the</TOKEN>
				<TOKEN end_char="1893" id="token-7-52" start_char="1891">New</TOKEN>
				<TOKEN end_char="1898" id="token-7-53" start_char="1895">York</TOKEN>
				<TOKEN end_char="1904" id="token-7-54" start_char="1900">Times</TOKEN>
				<TOKEN end_char="1905" id="token-7-55" start_char="1905">.</TOKEN>
			</SEG>
			<SEG end_char="2428" id="20121227_WAPO_6cbd8631f37185b1802b1a83613b4a86-8" start_char="1907">
				<ORIGINAL_TEXT>Still, calculating how a port shutdown would affect the economy is notoriously tricky, not least because it's difficult to figure out how supply chains will adapt. As Peter V. Hall of the University of Waterloo explained in a 2004 paper, many past studies simply assume that most of the value of the cargo will be lost during a shutdown and that all the jobs that depend on that cargo, from truckers to retailers, will take a hit accordingly. &quot;In other words,&quot; Hall writes, &quot;they assume the ships carrying the cargo sank.&quot;</ORIGINAL_TEXT>
				<TOKEN end_char="1911" id="token-8-0" start_char="1907">Still</TOKEN>
				<TOKEN end_char="1912" id="token-8-1" start_char="1912">,</TOKEN>
				<TOKEN end_char="1924" id="token-8-2" start_char="1914">calculating</TOKEN>
				<TOKEN end_char="1928" id="token-8-3" start_char="1926">how</TOKEN>
				<TOKEN end_char="1930" id="token-8-4" start_char="1930">a</TOKEN>
				<TOKEN end_char="1935" id="token-8-5" start_char="1932">port</TOKEN>
				<TOKEN end_char="1944" id="token-8-6" start_char="1937">shutdown</TOKEN>
				<TOKEN end_char="1950" id="token-8-7" start_char="1946">would</TOKEN>
				<TOKEN end_char="1957" id="token-8-8" start_char="1952">affect</TOKEN>
				<TOKEN end_char="1961" id="token-8-9" start_char="1959">the</TOKEN>
				<TOKEN end_char="1969" id="token-8-10" start_char="1963">economy</TOKEN>
				<TOKEN end_char="1972" id="token-8-11" start_char="1971">is</TOKEN>
				<TOKEN end_char="1984" id="token-8-12" start_char="1974">notoriously</TOKEN>
				<TOKEN end_char="1991" id="token-8-13" start_char="1986">tricky</TOKEN>
				<TOKEN end_char="1992" id="token-8-14" start_char="1992">,</TOKEN>
				<TOKEN end_char="1996" id="token-8-15" start_char="1994">not</TOKEN>
				<TOKEN end_char="2002" id="token-8-16" start_char="1998">least</TOKEN>
				<TOKEN end_char="2010" id="token-8-17" start_char="2004">because</TOKEN>
				<TOKEN end_char="2013" id="token-8-18" start_char="2012">it</TOKEN>
				<TOKEN end_char="2014" id="token-8-19" start_char="2014">'</TOKEN>
				<TOKEN end_char="2015" id="token-8-20" start_char="2015">s</TOKEN>
				<TOKEN end_char="2025" id="token-8-21" start_char="2017">difficult</TOKEN>
				<TOKEN end_char="2028" id="token-8-22" start_char="2027">to</TOKEN>
				<TOKEN end_char="2035" id="token-8-23" start_char="2030">figure</TOKEN>
				<TOKEN end_char="2039" id="token-8-24" start_char="2037">out</TOKEN>
				<TOKEN end_char="2043" id="token-8-25" start_char="2041">how</TOKEN>
				<TOKEN end_char="2050" id="token-8-26" start_char="2045">supply</TOKEN>
				<TOKEN end_char="2057" id="token-8-27" start_char="2052">chains</TOKEN>
				<TOKEN end_char="2062" id="token-8-28" start_char="2059">will</TOKEN>
				<TOKEN end_char="2068" id="token-8-29" start_char="2064">adapt</TOKEN>
				<TOKEN end_char="2069" id="token-8-30" start_char="2069">.</TOKEN>
				<TOKEN end_char="2072" id="token-8-31" start_char="2071">As</TOKEN>
				<TOKEN end_char="2078" id="token-8-32" start_char="2074">Peter</TOKEN>
				<TOKEN end_char="2080" id="token-8-33" start_char="2080">V</TOKEN>
				<TOKEN end_char="2081" id="token-8-34" start_char="2081">.</TOKEN>
				<TOKEN end_char="2086" id="token-8-35" start_char="2083">Hall</TOKEN>
				<TOKEN end_char="2089" id="token-8-36" start_char="2088">of</TOKEN>
				<TOKEN end_char="2093" id="token-8-37" start_char="2091">the</TOKEN>
				<TOKEN end_char="2104" id="token-8-38" start_char="2095">University</TOKEN>
				<TOKEN end_char="2107" id="token-8-39" start_char="2106">of</TOKEN>
				<TOKEN end_char="2116" id="token-8-40" start_char="2109">Waterloo</TOKEN>
				<TOKEN end_char="2126" id="token-8-41" start_char="2118">explained</TOKEN>
				<TOKEN end_char="2129" id="token-8-42" start_char="2128">in</TOKEN>
				<TOKEN end_char="2131" id="token-8-43" start_char="2131">a</TOKEN>
				<TOKEN end_char="2136" id="token-8-44" start_char="2133">2004</TOKEN>
				<TOKEN end_char="2142" id="token-8-45" start_char="2138">paper</TOKEN>
				<TOKEN end_char="2143" id="token-8-46" start_char="2143">,</TOKEN>
				<TOKEN end_char="2148" id="token-8-47" start_char="2145">many</TOKEN>
				<TOKEN end_char="2153" id="token-8-48" start_char="2150">past</TOKEN>
				<TOKEN end_char="2161" id="token-8-49" start_char="2155">studies</TOKEN>
				<TOKEN end_char="2168" id="token-8-50" start_char="2163">simply</TOKEN>
				<TOKEN end_char="2175" id="token-8-51" start_char="2170">assume</TOKEN>
				<TOKEN end_char="2180" id="token-8-52" start_char="2177">that</TOKEN>
				<TOKEN end_char="2185" id="token-8-53" start_char="2182">most</TOKEN>
				<TOKEN end_char="2188" id="token-8-54" start_char="2187">of</TOKEN>
				<TOKEN end_char="2192" id="token-8-55" start_char="2190">the</TOKEN>
				<TOKEN end_char="2198" id="token-8-56" start_char="2194">value</TOKEN>
				<TOKEN end_char="2201" id="token-8-57" start_char="2200">of</TOKEN>
				<TOKEN end_char="2205" id="token-8-58" start_char="2203">the</TOKEN>
				<TOKEN end_char="2211" id="token-8-59" start_char="2207">cargo</TOKEN>
				<TOKEN end_char="2216" id="token-8-60" start_char="2213">will</TOKEN>
				<TOKEN end_char="2219" id="token-8-61" start_char="2218">be</TOKEN>
				<TOKEN end_char="2224" id="token-8-62" start_char="2221">lost</TOKEN>
				<TOKEN end_char="2231" id="token-8-63" start_char="2226">during</TOKEN>
				<TOKEN end_char="2233" id="token-8-64" start_char="2233">a</TOKEN>
				<TOKEN end_char="2242" id="token-8-65" start_char="2235">shutdown</TOKEN>
				<TOKEN end_char="2246" id="token-8-66" start_char="2244">and</TOKEN>
				<TOKEN end_char="2251" id="token-8-67" start_char="2248">that</TOKEN>
				<TOKEN end_char="2255" id="token-8-68" start_char="2253">all</TOKEN>
				<TOKEN end_char="2259" id="token-8-69" start_char="2257">the</TOKEN>
				<TOKEN end_char="2264" id="token-8-70" start_char="2261">jobs</TOKEN>
				<TOKEN end_char="2269" id="token-8-71" start_char="2266">that</TOKEN>
				<TOKEN end_char="2276" id="token-8-72" start_char="2271">depend</TOKEN>
				<TOKEN end_char="2279" id="token-8-73" start_char="2278">on</TOKEN>
				<TOKEN end_char="2284" id="token-8-74" start_char="2281">that</TOKEN>
				<TOKEN end_char="2290" id="token-8-75" start_char="2286">cargo</TOKEN>
				<TOKEN end_char="2291" id="token-8-76" start_char="2291">,</TOKEN>
				<TOKEN end_char="2296" id="token-8-77" start_char="2293">from</TOKEN>
				<TOKEN end_char="2305" id="token-8-78" start_char="2298">truckers</TOKEN>
				<TOKEN end_char="2308" id="token-8-79" start_char="2307">to</TOKEN>
				<TOKEN end_char="2318" id="token-8-80" start_char="2310">retailers</TOKEN>
				<TOKEN end_char="2319" id="token-8-81" start_char="2319">,</TOKEN>
				<TOKEN end_char="2324" id="token-8-82" start_char="2321">will</TOKEN>
				<TOKEN end_char="2329" id="token-8-83" start_char="2326">take</TOKEN>
				<TOKEN end_char="2331" id="token-8-84" start_char="2331">a</TOKEN>
				<TOKEN end_char="2335" id="token-8-85" start_char="2333">hit</TOKEN>
				<TOKEN end_char="2347" id="token-8-86" start_char="2337">accordingly</TOKEN>
				<TOKEN end_char="2348" id="token-8-87" start_char="2348">.</TOKEN>
				<TOKEN end_char="2350" id="token-8-88" start_char="2350">&quot;</TOKEN>
				<TOKEN end_char="2352" id="token-8-89" start_char="2351">In</TOKEN>
				<TOKEN end_char="2358" id="token-8-90" start_char="2354">other</TOKEN>
				<TOKEN end_char="2364" id="token-8-91" start_char="2360">words</TOKEN>
				<TOKEN end_char="2366" id="token-8-92" start_char="2365">,&quot;</TOKEN>
				<TOKEN end_char="2371" id="token-8-93" start_char="2368">Hall</TOKEN>
				<TOKEN end_char="2378" id="token-8-94" start_char="2373">writes</TOKEN>
				<TOKEN end_char="2379" id="token-8-95" start_char="2379">,</TOKEN>
				<TOKEN end_char="2381" id="token-8-96" start_char="2381">&quot;</TOKEN>
				<TOKEN end_char="2385" id="token-8-97" start_char="2382">they</TOKEN>
				<TOKEN end_char="2392" id="token-8-98" start_char="2387">assume</TOKEN>
				<TOKEN end_char="2396" id="token-8-99" start_char="2394">the</TOKEN>
				<TOKEN end_char="2402" id="token-8-100" start_char="2398">ships</TOKEN>
				<TOKEN end_char="2411" id="token-8-101" start_char="2404">carrying</TOKEN>
				<TOKEN end_char="2415" id="token-8-102" start_char="2413">the</TOKEN>
				<TOKEN end_char="2421" id="token-8-103" start_char="2417">cargo</TOKEN>
				<TOKEN end_char="2426" id="token-8-104" start_char="2423">sank</TOKEN>
				<TOKEN end_char="2428" id="token-8-105" start_char="2427">.&quot;</TOKEN>
			</SEG>
			<SEG end_char="2832" id="20121227_WAPO_6cbd8631f37185b1802b1a83613b4a86-9" start_char="2430">
				<ORIGINAL_TEXT>But, Hall explained, that's too simplistic. Many companies stock up on extra goods ahead of an anticipated labor dispute. And, in the event of a port shutdown, many supply-chain managers will ship goods by rail or air instead — air freight surged during the 2002 lockout at Los Angeles-Long Beach. These contingency plans do cost money, so there is a real loss here, but it's smaller than often assumed.</ORIGINAL_TEXT>
				<TOKEN end_char="2432" id="token-9-0" start_char="2430">But</TOKEN>
				<TOKEN end_char="2433" id="token-9-1" start_char="2433">,</TOKEN>
				<TOKEN end_char="2438" id="token-9-2" start_char="2435">Hall</TOKEN>
				<TOKEN end_char="2448" id="token-9-3" start_char="2440">explained</TOKEN>
				<TOKEN end_char="2449" id="token-9-4" start_char="2449">,</TOKEN>
				<TOKEN end_char="2454" id="token-9-5" start_char="2451">that</TOKEN>
				<TOKEN end_char="2455" id="token-9-6" start_char="2455">'</TOKEN>
				<TOKEN end_char="2456" id="token-9-7" start_char="2456">s</TOKEN>
				<TOKEN end_char="2460" id="token-9-8" start_char="2458">too</TOKEN>
				<TOKEN end_char="2471" id="token-9-9" start_char="2462">simplistic</TOKEN>
				<TOKEN end_char="2472" id="token-9-10" start_char="2472">.</TOKEN>
				<TOKEN end_char="2477" id="token-9-11" start_char="2474">Many</TOKEN>
				<TOKEN end_char="2487" id="token-9-12" start_char="2479">companies</TOKEN>
				<TOKEN end_char="2493" id="token-9-13" start_char="2489">stock</TOKEN>
				<TOKEN end_char="2496" id="token-9-14" start_char="2495">up</TOKEN>
				<TOKEN end_char="2499" id="token-9-15" start_char="2498">on</TOKEN>
				<TOKEN end_char="2505" id="token-9-16" start_char="2501">extra</TOKEN>
				<TOKEN end_char="2511" id="token-9-17" start_char="2507">goods</TOKEN>
				<TOKEN end_char="2517" id="token-9-18" start_char="2513">ahead</TOKEN>
				<TOKEN end_char="2520" id="token-9-19" start_char="2519">of</TOKEN>
				<TOKEN end_char="2523" id="token-9-20" start_char="2522">an</TOKEN>
				<TOKEN end_char="2535" id="token-9-21" start_char="2525">anticipated</TOKEN>
				<TOKEN end_char="2541" id="token-9-22" start_char="2537">labor</TOKEN>
				<TOKEN end_char="2549" id="token-9-23" start_char="2543">dispute</TOKEN>
				<TOKEN end_char="2550" id="token-9-24" start_char="2550">.</TOKEN>
				<TOKEN end_char="2554" id="token-9-25" start_char="2552">And</TOKEN>
				<TOKEN end_char="2555" id="token-9-26" start_char="2555">,</TOKEN>
				<TOKEN end_char="2558" id="token-9-27" start_char="2557">in</TOKEN>
				<TOKEN end_char="2562" id="token-9-28" start_char="2560">the</TOKEN>
				<TOKEN end_char="2568" id="token-9-29" start_char="2564">event</TOKEN>
				<TOKEN end_char="2571" id="token-9-30" start_char="2570">of</TOKEN>
				<TOKEN end_char="2573" id="token-9-31" start_char="2573">a</TOKEN>
				<TOKEN end_char="2578" id="token-9-32" start_char="2575">port</TOKEN>
				<TOKEN end_char="2587" id="token-9-33" start_char="2580">shutdown</TOKEN>
				<TOKEN end_char="2588" id="token-9-34" start_char="2588">,</TOKEN>
				<TOKEN end_char="2593" id="token-9-35" start_char="2590">many</TOKEN>
				<TOKEN end_char="2600" id="token-9-36" start_char="2595">supply</TOKEN>
				<TOKEN end_char="2601" id="token-9-37" start_char="2601">-</TOKEN>
				<TOKEN end_char="2606" id="token-9-38" start_char="2602">chain</TOKEN>
				<TOKEN end_char="2615" id="token-9-39" start_char="2608">managers</TOKEN>
				<TOKEN end_char="2620" id="token-9-40" start_char="2617">will</TOKEN>
				<TOKEN end_char="2625" id="token-9-41" start_char="2622">ship</TOKEN>
				<TOKEN end_char="2631" id="token-9-42" start_char="2627">goods</TOKEN>
				<TOKEN end_char="2634" id="token-9-43" start_char="2633">by</TOKEN>
				<TOKEN end_char="2639" id="token-9-44" start_char="2636">rail</TOKEN>
				<TOKEN end_char="2642" id="token-9-45" start_char="2641">or</TOKEN>
				<TOKEN end_char="2646" id="token-9-46" start_char="2644">air</TOKEN>
				<TOKEN end_char="2654" id="token-9-47" start_char="2648">instead</TOKEN>
				<TOKEN end_char="2656" id="token-9-48" start_char="2656">—</TOKEN>
				<TOKEN end_char="2660" id="token-9-49" start_char="2658">air</TOKEN>
				<TOKEN end_char="2668" id="token-9-50" start_char="2662">freight</TOKEN>
				<TOKEN end_char="2675" id="token-9-51" start_char="2670">surged</TOKEN>
				<TOKEN end_char="2682" id="token-9-52" start_char="2677">during</TOKEN>
				<TOKEN end_char="2686" id="token-9-53" start_char="2684">the</TOKEN>
				<TOKEN end_char="2691" id="token-9-54" start_char="2688">2002</TOKEN>
				<TOKEN end_char="2699" id="token-9-55" start_char="2693">lockout</TOKEN>
				<TOKEN end_char="2702" id="token-9-56" start_char="2701">at</TOKEN>
				<TOKEN end_char="2706" id="token-9-57" start_char="2704">Los</TOKEN>
				<TOKEN end_char="2714" id="token-9-58" start_char="2708">Angeles</TOKEN>
				<TOKEN end_char="2715" id="token-9-59" start_char="2715">-</TOKEN>
				<TOKEN end_char="2719" id="token-9-60" start_char="2716">Long</TOKEN>
				<TOKEN end_char="2725" id="token-9-61" start_char="2721">Beach</TOKEN>
				<TOKEN end_char="2726" id="token-9-62" start_char="2726">.</TOKEN>
				<TOKEN end_char="2732" id="token-9-63" start_char="2728">These</TOKEN>
				<TOKEN end_char="2744" id="token-9-64" start_char="2734">contingency</TOKEN>
				<TOKEN end_char="2750" id="token-9-65" start_char="2746">plans</TOKEN>
				<TOKEN end_char="2753" id="token-9-66" start_char="2752">do</TOKEN>
				<TOKEN end_char="2758" id="token-9-67" start_char="2755">cost</TOKEN>
				<TOKEN end_char="2764" id="token-9-68" start_char="2760">money</TOKEN>
				<TOKEN end_char="2765" id="token-9-69" start_char="2765">,</TOKEN>
				<TOKEN end_char="2768" id="token-9-70" start_char="2767">so</TOKEN>
				<TOKEN end_char="2774" id="token-9-71" start_char="2770">there</TOKEN>
				<TOKEN end_char="2777" id="token-9-72" start_char="2776">is</TOKEN>
				<TOKEN end_char="2779" id="token-9-73" start_char="2779">a</TOKEN>
				<TOKEN end_char="2784" id="token-9-74" start_char="2781">real</TOKEN>
				<TOKEN end_char="2789" id="token-9-75" start_char="2786">loss</TOKEN>
				<TOKEN end_char="2794" id="token-9-76" start_char="2791">here</TOKEN>
				<TOKEN end_char="2795" id="token-9-77" start_char="2795">,</TOKEN>
				<TOKEN end_char="2799" id="token-9-78" start_char="2797">but</TOKEN>
				<TOKEN end_char="2802" id="token-9-79" start_char="2801">it</TOKEN>
				<TOKEN end_char="2803" id="token-9-80" start_char="2803">'</TOKEN>
				<TOKEN end_char="2804" id="token-9-81" start_char="2804">s</TOKEN>
				<TOKEN end_char="2812" id="token-9-82" start_char="2806">smaller</TOKEN>
				<TOKEN end_char="2817" id="token-9-83" start_char="2814">than</TOKEN>
				<TOKEN end_char="2823" id="token-9-84" start_char="2819">often</TOKEN>
				<TOKEN end_char="2831" id="token-9-85" start_char="2825">assumed</TOKEN>
				<TOKEN end_char="2832" id="token-9-86" start_char="2832">.</TOKEN>
			</SEG>
			<SEG end_char="3050" id="20121227_WAPO_6cbd8631f37185b1802b1a83613b4a86-10" start_char="2834">
				<ORIGINAL_TEXT>That explains why academic estimates of the costs of the 2002 lockout have ranged from many billions of dollars per day to just $2.5 billion in total. That's the difference between a mild disruption and economic doom.</ORIGINAL_TEXT>
				<TOKEN end_char="2837" id="token-10-0" start_char="2834">That</TOKEN>
				<TOKEN end_char="2846" id="token-10-1" start_char="2839">explains</TOKEN>
				<TOKEN end_char="2850" id="token-10-2" start_char="2848">why</TOKEN>
				<TOKEN end_char="2859" id="token-10-3" start_char="2852">academic</TOKEN>
				<TOKEN end_char="2869" id="token-10-4" start_char="2861">estimates</TOKEN>
				<TOKEN end_char="2872" id="token-10-5" start_char="2871">of</TOKEN>
				<TOKEN end_char="2876" id="token-10-6" start_char="2874">the</TOKEN>
				<TOKEN end_char="2882" id="token-10-7" start_char="2878">costs</TOKEN>
				<TOKEN end_char="2885" id="token-10-8" start_char="2884">of</TOKEN>
				<TOKEN end_char="2889" id="token-10-9" start_char="2887">the</TOKEN>
				<TOKEN end_char="2894" id="token-10-10" start_char="2891">2002</TOKEN>
				<TOKEN end_char="2902" id="token-10-11" start_char="2896">lockout</TOKEN>
				<TOKEN end_char="2907" id="token-10-12" start_char="2904">have</TOKEN>
				<TOKEN end_char="2914" id="token-10-13" start_char="2909">ranged</TOKEN>
				<TOKEN end_char="2919" id="token-10-14" start_char="2916">from</TOKEN>
				<TOKEN end_char="2924" id="token-10-15" start_char="2921">many</TOKEN>
				<TOKEN end_char="2933" id="token-10-16" start_char="2926">billions</TOKEN>
				<TOKEN end_char="2936" id="token-10-17" start_char="2935">of</TOKEN>
				<TOKEN end_char="2944" id="token-10-18" start_char="2938">dollars</TOKEN>
				<TOKEN end_char="2948" id="token-10-19" start_char="2946">per</TOKEN>
				<TOKEN end_char="2952" id="token-10-20" start_char="2950">day</TOKEN>
				<TOKEN end_char="2955" id="token-10-21" start_char="2954">to</TOKEN>
				<TOKEN end_char="2960" id="token-10-22" start_char="2957">just</TOKEN>
				<TOKEN end_char="2962" id="token-10-23" start_char="2962">$</TOKEN>
				<TOKEN end_char="2963" id="token-10-24" start_char="2963">2</TOKEN>
				<TOKEN end_char="2964" id="token-10-25" start_char="2964">.</TOKEN>
				<TOKEN end_char="2965" id="token-10-26" start_char="2965">5</TOKEN>
				<TOKEN end_char="2973" id="token-10-27" start_char="2967">billion</TOKEN>
				<TOKEN end_char="2976" id="token-10-28" start_char="2975">in</TOKEN>
				<TOKEN end_char="2982" id="token-10-29" start_char="2978">total</TOKEN>
				<TOKEN end_char="2983" id="token-10-30" start_char="2983">.</TOKEN>
				<TOKEN end_char="2988" id="token-10-31" start_char="2985">That</TOKEN>
				<TOKEN end_char="2989" id="token-10-32" start_char="2989">'</TOKEN>
				<TOKEN end_char="2990" id="token-10-33" start_char="2990">s</TOKEN>
				<TOKEN end_char="2994" id="token-10-34" start_char="2992">the</TOKEN>
				<TOKEN end_char="3005" id="token-10-35" start_char="2996">difference</TOKEN>
				<TOKEN end_char="3013" id="token-10-36" start_char="3007">between</TOKEN>
				<TOKEN end_char="3015" id="token-10-37" start_char="3015">a</TOKEN>
				<TOKEN end_char="3020" id="token-10-38" start_char="3017">mild</TOKEN>
				<TOKEN end_char="3031" id="token-10-39" start_char="3022">disruption</TOKEN>
				<TOKEN end_char="3035" id="token-10-40" start_char="3033">and</TOKEN>
				<TOKEN end_char="3044" id="token-10-41" start_char="3037">economic</TOKEN>
				<TOKEN end_char="3049" id="token-10-42" start_char="3046">doom</TOKEN>
				<TOKEN end_char="3050" id="token-10-43" start_char="3050">.</TOKEN>
			</SEG>
			<SEG end_char="3535" id="20121227_WAPO_6cbd8631f37185b1802b1a83613b4a86-11" start_char="3052">
				<ORIGINAL_TEXT>Making things even more complicated is the fact that the looming dockworkers' strike on the East Coast won't affect all cargo — just containerized cargo such as household goods, clothing, and frozen foods. As a strike-preparation memo from the International Longshoremen's Association explained, workers will still handle U.S. mail, military cargo, perishable goods such as fruits and vegetables, as well as non-containerized &quot;break bulk&quot; goods such as cars, wood products, and steel.</ORIGINAL_TEXT>
				<TOKEN end_char="3057" id="token-11-0" start_char="3052">Making</TOKEN>
				<TOKEN end_char="3064" id="token-11-1" start_char="3059">things</TOKEN>
				<TOKEN end_char="3069" id="token-11-2" start_char="3066">even</TOKEN>
				<TOKEN end_char="3074" id="token-11-3" start_char="3071">more</TOKEN>
				<TOKEN end_char="3086" id="token-11-4" start_char="3076">complicated</TOKEN>
				<TOKEN end_char="3089" id="token-11-5" start_char="3088">is</TOKEN>
				<TOKEN end_char="3093" id="token-11-6" start_char="3091">the</TOKEN>
				<TOKEN end_char="3098" id="token-11-7" start_char="3095">fact</TOKEN>
				<TOKEN end_char="3103" id="token-11-8" start_char="3100">that</TOKEN>
				<TOKEN end_char="3107" id="token-11-9" start_char="3105">the</TOKEN>
				<TOKEN end_char="3115" id="token-11-10" start_char="3109">looming</TOKEN>
				<TOKEN end_char="3127" id="token-11-11" start_char="3117">dockworkers</TOKEN>
				<TOKEN end_char="3128" id="token-11-12" start_char="3128">'</TOKEN>
				<TOKEN end_char="3135" id="token-11-13" start_char="3130">strike</TOKEN>
				<TOKEN end_char="3138" id="token-11-14" start_char="3137">on</TOKEN>
				<TOKEN end_char="3142" id="token-11-15" start_char="3140">the</TOKEN>
				<TOKEN end_char="3147" id="token-11-16" start_char="3144">East</TOKEN>
				<TOKEN end_char="3153" id="token-11-17" start_char="3149">Coast</TOKEN>
				<TOKEN end_char="3157" id="token-11-18" start_char="3155">won</TOKEN>
				<TOKEN end_char="3158" id="token-11-19" start_char="3158">'</TOKEN>
				<TOKEN end_char="3159" id="token-11-20" start_char="3159">t</TOKEN>
				<TOKEN end_char="3166" id="token-11-21" start_char="3161">affect</TOKEN>
				<TOKEN end_char="3170" id="token-11-22" start_char="3168">all</TOKEN>
				<TOKEN end_char="3176" id="token-11-23" start_char="3172">cargo</TOKEN>
				<TOKEN end_char="3178" id="token-11-24" start_char="3178">—</TOKEN>
				<TOKEN end_char="3183" id="token-11-25" start_char="3180">just</TOKEN>
				<TOKEN end_char="3197" id="token-11-26" start_char="3185">containerized</TOKEN>
				<TOKEN end_char="3203" id="token-11-27" start_char="3199">cargo</TOKEN>
				<TOKEN end_char="3208" id="token-11-28" start_char="3205">such</TOKEN>
				<TOKEN end_char="3211" id="token-11-29" start_char="3210">as</TOKEN>
				<TOKEN end_char="3221" id="token-11-30" start_char="3213">household</TOKEN>
				<TOKEN end_char="3227" id="token-11-31" start_char="3223">goods</TOKEN>
				<TOKEN end_char="3228" id="token-11-32" start_char="3228">,</TOKEN>
				<TOKEN end_char="3237" id="token-11-33" start_char="3230">clothing</TOKEN>
				<TOKEN end_char="3238" id="token-11-34" start_char="3238">,</TOKEN>
				<TOKEN end_char="3242" id="token-11-35" start_char="3240">and</TOKEN>
				<TOKEN end_char="3249" id="token-11-36" start_char="3244">frozen</TOKEN>
				<TOKEN end_char="3255" id="token-11-37" start_char="3251">foods</TOKEN>
				<TOKEN end_char="3256" id="token-11-38" start_char="3256">.</TOKEN>
				<TOKEN end_char="3259" id="token-11-39" start_char="3258">As</TOKEN>
				<TOKEN end_char="3261" id="token-11-40" start_char="3261">a</TOKEN>
				<TOKEN end_char="3268" id="token-11-41" start_char="3263">strike</TOKEN>
				<TOKEN end_char="3269" id="token-11-42" start_char="3269">-</TOKEN>
				<TOKEN end_char="3280" id="token-11-43" start_char="3270">preparation</TOKEN>
				<TOKEN end_char="3285" id="token-11-44" start_char="3282">memo</TOKEN>
				<TOKEN end_char="3290" id="token-11-45" start_char="3287">from</TOKEN>
				<TOKEN end_char="3294" id="token-11-46" start_char="3292">the</TOKEN>
				<TOKEN end_char="3308" id="token-11-47" start_char="3296">International</TOKEN>
				<TOKEN end_char="3321" id="token-11-48" start_char="3310">Longshoremen</TOKEN>
				<TOKEN end_char="3322" id="token-11-49" start_char="3322">'</TOKEN>
				<TOKEN end_char="3323" id="token-11-50" start_char="3323">s</TOKEN>
				<TOKEN end_char="3335" id="token-11-51" start_char="3325">Association</TOKEN>
				<TOKEN end_char="3345" id="token-11-52" start_char="3337">explained</TOKEN>
				<TOKEN end_char="3346" id="token-11-53" start_char="3346">,</TOKEN>
				<TOKEN end_char="3354" id="token-11-54" start_char="3348">workers</TOKEN>
				<TOKEN end_char="3359" id="token-11-55" start_char="3356">will</TOKEN>
				<TOKEN end_char="3365" id="token-11-56" start_char="3361">still</TOKEN>
				<TOKEN end_char="3372" id="token-11-57" start_char="3367">handle</TOKEN>
				<TOKEN end_char="3374" id="token-11-58" start_char="3374">U</TOKEN>
				<TOKEN end_char="3375" id="token-11-59" start_char="3375">.</TOKEN>
				<TOKEN end_char="3376" id="token-11-60" start_char="3376">S</TOKEN>
				<TOKEN end_char="3377" id="token-11-61" start_char="3377">.</TOKEN>
				<TOKEN end_char="3382" id="token-11-62" start_char="3379">mail</TOKEN>
				<TOKEN end_char="3383" id="token-11-63" start_char="3383">,</TOKEN>
				<TOKEN end_char="3392" id="token-11-64" start_char="3385">military</TOKEN>
				<TOKEN end_char="3398" id="token-11-65" start_char="3394">cargo</TOKEN>
				<TOKEN end_char="3399" id="token-11-66" start_char="3399">,</TOKEN>
				<TOKEN end_char="3410" id="token-11-67" start_char="3401">perishable</TOKEN>
				<TOKEN end_char="3416" id="token-11-68" start_char="3412">goods</TOKEN>
				<TOKEN end_char="3421" id="token-11-69" start_char="3418">such</TOKEN>
				<TOKEN end_char="3424" id="token-11-70" start_char="3423">as</TOKEN>
				<TOKEN end_char="3431" id="token-11-71" start_char="3426">fruits</TOKEN>
				<TOKEN end_char="3435" id="token-11-72" start_char="3433">and</TOKEN>
				<TOKEN end_char="3446" id="token-11-73" start_char="3437">vegetables</TOKEN>
				<TOKEN end_char="3447" id="token-11-74" start_char="3447">,</TOKEN>
				<TOKEN end_char="3450" id="token-11-75" start_char="3449">as</TOKEN>
				<TOKEN end_char="3455" id="token-11-76" start_char="3452">well</TOKEN>
				<TOKEN end_char="3458" id="token-11-77" start_char="3457">as</TOKEN>
				<TOKEN end_char="3462" id="token-11-78" start_char="3460">non</TOKEN>
				<TOKEN end_char="3463" id="token-11-79" start_char="3463">-</TOKEN>
				<TOKEN end_char="3476" id="token-11-80" start_char="3464">containerized</TOKEN>
				<TOKEN end_char="3478" id="token-11-81" start_char="3478">&quot;</TOKEN>
				<TOKEN end_char="3483" id="token-11-82" start_char="3479">break</TOKEN>
				<TOKEN end_char="3488" id="token-11-83" start_char="3485">bulk</TOKEN>
				<TOKEN end_char="3489" id="token-11-84" start_char="3489">&quot;</TOKEN>
				<TOKEN end_char="3495" id="token-11-85" start_char="3491">goods</TOKEN>
				<TOKEN end_char="3500" id="token-11-86" start_char="3497">such</TOKEN>
				<TOKEN end_char="3503" id="token-11-87" start_char="3502">as</TOKEN>
				<TOKEN end_char="3508" id="token-11-88" start_char="3505">cars</TOKEN>
				<TOKEN end_char="3509" id="token-11-89" start_char="3509">,</TOKEN>
				<TOKEN end_char="3514" id="token-11-90" start_char="3511">wood</TOKEN>
				<TOKEN end_char="3523" id="token-11-91" start_char="3516">products</TOKEN>
				<TOKEN end_char="3524" id="token-11-92" start_char="3524">,</TOKEN>
				<TOKEN end_char="3528" id="token-11-93" start_char="3526">and</TOKEN>
				<TOKEN end_char="3534" id="token-11-94" start_char="3530">steel</TOKEN>
				<TOKEN end_char="3535" id="token-11-95" start_char="3535">.</TOKEN>
			</SEG>
			<SEG end_char="3837" id="20121227_WAPO_6cbd8631f37185b1802b1a83613b4a86-12" start_char="3537">
				<ORIGINAL_TEXT>What's more, certain industries may suffer more than others. U.S. grain exporters, for instance, are already reeling from both the recent slowdown in China and low water levels on the Mississippi that are bogging down barge traffic. An East Coast port shutdown could hamper grain exports even further.</ORIGINAL_TEXT>
				<TOKEN end_char="3540" id="token-12-0" start_char="3537">What</TOKEN>
				<TOKEN end_char="3541" id="token-12-1" start_char="3541">'</TOKEN>
				<TOKEN end_char="3542" id="token-12-2" start_char="3542">s</TOKEN>
				<TOKEN end_char="3547" id="token-12-3" start_char="3544">more</TOKEN>
				<TOKEN end_char="3548" id="token-12-4" start_char="3548">,</TOKEN>
				<TOKEN end_char="3556" id="token-12-5" start_char="3550">certain</TOKEN>
				<TOKEN end_char="3567" id="token-12-6" start_char="3558">industries</TOKEN>
				<TOKEN end_char="3571" id="token-12-7" start_char="3569">may</TOKEN>
				<TOKEN end_char="3578" id="token-12-8" start_char="3573">suffer</TOKEN>
				<TOKEN end_char="3583" id="token-12-9" start_char="3580">more</TOKEN>
				<TOKEN end_char="3588" id="token-12-10" start_char="3585">than</TOKEN>
				<TOKEN end_char="3595" id="token-12-11" start_char="3590">others</TOKEN>
				<TOKEN end_char="3596" id="token-12-12" start_char="3596">.</TOKEN>
				<TOKEN end_char="3598" id="token-12-13" start_char="3598">U</TOKEN>
				<TOKEN end_char="3599" id="token-12-14" start_char="3599">.</TOKEN>
				<TOKEN end_char="3600" id="token-12-15" start_char="3600">S</TOKEN>
				<TOKEN end_char="3601" id="token-12-16" start_char="3601">.</TOKEN>
				<TOKEN end_char="3607" id="token-12-17" start_char="3603">grain</TOKEN>
				<TOKEN end_char="3617" id="token-12-18" start_char="3609">exporters</TOKEN>
				<TOKEN end_char="3618" id="token-12-19" start_char="3618">,</TOKEN>
				<TOKEN end_char="3622" id="token-12-20" start_char="3620">for</TOKEN>
				<TOKEN end_char="3631" id="token-12-21" start_char="3624">instance</TOKEN>
				<TOKEN end_char="3632" id="token-12-22" start_char="3632">,</TOKEN>
				<TOKEN end_char="3636" id="token-12-23" start_char="3634">are</TOKEN>
				<TOKEN end_char="3644" id="token-12-24" start_char="3638">already</TOKEN>
				<TOKEN end_char="3652" id="token-12-25" start_char="3646">reeling</TOKEN>
				<TOKEN end_char="3657" id="token-12-26" start_char="3654">from</TOKEN>
				<TOKEN end_char="3662" id="token-12-27" start_char="3659">both</TOKEN>
				<TOKEN end_char="3666" id="token-12-28" start_char="3664">the</TOKEN>
				<TOKEN end_char="3673" id="token-12-29" start_char="3668">recent</TOKEN>
				<TOKEN end_char="3682" id="token-12-30" start_char="3675">slowdown</TOKEN>
				<TOKEN end_char="3685" id="token-12-31" start_char="3684">in</TOKEN>
				<TOKEN end_char="3691" id="token-12-32" start_char="3687">China</TOKEN>
				<TOKEN end_char="3695" id="token-12-33" start_char="3693">and</TOKEN>
				<TOKEN end_char="3699" id="token-12-34" start_char="3697">low</TOKEN>
				<TOKEN end_char="3705" id="token-12-35" start_char="3701">water</TOKEN>
				<TOKEN end_char="3712" id="token-12-36" start_char="3707">levels</TOKEN>
				<TOKEN end_char="3715" id="token-12-37" start_char="3714">on</TOKEN>
				<TOKEN end_char="3719" id="token-12-38" start_char="3717">the</TOKEN>
				<TOKEN end_char="3731" id="token-12-39" start_char="3721">Mississippi</TOKEN>
				<TOKEN end_char="3736" id="token-12-40" start_char="3733">that</TOKEN>
				<TOKEN end_char="3740" id="token-12-41" start_char="3738">are</TOKEN>
				<TOKEN end_char="3748" id="token-12-42" start_char="3742">bogging</TOKEN>
				<TOKEN end_char="3753" id="token-12-43" start_char="3750">down</TOKEN>
				<TOKEN end_char="3759" id="token-12-44" start_char="3755">barge</TOKEN>
				<TOKEN end_char="3767" id="token-12-45" start_char="3761">traffic</TOKEN>
				<TOKEN end_char="3768" id="token-12-46" start_char="3768">.</TOKEN>
				<TOKEN end_char="3771" id="token-12-47" start_char="3770">An</TOKEN>
				<TOKEN end_char="3776" id="token-12-48" start_char="3773">East</TOKEN>
				<TOKEN end_char="3782" id="token-12-49" start_char="3778">Coast</TOKEN>
				<TOKEN end_char="3787" id="token-12-50" start_char="3784">port</TOKEN>
				<TOKEN end_char="3796" id="token-12-51" start_char="3789">shutdown</TOKEN>
				<TOKEN end_char="3802" id="token-12-52" start_char="3798">could</TOKEN>
				<TOKEN end_char="3809" id="token-12-53" start_char="3804">hamper</TOKEN>
				<TOKEN end_char="3815" id="token-12-54" start_char="3811">grain</TOKEN>
				<TOKEN end_char="3823" id="token-12-55" start_char="3817">exports</TOKEN>
				<TOKEN end_char="3828" id="token-12-56" start_char="3825">even</TOKEN>
				<TOKEN end_char="3836" id="token-12-57" start_char="3830">further</TOKEN>
				<TOKEN end_char="3837" id="token-12-58" start_char="3837">.</TOKEN>
			</SEG>
		</TEXT>
	</DOC>
</LCTL_TEXT>
