<?xml version="1.0" encoding="utf-8"?>
<LCTL_TEXT>
	<DOC id="20120607_WAPO_94e16146-b0e4-11e1-b6a5-3e85e7238c64">
		<TEXT>
			<SEG end_char="70" id="20120607_WAPO_94e16146-b0e4-11e1-b6a5-3e85e7238c64-0" start_char="0">
				<ORIGINAL_TEXT>Georgetown University crafts a plan to improve relations with neighbors</ORIGINAL_TEXT>
				<TOKEN end_char="9" id="token-0-0" start_char="0">Georgetown</TOKEN>
				<TOKEN end_char="20" id="token-0-1" start_char="11">University</TOKEN>
				<TOKEN end_char="27" id="token-0-2" start_char="22">crafts</TOKEN>
				<TOKEN end_char="29" id="token-0-3" start_char="29">a</TOKEN>
				<TOKEN end_char="34" id="token-0-4" start_char="31">plan</TOKEN>
				<TOKEN end_char="37" id="token-0-5" start_char="36">to</TOKEN>
				<TOKEN end_char="45" id="token-0-6" start_char="39">improve</TOKEN>
				<TOKEN end_char="55" id="token-0-7" start_char="47">relations</TOKEN>
				<TOKEN end_char="60" id="token-0-8" start_char="57">with</TOKEN>
				<TOKEN end_char="70" id="token-0-9" start_char="62">neighbors</TOKEN>
			</SEG>
			<SEG end_char="112" id="20120607_WAPO_94e16146-b0e4-11e1-b6a5-3e85e7238c64-1" start_char="72">
				<ORIGINAL_TEXT>Thursday, June 7, 2012 22:56:09 GMT-05:00</ORIGINAL_TEXT>
				<TOKEN end_char="79" id="token-1-0" start_char="72">Thursday</TOKEN>
				<TOKEN end_char="80" id="token-1-1" start_char="80">,</TOKEN>
				<TOKEN end_char="85" id="token-1-2" start_char="82">June</TOKEN>
				<TOKEN end_char="87" id="token-1-3" start_char="87">7</TOKEN>
				<TOKEN end_char="88" id="token-1-4" start_char="88">,</TOKEN>
				<TOKEN end_char="93" id="token-1-5" start_char="90">2012</TOKEN>
				<TOKEN end_char="96" id="token-1-6" start_char="95">22</TOKEN>
				<TOKEN end_char="97" id="token-1-7" start_char="97">:</TOKEN>
				<TOKEN end_char="99" id="token-1-8" start_char="98">56</TOKEN>
				<TOKEN end_char="100" id="token-1-9" start_char="100">:</TOKEN>
				<TOKEN end_char="102" id="token-1-10" start_char="101">09</TOKEN>
				<TOKEN end_char="106" id="token-1-11" start_char="104">GMT</TOKEN>
				<TOKEN end_char="107" id="token-1-12" start_char="107">-</TOKEN>
				<TOKEN end_char="109" id="token-1-13" start_char="108">05</TOKEN>
				<TOKEN end_char="110" id="token-1-14" start_char="110">:</TOKEN>
				<TOKEN end_char="112" id="token-1-15" start_char="111">00</TOKEN>
			</SEG>
			<SEG end_char="356" id="20120607_WAPO_94e16146-b0e4-11e1-b6a5-3e85e7238c64-2" start_char="114">
				<ORIGINAL_TEXT>Georgetown University officials on Thursday announced that they would build additional on-campus student housing, provide more late-night food options and require students to take etiquette classes that would explain how to be a good neighbor.</ORIGINAL_TEXT>
				<TOKEN end_char="123" id="token-2-0" start_char="114">Georgetown</TOKEN>
				<TOKEN end_char="134" id="token-2-1" start_char="125">University</TOKEN>
				<TOKEN end_char="144" id="token-2-2" start_char="136">officials</TOKEN>
				<TOKEN end_char="147" id="token-2-3" start_char="146">on</TOKEN>
				<TOKEN end_char="156" id="token-2-4" start_char="149">Thursday</TOKEN>
				<TOKEN end_char="166" id="token-2-5" start_char="158">announced</TOKEN>
				<TOKEN end_char="171" id="token-2-6" start_char="168">that</TOKEN>
				<TOKEN end_char="176" id="token-2-7" start_char="173">they</TOKEN>
				<TOKEN end_char="182" id="token-2-8" start_char="178">would</TOKEN>
				<TOKEN end_char="188" id="token-2-9" start_char="184">build</TOKEN>
				<TOKEN end_char="199" id="token-2-10" start_char="190">additional</TOKEN>
				<TOKEN end_char="202" id="token-2-11" start_char="201">on</TOKEN>
				<TOKEN end_char="203" id="token-2-12" start_char="203">-</TOKEN>
				<TOKEN end_char="209" id="token-2-13" start_char="204">campus</TOKEN>
				<TOKEN end_char="217" id="token-2-14" start_char="211">student</TOKEN>
				<TOKEN end_char="225" id="token-2-15" start_char="219">housing</TOKEN>
				<TOKEN end_char="226" id="token-2-16" start_char="226">,</TOKEN>
				<TOKEN end_char="234" id="token-2-17" start_char="228">provide</TOKEN>
				<TOKEN end_char="239" id="token-2-18" start_char="236">more</TOKEN>
				<TOKEN end_char="244" id="token-2-19" start_char="241">late</TOKEN>
				<TOKEN end_char="245" id="token-2-20" start_char="245">-</TOKEN>
				<TOKEN end_char="250" id="token-2-21" start_char="246">night</TOKEN>
				<TOKEN end_char="255" id="token-2-22" start_char="252">food</TOKEN>
				<TOKEN end_char="263" id="token-2-23" start_char="257">options</TOKEN>
				<TOKEN end_char="267" id="token-2-24" start_char="265">and</TOKEN>
				<TOKEN end_char="275" id="token-2-25" start_char="269">require</TOKEN>
				<TOKEN end_char="284" id="token-2-26" start_char="277">students</TOKEN>
				<TOKEN end_char="287" id="token-2-27" start_char="286">to</TOKEN>
				<TOKEN end_char="292" id="token-2-28" start_char="289">take</TOKEN>
				<TOKEN end_char="302" id="token-2-29" start_char="294">etiquette</TOKEN>
				<TOKEN end_char="310" id="token-2-30" start_char="304">classes</TOKEN>
				<TOKEN end_char="315" id="token-2-31" start_char="312">that</TOKEN>
				<TOKEN end_char="321" id="token-2-32" start_char="317">would</TOKEN>
				<TOKEN end_char="329" id="token-2-33" start_char="323">explain</TOKEN>
				<TOKEN end_char="333" id="token-2-34" start_char="331">how</TOKEN>
				<TOKEN end_char="336" id="token-2-35" start_char="335">to</TOKEN>
				<TOKEN end_char="339" id="token-2-36" start_char="338">be</TOKEN>
				<TOKEN end_char="341" id="token-2-37" start_char="341">a</TOKEN>
				<TOKEN end_char="346" id="token-2-38" start_char="343">good</TOKEN>
				<TOKEN end_char="355" id="token-2-39" start_char="348">neighbor</TOKEN>
				<TOKEN end_char="356" id="token-2-40" start_char="356">.</TOKEN>
			</SEG>
			<SEG end_char="569" id="20120607_WAPO_94e16146-b0e4-11e1-b6a5-3e85e7238c64-3" start_char="358">
				<ORIGINAL_TEXT>The plan, which needs to be approved by the District’s zoning commission, comes after years of complaints from residents sick of loud, drunken parties in the heart of one of the city’s most upscale neighborhoods.</ORIGINAL_TEXT>
				<TOKEN end_char="360" id="token-3-0" start_char="358">The</TOKEN>
				<TOKEN end_char="365" id="token-3-1" start_char="362">plan</TOKEN>
				<TOKEN end_char="366" id="token-3-2" start_char="366">,</TOKEN>
				<TOKEN end_char="372" id="token-3-3" start_char="368">which</TOKEN>
				<TOKEN end_char="378" id="token-3-4" start_char="374">needs</TOKEN>
				<TOKEN end_char="381" id="token-3-5" start_char="380">to</TOKEN>
				<TOKEN end_char="384" id="token-3-6" start_char="383">be</TOKEN>
				<TOKEN end_char="393" id="token-3-7" start_char="386">approved</TOKEN>
				<TOKEN end_char="396" id="token-3-8" start_char="395">by</TOKEN>
				<TOKEN end_char="400" id="token-3-9" start_char="398">the</TOKEN>
				<TOKEN end_char="409" id="token-3-10" start_char="402">District</TOKEN>
				<TOKEN end_char="410" id="token-3-11" start_char="410">’</TOKEN>
				<TOKEN end_char="411" id="token-3-12" start_char="411">s</TOKEN>
				<TOKEN end_char="418" id="token-3-13" start_char="413">zoning</TOKEN>
				<TOKEN end_char="429" id="token-3-14" start_char="420">commission</TOKEN>
				<TOKEN end_char="430" id="token-3-15" start_char="430">,</TOKEN>
				<TOKEN end_char="436" id="token-3-16" start_char="432">comes</TOKEN>
				<TOKEN end_char="442" id="token-3-17" start_char="438">after</TOKEN>
				<TOKEN end_char="448" id="token-3-18" start_char="444">years</TOKEN>
				<TOKEN end_char="451" id="token-3-19" start_char="450">of</TOKEN>
				<TOKEN end_char="462" id="token-3-20" start_char="453">complaints</TOKEN>
				<TOKEN end_char="467" id="token-3-21" start_char="464">from</TOKEN>
				<TOKEN end_char="477" id="token-3-22" start_char="469">residents</TOKEN>
				<TOKEN end_char="482" id="token-3-23" start_char="479">sick</TOKEN>
				<TOKEN end_char="485" id="token-3-24" start_char="484">of</TOKEN>
				<TOKEN end_char="490" id="token-3-25" start_char="487">loud</TOKEN>
				<TOKEN end_char="491" id="token-3-26" start_char="491">,</TOKEN>
				<TOKEN end_char="499" id="token-3-27" start_char="493">drunken</TOKEN>
				<TOKEN end_char="507" id="token-3-28" start_char="501">parties</TOKEN>
				<TOKEN end_char="510" id="token-3-29" start_char="509">in</TOKEN>
				<TOKEN end_char="514" id="token-3-30" start_char="512">the</TOKEN>
				<TOKEN end_char="520" id="token-3-31" start_char="516">heart</TOKEN>
				<TOKEN end_char="523" id="token-3-32" start_char="522">of</TOKEN>
				<TOKEN end_char="527" id="token-3-33" start_char="525">one</TOKEN>
				<TOKEN end_char="530" id="token-3-34" start_char="529">of</TOKEN>
				<TOKEN end_char="534" id="token-3-35" start_char="532">the</TOKEN>
				<TOKEN end_char="539" id="token-3-36" start_char="536">city</TOKEN>
				<TOKEN end_char="540" id="token-3-37" start_char="540">’</TOKEN>
				<TOKEN end_char="541" id="token-3-38" start_char="541">s</TOKEN>
				<TOKEN end_char="546" id="token-3-39" start_char="543">most</TOKEN>
				<TOKEN end_char="554" id="token-3-40" start_char="548">upscale</TOKEN>
				<TOKEN end_char="568" id="token-3-41" start_char="556">neighborhoods</TOKEN>
				<TOKEN end_char="569" id="token-3-42" start_char="569">.</TOKEN>
			</SEG>
			<SEG end_char="890" id="20120607_WAPO_94e16146-b0e4-11e1-b6a5-3e85e7238c64-4" start_char="571">
				<ORIGINAL_TEXT>University President John DeGioia said that over time, the university has realized the often adverse impact it has had on the surrounding community. The new agreement, he said, aligns the interests of the university and neighborhood, providing “the opportunity to be good neighbors and contributing members of our city.”</ORIGINAL_TEXT>
				<TOKEN end_char="580" id="token-4-0" start_char="571">University</TOKEN>
				<TOKEN end_char="590" id="token-4-1" start_char="582">President</TOKEN>
				<TOKEN end_char="595" id="token-4-2" start_char="592">John</TOKEN>
				<TOKEN end_char="603" id="token-4-3" start_char="597">DeGioia</TOKEN>
				<TOKEN end_char="608" id="token-4-4" start_char="605">said</TOKEN>
				<TOKEN end_char="613" id="token-4-5" start_char="610">that</TOKEN>
				<TOKEN end_char="618" id="token-4-6" start_char="615">over</TOKEN>
				<TOKEN end_char="623" id="token-4-7" start_char="620">time</TOKEN>
				<TOKEN end_char="624" id="token-4-8" start_char="624">,</TOKEN>
				<TOKEN end_char="628" id="token-4-9" start_char="626">the</TOKEN>
				<TOKEN end_char="639" id="token-4-10" start_char="630">university</TOKEN>
				<TOKEN end_char="643" id="token-4-11" start_char="641">has</TOKEN>
				<TOKEN end_char="652" id="token-4-12" start_char="645">realized</TOKEN>
				<TOKEN end_char="656" id="token-4-13" start_char="654">the</TOKEN>
				<TOKEN end_char="662" id="token-4-14" start_char="658">often</TOKEN>
				<TOKEN end_char="670" id="token-4-15" start_char="664">adverse</TOKEN>
				<TOKEN end_char="677" id="token-4-16" start_char="672">impact</TOKEN>
				<TOKEN end_char="680" id="token-4-17" start_char="679">it</TOKEN>
				<TOKEN end_char="684" id="token-4-18" start_char="682">has</TOKEN>
				<TOKEN end_char="688" id="token-4-19" start_char="686">had</TOKEN>
				<TOKEN end_char="691" id="token-4-20" start_char="690">on</TOKEN>
				<TOKEN end_char="695" id="token-4-21" start_char="693">the</TOKEN>
				<TOKEN end_char="707" id="token-4-22" start_char="697">surrounding</TOKEN>
				<TOKEN end_char="717" id="token-4-23" start_char="709">community</TOKEN>
				<TOKEN end_char="718" id="token-4-24" start_char="718">.</TOKEN>
				<TOKEN end_char="722" id="token-4-25" start_char="720">The</TOKEN>
				<TOKEN end_char="726" id="token-4-26" start_char="724">new</TOKEN>
				<TOKEN end_char="736" id="token-4-27" start_char="728">agreement</TOKEN>
				<TOKEN end_char="737" id="token-4-28" start_char="737">,</TOKEN>
				<TOKEN end_char="740" id="token-4-29" start_char="739">he</TOKEN>
				<TOKEN end_char="745" id="token-4-30" start_char="742">said</TOKEN>
				<TOKEN end_char="746" id="token-4-31" start_char="746">,</TOKEN>
				<TOKEN end_char="753" id="token-4-32" start_char="748">aligns</TOKEN>
				<TOKEN end_char="757" id="token-4-33" start_char="755">the</TOKEN>
				<TOKEN end_char="767" id="token-4-34" start_char="759">interests</TOKEN>
				<TOKEN end_char="770" id="token-4-35" start_char="769">of</TOKEN>
				<TOKEN end_char="774" id="token-4-36" start_char="772">the</TOKEN>
				<TOKEN end_char="785" id="token-4-37" start_char="776">university</TOKEN>
				<TOKEN end_char="789" id="token-4-38" start_char="787">and</TOKEN>
				<TOKEN end_char="802" id="token-4-39" start_char="791">neighborhood</TOKEN>
				<TOKEN end_char="803" id="token-4-40" start_char="803">,</TOKEN>
				<TOKEN end_char="813" id="token-4-41" start_char="805">providing</TOKEN>
				<TOKEN end_char="815" id="token-4-42" start_char="815">“</TOKEN>
				<TOKEN end_char="818" id="token-4-43" start_char="816">the</TOKEN>
				<TOKEN end_char="830" id="token-4-44" start_char="820">opportunity</TOKEN>
				<TOKEN end_char="833" id="token-4-45" start_char="832">to</TOKEN>
				<TOKEN end_char="836" id="token-4-46" start_char="835">be</TOKEN>
				<TOKEN end_char="841" id="token-4-47" start_char="838">good</TOKEN>
				<TOKEN end_char="851" id="token-4-48" start_char="843">neighbors</TOKEN>
				<TOKEN end_char="855" id="token-4-49" start_char="853">and</TOKEN>
				<TOKEN end_char="868" id="token-4-50" start_char="857">contributing</TOKEN>
				<TOKEN end_char="876" id="token-4-51" start_char="870">members</TOKEN>
				<TOKEN end_char="879" id="token-4-52" start_char="878">of</TOKEN>
				<TOKEN end_char="883" id="token-4-53" start_char="881">our</TOKEN>
				<TOKEN end_char="888" id="token-4-54" start_char="885">city</TOKEN>
				<TOKEN end_char="890" id="token-4-55" start_char="889">.”</TOKEN>
			</SEG>
			<SEG end_char="977" id="20120607_WAPO_94e16146-b0e4-11e1-b6a5-3e85e7238c64-5" start_char="892">
				<ORIGINAL_TEXT>“We have come to realize Georgetown is a university and a neighborhood,” DeGioia said.</ORIGINAL_TEXT>
				<TOKEN end_char="892" id="token-5-0" start_char="892">“</TOKEN>
				<TOKEN end_char="894" id="token-5-1" start_char="893">We</TOKEN>
				<TOKEN end_char="899" id="token-5-2" start_char="896">have</TOKEN>
				<TOKEN end_char="904" id="token-5-3" start_char="901">come</TOKEN>
				<TOKEN end_char="907" id="token-5-4" start_char="906">to</TOKEN>
				<TOKEN end_char="915" id="token-5-5" start_char="909">realize</TOKEN>
				<TOKEN end_char="926" id="token-5-6" start_char="917">Georgetown</TOKEN>
				<TOKEN end_char="929" id="token-5-7" start_char="928">is</TOKEN>
				<TOKEN end_char="931" id="token-5-8" start_char="931">a</TOKEN>
				<TOKEN end_char="942" id="token-5-9" start_char="933">university</TOKEN>
				<TOKEN end_char="946" id="token-5-10" start_char="944">and</TOKEN>
				<TOKEN end_char="948" id="token-5-11" start_char="948">a</TOKEN>
				<TOKEN end_char="961" id="token-5-12" start_char="950">neighborhood</TOKEN>
				<TOKEN end_char="963" id="token-5-13" start_char="962">,”</TOKEN>
				<TOKEN end_char="971" id="token-5-14" start_char="965">DeGioia</TOKEN>
				<TOKEN end_char="976" id="token-5-15" start_char="973">said</TOKEN>
				<TOKEN end_char="977" id="token-5-16" start_char="977">.</TOKEN>
			</SEG>
			<SEG end_char="1228" id="20120607_WAPO_94e16146-b0e4-11e1-b6a5-3e85e7238c64-6" start_char="979">
				<ORIGINAL_TEXT>The Georgetown University Campus Plan calls for the university to move 65 students on campus from the “Magis Row” townhouses on 36th Street by fall 2013. The townhouses would be made into faculty and staff housing and possibly administrative offices.</ORIGINAL_TEXT>
				<TOKEN end_char="981" id="token-6-0" start_char="979">The</TOKEN>
				<TOKEN end_char="992" id="token-6-1" start_char="983">Georgetown</TOKEN>
				<TOKEN end_char="1003" id="token-6-2" start_char="994">University</TOKEN>
				<TOKEN end_char="1010" id="token-6-3" start_char="1005">Campus</TOKEN>
				<TOKEN end_char="1015" id="token-6-4" start_char="1012">Plan</TOKEN>
				<TOKEN end_char="1021" id="token-6-5" start_char="1017">calls</TOKEN>
				<TOKEN end_char="1025" id="token-6-6" start_char="1023">for</TOKEN>
				<TOKEN end_char="1029" id="token-6-7" start_char="1027">the</TOKEN>
				<TOKEN end_char="1040" id="token-6-8" start_char="1031">university</TOKEN>
				<TOKEN end_char="1043" id="token-6-9" start_char="1042">to</TOKEN>
				<TOKEN end_char="1048" id="token-6-10" start_char="1045">move</TOKEN>
				<TOKEN end_char="1051" id="token-6-11" start_char="1050">65</TOKEN>
				<TOKEN end_char="1060" id="token-6-12" start_char="1053">students</TOKEN>
				<TOKEN end_char="1063" id="token-6-13" start_char="1062">on</TOKEN>
				<TOKEN end_char="1070" id="token-6-14" start_char="1065">campus</TOKEN>
				<TOKEN end_char="1075" id="token-6-15" start_char="1072">from</TOKEN>
				<TOKEN end_char="1079" id="token-6-16" start_char="1077">the</TOKEN>
				<TOKEN end_char="1081" id="token-6-17" start_char="1081">“</TOKEN>
				<TOKEN end_char="1086" id="token-6-18" start_char="1082">Magis</TOKEN>
				<TOKEN end_char="1090" id="token-6-19" start_char="1088">Row</TOKEN>
				<TOKEN end_char="1091" id="token-6-20" start_char="1091">”</TOKEN>
				<TOKEN end_char="1102" id="token-6-21" start_char="1093">townhouses</TOKEN>
				<TOKEN end_char="1105" id="token-6-22" start_char="1104">on</TOKEN>
				<TOKEN end_char="1110" id="token-6-23" start_char="1107">36th</TOKEN>
				<TOKEN end_char="1117" id="token-6-24" start_char="1112">Street</TOKEN>
				<TOKEN end_char="1120" id="token-6-25" start_char="1119">by</TOKEN>
				<TOKEN end_char="1125" id="token-6-26" start_char="1122">fall</TOKEN>
				<TOKEN end_char="1130" id="token-6-27" start_char="1127">2013</TOKEN>
				<TOKEN end_char="1131" id="token-6-28" start_char="1131">.</TOKEN>
				<TOKEN end_char="1135" id="token-6-29" start_char="1133">The</TOKEN>
				<TOKEN end_char="1146" id="token-6-30" start_char="1137">townhouses</TOKEN>
				<TOKEN end_char="1152" id="token-6-31" start_char="1148">would</TOKEN>
				<TOKEN end_char="1155" id="token-6-32" start_char="1154">be</TOKEN>
				<TOKEN end_char="1160" id="token-6-33" start_char="1157">made</TOKEN>
				<TOKEN end_char="1165" id="token-6-34" start_char="1162">into</TOKEN>
				<TOKEN end_char="1173" id="token-6-35" start_char="1167">faculty</TOKEN>
				<TOKEN end_char="1177" id="token-6-36" start_char="1175">and</TOKEN>
				<TOKEN end_char="1183" id="token-6-37" start_char="1179">staff</TOKEN>
				<TOKEN end_char="1191" id="token-6-38" start_char="1185">housing</TOKEN>
				<TOKEN end_char="1195" id="token-6-39" start_char="1193">and</TOKEN>
				<TOKEN end_char="1204" id="token-6-40" start_char="1197">possibly</TOKEN>
				<TOKEN end_char="1219" id="token-6-41" start_char="1206">administrative</TOKEN>
				<TOKEN end_char="1227" id="token-6-42" start_char="1221">offices</TOKEN>
				<TOKEN end_char="1228" id="token-6-43" start_char="1228">.</TOKEN>
			</SEG>
			<SEG end_char="1431" id="20120607_WAPO_94e16146-b0e4-11e1-b6a5-3e85e7238c64-7" start_char="1230">
				<ORIGINAL_TEXT>In addition, the campus’ Leavey Center Hotel would be converted into undergraduate housing for 450 students by fall 2015. The university aims to have 90 percent of its students living on campus by 2025.</ORIGINAL_TEXT>
				<TOKEN end_char="1231" id="token-7-0" start_char="1230">In</TOKEN>
				<TOKEN end_char="1240" id="token-7-1" start_char="1233">addition</TOKEN>
				<TOKEN end_char="1241" id="token-7-2" start_char="1241">,</TOKEN>
				<TOKEN end_char="1245" id="token-7-3" start_char="1243">the</TOKEN>
				<TOKEN end_char="1252" id="token-7-4" start_char="1247">campus</TOKEN>
				<TOKEN end_char="1253" id="token-7-5" start_char="1253">’</TOKEN>
				<TOKEN end_char="1260" id="token-7-6" start_char="1255">Leavey</TOKEN>
				<TOKEN end_char="1267" id="token-7-7" start_char="1262">Center</TOKEN>
				<TOKEN end_char="1273" id="token-7-8" start_char="1269">Hotel</TOKEN>
				<TOKEN end_char="1279" id="token-7-9" start_char="1275">would</TOKEN>
				<TOKEN end_char="1282" id="token-7-10" start_char="1281">be</TOKEN>
				<TOKEN end_char="1292" id="token-7-11" start_char="1284">converted</TOKEN>
				<TOKEN end_char="1297" id="token-7-12" start_char="1294">into</TOKEN>
				<TOKEN end_char="1311" id="token-7-13" start_char="1299">undergraduate</TOKEN>
				<TOKEN end_char="1319" id="token-7-14" start_char="1313">housing</TOKEN>
				<TOKEN end_char="1323" id="token-7-15" start_char="1321">for</TOKEN>
				<TOKEN end_char="1327" id="token-7-16" start_char="1325">450</TOKEN>
				<TOKEN end_char="1336" id="token-7-17" start_char="1329">students</TOKEN>
				<TOKEN end_char="1339" id="token-7-18" start_char="1338">by</TOKEN>
				<TOKEN end_char="1344" id="token-7-19" start_char="1341">fall</TOKEN>
				<TOKEN end_char="1349" id="token-7-20" start_char="1346">2015</TOKEN>
				<TOKEN end_char="1350" id="token-7-21" start_char="1350">.</TOKEN>
				<TOKEN end_char="1354" id="token-7-22" start_char="1352">The</TOKEN>
				<TOKEN end_char="1365" id="token-7-23" start_char="1356">university</TOKEN>
				<TOKEN end_char="1370" id="token-7-24" start_char="1367">aims</TOKEN>
				<TOKEN end_char="1373" id="token-7-25" start_char="1372">to</TOKEN>
				<TOKEN end_char="1378" id="token-7-26" start_char="1375">have</TOKEN>
				<TOKEN end_char="1381" id="token-7-27" start_char="1380">90</TOKEN>
				<TOKEN end_char="1389" id="token-7-28" start_char="1383">percent</TOKEN>
				<TOKEN end_char="1392" id="token-7-29" start_char="1391">of</TOKEN>
				<TOKEN end_char="1396" id="token-7-30" start_char="1394">its</TOKEN>
				<TOKEN end_char="1405" id="token-7-31" start_char="1398">students</TOKEN>
				<TOKEN end_char="1412" id="token-7-32" start_char="1407">living</TOKEN>
				<TOKEN end_char="1415" id="token-7-33" start_char="1414">on</TOKEN>
				<TOKEN end_char="1422" id="token-7-34" start_char="1417">campus</TOKEN>
				<TOKEN end_char="1425" id="token-7-35" start_char="1424">by</TOKEN>
				<TOKEN end_char="1430" id="token-7-36" start_char="1427">2025</TOKEN>
				<TOKEN end_char="1431" id="token-7-37" start_char="1431">.</TOKEN>
			</SEG>
			<SEG end_char="1676" id="20120607_WAPO_94e16146-b0e4-11e1-b6a5-3e85e7238c64-8" start_char="1433">
				<ORIGINAL_TEXT>The university also plans to improve the on-campus social scene next school year by bringing food trucks to campus during late-night hours. It also hopes to complete the New South Student Center — which would have a pub — in the next two years.</ORIGINAL_TEXT>
				<TOKEN end_char="1435" id="token-8-0" start_char="1433">The</TOKEN>
				<TOKEN end_char="1446" id="token-8-1" start_char="1437">university</TOKEN>
				<TOKEN end_char="1451" id="token-8-2" start_char="1448">also</TOKEN>
				<TOKEN end_char="1457" id="token-8-3" start_char="1453">plans</TOKEN>
				<TOKEN end_char="1460" id="token-8-4" start_char="1459">to</TOKEN>
				<TOKEN end_char="1468" id="token-8-5" start_char="1462">improve</TOKEN>
				<TOKEN end_char="1472" id="token-8-6" start_char="1470">the</TOKEN>
				<TOKEN end_char="1475" id="token-8-7" start_char="1474">on</TOKEN>
				<TOKEN end_char="1476" id="token-8-8" start_char="1476">-</TOKEN>
				<TOKEN end_char="1482" id="token-8-9" start_char="1477">campus</TOKEN>
				<TOKEN end_char="1489" id="token-8-10" start_char="1484">social</TOKEN>
				<TOKEN end_char="1495" id="token-8-11" start_char="1491">scene</TOKEN>
				<TOKEN end_char="1500" id="token-8-12" start_char="1497">next</TOKEN>
				<TOKEN end_char="1507" id="token-8-13" start_char="1502">school</TOKEN>
				<TOKEN end_char="1512" id="token-8-14" start_char="1509">year</TOKEN>
				<TOKEN end_char="1515" id="token-8-15" start_char="1514">by</TOKEN>
				<TOKEN end_char="1524" id="token-8-16" start_char="1517">bringing</TOKEN>
				<TOKEN end_char="1529" id="token-8-17" start_char="1526">food</TOKEN>
				<TOKEN end_char="1536" id="token-8-18" start_char="1531">trucks</TOKEN>
				<TOKEN end_char="1539" id="token-8-19" start_char="1538">to</TOKEN>
				<TOKEN end_char="1546" id="token-8-20" start_char="1541">campus</TOKEN>
				<TOKEN end_char="1553" id="token-8-21" start_char="1548">during</TOKEN>
				<TOKEN end_char="1558" id="token-8-22" start_char="1555">late</TOKEN>
				<TOKEN end_char="1559" id="token-8-23" start_char="1559">-</TOKEN>
				<TOKEN end_char="1564" id="token-8-24" start_char="1560">night</TOKEN>
				<TOKEN end_char="1570" id="token-8-25" start_char="1566">hours</TOKEN>
				<TOKEN end_char="1571" id="token-8-26" start_char="1571">.</TOKEN>
				<TOKEN end_char="1574" id="token-8-27" start_char="1573">It</TOKEN>
				<TOKEN end_char="1579" id="token-8-28" start_char="1576">also</TOKEN>
				<TOKEN end_char="1585" id="token-8-29" start_char="1581">hopes</TOKEN>
				<TOKEN end_char="1588" id="token-8-30" start_char="1587">to</TOKEN>
				<TOKEN end_char="1597" id="token-8-31" start_char="1590">complete</TOKEN>
				<TOKEN end_char="1601" id="token-8-32" start_char="1599">the</TOKEN>
				<TOKEN end_char="1605" id="token-8-33" start_char="1603">New</TOKEN>
				<TOKEN end_char="1611" id="token-8-34" start_char="1607">South</TOKEN>
				<TOKEN end_char="1619" id="token-8-35" start_char="1613">Student</TOKEN>
				<TOKEN end_char="1626" id="token-8-36" start_char="1621">Center</TOKEN>
				<TOKEN end_char="1628" id="token-8-37" start_char="1628">—</TOKEN>
				<TOKEN end_char="1634" id="token-8-38" start_char="1630">which</TOKEN>
				<TOKEN end_char="1640" id="token-8-39" start_char="1636">would</TOKEN>
				<TOKEN end_char="1645" id="token-8-40" start_char="1642">have</TOKEN>
				<TOKEN end_char="1647" id="token-8-41" start_char="1647">a</TOKEN>
				<TOKEN end_char="1651" id="token-8-42" start_char="1649">pub</TOKEN>
				<TOKEN end_char="1653" id="token-8-43" start_char="1653">—</TOKEN>
				<TOKEN end_char="1656" id="token-8-44" start_char="1655">in</TOKEN>
				<TOKEN end_char="1660" id="token-8-45" start_char="1658">the</TOKEN>
				<TOKEN end_char="1665" id="token-8-46" start_char="1662">next</TOKEN>
				<TOKEN end_char="1669" id="token-8-47" start_char="1667">two</TOKEN>
				<TOKEN end_char="1675" id="token-8-48" start_char="1671">years</TOKEN>
				<TOKEN end_char="1676" id="token-8-49" start_char="1676">.</TOKEN>
			</SEG>
			<SEG end_char="1851" id="20120607_WAPO_94e16146-b0e4-11e1-b6a5-3e85e7238c64-9" start_char="1678">
				<ORIGINAL_TEXT>To help alleviate parking problems, the university said it would promote the use of satellite parking, car-sharing services and expand the use of Capital Bikeshare on campus.</ORIGINAL_TEXT>
				<TOKEN end_char="1679" id="token-9-0" start_char="1678">To</TOKEN>
				<TOKEN end_char="1684" id="token-9-1" start_char="1681">help</TOKEN>
				<TOKEN end_char="1694" id="token-9-2" start_char="1686">alleviate</TOKEN>
				<TOKEN end_char="1702" id="token-9-3" start_char="1696">parking</TOKEN>
				<TOKEN end_char="1711" id="token-9-4" start_char="1704">problems</TOKEN>
				<TOKEN end_char="1712" id="token-9-5" start_char="1712">,</TOKEN>
				<TOKEN end_char="1716" id="token-9-6" start_char="1714">the</TOKEN>
				<TOKEN end_char="1727" id="token-9-7" start_char="1718">university</TOKEN>
				<TOKEN end_char="1732" id="token-9-8" start_char="1729">said</TOKEN>
				<TOKEN end_char="1735" id="token-9-9" start_char="1734">it</TOKEN>
				<TOKEN end_char="1741" id="token-9-10" start_char="1737">would</TOKEN>
				<TOKEN end_char="1749" id="token-9-11" start_char="1743">promote</TOKEN>
				<TOKEN end_char="1753" id="token-9-12" start_char="1751">the</TOKEN>
				<TOKEN end_char="1757" id="token-9-13" start_char="1755">use</TOKEN>
				<TOKEN end_char="1760" id="token-9-14" start_char="1759">of</TOKEN>
				<TOKEN end_char="1770" id="token-9-15" start_char="1762">satellite</TOKEN>
				<TOKEN end_char="1778" id="token-9-16" start_char="1772">parking</TOKEN>
				<TOKEN end_char="1779" id="token-9-17" start_char="1779">,</TOKEN>
				<TOKEN end_char="1783" id="token-9-18" start_char="1781">car</TOKEN>
				<TOKEN end_char="1784" id="token-9-19" start_char="1784">-</TOKEN>
				<TOKEN end_char="1791" id="token-9-20" start_char="1785">sharing</TOKEN>
				<TOKEN end_char="1800" id="token-9-21" start_char="1793">services</TOKEN>
				<TOKEN end_char="1804" id="token-9-22" start_char="1802">and</TOKEN>
				<TOKEN end_char="1811" id="token-9-23" start_char="1806">expand</TOKEN>
				<TOKEN end_char="1815" id="token-9-24" start_char="1813">the</TOKEN>
				<TOKEN end_char="1819" id="token-9-25" start_char="1817">use</TOKEN>
				<TOKEN end_char="1822" id="token-9-26" start_char="1821">of</TOKEN>
				<TOKEN end_char="1830" id="token-9-27" start_char="1824">Capital</TOKEN>
				<TOKEN end_char="1840" id="token-9-28" start_char="1832">Bikeshare</TOKEN>
				<TOKEN end_char="1843" id="token-9-29" start_char="1842">on</TOKEN>
				<TOKEN end_char="1850" id="token-9-30" start_char="1845">campus</TOKEN>
				<TOKEN end_char="1851" id="token-9-31" start_char="1851">.</TOKEN>
			</SEG>
			<SEG end_char="1982" id="20120607_WAPO_94e16146-b0e4-11e1-b6a5-3e85e7238c64-10" start_char="1853">
				<ORIGINAL_TEXT>Students living off campus would have to complete a seminar that would focus on “appropriate conduct in the off-campus community.”</ORIGINAL_TEXT>
				<TOKEN end_char="1860" id="token-10-0" start_char="1853">Students</TOKEN>
				<TOKEN end_char="1867" id="token-10-1" start_char="1862">living</TOKEN>
				<TOKEN end_char="1871" id="token-10-2" start_char="1869">off</TOKEN>
				<TOKEN end_char="1878" id="token-10-3" start_char="1873">campus</TOKEN>
				<TOKEN end_char="1884" id="token-10-4" start_char="1880">would</TOKEN>
				<TOKEN end_char="1889" id="token-10-5" start_char="1886">have</TOKEN>
				<TOKEN end_char="1892" id="token-10-6" start_char="1891">to</TOKEN>
				<TOKEN end_char="1901" id="token-10-7" start_char="1894">complete</TOKEN>
				<TOKEN end_char="1903" id="token-10-8" start_char="1903">a</TOKEN>
				<TOKEN end_char="1911" id="token-10-9" start_char="1905">seminar</TOKEN>
				<TOKEN end_char="1916" id="token-10-10" start_char="1913">that</TOKEN>
				<TOKEN end_char="1922" id="token-10-11" start_char="1918">would</TOKEN>
				<TOKEN end_char="1928" id="token-10-12" start_char="1924">focus</TOKEN>
				<TOKEN end_char="1931" id="token-10-13" start_char="1930">on</TOKEN>
				<TOKEN end_char="1933" id="token-10-14" start_char="1933">“</TOKEN>
				<TOKEN end_char="1944" id="token-10-15" start_char="1934">appropriate</TOKEN>
				<TOKEN end_char="1952" id="token-10-16" start_char="1946">conduct</TOKEN>
				<TOKEN end_char="1955" id="token-10-17" start_char="1954">in</TOKEN>
				<TOKEN end_char="1959" id="token-10-18" start_char="1957">the</TOKEN>
				<TOKEN end_char="1963" id="token-10-19" start_char="1961">off</TOKEN>
				<TOKEN end_char="1964" id="token-10-20" start_char="1964">-</TOKEN>
				<TOKEN end_char="1970" id="token-10-21" start_char="1965">campus</TOKEN>
				<TOKEN end_char="1980" id="token-10-22" start_char="1972">community</TOKEN>
				<TOKEN end_char="1982" id="token-10-23" start_char="1981">.”</TOKEN>
			</SEG>
			<SEG end_char="2126" id="20120607_WAPO_94e16146-b0e4-11e1-b6a5-3e85e7238c64-11" start_char="1984">
				<ORIGINAL_TEXT>In the long term, the university said it would be looking for 100 acres in the Washington area on which it could locate some graduate programs.</ORIGINAL_TEXT>
				<TOKEN end_char="1985" id="token-11-0" start_char="1984">In</TOKEN>
				<TOKEN end_char="1989" id="token-11-1" start_char="1987">the</TOKEN>
				<TOKEN end_char="1994" id="token-11-2" start_char="1991">long</TOKEN>
				<TOKEN end_char="1999" id="token-11-3" start_char="1996">term</TOKEN>
				<TOKEN end_char="2000" id="token-11-4" start_char="2000">,</TOKEN>
				<TOKEN end_char="2004" id="token-11-5" start_char="2002">the</TOKEN>
				<TOKEN end_char="2015" id="token-11-6" start_char="2006">university</TOKEN>
				<TOKEN end_char="2020" id="token-11-7" start_char="2017">said</TOKEN>
				<TOKEN end_char="2023" id="token-11-8" start_char="2022">it</TOKEN>
				<TOKEN end_char="2029" id="token-11-9" start_char="2025">would</TOKEN>
				<TOKEN end_char="2032" id="token-11-10" start_char="2031">be</TOKEN>
				<TOKEN end_char="2040" id="token-11-11" start_char="2034">looking</TOKEN>
				<TOKEN end_char="2044" id="token-11-12" start_char="2042">for</TOKEN>
				<TOKEN end_char="2048" id="token-11-13" start_char="2046">100</TOKEN>
				<TOKEN end_char="2054" id="token-11-14" start_char="2050">acres</TOKEN>
				<TOKEN end_char="2057" id="token-11-15" start_char="2056">in</TOKEN>
				<TOKEN end_char="2061" id="token-11-16" start_char="2059">the</TOKEN>
				<TOKEN end_char="2072" id="token-11-17" start_char="2063">Washington</TOKEN>
				<TOKEN end_char="2077" id="token-11-18" start_char="2074">area</TOKEN>
				<TOKEN end_char="2080" id="token-11-19" start_char="2079">on</TOKEN>
				<TOKEN end_char="2086" id="token-11-20" start_char="2082">which</TOKEN>
				<TOKEN end_char="2089" id="token-11-21" start_char="2088">it</TOKEN>
				<TOKEN end_char="2095" id="token-11-22" start_char="2091">could</TOKEN>
				<TOKEN end_char="2102" id="token-11-23" start_char="2097">locate</TOKEN>
				<TOKEN end_char="2107" id="token-11-24" start_char="2104">some</TOKEN>
				<TOKEN end_char="2116" id="token-11-25" start_char="2109">graduate</TOKEN>
				<TOKEN end_char="2125" id="token-11-26" start_char="2118">programs</TOKEN>
				<TOKEN end_char="2126" id="token-11-27" start_char="2126">.</TOKEN>
			</SEG>
			<SEG end_char="2343" id="20120607_WAPO_94e16146-b0e4-11e1-b6a5-3e85e7238c64-12" start_char="2128">
				<ORIGINAL_TEXT>The university’s initial 10-year plan submitted to the zoning commission last year had focused on new buildings, renovating old ones and even increasing its graduate and professional student population by 40 percent.</ORIGINAL_TEXT>
				<TOKEN end_char="2130" id="token-12-0" start_char="2128">The</TOKEN>
				<TOKEN end_char="2141" id="token-12-1" start_char="2132">university</TOKEN>
				<TOKEN end_char="2142" id="token-12-2" start_char="2142">’</TOKEN>
				<TOKEN end_char="2143" id="token-12-3" start_char="2143">s</TOKEN>
				<TOKEN end_char="2151" id="token-12-4" start_char="2145">initial</TOKEN>
				<TOKEN end_char="2154" id="token-12-5" start_char="2153">10</TOKEN>
				<TOKEN end_char="2155" id="token-12-6" start_char="2155">-</TOKEN>
				<TOKEN end_char="2159" id="token-12-7" start_char="2156">year</TOKEN>
				<TOKEN end_char="2164" id="token-12-8" start_char="2161">plan</TOKEN>
				<TOKEN end_char="2174" id="token-12-9" start_char="2166">submitted</TOKEN>
				<TOKEN end_char="2177" id="token-12-10" start_char="2176">to</TOKEN>
				<TOKEN end_char="2181" id="token-12-11" start_char="2179">the</TOKEN>
				<TOKEN end_char="2188" id="token-12-12" start_char="2183">zoning</TOKEN>
				<TOKEN end_char="2199" id="token-12-13" start_char="2190">commission</TOKEN>
				<TOKEN end_char="2204" id="token-12-14" start_char="2201">last</TOKEN>
				<TOKEN end_char="2209" id="token-12-15" start_char="2206">year</TOKEN>
				<TOKEN end_char="2213" id="token-12-16" start_char="2211">had</TOKEN>
				<TOKEN end_char="2221" id="token-12-17" start_char="2215">focused</TOKEN>
				<TOKEN end_char="2224" id="token-12-18" start_char="2223">on</TOKEN>
				<TOKEN end_char="2228" id="token-12-19" start_char="2226">new</TOKEN>
				<TOKEN end_char="2238" id="token-12-20" start_char="2230">buildings</TOKEN>
				<TOKEN end_char="2239" id="token-12-21" start_char="2239">,</TOKEN>
				<TOKEN end_char="2250" id="token-12-22" start_char="2241">renovating</TOKEN>
				<TOKEN end_char="2254" id="token-12-23" start_char="2252">old</TOKEN>
				<TOKEN end_char="2259" id="token-12-24" start_char="2256">ones</TOKEN>
				<TOKEN end_char="2263" id="token-12-25" start_char="2261">and</TOKEN>
				<TOKEN end_char="2268" id="token-12-26" start_char="2265">even</TOKEN>
				<TOKEN end_char="2279" id="token-12-27" start_char="2270">increasing</TOKEN>
				<TOKEN end_char="2283" id="token-12-28" start_char="2281">its</TOKEN>
				<TOKEN end_char="2292" id="token-12-29" start_char="2285">graduate</TOKEN>
				<TOKEN end_char="2296" id="token-12-30" start_char="2294">and</TOKEN>
				<TOKEN end_char="2309" id="token-12-31" start_char="2298">professional</TOKEN>
				<TOKEN end_char="2317" id="token-12-32" start_char="2311">student</TOKEN>
				<TOKEN end_char="2328" id="token-12-33" start_char="2319">population</TOKEN>
				<TOKEN end_char="2331" id="token-12-34" start_char="2330">by</TOKEN>
				<TOKEN end_char="2334" id="token-12-35" start_char="2333">40</TOKEN>
				<TOKEN end_char="2342" id="token-12-36" start_char="2336">percent</TOKEN>
				<TOKEN end_char="2343" id="token-12-37" start_char="2343">.</TOKEN>
			</SEG>
			<SEG end_char="2558" id="20120607_WAPO_94e16146-b0e4-11e1-b6a5-3e85e7238c64-13" start_char="2345">
				<ORIGINAL_TEXT>But surrounding neighborhood associations quickly mobilized to block the university’s plan, saying that not enough was being done to provide more on-campus housing and fearing additional noise, parties and trouble.</ORIGINAL_TEXT>
				<TOKEN end_char="2347" id="token-13-0" start_char="2345">But</TOKEN>
				<TOKEN end_char="2359" id="token-13-1" start_char="2349">surrounding</TOKEN>
				<TOKEN end_char="2372" id="token-13-2" start_char="2361">neighborhood</TOKEN>
				<TOKEN end_char="2385" id="token-13-3" start_char="2374">associations</TOKEN>
				<TOKEN end_char="2393" id="token-13-4" start_char="2387">quickly</TOKEN>
				<TOKEN end_char="2403" id="token-13-5" start_char="2395">mobilized</TOKEN>
				<TOKEN end_char="2406" id="token-13-6" start_char="2405">to</TOKEN>
				<TOKEN end_char="2412" id="token-13-7" start_char="2408">block</TOKEN>
				<TOKEN end_char="2416" id="token-13-8" start_char="2414">the</TOKEN>
				<TOKEN end_char="2427" id="token-13-9" start_char="2418">university</TOKEN>
				<TOKEN end_char="2428" id="token-13-10" start_char="2428">’</TOKEN>
				<TOKEN end_char="2429" id="token-13-11" start_char="2429">s</TOKEN>
				<TOKEN end_char="2434" id="token-13-12" start_char="2431">plan</TOKEN>
				<TOKEN end_char="2435" id="token-13-13" start_char="2435">,</TOKEN>
				<TOKEN end_char="2442" id="token-13-14" start_char="2437">saying</TOKEN>
				<TOKEN end_char="2447" id="token-13-15" start_char="2444">that</TOKEN>
				<TOKEN end_char="2451" id="token-13-16" start_char="2449">not</TOKEN>
				<TOKEN end_char="2458" id="token-13-17" start_char="2453">enough</TOKEN>
				<TOKEN end_char="2462" id="token-13-18" start_char="2460">was</TOKEN>
				<TOKEN end_char="2468" id="token-13-19" start_char="2464">being</TOKEN>
				<TOKEN end_char="2473" id="token-13-20" start_char="2470">done</TOKEN>
				<TOKEN end_char="2476" id="token-13-21" start_char="2475">to</TOKEN>
				<TOKEN end_char="2484" id="token-13-22" start_char="2478">provide</TOKEN>
				<TOKEN end_char="2489" id="token-13-23" start_char="2486">more</TOKEN>
				<TOKEN end_char="2492" id="token-13-24" start_char="2491">on</TOKEN>
				<TOKEN end_char="2493" id="token-13-25" start_char="2493">-</TOKEN>
				<TOKEN end_char="2499" id="token-13-26" start_char="2494">campus</TOKEN>
				<TOKEN end_char="2507" id="token-13-27" start_char="2501">housing</TOKEN>
				<TOKEN end_char="2511" id="token-13-28" start_char="2509">and</TOKEN>
				<TOKEN end_char="2519" id="token-13-29" start_char="2513">fearing</TOKEN>
				<TOKEN end_char="2530" id="token-13-30" start_char="2521">additional</TOKEN>
				<TOKEN end_char="2536" id="token-13-31" start_char="2532">noise</TOKEN>
				<TOKEN end_char="2537" id="token-13-32" start_char="2537">,</TOKEN>
				<TOKEN end_char="2545" id="token-13-33" start_char="2539">parties</TOKEN>
				<TOKEN end_char="2549" id="token-13-34" start_char="2547">and</TOKEN>
				<TOKEN end_char="2557" id="token-13-35" start_char="2551">trouble</TOKEN>
				<TOKEN end_char="2558" id="token-13-36" start_char="2558">.</TOKEN>
			</SEG>
			<SEG end_char="2662" id="20120607_WAPO_94e16146-b0e4-11e1-b6a5-3e85e7238c64-14" start_char="2560">
				<ORIGINAL_TEXT>After negotiating with the university and city, the neighborhood associations now say they are pleased.</ORIGINAL_TEXT>
				<TOKEN end_char="2564" id="token-14-0" start_char="2560">After</TOKEN>
				<TOKEN end_char="2576" id="token-14-1" start_char="2566">negotiating</TOKEN>
				<TOKEN end_char="2581" id="token-14-2" start_char="2578">with</TOKEN>
				<TOKEN end_char="2585" id="token-14-3" start_char="2583">the</TOKEN>
				<TOKEN end_char="2596" id="token-14-4" start_char="2587">university</TOKEN>
				<TOKEN end_char="2600" id="token-14-5" start_char="2598">and</TOKEN>
				<TOKEN end_char="2605" id="token-14-6" start_char="2602">city</TOKEN>
				<TOKEN end_char="2606" id="token-14-7" start_char="2606">,</TOKEN>
				<TOKEN end_char="2610" id="token-14-8" start_char="2608">the</TOKEN>
				<TOKEN end_char="2623" id="token-14-9" start_char="2612">neighborhood</TOKEN>
				<TOKEN end_char="2636" id="token-14-10" start_char="2625">associations</TOKEN>
				<TOKEN end_char="2640" id="token-14-11" start_char="2638">now</TOKEN>
				<TOKEN end_char="2644" id="token-14-12" start_char="2642">say</TOKEN>
				<TOKEN end_char="2649" id="token-14-13" start_char="2646">they</TOKEN>
				<TOKEN end_char="2653" id="token-14-14" start_char="2651">are</TOKEN>
				<TOKEN end_char="2661" id="token-14-15" start_char="2655">pleased</TOKEN>
				<TOKEN end_char="2662" id="token-14-16" start_char="2662">.</TOKEN>
			</SEG>
			<SEG end_char="2891" id="20120607_WAPO_94e16146-b0e4-11e1-b6a5-3e85e7238c64-15" start_char="2664">
				<ORIGINAL_TEXT>“It’s now going to be more of a privilege than a right to live off campus, and hopefully that will get more responsible citizens living next to us,” said Jennifer Altemus, the president of the Citizens Association of Georgetown.</ORIGINAL_TEXT>
				<TOKEN end_char="2664" id="token-15-0" start_char="2664">“</TOKEN>
				<TOKEN end_char="2666" id="token-15-1" start_char="2665">It</TOKEN>
				<TOKEN end_char="2667" id="token-15-2" start_char="2667">’</TOKEN>
				<TOKEN end_char="2668" id="token-15-3" start_char="2668">s</TOKEN>
				<TOKEN end_char="2672" id="token-15-4" start_char="2670">now</TOKEN>
				<TOKEN end_char="2678" id="token-15-5" start_char="2674">going</TOKEN>
				<TOKEN end_char="2681" id="token-15-6" start_char="2680">to</TOKEN>
				<TOKEN end_char="2684" id="token-15-7" start_char="2683">be</TOKEN>
				<TOKEN end_char="2689" id="token-15-8" start_char="2686">more</TOKEN>
				<TOKEN end_char="2692" id="token-15-9" start_char="2691">of</TOKEN>
				<TOKEN end_char="2694" id="token-15-10" start_char="2694">a</TOKEN>
				<TOKEN end_char="2704" id="token-15-11" start_char="2696">privilege</TOKEN>
				<TOKEN end_char="2709" id="token-15-12" start_char="2706">than</TOKEN>
				<TOKEN end_char="2711" id="token-15-13" start_char="2711">a</TOKEN>
				<TOKEN end_char="2717" id="token-15-14" start_char="2713">right</TOKEN>
				<TOKEN end_char="2720" id="token-15-15" start_char="2719">to</TOKEN>
				<TOKEN end_char="2725" id="token-15-16" start_char="2722">live</TOKEN>
				<TOKEN end_char="2729" id="token-15-17" start_char="2727">off</TOKEN>
				<TOKEN end_char="2736" id="token-15-18" start_char="2731">campus</TOKEN>
				<TOKEN end_char="2737" id="token-15-19" start_char="2737">,</TOKEN>
				<TOKEN end_char="2741" id="token-15-20" start_char="2739">and</TOKEN>
				<TOKEN end_char="2751" id="token-15-21" start_char="2743">hopefully</TOKEN>
				<TOKEN end_char="2756" id="token-15-22" start_char="2753">that</TOKEN>
				<TOKEN end_char="2761" id="token-15-23" start_char="2758">will</TOKEN>
				<TOKEN end_char="2765" id="token-15-24" start_char="2763">get</TOKEN>
				<TOKEN end_char="2770" id="token-15-25" start_char="2767">more</TOKEN>
				<TOKEN end_char="2782" id="token-15-26" start_char="2772">responsible</TOKEN>
				<TOKEN end_char="2791" id="token-15-27" start_char="2784">citizens</TOKEN>
				<TOKEN end_char="2798" id="token-15-28" start_char="2793">living</TOKEN>
				<TOKEN end_char="2803" id="token-15-29" start_char="2800">next</TOKEN>
				<TOKEN end_char="2806" id="token-15-30" start_char="2805">to</TOKEN>
				<TOKEN end_char="2809" id="token-15-31" start_char="2808">us</TOKEN>
				<TOKEN end_char="2811" id="token-15-32" start_char="2810">,”</TOKEN>
				<TOKEN end_char="2816" id="token-15-33" start_char="2813">said</TOKEN>
				<TOKEN end_char="2825" id="token-15-34" start_char="2818">Jennifer</TOKEN>
				<TOKEN end_char="2833" id="token-15-35" start_char="2827">Altemus</TOKEN>
				<TOKEN end_char="2834" id="token-15-36" start_char="2834">,</TOKEN>
				<TOKEN end_char="2838" id="token-15-37" start_char="2836">the</TOKEN>
				<TOKEN end_char="2848" id="token-15-38" start_char="2840">president</TOKEN>
				<TOKEN end_char="2851" id="token-15-39" start_char="2850">of</TOKEN>
				<TOKEN end_char="2855" id="token-15-40" start_char="2853">the</TOKEN>
				<TOKEN end_char="2864" id="token-15-41" start_char="2857">Citizens</TOKEN>
				<TOKEN end_char="2876" id="token-15-42" start_char="2866">Association</TOKEN>
				<TOKEN end_char="2879" id="token-15-43" start_char="2878">of</TOKEN>
				<TOKEN end_char="2890" id="token-15-44" start_char="2881">Georgetown</TOKEN>
				<TOKEN end_char="2891" id="token-15-45" start_char="2891">.</TOKEN>
			</SEG>
			<SEG end_char="3296" id="20120607_WAPO_94e16146-b0e4-11e1-b6a5-3e85e7238c64-16" start_char="2893">
				<ORIGINAL_TEXT>“The plan really does address immediate short-term issues with a more welcoming residential community atmosphere, clearer rules about acceptable behavior off campus and better parking arrangements . . . a lot of things that will make a difference,” said Ron Lewis, Advisory Neighborhood Commission 2E commissioner. “When a great community and a fine university come together, this is how it should work.”</ORIGINAL_TEXT>
				<TOKEN end_char="2893" id="token-16-0" start_char="2893">“</TOKEN>
				<TOKEN end_char="2896" id="token-16-1" start_char="2894">The</TOKEN>
				<TOKEN end_char="2901" id="token-16-2" start_char="2898">plan</TOKEN>
				<TOKEN end_char="2908" id="token-16-3" start_char="2903">really</TOKEN>
				<TOKEN end_char="2913" id="token-16-4" start_char="2910">does</TOKEN>
				<TOKEN end_char="2921" id="token-16-5" start_char="2915">address</TOKEN>
				<TOKEN end_char="2931" id="token-16-6" start_char="2923">immediate</TOKEN>
				<TOKEN end_char="2937" id="token-16-7" start_char="2933">short</TOKEN>
				<TOKEN end_char="2938" id="token-16-8" start_char="2938">-</TOKEN>
				<TOKEN end_char="2942" id="token-16-9" start_char="2939">term</TOKEN>
				<TOKEN end_char="2949" id="token-16-10" start_char="2944">issues</TOKEN>
				<TOKEN end_char="2954" id="token-16-11" start_char="2951">with</TOKEN>
				<TOKEN end_char="2956" id="token-16-12" start_char="2956">a</TOKEN>
				<TOKEN end_char="2961" id="token-16-13" start_char="2958">more</TOKEN>
				<TOKEN end_char="2971" id="token-16-14" start_char="2963">welcoming</TOKEN>
				<TOKEN end_char="2983" id="token-16-15" start_char="2973">residential</TOKEN>
				<TOKEN end_char="2993" id="token-16-16" start_char="2985">community</TOKEN>
				<TOKEN end_char="3004" id="token-16-17" start_char="2995">atmosphere</TOKEN>
				<TOKEN end_char="3005" id="token-16-18" start_char="3005">,</TOKEN>
				<TOKEN end_char="3013" id="token-16-19" start_char="3007">clearer</TOKEN>
				<TOKEN end_char="3019" id="token-16-20" start_char="3015">rules</TOKEN>
				<TOKEN end_char="3025" id="token-16-21" start_char="3021">about</TOKEN>
				<TOKEN end_char="3036" id="token-16-22" start_char="3027">acceptable</TOKEN>
				<TOKEN end_char="3045" id="token-16-23" start_char="3038">behavior</TOKEN>
				<TOKEN end_char="3049" id="token-16-24" start_char="3047">off</TOKEN>
				<TOKEN end_char="3056" id="token-16-25" start_char="3051">campus</TOKEN>
				<TOKEN end_char="3060" id="token-16-26" start_char="3058">and</TOKEN>
				<TOKEN end_char="3067" id="token-16-27" start_char="3062">better</TOKEN>
				<TOKEN end_char="3075" id="token-16-28" start_char="3069">parking</TOKEN>
				<TOKEN end_char="3088" id="token-16-29" start_char="3077">arrangements</TOKEN>
				<TOKEN end_char="3090" id="token-16-30" start_char="3090">.</TOKEN>
				<TOKEN end_char="3092" id="token-16-31" start_char="3092">.</TOKEN>
				<TOKEN end_char="3094" id="token-16-32" start_char="3094">.</TOKEN>
				<TOKEN end_char="3096" id="token-16-33" start_char="3096">a</TOKEN>
				<TOKEN end_char="3100" id="token-16-34" start_char="3098">lot</TOKEN>
				<TOKEN end_char="3103" id="token-16-35" start_char="3102">of</TOKEN>
				<TOKEN end_char="3110" id="token-16-36" start_char="3105">things</TOKEN>
				<TOKEN end_char="3115" id="token-16-37" start_char="3112">that</TOKEN>
				<TOKEN end_char="3120" id="token-16-38" start_char="3117">will</TOKEN>
				<TOKEN end_char="3125" id="token-16-39" start_char="3122">make</TOKEN>
				<TOKEN end_char="3127" id="token-16-40" start_char="3127">a</TOKEN>
				<TOKEN end_char="3138" id="token-16-41" start_char="3129">difference</TOKEN>
				<TOKEN end_char="3140" id="token-16-42" start_char="3139">,”</TOKEN>
				<TOKEN end_char="3145" id="token-16-43" start_char="3142">said</TOKEN>
				<TOKEN end_char="3149" id="token-16-44" start_char="3147">Ron</TOKEN>
				<TOKEN end_char="3155" id="token-16-45" start_char="3151">Lewis</TOKEN>
				<TOKEN end_char="3156" id="token-16-46" start_char="3156">,</TOKEN>
				<TOKEN end_char="3165" id="token-16-47" start_char="3158">Advisory</TOKEN>
				<TOKEN end_char="3178" id="token-16-48" start_char="3167">Neighborhood</TOKEN>
				<TOKEN end_char="3189" id="token-16-49" start_char="3180">Commission</TOKEN>
				<TOKEN end_char="3192" id="token-16-50" start_char="3191">2E</TOKEN>
				<TOKEN end_char="3205" id="token-16-51" start_char="3194">commissioner</TOKEN>
				<TOKEN end_char="3206" id="token-16-52" start_char="3206">.</TOKEN>
				<TOKEN end_char="3208" id="token-16-53" start_char="3208">“</TOKEN>
				<TOKEN end_char="3212" id="token-16-54" start_char="3209">When</TOKEN>
				<TOKEN end_char="3214" id="token-16-55" start_char="3214">a</TOKEN>
				<TOKEN end_char="3220" id="token-16-56" start_char="3216">great</TOKEN>
				<TOKEN end_char="3230" id="token-16-57" start_char="3222">community</TOKEN>
				<TOKEN end_char="3234" id="token-16-58" start_char="3232">and</TOKEN>
				<TOKEN end_char="3236" id="token-16-59" start_char="3236">a</TOKEN>
				<TOKEN end_char="3241" id="token-16-60" start_char="3238">fine</TOKEN>
				<TOKEN end_char="3252" id="token-16-61" start_char="3243">university</TOKEN>
				<TOKEN end_char="3257" id="token-16-62" start_char="3254">come</TOKEN>
				<TOKEN end_char="3266" id="token-16-63" start_char="3259">together</TOKEN>
				<TOKEN end_char="3267" id="token-16-64" start_char="3267">,</TOKEN>
				<TOKEN end_char="3272" id="token-16-65" start_char="3269">this</TOKEN>
				<TOKEN end_char="3275" id="token-16-66" start_char="3274">is</TOKEN>
				<TOKEN end_char="3279" id="token-16-67" start_char="3277">how</TOKEN>
				<TOKEN end_char="3282" id="token-16-68" start_char="3281">it</TOKEN>
				<TOKEN end_char="3289" id="token-16-69" start_char="3284">should</TOKEN>
				<TOKEN end_char="3294" id="token-16-70" start_char="3291">work</TOKEN>
				<TOKEN end_char="3296" id="token-16-71" start_char="3295">.”</TOKEN>
			</SEG>
		</TEXT>
	</DOC>
</LCTL_TEXT>
