<?xml version="1.0" encoding="utf-8"?>
<LCTL_TEXT>
	<DOC id="20121221_WAPO_3b825fda-4ba1-11e2-b709-667035ff9029">
		<TEXT>
			<SEG end_char="69" id="20121221_WAPO_3b825fda-4ba1-11e2-b709-667035ff9029-0" start_char="0">
				<ORIGINAL_TEXT>After Newtown shooting, Girl Scouts come together to support their own</ORIGINAL_TEXT>
				<TOKEN end_char="4" id="token-0-0" start_char="0">After</TOKEN>
				<TOKEN end_char="12" id="token-0-1" start_char="6">Newtown</TOKEN>
				<TOKEN end_char="21" id="token-0-2" start_char="14">shooting</TOKEN>
				<TOKEN end_char="22" id="token-0-3" start_char="22">,</TOKEN>
				<TOKEN end_char="27" id="token-0-4" start_char="24">Girl</TOKEN>
				<TOKEN end_char="34" id="token-0-5" start_char="29">Scouts</TOKEN>
				<TOKEN end_char="39" id="token-0-6" start_char="36">come</TOKEN>
				<TOKEN end_char="48" id="token-0-7" start_char="41">together</TOKEN>
				<TOKEN end_char="51" id="token-0-8" start_char="50">to</TOKEN>
				<TOKEN end_char="59" id="token-0-9" start_char="53">support</TOKEN>
				<TOKEN end_char="65" id="token-0-10" start_char="61">their</TOKEN>
				<TOKEN end_char="69" id="token-0-11" start_char="67">own</TOKEN>
			</SEG>
			<SEG end_char="114" id="20121221_WAPO_3b825fda-4ba1-11e2-b709-667035ff9029-1" start_char="71">
				<ORIGINAL_TEXT>Friday, December 21, 2012 19:23:41 GMT-05:00</ORIGINAL_TEXT>
				<TOKEN end_char="76" id="token-1-0" start_char="71">Friday</TOKEN>
				<TOKEN end_char="77" id="token-1-1" start_char="77">,</TOKEN>
				<TOKEN end_char="86" id="token-1-2" start_char="79">December</TOKEN>
				<TOKEN end_char="89" id="token-1-3" start_char="88">21</TOKEN>
				<TOKEN end_char="90" id="token-1-4" start_char="90">,</TOKEN>
				<TOKEN end_char="95" id="token-1-5" start_char="92">2012</TOKEN>
				<TOKEN end_char="98" id="token-1-6" start_char="97">19</TOKEN>
				<TOKEN end_char="99" id="token-1-7" start_char="99">:</TOKEN>
				<TOKEN end_char="101" id="token-1-8" start_char="100">23</TOKEN>
				<TOKEN end_char="102" id="token-1-9" start_char="102">:</TOKEN>
				<TOKEN end_char="104" id="token-1-10" start_char="103">41</TOKEN>
				<TOKEN end_char="108" id="token-1-11" start_char="106">GMT</TOKEN>
				<TOKEN end_char="109" id="token-1-12" start_char="109">-</TOKEN>
				<TOKEN end_char="111" id="token-1-13" start_char="110">05</TOKEN>
				<TOKEN end_char="112" id="token-1-14" start_char="112">:</TOKEN>
				<TOKEN end_char="114" id="token-1-15" start_char="113">00</TOKEN>
			</SEG>
			<SEG end_char="376" id="20121221_WAPO_3b825fda-4ba1-11e2-b709-667035ff9029-2" start_char="116">
				<ORIGINAL_TEXT>NEWTOWN, Conn. — Eight of the 12 girls killed in last week’s shooting rampage at Sandy Hook Elementary School were Girl Scouts. Two troops of the smallest scouts were shattered. One that had 10 members now has five. Another troop of five girls now has just two.</ORIGINAL_TEXT>
				<TOKEN end_char="122" id="token-2-0" start_char="116">NEWTOWN</TOKEN>
				<TOKEN end_char="123" id="token-2-1" start_char="123">,</TOKEN>
				<TOKEN end_char="128" id="token-2-2" start_char="125">Conn</TOKEN>
				<TOKEN end_char="129" id="token-2-3" start_char="129">.</TOKEN>
				<TOKEN end_char="131" id="token-2-4" start_char="131">—</TOKEN>
				<TOKEN end_char="137" id="token-2-5" start_char="133">Eight</TOKEN>
				<TOKEN end_char="140" id="token-2-6" start_char="139">of</TOKEN>
				<TOKEN end_char="144" id="token-2-7" start_char="142">the</TOKEN>
				<TOKEN end_char="147" id="token-2-8" start_char="146">12</TOKEN>
				<TOKEN end_char="153" id="token-2-9" start_char="149">girls</TOKEN>
				<TOKEN end_char="160" id="token-2-10" start_char="155">killed</TOKEN>
				<TOKEN end_char="163" id="token-2-11" start_char="162">in</TOKEN>
				<TOKEN end_char="168" id="token-2-12" start_char="165">last</TOKEN>
				<TOKEN end_char="173" id="token-2-13" start_char="170">week</TOKEN>
				<TOKEN end_char="174" id="token-2-14" start_char="174">’</TOKEN>
				<TOKEN end_char="175" id="token-2-15" start_char="175">s</TOKEN>
				<TOKEN end_char="184" id="token-2-16" start_char="177">shooting</TOKEN>
				<TOKEN end_char="192" id="token-2-17" start_char="186">rampage</TOKEN>
				<TOKEN end_char="195" id="token-2-18" start_char="194">at</TOKEN>
				<TOKEN end_char="201" id="token-2-19" start_char="197">Sandy</TOKEN>
				<TOKEN end_char="206" id="token-2-20" start_char="203">Hook</TOKEN>
				<TOKEN end_char="217" id="token-2-21" start_char="208">Elementary</TOKEN>
				<TOKEN end_char="224" id="token-2-22" start_char="219">School</TOKEN>
				<TOKEN end_char="229" id="token-2-23" start_char="226">were</TOKEN>
				<TOKEN end_char="234" id="token-2-24" start_char="231">Girl</TOKEN>
				<TOKEN end_char="241" id="token-2-25" start_char="236">Scouts</TOKEN>
				<TOKEN end_char="242" id="token-2-26" start_char="242">.</TOKEN>
				<TOKEN end_char="246" id="token-2-27" start_char="244">Two</TOKEN>
				<TOKEN end_char="253" id="token-2-28" start_char="248">troops</TOKEN>
				<TOKEN end_char="256" id="token-2-29" start_char="255">of</TOKEN>
				<TOKEN end_char="260" id="token-2-30" start_char="258">the</TOKEN>
				<TOKEN end_char="269" id="token-2-31" start_char="262">smallest</TOKEN>
				<TOKEN end_char="276" id="token-2-32" start_char="271">scouts</TOKEN>
				<TOKEN end_char="281" id="token-2-33" start_char="278">were</TOKEN>
				<TOKEN end_char="291" id="token-2-34" start_char="283">shattered</TOKEN>
				<TOKEN end_char="292" id="token-2-35" start_char="292">.</TOKEN>
				<TOKEN end_char="296" id="token-2-36" start_char="294">One</TOKEN>
				<TOKEN end_char="301" id="token-2-37" start_char="298">that</TOKEN>
				<TOKEN end_char="305" id="token-2-38" start_char="303">had</TOKEN>
				<TOKEN end_char="308" id="token-2-39" start_char="307">10</TOKEN>
				<TOKEN end_char="316" id="token-2-40" start_char="310">members</TOKEN>
				<TOKEN end_char="320" id="token-2-41" start_char="318">now</TOKEN>
				<TOKEN end_char="324" id="token-2-42" start_char="322">has</TOKEN>
				<TOKEN end_char="329" id="token-2-43" start_char="326">five</TOKEN>
				<TOKEN end_char="330" id="token-2-44" start_char="330">.</TOKEN>
				<TOKEN end_char="338" id="token-2-45" start_char="332">Another</TOKEN>
				<TOKEN end_char="344" id="token-2-46" start_char="340">troop</TOKEN>
				<TOKEN end_char="347" id="token-2-47" start_char="346">of</TOKEN>
				<TOKEN end_char="352" id="token-2-48" start_char="349">five</TOKEN>
				<TOKEN end_char="358" id="token-2-49" start_char="354">girls</TOKEN>
				<TOKEN end_char="362" id="token-2-50" start_char="360">now</TOKEN>
				<TOKEN end_char="366" id="token-2-51" start_char="364">has</TOKEN>
				<TOKEN end_char="371" id="token-2-52" start_char="368">just</TOKEN>
				<TOKEN end_char="375" id="token-2-53" start_char="373">two</TOKEN>
				<TOKEN end_char="376" id="token-2-54" start_char="376">.</TOKEN>
			</SEG>
			<SEG end_char="636" id="20121221_WAPO_3b825fda-4ba1-11e2-b709-667035ff9029-3" start_char="378">
				<ORIGINAL_TEXT>Girl Scouts are particularly active in Newtown, with 125 troops involving more than 700 girls, and now as the town struggles to overcome its grief, Girls Scouts are relying on their troop friendships and activities to recover a bit of their sense of normalcy.</ORIGINAL_TEXT>
				<TOKEN end_char="381" id="token-3-0" start_char="378">Girl</TOKEN>
				<TOKEN end_char="388" id="token-3-1" start_char="383">Scouts</TOKEN>
				<TOKEN end_char="392" id="token-3-2" start_char="390">are</TOKEN>
				<TOKEN end_char="405" id="token-3-3" start_char="394">particularly</TOKEN>
				<TOKEN end_char="412" id="token-3-4" start_char="407">active</TOKEN>
				<TOKEN end_char="415" id="token-3-5" start_char="414">in</TOKEN>
				<TOKEN end_char="423" id="token-3-6" start_char="417">Newtown</TOKEN>
				<TOKEN end_char="424" id="token-3-7" start_char="424">,</TOKEN>
				<TOKEN end_char="429" id="token-3-8" start_char="426">with</TOKEN>
				<TOKEN end_char="433" id="token-3-9" start_char="431">125</TOKEN>
				<TOKEN end_char="440" id="token-3-10" start_char="435">troops</TOKEN>
				<TOKEN end_char="450" id="token-3-11" start_char="442">involving</TOKEN>
				<TOKEN end_char="455" id="token-3-12" start_char="452">more</TOKEN>
				<TOKEN end_char="460" id="token-3-13" start_char="457">than</TOKEN>
				<TOKEN end_char="464" id="token-3-14" start_char="462">700</TOKEN>
				<TOKEN end_char="470" id="token-3-15" start_char="466">girls</TOKEN>
				<TOKEN end_char="471" id="token-3-16" start_char="471">,</TOKEN>
				<TOKEN end_char="475" id="token-3-17" start_char="473">and</TOKEN>
				<TOKEN end_char="479" id="token-3-18" start_char="477">now</TOKEN>
				<TOKEN end_char="482" id="token-3-19" start_char="481">as</TOKEN>
				<TOKEN end_char="486" id="token-3-20" start_char="484">the</TOKEN>
				<TOKEN end_char="491" id="token-3-21" start_char="488">town</TOKEN>
				<TOKEN end_char="501" id="token-3-22" start_char="493">struggles</TOKEN>
				<TOKEN end_char="504" id="token-3-23" start_char="503">to</TOKEN>
				<TOKEN end_char="513" id="token-3-24" start_char="506">overcome</TOKEN>
				<TOKEN end_char="517" id="token-3-25" start_char="515">its</TOKEN>
				<TOKEN end_char="523" id="token-3-26" start_char="519">grief</TOKEN>
				<TOKEN end_char="524" id="token-3-27" start_char="524">,</TOKEN>
				<TOKEN end_char="530" id="token-3-28" start_char="526">Girls</TOKEN>
				<TOKEN end_char="537" id="token-3-29" start_char="532">Scouts</TOKEN>
				<TOKEN end_char="541" id="token-3-30" start_char="539">are</TOKEN>
				<TOKEN end_char="549" id="token-3-31" start_char="543">relying</TOKEN>
				<TOKEN end_char="552" id="token-3-32" start_char="551">on</TOKEN>
				<TOKEN end_char="558" id="token-3-33" start_char="554">their</TOKEN>
				<TOKEN end_char="564" id="token-3-34" start_char="560">troop</TOKEN>
				<TOKEN end_char="576" id="token-3-35" start_char="566">friendships</TOKEN>
				<TOKEN end_char="580" id="token-3-36" start_char="578">and</TOKEN>
				<TOKEN end_char="591" id="token-3-37" start_char="582">activities</TOKEN>
				<TOKEN end_char="594" id="token-3-38" start_char="593">to</TOKEN>
				<TOKEN end_char="602" id="token-3-39" start_char="596">recover</TOKEN>
				<TOKEN end_char="604" id="token-3-40" start_char="604">a</TOKEN>
				<TOKEN end_char="608" id="token-3-41" start_char="606">bit</TOKEN>
				<TOKEN end_char="611" id="token-3-42" start_char="610">of</TOKEN>
				<TOKEN end_char="617" id="token-3-43" start_char="613">their</TOKEN>
				<TOKEN end_char="623" id="token-3-44" start_char="619">sense</TOKEN>
				<TOKEN end_char="626" id="token-3-45" start_char="625">of</TOKEN>
				<TOKEN end_char="635" id="token-3-46" start_char="628">normalcy</TOKEN>
				<TOKEN end_char="636" id="token-3-47" start_char="636">.</TOKEN>
			</SEG>
			<SEG end_char="861" id="20121221_WAPO_3b825fda-4ba1-11e2-b709-667035ff9029-4" start_char="638">
				<ORIGINAL_TEXT>“We were together when we were strong, and we’re going to stay together now that we’re Newtown Strong,” said Kelsea ­Morshuk-Allen, a 16-year-old Girl Scout, using a term that is emerging as a sign of this town’s resilience.</ORIGINAL_TEXT>
				<TOKEN end_char="638" id="token-4-0" start_char="638">“</TOKEN>
				<TOKEN end_char="640" id="token-4-1" start_char="639">We</TOKEN>
				<TOKEN end_char="645" id="token-4-2" start_char="642">were</TOKEN>
				<TOKEN end_char="654" id="token-4-3" start_char="647">together</TOKEN>
				<TOKEN end_char="659" id="token-4-4" start_char="656">when</TOKEN>
				<TOKEN end_char="662" id="token-4-5" start_char="661">we</TOKEN>
				<TOKEN end_char="667" id="token-4-6" start_char="664">were</TOKEN>
				<TOKEN end_char="674" id="token-4-7" start_char="669">strong</TOKEN>
				<TOKEN end_char="675" id="token-4-8" start_char="675">,</TOKEN>
				<TOKEN end_char="679" id="token-4-9" start_char="677">and</TOKEN>
				<TOKEN end_char="682" id="token-4-10" start_char="681">we</TOKEN>
				<TOKEN end_char="683" id="token-4-11" start_char="683">’</TOKEN>
				<TOKEN end_char="685" id="token-4-12" start_char="684">re</TOKEN>
				<TOKEN end_char="691" id="token-4-13" start_char="687">going</TOKEN>
				<TOKEN end_char="694" id="token-4-14" start_char="693">to</TOKEN>
				<TOKEN end_char="699" id="token-4-15" start_char="696">stay</TOKEN>
				<TOKEN end_char="708" id="token-4-16" start_char="701">together</TOKEN>
				<TOKEN end_char="712" id="token-4-17" start_char="710">now</TOKEN>
				<TOKEN end_char="717" id="token-4-18" start_char="714">that</TOKEN>
				<TOKEN end_char="720" id="token-4-19" start_char="719">we</TOKEN>
				<TOKEN end_char="721" id="token-4-20" start_char="721">’</TOKEN>
				<TOKEN end_char="723" id="token-4-21" start_char="722">re</TOKEN>
				<TOKEN end_char="731" id="token-4-22" start_char="725">Newtown</TOKEN>
				<TOKEN end_char="738" id="token-4-23" start_char="733">Strong</TOKEN>
				<TOKEN end_char="740" id="token-4-24" start_char="739">,”</TOKEN>
				<TOKEN end_char="745" id="token-4-25" start_char="742">said</TOKEN>
				<TOKEN end_char="752" id="token-4-26" start_char="747">Kelsea</TOKEN>
				<TOKEN end_char="754" id="token-4-27" start_char="754">­</TOKEN>
				<TOKEN end_char="761" id="token-4-28" start_char="755">Morshuk</TOKEN>
				<TOKEN end_char="762" id="token-4-29" start_char="762">-</TOKEN>
				<TOKEN end_char="767" id="token-4-30" start_char="763">Allen</TOKEN>
				<TOKEN end_char="768" id="token-4-31" start_char="768">,</TOKEN>
				<TOKEN end_char="770" id="token-4-32" start_char="770">a</TOKEN>
				<TOKEN end_char="773" id="token-4-33" start_char="772">16</TOKEN>
				<TOKEN end_char="774" id="token-4-34" start_char="774">-</TOKEN>
				<TOKEN end_char="778" id="token-4-35" start_char="775">year</TOKEN>
				<TOKEN end_char="779" id="token-4-36" start_char="779">-</TOKEN>
				<TOKEN end_char="782" id="token-4-37" start_char="780">old</TOKEN>
				<TOKEN end_char="787" id="token-4-38" start_char="784">Girl</TOKEN>
				<TOKEN end_char="793" id="token-4-39" start_char="789">Scout</TOKEN>
				<TOKEN end_char="794" id="token-4-40" start_char="794">,</TOKEN>
				<TOKEN end_char="800" id="token-4-41" start_char="796">using</TOKEN>
				<TOKEN end_char="802" id="token-4-42" start_char="802">a</TOKEN>
				<TOKEN end_char="807" id="token-4-43" start_char="804">term</TOKEN>
				<TOKEN end_char="812" id="token-4-44" start_char="809">that</TOKEN>
				<TOKEN end_char="815" id="token-4-45" start_char="814">is</TOKEN>
				<TOKEN end_char="824" id="token-4-46" start_char="817">emerging</TOKEN>
				<TOKEN end_char="827" id="token-4-47" start_char="826">as</TOKEN>
				<TOKEN end_char="829" id="token-4-48" start_char="829">a</TOKEN>
				<TOKEN end_char="834" id="token-4-49" start_char="831">sign</TOKEN>
				<TOKEN end_char="837" id="token-4-50" start_char="836">of</TOKEN>
				<TOKEN end_char="842" id="token-4-51" start_char="839">this</TOKEN>
				<TOKEN end_char="847" id="token-4-52" start_char="844">town</TOKEN>
				<TOKEN end_char="848" id="token-4-53" start_char="848">’</TOKEN>
				<TOKEN end_char="849" id="token-4-54" start_char="849">s</TOKEN>
				<TOKEN end_char="860" id="token-4-55" start_char="851">resilience</TOKEN>
				<TOKEN end_char="861" id="token-4-56" start_char="861">.</TOKEN>
			</SEG>
			<SEG end_char="1299" id="20121221_WAPO_3b825fda-4ba1-11e2-b709-667035ff9029-5" start_char="863">
				<ORIGINAL_TEXT>Small indications of that attitude are everywhere, such as the sign “Newtown Strong” that appeared under the scoreboard when the high school basketball team returned to the court Wednesday. Or the campaign to create a memorial fund from the sale of thousands of $2 “Newtown Angels” bracelets, a campaign with the slogan, “Newtown Strong. Newtown Proud.” Or Kelsea’s “Gone but not Forgotten” ­T-shirt made in a high school graphics class.</ORIGINAL_TEXT>
				<TOKEN end_char="867" id="token-5-0" start_char="863">Small</TOKEN>
				<TOKEN end_char="879" id="token-5-1" start_char="869">indications</TOKEN>
				<TOKEN end_char="882" id="token-5-2" start_char="881">of</TOKEN>
				<TOKEN end_char="887" id="token-5-3" start_char="884">that</TOKEN>
				<TOKEN end_char="896" id="token-5-4" start_char="889">attitude</TOKEN>
				<TOKEN end_char="900" id="token-5-5" start_char="898">are</TOKEN>
				<TOKEN end_char="911" id="token-5-6" start_char="902">everywhere</TOKEN>
				<TOKEN end_char="912" id="token-5-7" start_char="912">,</TOKEN>
				<TOKEN end_char="917" id="token-5-8" start_char="914">such</TOKEN>
				<TOKEN end_char="920" id="token-5-9" start_char="919">as</TOKEN>
				<TOKEN end_char="924" id="token-5-10" start_char="922">the</TOKEN>
				<TOKEN end_char="929" id="token-5-11" start_char="926">sign</TOKEN>
				<TOKEN end_char="931" id="token-5-12" start_char="931">“</TOKEN>
				<TOKEN end_char="938" id="token-5-13" start_char="932">Newtown</TOKEN>
				<TOKEN end_char="945" id="token-5-14" start_char="940">Strong</TOKEN>
				<TOKEN end_char="946" id="token-5-15" start_char="946">”</TOKEN>
				<TOKEN end_char="951" id="token-5-16" start_char="948">that</TOKEN>
				<TOKEN end_char="960" id="token-5-17" start_char="953">appeared</TOKEN>
				<TOKEN end_char="966" id="token-5-18" start_char="962">under</TOKEN>
				<TOKEN end_char="970" id="token-5-19" start_char="968">the</TOKEN>
				<TOKEN end_char="981" id="token-5-20" start_char="972">scoreboard</TOKEN>
				<TOKEN end_char="986" id="token-5-21" start_char="983">when</TOKEN>
				<TOKEN end_char="990" id="token-5-22" start_char="988">the</TOKEN>
				<TOKEN end_char="995" id="token-5-23" start_char="992">high</TOKEN>
				<TOKEN end_char="1002" id="token-5-24" start_char="997">school</TOKEN>
				<TOKEN end_char="1013" id="token-5-25" start_char="1004">basketball</TOKEN>
				<TOKEN end_char="1018" id="token-5-26" start_char="1015">team</TOKEN>
				<TOKEN end_char="1027" id="token-5-27" start_char="1020">returned</TOKEN>
				<TOKEN end_char="1030" id="token-5-28" start_char="1029">to</TOKEN>
				<TOKEN end_char="1034" id="token-5-29" start_char="1032">the</TOKEN>
				<TOKEN end_char="1040" id="token-5-30" start_char="1036">court</TOKEN>
				<TOKEN end_char="1050" id="token-5-31" start_char="1042">Wednesday</TOKEN>
				<TOKEN end_char="1051" id="token-5-32" start_char="1051">.</TOKEN>
				<TOKEN end_char="1054" id="token-5-33" start_char="1053">Or</TOKEN>
				<TOKEN end_char="1058" id="token-5-34" start_char="1056">the</TOKEN>
				<TOKEN end_char="1067" id="token-5-35" start_char="1060">campaign</TOKEN>
				<TOKEN end_char="1070" id="token-5-36" start_char="1069">to</TOKEN>
				<TOKEN end_char="1077" id="token-5-37" start_char="1072">create</TOKEN>
				<TOKEN end_char="1079" id="token-5-38" start_char="1079">a</TOKEN>
				<TOKEN end_char="1088" id="token-5-39" start_char="1081">memorial</TOKEN>
				<TOKEN end_char="1093" id="token-5-40" start_char="1090">fund</TOKEN>
				<TOKEN end_char="1098" id="token-5-41" start_char="1095">from</TOKEN>
				<TOKEN end_char="1102" id="token-5-42" start_char="1100">the</TOKEN>
				<TOKEN end_char="1107" id="token-5-43" start_char="1104">sale</TOKEN>
				<TOKEN end_char="1110" id="token-5-44" start_char="1109">of</TOKEN>
				<TOKEN end_char="1120" id="token-5-45" start_char="1112">thousands</TOKEN>
				<TOKEN end_char="1123" id="token-5-46" start_char="1122">of</TOKEN>
				<TOKEN end_char="1125" id="token-5-47" start_char="1125">$</TOKEN>
				<TOKEN end_char="1126" id="token-5-48" start_char="1126">2</TOKEN>
				<TOKEN end_char="1128" id="token-5-49" start_char="1128">“</TOKEN>
				<TOKEN end_char="1135" id="token-5-50" start_char="1129">Newtown</TOKEN>
				<TOKEN end_char="1142" id="token-5-51" start_char="1137">Angels</TOKEN>
				<TOKEN end_char="1143" id="token-5-52" start_char="1143">”</TOKEN>
				<TOKEN end_char="1153" id="token-5-53" start_char="1145">bracelets</TOKEN>
				<TOKEN end_char="1154" id="token-5-54" start_char="1154">,</TOKEN>
				<TOKEN end_char="1156" id="token-5-55" start_char="1156">a</TOKEN>
				<TOKEN end_char="1165" id="token-5-56" start_char="1158">campaign</TOKEN>
				<TOKEN end_char="1170" id="token-5-57" start_char="1167">with</TOKEN>
				<TOKEN end_char="1174" id="token-5-58" start_char="1172">the</TOKEN>
				<TOKEN end_char="1181" id="token-5-59" start_char="1176">slogan</TOKEN>
				<TOKEN end_char="1182" id="token-5-60" start_char="1182">,</TOKEN>
				<TOKEN end_char="1184" id="token-5-61" start_char="1184">“</TOKEN>
				<TOKEN end_char="1191" id="token-5-62" start_char="1185">Newtown</TOKEN>
				<TOKEN end_char="1198" id="token-5-63" start_char="1193">Strong</TOKEN>
				<TOKEN end_char="1199" id="token-5-64" start_char="1199">.</TOKEN>
				<TOKEN end_char="1207" id="token-5-65" start_char="1201">Newtown</TOKEN>
				<TOKEN end_char="1213" id="token-5-66" start_char="1209">Proud</TOKEN>
				<TOKEN end_char="1215" id="token-5-67" start_char="1214">.”</TOKEN>
				<TOKEN end_char="1218" id="token-5-68" start_char="1217">Or</TOKEN>
				<TOKEN end_char="1225" id="token-5-69" start_char="1220">Kelsea</TOKEN>
				<TOKEN end_char="1226" id="token-5-70" start_char="1226">’</TOKEN>
				<TOKEN end_char="1227" id="token-5-71" start_char="1227">s</TOKEN>
				<TOKEN end_char="1229" id="token-5-72" start_char="1229">“</TOKEN>
				<TOKEN end_char="1233" id="token-5-73" start_char="1230">Gone</TOKEN>
				<TOKEN end_char="1237" id="token-5-74" start_char="1235">but</TOKEN>
				<TOKEN end_char="1241" id="token-5-75" start_char="1239">not</TOKEN>
				<TOKEN end_char="1251" id="token-5-76" start_char="1243">Forgotten</TOKEN>
				<TOKEN end_char="1252" id="token-5-77" start_char="1252">”</TOKEN>
				<TOKEN end_char="1254" id="token-5-78" start_char="1254">­</TOKEN>
				<TOKEN end_char="1255" id="token-5-79" start_char="1255">T</TOKEN>
				<TOKEN end_char="1256" id="token-5-80" start_char="1256">-</TOKEN>
				<TOKEN end_char="1261" id="token-5-81" start_char="1257">shirt</TOKEN>
				<TOKEN end_char="1266" id="token-5-82" start_char="1263">made</TOKEN>
				<TOKEN end_char="1269" id="token-5-83" start_char="1268">in</TOKEN>
				<TOKEN end_char="1271" id="token-5-84" start_char="1271">a</TOKEN>
				<TOKEN end_char="1276" id="token-5-85" start_char="1273">high</TOKEN>
				<TOKEN end_char="1283" id="token-5-86" start_char="1278">school</TOKEN>
				<TOKEN end_char="1292" id="token-5-87" start_char="1285">graphics</TOKEN>
				<TOKEN end_char="1298" id="token-5-88" start_char="1294">class</TOKEN>
				<TOKEN end_char="1299" id="token-5-89" start_char="1299">.</TOKEN>
			</SEG>
			<SEG end_char="1658" id="20121221_WAPO_3b825fda-4ba1-11e2-b709-667035ff9029-6" start_char="1301">
				<ORIGINAL_TEXT>Kelsea and her friend Brooke Hadgraft, 15, met a decade ago as Girl Scout Daisies, as the troops for kindergartners and first-graders are called. Those killed in the massacre were Daisies. Now Kelsea and Brooke and their fellow scouts plan to mentor the remaining girls in the two affected troops — all of whom survived the shooting at the Sandy Hook school.</ORIGINAL_TEXT>
				<TOKEN end_char="1306" id="token-6-0" start_char="1301">Kelsea</TOKEN>
				<TOKEN end_char="1310" id="token-6-1" start_char="1308">and</TOKEN>
				<TOKEN end_char="1314" id="token-6-2" start_char="1312">her</TOKEN>
				<TOKEN end_char="1321" id="token-6-3" start_char="1316">friend</TOKEN>
				<TOKEN end_char="1328" id="token-6-4" start_char="1323">Brooke</TOKEN>
				<TOKEN end_char="1337" id="token-6-5" start_char="1330">Hadgraft</TOKEN>
				<TOKEN end_char="1338" id="token-6-6" start_char="1338">,</TOKEN>
				<TOKEN end_char="1341" id="token-6-7" start_char="1340">15</TOKEN>
				<TOKEN end_char="1342" id="token-6-8" start_char="1342">,</TOKEN>
				<TOKEN end_char="1346" id="token-6-9" start_char="1344">met</TOKEN>
				<TOKEN end_char="1348" id="token-6-10" start_char="1348">a</TOKEN>
				<TOKEN end_char="1355" id="token-6-11" start_char="1350">decade</TOKEN>
				<TOKEN end_char="1359" id="token-6-12" start_char="1357">ago</TOKEN>
				<TOKEN end_char="1362" id="token-6-13" start_char="1361">as</TOKEN>
				<TOKEN end_char="1367" id="token-6-14" start_char="1364">Girl</TOKEN>
				<TOKEN end_char="1373" id="token-6-15" start_char="1369">Scout</TOKEN>
				<TOKEN end_char="1381" id="token-6-16" start_char="1375">Daisies</TOKEN>
				<TOKEN end_char="1382" id="token-6-17" start_char="1382">,</TOKEN>
				<TOKEN end_char="1385" id="token-6-18" start_char="1384">as</TOKEN>
				<TOKEN end_char="1389" id="token-6-19" start_char="1387">the</TOKEN>
				<TOKEN end_char="1396" id="token-6-20" start_char="1391">troops</TOKEN>
				<TOKEN end_char="1400" id="token-6-21" start_char="1398">for</TOKEN>
				<TOKEN end_char="1415" id="token-6-22" start_char="1402">kindergartners</TOKEN>
				<TOKEN end_char="1419" id="token-6-23" start_char="1417">and</TOKEN>
				<TOKEN end_char="1425" id="token-6-24" start_char="1421">first</TOKEN>
				<TOKEN end_char="1426" id="token-6-25" start_char="1426">-</TOKEN>
				<TOKEN end_char="1433" id="token-6-26" start_char="1427">graders</TOKEN>
				<TOKEN end_char="1437" id="token-6-27" start_char="1435">are</TOKEN>
				<TOKEN end_char="1444" id="token-6-28" start_char="1439">called</TOKEN>
				<TOKEN end_char="1445" id="token-6-29" start_char="1445">.</TOKEN>
				<TOKEN end_char="1451" id="token-6-30" start_char="1447">Those</TOKEN>
				<TOKEN end_char="1458" id="token-6-31" start_char="1453">killed</TOKEN>
				<TOKEN end_char="1461" id="token-6-32" start_char="1460">in</TOKEN>
				<TOKEN end_char="1465" id="token-6-33" start_char="1463">the</TOKEN>
				<TOKEN end_char="1474" id="token-6-34" start_char="1467">massacre</TOKEN>
				<TOKEN end_char="1479" id="token-6-35" start_char="1476">were</TOKEN>
				<TOKEN end_char="1487" id="token-6-36" start_char="1481">Daisies</TOKEN>
				<TOKEN end_char="1488" id="token-6-37" start_char="1488">.</TOKEN>
				<TOKEN end_char="1492" id="token-6-38" start_char="1490">Now</TOKEN>
				<TOKEN end_char="1499" id="token-6-39" start_char="1494">Kelsea</TOKEN>
				<TOKEN end_char="1503" id="token-6-40" start_char="1501">and</TOKEN>
				<TOKEN end_char="1510" id="token-6-41" start_char="1505">Brooke</TOKEN>
				<TOKEN end_char="1514" id="token-6-42" start_char="1512">and</TOKEN>
				<TOKEN end_char="1520" id="token-6-43" start_char="1516">their</TOKEN>
				<TOKEN end_char="1527" id="token-6-44" start_char="1522">fellow</TOKEN>
				<TOKEN end_char="1534" id="token-6-45" start_char="1529">scouts</TOKEN>
				<TOKEN end_char="1539" id="token-6-46" start_char="1536">plan</TOKEN>
				<TOKEN end_char="1542" id="token-6-47" start_char="1541">to</TOKEN>
				<TOKEN end_char="1549" id="token-6-48" start_char="1544">mentor</TOKEN>
				<TOKEN end_char="1553" id="token-6-49" start_char="1551">the</TOKEN>
				<TOKEN end_char="1563" id="token-6-50" start_char="1555">remaining</TOKEN>
				<TOKEN end_char="1569" id="token-6-51" start_char="1565">girls</TOKEN>
				<TOKEN end_char="1572" id="token-6-52" start_char="1571">in</TOKEN>
				<TOKEN end_char="1576" id="token-6-53" start_char="1574">the</TOKEN>
				<TOKEN end_char="1580" id="token-6-54" start_char="1578">two</TOKEN>
				<TOKEN end_char="1589" id="token-6-55" start_char="1582">affected</TOKEN>
				<TOKEN end_char="1596" id="token-6-56" start_char="1591">troops</TOKEN>
				<TOKEN end_char="1598" id="token-6-57" start_char="1598">—</TOKEN>
				<TOKEN end_char="1602" id="token-6-58" start_char="1600">all</TOKEN>
				<TOKEN end_char="1605" id="token-6-59" start_char="1604">of</TOKEN>
				<TOKEN end_char="1610" id="token-6-60" start_char="1607">whom</TOKEN>
				<TOKEN end_char="1619" id="token-6-61" start_char="1612">survived</TOKEN>
				<TOKEN end_char="1623" id="token-6-62" start_char="1621">the</TOKEN>
				<TOKEN end_char="1632" id="token-6-63" start_char="1625">shooting</TOKEN>
				<TOKEN end_char="1635" id="token-6-64" start_char="1634">at</TOKEN>
				<TOKEN end_char="1639" id="token-6-65" start_char="1637">the</TOKEN>
				<TOKEN end_char="1645" id="token-6-66" start_char="1641">Sandy</TOKEN>
				<TOKEN end_char="1650" id="token-6-67" start_char="1647">Hook</TOKEN>
				<TOKEN end_char="1657" id="token-6-68" start_char="1652">school</TOKEN>
				<TOKEN end_char="1658" id="token-6-69" start_char="1658">.</TOKEN>
			</SEG>
			<SEG end_char="1844" id="20121221_WAPO_3b825fda-4ba1-11e2-b709-667035ff9029-7" start_char="1660">
				<ORIGINAL_TEXT>Scout leaders are planning on combining the two troops that lost eight girls into one and pairing the little girls who lost so many of their friends with Kelsea’s troop of older scouts.</ORIGINAL_TEXT>
				<TOKEN end_char="1664" id="token-7-0" start_char="1660">Scout</TOKEN>
				<TOKEN end_char="1672" id="token-7-1" start_char="1666">leaders</TOKEN>
				<TOKEN end_char="1676" id="token-7-2" start_char="1674">are</TOKEN>
				<TOKEN end_char="1685" id="token-7-3" start_char="1678">planning</TOKEN>
				<TOKEN end_char="1688" id="token-7-4" start_char="1687">on</TOKEN>
				<TOKEN end_char="1698" id="token-7-5" start_char="1690">combining</TOKEN>
				<TOKEN end_char="1702" id="token-7-6" start_char="1700">the</TOKEN>
				<TOKEN end_char="1706" id="token-7-7" start_char="1704">two</TOKEN>
				<TOKEN end_char="1713" id="token-7-8" start_char="1708">troops</TOKEN>
				<TOKEN end_char="1718" id="token-7-9" start_char="1715">that</TOKEN>
				<TOKEN end_char="1723" id="token-7-10" start_char="1720">lost</TOKEN>
				<TOKEN end_char="1729" id="token-7-11" start_char="1725">eight</TOKEN>
				<TOKEN end_char="1735" id="token-7-12" start_char="1731">girls</TOKEN>
				<TOKEN end_char="1740" id="token-7-13" start_char="1737">into</TOKEN>
				<TOKEN end_char="1744" id="token-7-14" start_char="1742">one</TOKEN>
				<TOKEN end_char="1748" id="token-7-15" start_char="1746">and</TOKEN>
				<TOKEN end_char="1756" id="token-7-16" start_char="1750">pairing</TOKEN>
				<TOKEN end_char="1760" id="token-7-17" start_char="1758">the</TOKEN>
				<TOKEN end_char="1767" id="token-7-18" start_char="1762">little</TOKEN>
				<TOKEN end_char="1773" id="token-7-19" start_char="1769">girls</TOKEN>
				<TOKEN end_char="1777" id="token-7-20" start_char="1775">who</TOKEN>
				<TOKEN end_char="1782" id="token-7-21" start_char="1779">lost</TOKEN>
				<TOKEN end_char="1785" id="token-7-22" start_char="1784">so</TOKEN>
				<TOKEN end_char="1790" id="token-7-23" start_char="1787">many</TOKEN>
				<TOKEN end_char="1793" id="token-7-24" start_char="1792">of</TOKEN>
				<TOKEN end_char="1799" id="token-7-25" start_char="1795">their</TOKEN>
				<TOKEN end_char="1807" id="token-7-26" start_char="1801">friends</TOKEN>
				<TOKEN end_char="1812" id="token-7-27" start_char="1809">with</TOKEN>
				<TOKEN end_char="1819" id="token-7-28" start_char="1814">Kelsea</TOKEN>
				<TOKEN end_char="1820" id="token-7-29" start_char="1820">’</TOKEN>
				<TOKEN end_char="1821" id="token-7-30" start_char="1821">s</TOKEN>
				<TOKEN end_char="1827" id="token-7-31" start_char="1823">troop</TOKEN>
				<TOKEN end_char="1830" id="token-7-32" start_char="1829">of</TOKEN>
				<TOKEN end_char="1836" id="token-7-33" start_char="1832">older</TOKEN>
				<TOKEN end_char="1843" id="token-7-34" start_char="1838">scouts</TOKEN>
				<TOKEN end_char="1844" id="token-7-35" start_char="1844">.</TOKEN>
			</SEG>
			<SEG end_char="2048" id="20121221_WAPO_3b825fda-4ba1-11e2-b709-667035ff9029-8" start_char="1846">
				<ORIGINAL_TEXT>A monument to the lost girls is being planned, as is a major event in January, where the 3 million women and girls involved in Girl Scouts worldwide will remember the eight little Girl Scouts of Newtown.</ORIGINAL_TEXT>
				<TOKEN end_char="1846" id="token-8-0" start_char="1846">A</TOKEN>
				<TOKEN end_char="1855" id="token-8-1" start_char="1848">monument</TOKEN>
				<TOKEN end_char="1858" id="token-8-2" start_char="1857">to</TOKEN>
				<TOKEN end_char="1862" id="token-8-3" start_char="1860">the</TOKEN>
				<TOKEN end_char="1867" id="token-8-4" start_char="1864">lost</TOKEN>
				<TOKEN end_char="1873" id="token-8-5" start_char="1869">girls</TOKEN>
				<TOKEN end_char="1876" id="token-8-6" start_char="1875">is</TOKEN>
				<TOKEN end_char="1882" id="token-8-7" start_char="1878">being</TOKEN>
				<TOKEN end_char="1890" id="token-8-8" start_char="1884">planned</TOKEN>
				<TOKEN end_char="1891" id="token-8-9" start_char="1891">,</TOKEN>
				<TOKEN end_char="1894" id="token-8-10" start_char="1893">as</TOKEN>
				<TOKEN end_char="1897" id="token-8-11" start_char="1896">is</TOKEN>
				<TOKEN end_char="1899" id="token-8-12" start_char="1899">a</TOKEN>
				<TOKEN end_char="1905" id="token-8-13" start_char="1901">major</TOKEN>
				<TOKEN end_char="1911" id="token-8-14" start_char="1907">event</TOKEN>
				<TOKEN end_char="1914" id="token-8-15" start_char="1913">in</TOKEN>
				<TOKEN end_char="1922" id="token-8-16" start_char="1916">January</TOKEN>
				<TOKEN end_char="1923" id="token-8-17" start_char="1923">,</TOKEN>
				<TOKEN end_char="1929" id="token-8-18" start_char="1925">where</TOKEN>
				<TOKEN end_char="1933" id="token-8-19" start_char="1931">the</TOKEN>
				<TOKEN end_char="1935" id="token-8-20" start_char="1935">3</TOKEN>
				<TOKEN end_char="1943" id="token-8-21" start_char="1937">million</TOKEN>
				<TOKEN end_char="1949" id="token-8-22" start_char="1945">women</TOKEN>
				<TOKEN end_char="1953" id="token-8-23" start_char="1951">and</TOKEN>
				<TOKEN end_char="1959" id="token-8-24" start_char="1955">girls</TOKEN>
				<TOKEN end_char="1968" id="token-8-25" start_char="1961">involved</TOKEN>
				<TOKEN end_char="1971" id="token-8-26" start_char="1970">in</TOKEN>
				<TOKEN end_char="1976" id="token-8-27" start_char="1973">Girl</TOKEN>
				<TOKEN end_char="1983" id="token-8-28" start_char="1978">Scouts</TOKEN>
				<TOKEN end_char="1993" id="token-8-29" start_char="1985">worldwide</TOKEN>
				<TOKEN end_char="1998" id="token-8-30" start_char="1995">will</TOKEN>
				<TOKEN end_char="2007" id="token-8-31" start_char="2000">remember</TOKEN>
				<TOKEN end_char="2011" id="token-8-32" start_char="2009">the</TOKEN>
				<TOKEN end_char="2017" id="token-8-33" start_char="2013">eight</TOKEN>
				<TOKEN end_char="2024" id="token-8-34" start_char="2019">little</TOKEN>
				<TOKEN end_char="2029" id="token-8-35" start_char="2026">Girl</TOKEN>
				<TOKEN end_char="2036" id="token-8-36" start_char="2031">Scouts</TOKEN>
				<TOKEN end_char="2039" id="token-8-37" start_char="2038">of</TOKEN>
				<TOKEN end_char="2047" id="token-8-38" start_char="2041">Newtown</TOKEN>
				<TOKEN end_char="2048" id="token-8-39" start_char="2048">.</TOKEN>
			</SEG>
			<SEG end_char="2343" id="20121221_WAPO_3b825fda-4ba1-11e2-b709-667035ff9029-9" start_char="2050">
				<ORIGINAL_TEXT>Robbin Chaber Allen, Kelsea’s mother and the chief Girl Scouts organizer in Newtown, said the mother of one of the girls who died called her and urged her to use scouting as a way of remembering the girls. Four of the mothers whose daughters were killed are also Girl Scout leaders, Allen said.</ORIGINAL_TEXT>
				<TOKEN end_char="2055" id="token-9-0" start_char="2050">Robbin</TOKEN>
				<TOKEN end_char="2062" id="token-9-1" start_char="2057">Chaber</TOKEN>
				<TOKEN end_char="2068" id="token-9-2" start_char="2064">Allen</TOKEN>
				<TOKEN end_char="2069" id="token-9-3" start_char="2069">,</TOKEN>
				<TOKEN end_char="2076" id="token-9-4" start_char="2071">Kelsea</TOKEN>
				<TOKEN end_char="2077" id="token-9-5" start_char="2077">’</TOKEN>
				<TOKEN end_char="2078" id="token-9-6" start_char="2078">s</TOKEN>
				<TOKEN end_char="2085" id="token-9-7" start_char="2080">mother</TOKEN>
				<TOKEN end_char="2089" id="token-9-8" start_char="2087">and</TOKEN>
				<TOKEN end_char="2093" id="token-9-9" start_char="2091">the</TOKEN>
				<TOKEN end_char="2099" id="token-9-10" start_char="2095">chief</TOKEN>
				<TOKEN end_char="2104" id="token-9-11" start_char="2101">Girl</TOKEN>
				<TOKEN end_char="2111" id="token-9-12" start_char="2106">Scouts</TOKEN>
				<TOKEN end_char="2121" id="token-9-13" start_char="2113">organizer</TOKEN>
				<TOKEN end_char="2124" id="token-9-14" start_char="2123">in</TOKEN>
				<TOKEN end_char="2132" id="token-9-15" start_char="2126">Newtown</TOKEN>
				<TOKEN end_char="2133" id="token-9-16" start_char="2133">,</TOKEN>
				<TOKEN end_char="2138" id="token-9-17" start_char="2135">said</TOKEN>
				<TOKEN end_char="2142" id="token-9-18" start_char="2140">the</TOKEN>
				<TOKEN end_char="2149" id="token-9-19" start_char="2144">mother</TOKEN>
				<TOKEN end_char="2152" id="token-9-20" start_char="2151">of</TOKEN>
				<TOKEN end_char="2156" id="token-9-21" start_char="2154">one</TOKEN>
				<TOKEN end_char="2159" id="token-9-22" start_char="2158">of</TOKEN>
				<TOKEN end_char="2163" id="token-9-23" start_char="2161">the</TOKEN>
				<TOKEN end_char="2169" id="token-9-24" start_char="2165">girls</TOKEN>
				<TOKEN end_char="2173" id="token-9-25" start_char="2171">who</TOKEN>
				<TOKEN end_char="2178" id="token-9-26" start_char="2175">died</TOKEN>
				<TOKEN end_char="2185" id="token-9-27" start_char="2180">called</TOKEN>
				<TOKEN end_char="2189" id="token-9-28" start_char="2187">her</TOKEN>
				<TOKEN end_char="2193" id="token-9-29" start_char="2191">and</TOKEN>
				<TOKEN end_char="2199" id="token-9-30" start_char="2195">urged</TOKEN>
				<TOKEN end_char="2203" id="token-9-31" start_char="2201">her</TOKEN>
				<TOKEN end_char="2206" id="token-9-32" start_char="2205">to</TOKEN>
				<TOKEN end_char="2210" id="token-9-33" start_char="2208">use</TOKEN>
				<TOKEN end_char="2219" id="token-9-34" start_char="2212">scouting</TOKEN>
				<TOKEN end_char="2222" id="token-9-35" start_char="2221">as</TOKEN>
				<TOKEN end_char="2224" id="token-9-36" start_char="2224">a</TOKEN>
				<TOKEN end_char="2228" id="token-9-37" start_char="2226">way</TOKEN>
				<TOKEN end_char="2231" id="token-9-38" start_char="2230">of</TOKEN>
				<TOKEN end_char="2243" id="token-9-39" start_char="2233">remembering</TOKEN>
				<TOKEN end_char="2247" id="token-9-40" start_char="2245">the</TOKEN>
				<TOKEN end_char="2253" id="token-9-41" start_char="2249">girls</TOKEN>
				<TOKEN end_char="2254" id="token-9-42" start_char="2254">.</TOKEN>
				<TOKEN end_char="2259" id="token-9-43" start_char="2256">Four</TOKEN>
				<TOKEN end_char="2262" id="token-9-44" start_char="2261">of</TOKEN>
				<TOKEN end_char="2266" id="token-9-45" start_char="2264">the</TOKEN>
				<TOKEN end_char="2274" id="token-9-46" start_char="2268">mothers</TOKEN>
				<TOKEN end_char="2280" id="token-9-47" start_char="2276">whose</TOKEN>
				<TOKEN end_char="2290" id="token-9-48" start_char="2282">daughters</TOKEN>
				<TOKEN end_char="2295" id="token-9-49" start_char="2292">were</TOKEN>
				<TOKEN end_char="2302" id="token-9-50" start_char="2297">killed</TOKEN>
				<TOKEN end_char="2306" id="token-9-51" start_char="2304">are</TOKEN>
				<TOKEN end_char="2311" id="token-9-52" start_char="2308">also</TOKEN>
				<TOKEN end_char="2316" id="token-9-53" start_char="2313">Girl</TOKEN>
				<TOKEN end_char="2322" id="token-9-54" start_char="2318">Scout</TOKEN>
				<TOKEN end_char="2330" id="token-9-55" start_char="2324">leaders</TOKEN>
				<TOKEN end_char="2331" id="token-9-56" start_char="2331">,</TOKEN>
				<TOKEN end_char="2337" id="token-9-57" start_char="2333">Allen</TOKEN>
				<TOKEN end_char="2342" id="token-9-58" start_char="2339">said</TOKEN>
				<TOKEN end_char="2343" id="token-9-59" start_char="2343">.</TOKEN>
			</SEG>
			<SEG end_char="2565" id="20121221_WAPO_3b825fda-4ba1-11e2-b709-667035ff9029-10" start_char="2345">
				<ORIGINAL_TEXT>“She wanted to make sure we did something that was positive, as opposed to just being about sadness,” she said. “We hope they lean on us and grow with us. We have to take this and make something beautiful come out of it.”</ORIGINAL_TEXT>
				<TOKEN end_char="2345" id="token-10-0" start_char="2345">“</TOKEN>
				<TOKEN end_char="2348" id="token-10-1" start_char="2346">She</TOKEN>
				<TOKEN end_char="2355" id="token-10-2" start_char="2350">wanted</TOKEN>
				<TOKEN end_char="2358" id="token-10-3" start_char="2357">to</TOKEN>
				<TOKEN end_char="2363" id="token-10-4" start_char="2360">make</TOKEN>
				<TOKEN end_char="2368" id="token-10-5" start_char="2365">sure</TOKEN>
				<TOKEN end_char="2371" id="token-10-6" start_char="2370">we</TOKEN>
				<TOKEN end_char="2375" id="token-10-7" start_char="2373">did</TOKEN>
				<TOKEN end_char="2385" id="token-10-8" start_char="2377">something</TOKEN>
				<TOKEN end_char="2390" id="token-10-9" start_char="2387">that</TOKEN>
				<TOKEN end_char="2394" id="token-10-10" start_char="2392">was</TOKEN>
				<TOKEN end_char="2403" id="token-10-11" start_char="2396">positive</TOKEN>
				<TOKEN end_char="2404" id="token-10-12" start_char="2404">,</TOKEN>
				<TOKEN end_char="2407" id="token-10-13" start_char="2406">as</TOKEN>
				<TOKEN end_char="2415" id="token-10-14" start_char="2409">opposed</TOKEN>
				<TOKEN end_char="2418" id="token-10-15" start_char="2417">to</TOKEN>
				<TOKEN end_char="2423" id="token-10-16" start_char="2420">just</TOKEN>
				<TOKEN end_char="2429" id="token-10-17" start_char="2425">being</TOKEN>
				<TOKEN end_char="2435" id="token-10-18" start_char="2431">about</TOKEN>
				<TOKEN end_char="2443" id="token-10-19" start_char="2437">sadness</TOKEN>
				<TOKEN end_char="2445" id="token-10-20" start_char="2444">,”</TOKEN>
				<TOKEN end_char="2449" id="token-10-21" start_char="2447">she</TOKEN>
				<TOKEN end_char="2454" id="token-10-22" start_char="2451">said</TOKEN>
				<TOKEN end_char="2455" id="token-10-23" start_char="2455">.</TOKEN>
				<TOKEN end_char="2457" id="token-10-24" start_char="2457">“</TOKEN>
				<TOKEN end_char="2459" id="token-10-25" start_char="2458">We</TOKEN>
				<TOKEN end_char="2464" id="token-10-26" start_char="2461">hope</TOKEN>
				<TOKEN end_char="2469" id="token-10-27" start_char="2466">they</TOKEN>
				<TOKEN end_char="2474" id="token-10-28" start_char="2471">lean</TOKEN>
				<TOKEN end_char="2477" id="token-10-29" start_char="2476">on</TOKEN>
				<TOKEN end_char="2480" id="token-10-30" start_char="2479">us</TOKEN>
				<TOKEN end_char="2484" id="token-10-31" start_char="2482">and</TOKEN>
				<TOKEN end_char="2489" id="token-10-32" start_char="2486">grow</TOKEN>
				<TOKEN end_char="2494" id="token-10-33" start_char="2491">with</TOKEN>
				<TOKEN end_char="2497" id="token-10-34" start_char="2496">us</TOKEN>
				<TOKEN end_char="2498" id="token-10-35" start_char="2498">.</TOKEN>
				<TOKEN end_char="2501" id="token-10-36" start_char="2500">We</TOKEN>
				<TOKEN end_char="2506" id="token-10-37" start_char="2503">have</TOKEN>
				<TOKEN end_char="2509" id="token-10-38" start_char="2508">to</TOKEN>
				<TOKEN end_char="2514" id="token-10-39" start_char="2511">take</TOKEN>
				<TOKEN end_char="2519" id="token-10-40" start_char="2516">this</TOKEN>
				<TOKEN end_char="2523" id="token-10-41" start_char="2521">and</TOKEN>
				<TOKEN end_char="2528" id="token-10-42" start_char="2525">make</TOKEN>
				<TOKEN end_char="2538" id="token-10-43" start_char="2530">something</TOKEN>
				<TOKEN end_char="2548" id="token-10-44" start_char="2540">beautiful</TOKEN>
				<TOKEN end_char="2553" id="token-10-45" start_char="2550">come</TOKEN>
				<TOKEN end_char="2557" id="token-10-46" start_char="2555">out</TOKEN>
				<TOKEN end_char="2560" id="token-10-47" start_char="2559">of</TOKEN>
				<TOKEN end_char="2563" id="token-10-48" start_char="2562">it</TOKEN>
				<TOKEN end_char="2565" id="token-10-49" start_char="2564">.”</TOKEN>
			</SEG>
			<SEG end_char="2898" id="20121221_WAPO_3b825fda-4ba1-11e2-b709-667035ff9029-11" start_char="2567">
				<ORIGINAL_TEXT>Brooke, who like Kelsea is a sophomore at Newtown High, said she had worked with one of the girls who was killed when she was in a child development class that pairs high school students with preschoolers. In a small town with so many people involved in scouting, nearly everyone has a personal connection to someone who was killed.</ORIGINAL_TEXT>
				<TOKEN end_char="2572" id="token-11-0" start_char="2567">Brooke</TOKEN>
				<TOKEN end_char="2573" id="token-11-1" start_char="2573">,</TOKEN>
				<TOKEN end_char="2577" id="token-11-2" start_char="2575">who</TOKEN>
				<TOKEN end_char="2582" id="token-11-3" start_char="2579">like</TOKEN>
				<TOKEN end_char="2589" id="token-11-4" start_char="2584">Kelsea</TOKEN>
				<TOKEN end_char="2592" id="token-11-5" start_char="2591">is</TOKEN>
				<TOKEN end_char="2594" id="token-11-6" start_char="2594">a</TOKEN>
				<TOKEN end_char="2604" id="token-11-7" start_char="2596">sophomore</TOKEN>
				<TOKEN end_char="2607" id="token-11-8" start_char="2606">at</TOKEN>
				<TOKEN end_char="2615" id="token-11-9" start_char="2609">Newtown</TOKEN>
				<TOKEN end_char="2620" id="token-11-10" start_char="2617">High</TOKEN>
				<TOKEN end_char="2621" id="token-11-11" start_char="2621">,</TOKEN>
				<TOKEN end_char="2626" id="token-11-12" start_char="2623">said</TOKEN>
				<TOKEN end_char="2630" id="token-11-13" start_char="2628">she</TOKEN>
				<TOKEN end_char="2634" id="token-11-14" start_char="2632">had</TOKEN>
				<TOKEN end_char="2641" id="token-11-15" start_char="2636">worked</TOKEN>
				<TOKEN end_char="2646" id="token-11-16" start_char="2643">with</TOKEN>
				<TOKEN end_char="2650" id="token-11-17" start_char="2648">one</TOKEN>
				<TOKEN end_char="2653" id="token-11-18" start_char="2652">of</TOKEN>
				<TOKEN end_char="2657" id="token-11-19" start_char="2655">the</TOKEN>
				<TOKEN end_char="2663" id="token-11-20" start_char="2659">girls</TOKEN>
				<TOKEN end_char="2667" id="token-11-21" start_char="2665">who</TOKEN>
				<TOKEN end_char="2671" id="token-11-22" start_char="2669">was</TOKEN>
				<TOKEN end_char="2678" id="token-11-23" start_char="2673">killed</TOKEN>
				<TOKEN end_char="2683" id="token-11-24" start_char="2680">when</TOKEN>
				<TOKEN end_char="2687" id="token-11-25" start_char="2685">she</TOKEN>
				<TOKEN end_char="2691" id="token-11-26" start_char="2689">was</TOKEN>
				<TOKEN end_char="2694" id="token-11-27" start_char="2693">in</TOKEN>
				<TOKEN end_char="2696" id="token-11-28" start_char="2696">a</TOKEN>
				<TOKEN end_char="2702" id="token-11-29" start_char="2698">child</TOKEN>
				<TOKEN end_char="2714" id="token-11-30" start_char="2704">development</TOKEN>
				<TOKEN end_char="2720" id="token-11-31" start_char="2716">class</TOKEN>
				<TOKEN end_char="2725" id="token-11-32" start_char="2722">that</TOKEN>
				<TOKEN end_char="2731" id="token-11-33" start_char="2727">pairs</TOKEN>
				<TOKEN end_char="2736" id="token-11-34" start_char="2733">high</TOKEN>
				<TOKEN end_char="2743" id="token-11-35" start_char="2738">school</TOKEN>
				<TOKEN end_char="2752" id="token-11-36" start_char="2745">students</TOKEN>
				<TOKEN end_char="2757" id="token-11-37" start_char="2754">with</TOKEN>
				<TOKEN end_char="2770" id="token-11-38" start_char="2759">preschoolers</TOKEN>
				<TOKEN end_char="2771" id="token-11-39" start_char="2771">.</TOKEN>
				<TOKEN end_char="2774" id="token-11-40" start_char="2773">In</TOKEN>
				<TOKEN end_char="2776" id="token-11-41" start_char="2776">a</TOKEN>
				<TOKEN end_char="2782" id="token-11-42" start_char="2778">small</TOKEN>
				<TOKEN end_char="2787" id="token-11-43" start_char="2784">town</TOKEN>
				<TOKEN end_char="2792" id="token-11-44" start_char="2789">with</TOKEN>
				<TOKEN end_char="2795" id="token-11-45" start_char="2794">so</TOKEN>
				<TOKEN end_char="2800" id="token-11-46" start_char="2797">many</TOKEN>
				<TOKEN end_char="2807" id="token-11-47" start_char="2802">people</TOKEN>
				<TOKEN end_char="2816" id="token-11-48" start_char="2809">involved</TOKEN>
				<TOKEN end_char="2819" id="token-11-49" start_char="2818">in</TOKEN>
				<TOKEN end_char="2828" id="token-11-50" start_char="2821">scouting</TOKEN>
				<TOKEN end_char="2829" id="token-11-51" start_char="2829">,</TOKEN>
				<TOKEN end_char="2836" id="token-11-52" start_char="2831">nearly</TOKEN>
				<TOKEN end_char="2845" id="token-11-53" start_char="2838">everyone</TOKEN>
				<TOKEN end_char="2849" id="token-11-54" start_char="2847">has</TOKEN>
				<TOKEN end_char="2851" id="token-11-55" start_char="2851">a</TOKEN>
				<TOKEN end_char="2860" id="token-11-56" start_char="2853">personal</TOKEN>
				<TOKEN end_char="2871" id="token-11-57" start_char="2862">connection</TOKEN>
				<TOKEN end_char="2874" id="token-11-58" start_char="2873">to</TOKEN>
				<TOKEN end_char="2882" id="token-11-59" start_char="2876">someone</TOKEN>
				<TOKEN end_char="2886" id="token-11-60" start_char="2884">who</TOKEN>
				<TOKEN end_char="2890" id="token-11-61" start_char="2888">was</TOKEN>
				<TOKEN end_char="2897" id="token-11-62" start_char="2892">killed</TOKEN>
				<TOKEN end_char="2898" id="token-11-63" start_char="2898">.</TOKEN>
			</SEG>
			<SEG end_char="3033" id="20121221_WAPO_3b825fda-4ba1-11e2-b709-667035ff9029-12" start_char="2900">
				<ORIGINAL_TEXT>“There was a lot to cry about,” Brooke said. “It’s a lot to recover from, but we have to get stronger, and we will. That’s the truth.”</ORIGINAL_TEXT>
				<TOKEN end_char="2900" id="token-12-0" start_char="2900">“</TOKEN>
				<TOKEN end_char="2905" id="token-12-1" start_char="2901">There</TOKEN>
				<TOKEN end_char="2909" id="token-12-2" start_char="2907">was</TOKEN>
				<TOKEN end_char="2911" id="token-12-3" start_char="2911">a</TOKEN>
				<TOKEN end_char="2915" id="token-12-4" start_char="2913">lot</TOKEN>
				<TOKEN end_char="2918" id="token-12-5" start_char="2917">to</TOKEN>
				<TOKEN end_char="2922" id="token-12-6" start_char="2920">cry</TOKEN>
				<TOKEN end_char="2928" id="token-12-7" start_char="2924">about</TOKEN>
				<TOKEN end_char="2930" id="token-12-8" start_char="2929">,”</TOKEN>
				<TOKEN end_char="2937" id="token-12-9" start_char="2932">Brooke</TOKEN>
				<TOKEN end_char="2942" id="token-12-10" start_char="2939">said</TOKEN>
				<TOKEN end_char="2943" id="token-12-11" start_char="2943">.</TOKEN>
				<TOKEN end_char="2945" id="token-12-12" start_char="2945">“</TOKEN>
				<TOKEN end_char="2947" id="token-12-13" start_char="2946">It</TOKEN>
				<TOKEN end_char="2948" id="token-12-14" start_char="2948">’</TOKEN>
				<TOKEN end_char="2949" id="token-12-15" start_char="2949">s</TOKEN>
				<TOKEN end_char="2951" id="token-12-16" start_char="2951">a</TOKEN>
				<TOKEN end_char="2955" id="token-12-17" start_char="2953">lot</TOKEN>
				<TOKEN end_char="2958" id="token-12-18" start_char="2957">to</TOKEN>
				<TOKEN end_char="2966" id="token-12-19" start_char="2960">recover</TOKEN>
				<TOKEN end_char="2971" id="token-12-20" start_char="2968">from</TOKEN>
				<TOKEN end_char="2972" id="token-12-21" start_char="2972">,</TOKEN>
				<TOKEN end_char="2976" id="token-12-22" start_char="2974">but</TOKEN>
				<TOKEN end_char="2979" id="token-12-23" start_char="2978">we</TOKEN>
				<TOKEN end_char="2984" id="token-12-24" start_char="2981">have</TOKEN>
				<TOKEN end_char="2987" id="token-12-25" start_char="2986">to</TOKEN>
				<TOKEN end_char="2991" id="token-12-26" start_char="2989">get</TOKEN>
				<TOKEN end_char="3000" id="token-12-27" start_char="2993">stronger</TOKEN>
				<TOKEN end_char="3001" id="token-12-28" start_char="3001">,</TOKEN>
				<TOKEN end_char="3005" id="token-12-29" start_char="3003">and</TOKEN>
				<TOKEN end_char="3008" id="token-12-30" start_char="3007">we</TOKEN>
				<TOKEN end_char="3013" id="token-12-31" start_char="3010">will</TOKEN>
				<TOKEN end_char="3014" id="token-12-32" start_char="3014">.</TOKEN>
				<TOKEN end_char="3019" id="token-12-33" start_char="3016">That</TOKEN>
				<TOKEN end_char="3020" id="token-12-34" start_char="3020">’</TOKEN>
				<TOKEN end_char="3021" id="token-12-35" start_char="3021">s</TOKEN>
				<TOKEN end_char="3025" id="token-12-36" start_char="3023">the</TOKEN>
				<TOKEN end_char="3031" id="token-12-37" start_char="3027">truth</TOKEN>
				<TOKEN end_char="3033" id="token-12-38" start_char="3032">.”</TOKEN>
			</SEG>
			<SEG end_char="3286" id="20121221_WAPO_3b825fda-4ba1-11e2-b709-667035ff9029-13" start_char="3035">
				<ORIGINAL_TEXT>The Boy Scouts are also popular here in this town of rolling hills and wide-open spaces, where the scouts camp and organize public service projects such as building houses for the poor. About 550 boys and 180 adult volunteers participate in Boy Scouts.</ORIGINAL_TEXT>
				<TOKEN end_char="3037" id="token-13-0" start_char="3035">The</TOKEN>
				<TOKEN end_char="3041" id="token-13-1" start_char="3039">Boy</TOKEN>
				<TOKEN end_char="3048" id="token-13-2" start_char="3043">Scouts</TOKEN>
				<TOKEN end_char="3052" id="token-13-3" start_char="3050">are</TOKEN>
				<TOKEN end_char="3057" id="token-13-4" start_char="3054">also</TOKEN>
				<TOKEN end_char="3065" id="token-13-5" start_char="3059">popular</TOKEN>
				<TOKEN end_char="3070" id="token-13-6" start_char="3067">here</TOKEN>
				<TOKEN end_char="3073" id="token-13-7" start_char="3072">in</TOKEN>
				<TOKEN end_char="3078" id="token-13-8" start_char="3075">this</TOKEN>
				<TOKEN end_char="3083" id="token-13-9" start_char="3080">town</TOKEN>
				<TOKEN end_char="3086" id="token-13-10" start_char="3085">of</TOKEN>
				<TOKEN end_char="3094" id="token-13-11" start_char="3088">rolling</TOKEN>
				<TOKEN end_char="3100" id="token-13-12" start_char="3096">hills</TOKEN>
				<TOKEN end_char="3104" id="token-13-13" start_char="3102">and</TOKEN>
				<TOKEN end_char="3109" id="token-13-14" start_char="3106">wide</TOKEN>
				<TOKEN end_char="3110" id="token-13-15" start_char="3110">-</TOKEN>
				<TOKEN end_char="3114" id="token-13-16" start_char="3111">open</TOKEN>
				<TOKEN end_char="3121" id="token-13-17" start_char="3116">spaces</TOKEN>
				<TOKEN end_char="3122" id="token-13-18" start_char="3122">,</TOKEN>
				<TOKEN end_char="3128" id="token-13-19" start_char="3124">where</TOKEN>
				<TOKEN end_char="3132" id="token-13-20" start_char="3130">the</TOKEN>
				<TOKEN end_char="3139" id="token-13-21" start_char="3134">scouts</TOKEN>
				<TOKEN end_char="3144" id="token-13-22" start_char="3141">camp</TOKEN>
				<TOKEN end_char="3148" id="token-13-23" start_char="3146">and</TOKEN>
				<TOKEN end_char="3157" id="token-13-24" start_char="3150">organize</TOKEN>
				<TOKEN end_char="3164" id="token-13-25" start_char="3159">public</TOKEN>
				<TOKEN end_char="3172" id="token-13-26" start_char="3166">service</TOKEN>
				<TOKEN end_char="3181" id="token-13-27" start_char="3174">projects</TOKEN>
				<TOKEN end_char="3186" id="token-13-28" start_char="3183">such</TOKEN>
				<TOKEN end_char="3189" id="token-13-29" start_char="3188">as</TOKEN>
				<TOKEN end_char="3198" id="token-13-30" start_char="3191">building</TOKEN>
				<TOKEN end_char="3205" id="token-13-31" start_char="3200">houses</TOKEN>
				<TOKEN end_char="3209" id="token-13-32" start_char="3207">for</TOKEN>
				<TOKEN end_char="3213" id="token-13-33" start_char="3211">the</TOKEN>
				<TOKEN end_char="3218" id="token-13-34" start_char="3215">poor</TOKEN>
				<TOKEN end_char="3219" id="token-13-35" start_char="3219">.</TOKEN>
				<TOKEN end_char="3225" id="token-13-36" start_char="3221">About</TOKEN>
				<TOKEN end_char="3229" id="token-13-37" start_char="3227">550</TOKEN>
				<TOKEN end_char="3234" id="token-13-38" start_char="3231">boys</TOKEN>
				<TOKEN end_char="3238" id="token-13-39" start_char="3236">and</TOKEN>
				<TOKEN end_char="3242" id="token-13-40" start_char="3240">180</TOKEN>
				<TOKEN end_char="3248" id="token-13-41" start_char="3244">adult</TOKEN>
				<TOKEN end_char="3259" id="token-13-42" start_char="3250">volunteers</TOKEN>
				<TOKEN end_char="3271" id="token-13-43" start_char="3261">participate</TOKEN>
				<TOKEN end_char="3274" id="token-13-44" start_char="3273">in</TOKEN>
				<TOKEN end_char="3278" id="token-13-45" start_char="3276">Boy</TOKEN>
				<TOKEN end_char="3285" id="token-13-46" start_char="3280">Scouts</TOKEN>
				<TOKEN end_char="3286" id="token-13-47" start_char="3286">.</TOKEN>
			</SEG>
			<SEG end_char="3570" id="20121221_WAPO_3b825fda-4ba1-11e2-b709-667035ff9029-14" start_char="3288">
				<ORIGINAL_TEXT>Two of the eight boys killed were from the same Cub Scouts pack, and three other members of the 80-boy pack lost a sibling, said Tony Vogl, a Boy Scouts spokesman. In a show of solidarity, Boy Scouts and Girls Scouts from far beyond Newtown attended the funerals held here this week.</ORIGINAL_TEXT>
				<TOKEN end_char="3290" id="token-14-0" start_char="3288">Two</TOKEN>
				<TOKEN end_char="3293" id="token-14-1" start_char="3292">of</TOKEN>
				<TOKEN end_char="3297" id="token-14-2" start_char="3295">the</TOKEN>
				<TOKEN end_char="3303" id="token-14-3" start_char="3299">eight</TOKEN>
				<TOKEN end_char="3308" id="token-14-4" start_char="3305">boys</TOKEN>
				<TOKEN end_char="3315" id="token-14-5" start_char="3310">killed</TOKEN>
				<TOKEN end_char="3320" id="token-14-6" start_char="3317">were</TOKEN>
				<TOKEN end_char="3325" id="token-14-7" start_char="3322">from</TOKEN>
				<TOKEN end_char="3329" id="token-14-8" start_char="3327">the</TOKEN>
				<TOKEN end_char="3334" id="token-14-9" start_char="3331">same</TOKEN>
				<TOKEN end_char="3338" id="token-14-10" start_char="3336">Cub</TOKEN>
				<TOKEN end_char="3345" id="token-14-11" start_char="3340">Scouts</TOKEN>
				<TOKEN end_char="3350" id="token-14-12" start_char="3347">pack</TOKEN>
				<TOKEN end_char="3351" id="token-14-13" start_char="3351">,</TOKEN>
				<TOKEN end_char="3355" id="token-14-14" start_char="3353">and</TOKEN>
				<TOKEN end_char="3361" id="token-14-15" start_char="3357">three</TOKEN>
				<TOKEN end_char="3367" id="token-14-16" start_char="3363">other</TOKEN>
				<TOKEN end_char="3375" id="token-14-17" start_char="3369">members</TOKEN>
				<TOKEN end_char="3378" id="token-14-18" start_char="3377">of</TOKEN>
				<TOKEN end_char="3382" id="token-14-19" start_char="3380">the</TOKEN>
				<TOKEN end_char="3385" id="token-14-20" start_char="3384">80</TOKEN>
				<TOKEN end_char="3386" id="token-14-21" start_char="3386">-</TOKEN>
				<TOKEN end_char="3389" id="token-14-22" start_char="3387">boy</TOKEN>
				<TOKEN end_char="3394" id="token-14-23" start_char="3391">pack</TOKEN>
				<TOKEN end_char="3399" id="token-14-24" start_char="3396">lost</TOKEN>
				<TOKEN end_char="3401" id="token-14-25" start_char="3401">a</TOKEN>
				<TOKEN end_char="3409" id="token-14-26" start_char="3403">sibling</TOKEN>
				<TOKEN end_char="3410" id="token-14-27" start_char="3410">,</TOKEN>
				<TOKEN end_char="3415" id="token-14-28" start_char="3412">said</TOKEN>
				<TOKEN end_char="3420" id="token-14-29" start_char="3417">Tony</TOKEN>
				<TOKEN end_char="3425" id="token-14-30" start_char="3422">Vogl</TOKEN>
				<TOKEN end_char="3426" id="token-14-31" start_char="3426">,</TOKEN>
				<TOKEN end_char="3428" id="token-14-32" start_char="3428">a</TOKEN>
				<TOKEN end_char="3432" id="token-14-33" start_char="3430">Boy</TOKEN>
				<TOKEN end_char="3439" id="token-14-34" start_char="3434">Scouts</TOKEN>
				<TOKEN end_char="3449" id="token-14-35" start_char="3441">spokesman</TOKEN>
				<TOKEN end_char="3450" id="token-14-36" start_char="3450">.</TOKEN>
				<TOKEN end_char="3453" id="token-14-37" start_char="3452">In</TOKEN>
				<TOKEN end_char="3455" id="token-14-38" start_char="3455">a</TOKEN>
				<TOKEN end_char="3460" id="token-14-39" start_char="3457">show</TOKEN>
				<TOKEN end_char="3463" id="token-14-40" start_char="3462">of</TOKEN>
				<TOKEN end_char="3474" id="token-14-41" start_char="3465">solidarity</TOKEN>
				<TOKEN end_char="3475" id="token-14-42" start_char="3475">,</TOKEN>
				<TOKEN end_char="3479" id="token-14-43" start_char="3477">Boy</TOKEN>
				<TOKEN end_char="3486" id="token-14-44" start_char="3481">Scouts</TOKEN>
				<TOKEN end_char="3490" id="token-14-45" start_char="3488">and</TOKEN>
				<TOKEN end_char="3496" id="token-14-46" start_char="3492">Girls</TOKEN>
				<TOKEN end_char="3503" id="token-14-47" start_char="3498">Scouts</TOKEN>
				<TOKEN end_char="3508" id="token-14-48" start_char="3505">from</TOKEN>
				<TOKEN end_char="3512" id="token-14-49" start_char="3510">far</TOKEN>
				<TOKEN end_char="3519" id="token-14-50" start_char="3514">beyond</TOKEN>
				<TOKEN end_char="3527" id="token-14-51" start_char="3521">Newtown</TOKEN>
				<TOKEN end_char="3536" id="token-14-52" start_char="3529">attended</TOKEN>
				<TOKEN end_char="3540" id="token-14-53" start_char="3538">the</TOKEN>
				<TOKEN end_char="3549" id="token-14-54" start_char="3542">funerals</TOKEN>
				<TOKEN end_char="3554" id="token-14-55" start_char="3551">held</TOKEN>
				<TOKEN end_char="3559" id="token-14-56" start_char="3556">here</TOKEN>
				<TOKEN end_char="3564" id="token-14-57" start_char="3561">this</TOKEN>
				<TOKEN end_char="3569" id="token-14-58" start_char="3566">week</TOKEN>
				<TOKEN end_char="3570" id="token-14-59" start_char="3570">.</TOKEN>
			</SEG>
		</TEXT>
	</DOC>
</LCTL_TEXT>
