<?xml version="1.0" encoding="utf-8"?>
<LCTL_TEXT>
	<DOC id="20120815_WAPO_a11a1a3c-e746-11e1-936a-b801f1abab19">
		<TEXT>
			<SEG end_char="43" id="20120815_WAPO_a11a1a3c-e746-11e1-936a-b801f1abab19-0" start_char="0">
				<ORIGINAL_TEXT>Militants storm Pakistan air base; 10 killed</ORIGINAL_TEXT>
				<TOKEN end_char="8" id="token-0-0" start_char="0">Militants</TOKEN>
				<TOKEN end_char="14" id="token-0-1" start_char="10">storm</TOKEN>
				<TOKEN end_char="23" id="token-0-2" start_char="16">Pakistan</TOKEN>
				<TOKEN end_char="27" id="token-0-3" start_char="25">air</TOKEN>
				<TOKEN end_char="32" id="token-0-4" start_char="29">base</TOKEN>
				<TOKEN end_char="33" id="token-0-5" start_char="33">;</TOKEN>
				<TOKEN end_char="36" id="token-0-6" start_char="35">10</TOKEN>
				<TOKEN end_char="43" id="token-0-7" start_char="38">killed</TOKEN>
			</SEG>
			<SEG end_char="89" id="20120815_WAPO_a11a1a3c-e746-11e1-936a-b801f1abab19-1" start_char="45">
				<ORIGINAL_TEXT>Wednesday, August 15, 2012 23:04:00 GMT-05:00</ORIGINAL_TEXT>
				<TOKEN end_char="53" id="token-1-0" start_char="45">Wednesday</TOKEN>
				<TOKEN end_char="54" id="token-1-1" start_char="54">,</TOKEN>
				<TOKEN end_char="61" id="token-1-2" start_char="56">August</TOKEN>
				<TOKEN end_char="64" id="token-1-3" start_char="63">15</TOKEN>
				<TOKEN end_char="65" id="token-1-4" start_char="65">,</TOKEN>
				<TOKEN end_char="70" id="token-1-5" start_char="67">2012</TOKEN>
				<TOKEN end_char="73" id="token-1-6" start_char="72">23</TOKEN>
				<TOKEN end_char="74" id="token-1-7" start_char="74">:</TOKEN>
				<TOKEN end_char="76" id="token-1-8" start_char="75">04</TOKEN>
				<TOKEN end_char="77" id="token-1-9" start_char="77">:</TOKEN>
				<TOKEN end_char="79" id="token-1-10" start_char="78">00</TOKEN>
				<TOKEN end_char="83" id="token-1-11" start_char="81">GMT</TOKEN>
				<TOKEN end_char="84" id="token-1-12" start_char="84">-</TOKEN>
				<TOKEN end_char="86" id="token-1-13" start_char="85">05</TOKEN>
				<TOKEN end_char="87" id="token-1-14" start_char="87">:</TOKEN>
				<TOKEN end_char="89" id="token-1-15" start_char="88">00</TOKEN>
			</SEG>
			<SEG end_char="309" id="20120815_WAPO_a11a1a3c-e746-11e1-936a-b801f1abab19-2" start_char="91">
				<ORIGINAL_TEXT>ISLAMABAD, Pakistan— Armed militants stormed a major Pakistani air force base early Thursday, sparking an hours-long firefight with security forces and raising concerns about the military’s ability to subdue insurgents.</ORIGINAL_TEXT>
				<TOKEN end_char="99" id="token-2-0" start_char="91">ISLAMABAD</TOKEN>
				<TOKEN end_char="100" id="token-2-1" start_char="100">,</TOKEN>
				<TOKEN end_char="109" id="token-2-2" start_char="102">Pakistan</TOKEN>
				<TOKEN end_char="110" id="token-2-3" start_char="110">—</TOKEN>
				<TOKEN end_char="116" id="token-2-4" start_char="112">Armed</TOKEN>
				<TOKEN end_char="126" id="token-2-5" start_char="118">militants</TOKEN>
				<TOKEN end_char="134" id="token-2-6" start_char="128">stormed</TOKEN>
				<TOKEN end_char="136" id="token-2-7" start_char="136">a</TOKEN>
				<TOKEN end_char="142" id="token-2-8" start_char="138">major</TOKEN>
				<TOKEN end_char="152" id="token-2-9" start_char="144">Pakistani</TOKEN>
				<TOKEN end_char="156" id="token-2-10" start_char="154">air</TOKEN>
				<TOKEN end_char="162" id="token-2-11" start_char="158">force</TOKEN>
				<TOKEN end_char="167" id="token-2-12" start_char="164">base</TOKEN>
				<TOKEN end_char="173" id="token-2-13" start_char="169">early</TOKEN>
				<TOKEN end_char="182" id="token-2-14" start_char="175">Thursday</TOKEN>
				<TOKEN end_char="183" id="token-2-15" start_char="183">,</TOKEN>
				<TOKEN end_char="192" id="token-2-16" start_char="185">sparking</TOKEN>
				<TOKEN end_char="195" id="token-2-17" start_char="194">an</TOKEN>
				<TOKEN end_char="201" id="token-2-18" start_char="197">hours</TOKEN>
				<TOKEN end_char="202" id="token-2-19" start_char="202">-</TOKEN>
				<TOKEN end_char="206" id="token-2-20" start_char="203">long</TOKEN>
				<TOKEN end_char="216" id="token-2-21" start_char="208">firefight</TOKEN>
				<TOKEN end_char="221" id="token-2-22" start_char="218">with</TOKEN>
				<TOKEN end_char="230" id="token-2-23" start_char="223">security</TOKEN>
				<TOKEN end_char="237" id="token-2-24" start_char="232">forces</TOKEN>
				<TOKEN end_char="241" id="token-2-25" start_char="239">and</TOKEN>
				<TOKEN end_char="249" id="token-2-26" start_char="243">raising</TOKEN>
				<TOKEN end_char="258" id="token-2-27" start_char="251">concerns</TOKEN>
				<TOKEN end_char="264" id="token-2-28" start_char="260">about</TOKEN>
				<TOKEN end_char="268" id="token-2-29" start_char="266">the</TOKEN>
				<TOKEN end_char="277" id="token-2-30" start_char="270">military</TOKEN>
				<TOKEN end_char="278" id="token-2-31" start_char="278">’</TOKEN>
				<TOKEN end_char="279" id="token-2-32" start_char="279">s</TOKEN>
				<TOKEN end_char="287" id="token-2-33" start_char="281">ability</TOKEN>
				<TOKEN end_char="290" id="token-2-34" start_char="289">to</TOKEN>
				<TOKEN end_char="297" id="token-2-35" start_char="292">subdue</TOKEN>
				<TOKEN end_char="308" id="token-2-36" start_char="299">insurgents</TOKEN>
				<TOKEN end_char="309" id="token-2-37" start_char="309">.</TOKEN>
			</SEG>
			<SEG end_char="511" id="20120815_WAPO_a11a1a3c-e746-11e1-936a-b801f1abab19-3" start_char="311">
				<ORIGINAL_TEXT>Nine militants and one Pakistani military official were killed in the attack, which began about 2 a.m. local time at the Minhas base, about 37 miles northwest of Islamabad, an air force spokesman said.</ORIGINAL_TEXT>
				<TOKEN end_char="314" id="token-3-0" start_char="311">Nine</TOKEN>
				<TOKEN end_char="324" id="token-3-1" start_char="316">militants</TOKEN>
				<TOKEN end_char="328" id="token-3-2" start_char="326">and</TOKEN>
				<TOKEN end_char="332" id="token-3-3" start_char="330">one</TOKEN>
				<TOKEN end_char="342" id="token-3-4" start_char="334">Pakistani</TOKEN>
				<TOKEN end_char="351" id="token-3-5" start_char="344">military</TOKEN>
				<TOKEN end_char="360" id="token-3-6" start_char="353">official</TOKEN>
				<TOKEN end_char="365" id="token-3-7" start_char="362">were</TOKEN>
				<TOKEN end_char="372" id="token-3-8" start_char="367">killed</TOKEN>
				<TOKEN end_char="375" id="token-3-9" start_char="374">in</TOKEN>
				<TOKEN end_char="379" id="token-3-10" start_char="377">the</TOKEN>
				<TOKEN end_char="386" id="token-3-11" start_char="381">attack</TOKEN>
				<TOKEN end_char="387" id="token-3-12" start_char="387">,</TOKEN>
				<TOKEN end_char="393" id="token-3-13" start_char="389">which</TOKEN>
				<TOKEN end_char="399" id="token-3-14" start_char="395">began</TOKEN>
				<TOKEN end_char="405" id="token-3-15" start_char="401">about</TOKEN>
				<TOKEN end_char="407" id="token-3-16" start_char="407">2</TOKEN>
				<TOKEN end_char="409" id="token-3-17" start_char="409">a</TOKEN>
				<TOKEN end_char="410" id="token-3-18" start_char="410">.</TOKEN>
				<TOKEN end_char="411" id="token-3-19" start_char="411">m</TOKEN>
				<TOKEN end_char="412" id="token-3-20" start_char="412">.</TOKEN>
				<TOKEN end_char="418" id="token-3-21" start_char="414">local</TOKEN>
				<TOKEN end_char="423" id="token-3-22" start_char="420">time</TOKEN>
				<TOKEN end_char="426" id="token-3-23" start_char="425">at</TOKEN>
				<TOKEN end_char="430" id="token-3-24" start_char="428">the</TOKEN>
				<TOKEN end_char="437" id="token-3-25" start_char="432">Minhas</TOKEN>
				<TOKEN end_char="442" id="token-3-26" start_char="439">base</TOKEN>
				<TOKEN end_char="443" id="token-3-27" start_char="443">,</TOKEN>
				<TOKEN end_char="449" id="token-3-28" start_char="445">about</TOKEN>
				<TOKEN end_char="452" id="token-3-29" start_char="451">37</TOKEN>
				<TOKEN end_char="458" id="token-3-30" start_char="454">miles</TOKEN>
				<TOKEN end_char="468" id="token-3-31" start_char="460">northwest</TOKEN>
				<TOKEN end_char="471" id="token-3-32" start_char="470">of</TOKEN>
				<TOKEN end_char="481" id="token-3-33" start_char="473">Islamabad</TOKEN>
				<TOKEN end_char="482" id="token-3-34" start_char="482">,</TOKEN>
				<TOKEN end_char="485" id="token-3-35" start_char="484">an</TOKEN>
				<TOKEN end_char="489" id="token-3-36" start_char="487">air</TOKEN>
				<TOKEN end_char="495" id="token-3-37" start_char="491">force</TOKEN>
				<TOKEN end_char="505" id="token-3-38" start_char="497">spokesman</TOKEN>
				<TOKEN end_char="510" id="token-3-39" start_char="507">said</TOKEN>
				<TOKEN end_char="511" id="token-3-40" start_char="511">.</TOKEN>
			</SEG>
			<SEG end_char="700" id="20120815_WAPO_a11a1a3c-e746-11e1-936a-b801f1abab19-4" start_char="513">
				<ORIGINAL_TEXT>The militants were armed with automatic weapons and rocket-propelled grenades. Some of the militants wore suicide vests, the spokesman said. One fighter aircraft was damaged in the attack.</ORIGINAL_TEXT>
				<TOKEN end_char="515" id="token-4-0" start_char="513">The</TOKEN>
				<TOKEN end_char="525" id="token-4-1" start_char="517">militants</TOKEN>
				<TOKEN end_char="530" id="token-4-2" start_char="527">were</TOKEN>
				<TOKEN end_char="536" id="token-4-3" start_char="532">armed</TOKEN>
				<TOKEN end_char="541" id="token-4-4" start_char="538">with</TOKEN>
				<TOKEN end_char="551" id="token-4-5" start_char="543">automatic</TOKEN>
				<TOKEN end_char="559" id="token-4-6" start_char="553">weapons</TOKEN>
				<TOKEN end_char="563" id="token-4-7" start_char="561">and</TOKEN>
				<TOKEN end_char="570" id="token-4-8" start_char="565">rocket</TOKEN>
				<TOKEN end_char="571" id="token-4-9" start_char="571">-</TOKEN>
				<TOKEN end_char="580" id="token-4-10" start_char="572">propelled</TOKEN>
				<TOKEN end_char="589" id="token-4-11" start_char="582">grenades</TOKEN>
				<TOKEN end_char="590" id="token-4-12" start_char="590">.</TOKEN>
				<TOKEN end_char="595" id="token-4-13" start_char="592">Some</TOKEN>
				<TOKEN end_char="598" id="token-4-14" start_char="597">of</TOKEN>
				<TOKEN end_char="602" id="token-4-15" start_char="600">the</TOKEN>
				<TOKEN end_char="612" id="token-4-16" start_char="604">militants</TOKEN>
				<TOKEN end_char="617" id="token-4-17" start_char="614">wore</TOKEN>
				<TOKEN end_char="625" id="token-4-18" start_char="619">suicide</TOKEN>
				<TOKEN end_char="631" id="token-4-19" start_char="627">vests</TOKEN>
				<TOKEN end_char="632" id="token-4-20" start_char="632">,</TOKEN>
				<TOKEN end_char="636" id="token-4-21" start_char="634">the</TOKEN>
				<TOKEN end_char="646" id="token-4-22" start_char="638">spokesman</TOKEN>
				<TOKEN end_char="651" id="token-4-23" start_char="648">said</TOKEN>
				<TOKEN end_char="652" id="token-4-24" start_char="652">.</TOKEN>
				<TOKEN end_char="656" id="token-4-25" start_char="654">One</TOKEN>
				<TOKEN end_char="664" id="token-4-26" start_char="658">fighter</TOKEN>
				<TOKEN end_char="673" id="token-4-27" start_char="666">aircraft</TOKEN>
				<TOKEN end_char="677" id="token-4-28" start_char="675">was</TOKEN>
				<TOKEN end_char="685" id="token-4-29" start_char="679">damaged</TOKEN>
				<TOKEN end_char="688" id="token-4-30" start_char="687">in</TOKEN>
				<TOKEN end_char="692" id="token-4-31" start_char="690">the</TOKEN>
				<TOKEN end_char="699" id="token-4-32" start_char="694">attack</TOKEN>
				<TOKEN end_char="700" id="token-4-33" start_char="700">.</TOKEN>
			</SEG>
			<SEG end_char="1012" id="20120815_WAPO_a11a1a3c-e746-11e1-936a-b801f1abab19-5" start_char="702">
				<ORIGINAL_TEXT>The Pakistani Taliban claimed responsibility for the attack. Its spokesman, Ihsanullah Ihsan, said the attack was revenge for military actions in the tribal areas of northwestern Pakistan. He said the attack was carried out by four suicide bombers, but the air force indicated that nine militants were involved.</ORIGINAL_TEXT>
				<TOKEN end_char="704" id="token-5-0" start_char="702">The</TOKEN>
				<TOKEN end_char="714" id="token-5-1" start_char="706">Pakistani</TOKEN>
				<TOKEN end_char="722" id="token-5-2" start_char="716">Taliban</TOKEN>
				<TOKEN end_char="730" id="token-5-3" start_char="724">claimed</TOKEN>
				<TOKEN end_char="745" id="token-5-4" start_char="732">responsibility</TOKEN>
				<TOKEN end_char="749" id="token-5-5" start_char="747">for</TOKEN>
				<TOKEN end_char="753" id="token-5-6" start_char="751">the</TOKEN>
				<TOKEN end_char="760" id="token-5-7" start_char="755">attack</TOKEN>
				<TOKEN end_char="761" id="token-5-8" start_char="761">.</TOKEN>
				<TOKEN end_char="765" id="token-5-9" start_char="763">Its</TOKEN>
				<TOKEN end_char="775" id="token-5-10" start_char="767">spokesman</TOKEN>
				<TOKEN end_char="776" id="token-5-11" start_char="776">,</TOKEN>
				<TOKEN end_char="787" id="token-5-12" start_char="778">Ihsanullah</TOKEN>
				<TOKEN end_char="793" id="token-5-13" start_char="789">Ihsan</TOKEN>
				<TOKEN end_char="794" id="token-5-14" start_char="794">,</TOKEN>
				<TOKEN end_char="799" id="token-5-15" start_char="796">said</TOKEN>
				<TOKEN end_char="803" id="token-5-16" start_char="801">the</TOKEN>
				<TOKEN end_char="810" id="token-5-17" start_char="805">attack</TOKEN>
				<TOKEN end_char="814" id="token-5-18" start_char="812">was</TOKEN>
				<TOKEN end_char="822" id="token-5-19" start_char="816">revenge</TOKEN>
				<TOKEN end_char="826" id="token-5-20" start_char="824">for</TOKEN>
				<TOKEN end_char="835" id="token-5-21" start_char="828">military</TOKEN>
				<TOKEN end_char="843" id="token-5-22" start_char="837">actions</TOKEN>
				<TOKEN end_char="846" id="token-5-23" start_char="845">in</TOKEN>
				<TOKEN end_char="850" id="token-5-24" start_char="848">the</TOKEN>
				<TOKEN end_char="857" id="token-5-25" start_char="852">tribal</TOKEN>
				<TOKEN end_char="863" id="token-5-26" start_char="859">areas</TOKEN>
				<TOKEN end_char="866" id="token-5-27" start_char="865">of</TOKEN>
				<TOKEN end_char="879" id="token-5-28" start_char="868">northwestern</TOKEN>
				<TOKEN end_char="888" id="token-5-29" start_char="881">Pakistan</TOKEN>
				<TOKEN end_char="889" id="token-5-30" start_char="889">.</TOKEN>
				<TOKEN end_char="892" id="token-5-31" start_char="891">He</TOKEN>
				<TOKEN end_char="897" id="token-5-32" start_char="894">said</TOKEN>
				<TOKEN end_char="901" id="token-5-33" start_char="899">the</TOKEN>
				<TOKEN end_char="908" id="token-5-34" start_char="903">attack</TOKEN>
				<TOKEN end_char="912" id="token-5-35" start_char="910">was</TOKEN>
				<TOKEN end_char="920" id="token-5-36" start_char="914">carried</TOKEN>
				<TOKEN end_char="924" id="token-5-37" start_char="922">out</TOKEN>
				<TOKEN end_char="927" id="token-5-38" start_char="926">by</TOKEN>
				<TOKEN end_char="932" id="token-5-39" start_char="929">four</TOKEN>
				<TOKEN end_char="940" id="token-5-40" start_char="934">suicide</TOKEN>
				<TOKEN end_char="948" id="token-5-41" start_char="942">bombers</TOKEN>
				<TOKEN end_char="949" id="token-5-42" start_char="949">,</TOKEN>
				<TOKEN end_char="953" id="token-5-43" start_char="951">but</TOKEN>
				<TOKEN end_char="957" id="token-5-44" start_char="955">the</TOKEN>
				<TOKEN end_char="961" id="token-5-45" start_char="959">air</TOKEN>
				<TOKEN end_char="967" id="token-5-46" start_char="963">force</TOKEN>
				<TOKEN end_char="977" id="token-5-47" start_char="969">indicated</TOKEN>
				<TOKEN end_char="982" id="token-5-48" start_char="979">that</TOKEN>
				<TOKEN end_char="987" id="token-5-49" start_char="984">nine</TOKEN>
				<TOKEN end_char="997" id="token-5-50" start_char="989">militants</TOKEN>
				<TOKEN end_char="1002" id="token-5-51" start_char="999">were</TOKEN>
				<TOKEN end_char="1011" id="token-5-52" start_char="1004">involved</TOKEN>
				<TOKEN end_char="1012" id="token-5-53" start_char="1012">.</TOKEN>
			</SEG>
			<SEG end_char="1206" id="20120815_WAPO_a11a1a3c-e746-11e1-936a-b801f1abab19-6" start_char="1014">
				<ORIGINAL_TEXT>Ihsan also claimed that the attackers killed “dozens of security people” in the assault. “We could do anything and target whatever we want,” he said. “Our fighters can hit any target anywhere.”</ORIGINAL_TEXT>
				<TOKEN end_char="1018" id="token-6-0" start_char="1014">Ihsan</TOKEN>
				<TOKEN end_char="1023" id="token-6-1" start_char="1020">also</TOKEN>
				<TOKEN end_char="1031" id="token-6-2" start_char="1025">claimed</TOKEN>
				<TOKEN end_char="1036" id="token-6-3" start_char="1033">that</TOKEN>
				<TOKEN end_char="1040" id="token-6-4" start_char="1038">the</TOKEN>
				<TOKEN end_char="1050" id="token-6-5" start_char="1042">attackers</TOKEN>
				<TOKEN end_char="1057" id="token-6-6" start_char="1052">killed</TOKEN>
				<TOKEN end_char="1059" id="token-6-7" start_char="1059">“</TOKEN>
				<TOKEN end_char="1065" id="token-6-8" start_char="1060">dozens</TOKEN>
				<TOKEN end_char="1068" id="token-6-9" start_char="1067">of</TOKEN>
				<TOKEN end_char="1077" id="token-6-10" start_char="1070">security</TOKEN>
				<TOKEN end_char="1084" id="token-6-11" start_char="1079">people</TOKEN>
				<TOKEN end_char="1085" id="token-6-12" start_char="1085">”</TOKEN>
				<TOKEN end_char="1088" id="token-6-13" start_char="1087">in</TOKEN>
				<TOKEN end_char="1092" id="token-6-14" start_char="1090">the</TOKEN>
				<TOKEN end_char="1100" id="token-6-15" start_char="1094">assault</TOKEN>
				<TOKEN end_char="1101" id="token-6-16" start_char="1101">.</TOKEN>
				<TOKEN end_char="1103" id="token-6-17" start_char="1103">“</TOKEN>
				<TOKEN end_char="1105" id="token-6-18" start_char="1104">We</TOKEN>
				<TOKEN end_char="1111" id="token-6-19" start_char="1107">could</TOKEN>
				<TOKEN end_char="1114" id="token-6-20" start_char="1113">do</TOKEN>
				<TOKEN end_char="1123" id="token-6-21" start_char="1116">anything</TOKEN>
				<TOKEN end_char="1127" id="token-6-22" start_char="1125">and</TOKEN>
				<TOKEN end_char="1134" id="token-6-23" start_char="1129">target</TOKEN>
				<TOKEN end_char="1143" id="token-6-24" start_char="1136">whatever</TOKEN>
				<TOKEN end_char="1146" id="token-6-25" start_char="1145">we</TOKEN>
				<TOKEN end_char="1151" id="token-6-26" start_char="1148">want</TOKEN>
				<TOKEN end_char="1153" id="token-6-27" start_char="1152">,”</TOKEN>
				<TOKEN end_char="1156" id="token-6-28" start_char="1155">he</TOKEN>
				<TOKEN end_char="1161" id="token-6-29" start_char="1158">said</TOKEN>
				<TOKEN end_char="1162" id="token-6-30" start_char="1162">.</TOKEN>
				<TOKEN end_char="1164" id="token-6-31" start_char="1164">“</TOKEN>
				<TOKEN end_char="1167" id="token-6-32" start_char="1165">Our</TOKEN>
				<TOKEN end_char="1176" id="token-6-33" start_char="1169">fighters</TOKEN>
				<TOKEN end_char="1180" id="token-6-34" start_char="1178">can</TOKEN>
				<TOKEN end_char="1184" id="token-6-35" start_char="1182">hit</TOKEN>
				<TOKEN end_char="1188" id="token-6-36" start_char="1186">any</TOKEN>
				<TOKEN end_char="1195" id="token-6-37" start_char="1190">target</TOKEN>
				<TOKEN end_char="1204" id="token-6-38" start_char="1197">anywhere</TOKEN>
				<TOKEN end_char="1206" id="token-6-39" start_char="1205">.”</TOKEN>
			</SEG>
			<SEG end_char="1380" id="20120815_WAPO_a11a1a3c-e746-11e1-936a-b801f1abab19-7" start_char="1208">
				<ORIGINAL_TEXT>Separately Thursday, the Pakistani Taliban’s Darra Adam Khel faction claimed responsibility for a targeted sectarian attack near the city of Gilgit in northwestern Pakistan.</ORIGINAL_TEXT>
				<TOKEN end_char="1217" id="token-7-0" start_char="1208">Separately</TOKEN>
				<TOKEN end_char="1226" id="token-7-1" start_char="1219">Thursday</TOKEN>
				<TOKEN end_char="1227" id="token-7-2" start_char="1227">,</TOKEN>
				<TOKEN end_char="1231" id="token-7-3" start_char="1229">the</TOKEN>
				<TOKEN end_char="1241" id="token-7-4" start_char="1233">Pakistani</TOKEN>
				<TOKEN end_char="1249" id="token-7-5" start_char="1243">Taliban</TOKEN>
				<TOKEN end_char="1250" id="token-7-6" start_char="1250">’</TOKEN>
				<TOKEN end_char="1251" id="token-7-7" start_char="1251">s</TOKEN>
				<TOKEN end_char="1257" id="token-7-8" start_char="1253">Darra</TOKEN>
				<TOKEN end_char="1262" id="token-7-9" start_char="1259">Adam</TOKEN>
				<TOKEN end_char="1267" id="token-7-10" start_char="1264">Khel</TOKEN>
				<TOKEN end_char="1275" id="token-7-11" start_char="1269">faction</TOKEN>
				<TOKEN end_char="1283" id="token-7-12" start_char="1277">claimed</TOKEN>
				<TOKEN end_char="1298" id="token-7-13" start_char="1285">responsibility</TOKEN>
				<TOKEN end_char="1302" id="token-7-14" start_char="1300">for</TOKEN>
				<TOKEN end_char="1304" id="token-7-15" start_char="1304">a</TOKEN>
				<TOKEN end_char="1313" id="token-7-16" start_char="1306">targeted</TOKEN>
				<TOKEN end_char="1323" id="token-7-17" start_char="1315">sectarian</TOKEN>
				<TOKEN end_char="1330" id="token-7-18" start_char="1325">attack</TOKEN>
				<TOKEN end_char="1335" id="token-7-19" start_char="1332">near</TOKEN>
				<TOKEN end_char="1339" id="token-7-20" start_char="1337">the</TOKEN>
				<TOKEN end_char="1344" id="token-7-21" start_char="1341">city</TOKEN>
				<TOKEN end_char="1347" id="token-7-22" start_char="1346">of</TOKEN>
				<TOKEN end_char="1354" id="token-7-23" start_char="1349">Gilgit</TOKEN>
				<TOKEN end_char="1357" id="token-7-24" start_char="1356">in</TOKEN>
				<TOKEN end_char="1370" id="token-7-25" start_char="1359">northwestern</TOKEN>
				<TOKEN end_char="1379" id="token-7-26" start_char="1372">Pakistan</TOKEN>
				<TOKEN end_char="1380" id="token-7-27" start_char="1380">.</TOKEN>
			</SEG>
			<SEG end_char="1630" id="20120815_WAPO_a11a1a3c-e746-11e1-936a-b801f1abab19-8" start_char="1382">
				<ORIGINAL_TEXT>In the dawn attack, gunmen ambushed three buses, forced passengers out and shot 22 of them dead, the Reuters news service quoted officials as saying. The officials said the assailants checked passengers’ ID cards and then opened fire on the Shiites.</ORIGINAL_TEXT>
				<TOKEN end_char="1383" id="token-8-0" start_char="1382">In</TOKEN>
				<TOKEN end_char="1387" id="token-8-1" start_char="1385">the</TOKEN>
				<TOKEN end_char="1392" id="token-8-2" start_char="1389">dawn</TOKEN>
				<TOKEN end_char="1399" id="token-8-3" start_char="1394">attack</TOKEN>
				<TOKEN end_char="1400" id="token-8-4" start_char="1400">,</TOKEN>
				<TOKEN end_char="1407" id="token-8-5" start_char="1402">gunmen</TOKEN>
				<TOKEN end_char="1416" id="token-8-6" start_char="1409">ambushed</TOKEN>
				<TOKEN end_char="1422" id="token-8-7" start_char="1418">three</TOKEN>
				<TOKEN end_char="1428" id="token-8-8" start_char="1424">buses</TOKEN>
				<TOKEN end_char="1429" id="token-8-9" start_char="1429">,</TOKEN>
				<TOKEN end_char="1436" id="token-8-10" start_char="1431">forced</TOKEN>
				<TOKEN end_char="1447" id="token-8-11" start_char="1438">passengers</TOKEN>
				<TOKEN end_char="1451" id="token-8-12" start_char="1449">out</TOKEN>
				<TOKEN end_char="1455" id="token-8-13" start_char="1453">and</TOKEN>
				<TOKEN end_char="1460" id="token-8-14" start_char="1457">shot</TOKEN>
				<TOKEN end_char="1463" id="token-8-15" start_char="1462">22</TOKEN>
				<TOKEN end_char="1466" id="token-8-16" start_char="1465">of</TOKEN>
				<TOKEN end_char="1471" id="token-8-17" start_char="1468">them</TOKEN>
				<TOKEN end_char="1476" id="token-8-18" start_char="1473">dead</TOKEN>
				<TOKEN end_char="1477" id="token-8-19" start_char="1477">,</TOKEN>
				<TOKEN end_char="1481" id="token-8-20" start_char="1479">the</TOKEN>
				<TOKEN end_char="1489" id="token-8-21" start_char="1483">Reuters</TOKEN>
				<TOKEN end_char="1494" id="token-8-22" start_char="1491">news</TOKEN>
				<TOKEN end_char="1502" id="token-8-23" start_char="1496">service</TOKEN>
				<TOKEN end_char="1509" id="token-8-24" start_char="1504">quoted</TOKEN>
				<TOKEN end_char="1519" id="token-8-25" start_char="1511">officials</TOKEN>
				<TOKEN end_char="1522" id="token-8-26" start_char="1521">as</TOKEN>
				<TOKEN end_char="1529" id="token-8-27" start_char="1524">saying</TOKEN>
				<TOKEN end_char="1530" id="token-8-28" start_char="1530">.</TOKEN>
				<TOKEN end_char="1534" id="token-8-29" start_char="1532">The</TOKEN>
				<TOKEN end_char="1544" id="token-8-30" start_char="1536">officials</TOKEN>
				<TOKEN end_char="1549" id="token-8-31" start_char="1546">said</TOKEN>
				<TOKEN end_char="1553" id="token-8-32" start_char="1551">the</TOKEN>
				<TOKEN end_char="1564" id="token-8-33" start_char="1555">assailants</TOKEN>
				<TOKEN end_char="1572" id="token-8-34" start_char="1566">checked</TOKEN>
				<TOKEN end_char="1583" id="token-8-35" start_char="1574">passengers</TOKEN>
				<TOKEN end_char="1584" id="token-8-36" start_char="1584">’</TOKEN>
				<TOKEN end_char="1587" id="token-8-37" start_char="1586">ID</TOKEN>
				<TOKEN end_char="1593" id="token-8-38" start_char="1589">cards</TOKEN>
				<TOKEN end_char="1597" id="token-8-39" start_char="1595">and</TOKEN>
				<TOKEN end_char="1602" id="token-8-40" start_char="1599">then</TOKEN>
				<TOKEN end_char="1609" id="token-8-41" start_char="1604">opened</TOKEN>
				<TOKEN end_char="1614" id="token-8-42" start_char="1611">fire</TOKEN>
				<TOKEN end_char="1617" id="token-8-43" start_char="1616">on</TOKEN>
				<TOKEN end_char="1621" id="token-8-44" start_char="1619">the</TOKEN>
				<TOKEN end_char="1629" id="token-8-45" start_char="1623">Shiites</TOKEN>
				<TOKEN end_char="1630" id="token-8-46" start_char="1630">.</TOKEN>
			</SEG>
			<SEG end_char="1855" id="20120815_WAPO_a11a1a3c-e746-11e1-936a-b801f1abab19-9" start_char="1632">
				<ORIGINAL_TEXT>“They are enemies of Sunnis and conspire against us,” Mohammed Afridi, a spokesman for the faction, told Reuters by telephone from an undisclosed location, referring to Shiites. “We will continue such attacks in the future.”</ORIGINAL_TEXT>
				<TOKEN end_char="1632" id="token-9-0" start_char="1632">“</TOKEN>
				<TOKEN end_char="1636" id="token-9-1" start_char="1633">They</TOKEN>
				<TOKEN end_char="1640" id="token-9-2" start_char="1638">are</TOKEN>
				<TOKEN end_char="1648" id="token-9-3" start_char="1642">enemies</TOKEN>
				<TOKEN end_char="1651" id="token-9-4" start_char="1650">of</TOKEN>
				<TOKEN end_char="1658" id="token-9-5" start_char="1653">Sunnis</TOKEN>
				<TOKEN end_char="1662" id="token-9-6" start_char="1660">and</TOKEN>
				<TOKEN end_char="1671" id="token-9-7" start_char="1664">conspire</TOKEN>
				<TOKEN end_char="1679" id="token-9-8" start_char="1673">against</TOKEN>
				<TOKEN end_char="1682" id="token-9-9" start_char="1681">us</TOKEN>
				<TOKEN end_char="1684" id="token-9-10" start_char="1683">,”</TOKEN>
				<TOKEN end_char="1693" id="token-9-11" start_char="1686">Mohammed</TOKEN>
				<TOKEN end_char="1700" id="token-9-12" start_char="1695">Afridi</TOKEN>
				<TOKEN end_char="1701" id="token-9-13" start_char="1701">,</TOKEN>
				<TOKEN end_char="1703" id="token-9-14" start_char="1703">a</TOKEN>
				<TOKEN end_char="1713" id="token-9-15" start_char="1705">spokesman</TOKEN>
				<TOKEN end_char="1717" id="token-9-16" start_char="1715">for</TOKEN>
				<TOKEN end_char="1721" id="token-9-17" start_char="1719">the</TOKEN>
				<TOKEN end_char="1729" id="token-9-18" start_char="1723">faction</TOKEN>
				<TOKEN end_char="1730" id="token-9-19" start_char="1730">,</TOKEN>
				<TOKEN end_char="1735" id="token-9-20" start_char="1732">told</TOKEN>
				<TOKEN end_char="1743" id="token-9-21" start_char="1737">Reuters</TOKEN>
				<TOKEN end_char="1746" id="token-9-22" start_char="1745">by</TOKEN>
				<TOKEN end_char="1756" id="token-9-23" start_char="1748">telephone</TOKEN>
				<TOKEN end_char="1761" id="token-9-24" start_char="1758">from</TOKEN>
				<TOKEN end_char="1764" id="token-9-25" start_char="1763">an</TOKEN>
				<TOKEN end_char="1776" id="token-9-26" start_char="1766">undisclosed</TOKEN>
				<TOKEN end_char="1785" id="token-9-27" start_char="1778">location</TOKEN>
				<TOKEN end_char="1786" id="token-9-28" start_char="1786">,</TOKEN>
				<TOKEN end_char="1796" id="token-9-29" start_char="1788">referring</TOKEN>
				<TOKEN end_char="1799" id="token-9-30" start_char="1798">to</TOKEN>
				<TOKEN end_char="1807" id="token-9-31" start_char="1801">Shiites</TOKEN>
				<TOKEN end_char="1808" id="token-9-32" start_char="1808">.</TOKEN>
				<TOKEN end_char="1810" id="token-9-33" start_char="1810">“</TOKEN>
				<TOKEN end_char="1812" id="token-9-34" start_char="1811">We</TOKEN>
				<TOKEN end_char="1817" id="token-9-35" start_char="1814">will</TOKEN>
				<TOKEN end_char="1826" id="token-9-36" start_char="1819">continue</TOKEN>
				<TOKEN end_char="1831" id="token-9-37" start_char="1828">such</TOKEN>
				<TOKEN end_char="1839" id="token-9-38" start_char="1833">attacks</TOKEN>
				<TOKEN end_char="1842" id="token-9-39" start_char="1841">in</TOKEN>
				<TOKEN end_char="1846" id="token-9-40" start_char="1844">the</TOKEN>
				<TOKEN end_char="1853" id="token-9-41" start_char="1848">future</TOKEN>
				<TOKEN end_char="1855" id="token-9-42" start_char="1854">.”</TOKEN>
			</SEG>
			<SEG end_char="2222" id="20120815_WAPO_a11a1a3c-e746-11e1-936a-b801f1abab19-10" start_char="1857">
				<ORIGINAL_TEXT>In the assault on the base, intense clashes between air force commandos and the insurgents lasted for more than two hours, an air force spokesman said. The commander of the base, Air Commodore Muhammad Azam, who was leading the operations against the attackers, was shot and injured in the shoulder, the air force spokesman said. He was reported in stable condition.</ORIGINAL_TEXT>
				<TOKEN end_char="1858" id="token-10-0" start_char="1857">In</TOKEN>
				<TOKEN end_char="1862" id="token-10-1" start_char="1860">the</TOKEN>
				<TOKEN end_char="1870" id="token-10-2" start_char="1864">assault</TOKEN>
				<TOKEN end_char="1873" id="token-10-3" start_char="1872">on</TOKEN>
				<TOKEN end_char="1877" id="token-10-4" start_char="1875">the</TOKEN>
				<TOKEN end_char="1882" id="token-10-5" start_char="1879">base</TOKEN>
				<TOKEN end_char="1883" id="token-10-6" start_char="1883">,</TOKEN>
				<TOKEN end_char="1891" id="token-10-7" start_char="1885">intense</TOKEN>
				<TOKEN end_char="1899" id="token-10-8" start_char="1893">clashes</TOKEN>
				<TOKEN end_char="1907" id="token-10-9" start_char="1901">between</TOKEN>
				<TOKEN end_char="1911" id="token-10-10" start_char="1909">air</TOKEN>
				<TOKEN end_char="1917" id="token-10-11" start_char="1913">force</TOKEN>
				<TOKEN end_char="1927" id="token-10-12" start_char="1919">commandos</TOKEN>
				<TOKEN end_char="1931" id="token-10-13" start_char="1929">and</TOKEN>
				<TOKEN end_char="1935" id="token-10-14" start_char="1933">the</TOKEN>
				<TOKEN end_char="1946" id="token-10-15" start_char="1937">insurgents</TOKEN>
				<TOKEN end_char="1953" id="token-10-16" start_char="1948">lasted</TOKEN>
				<TOKEN end_char="1957" id="token-10-17" start_char="1955">for</TOKEN>
				<TOKEN end_char="1962" id="token-10-18" start_char="1959">more</TOKEN>
				<TOKEN end_char="1967" id="token-10-19" start_char="1964">than</TOKEN>
				<TOKEN end_char="1971" id="token-10-20" start_char="1969">two</TOKEN>
				<TOKEN end_char="1977" id="token-10-21" start_char="1973">hours</TOKEN>
				<TOKEN end_char="1978" id="token-10-22" start_char="1978">,</TOKEN>
				<TOKEN end_char="1981" id="token-10-23" start_char="1980">an</TOKEN>
				<TOKEN end_char="1985" id="token-10-24" start_char="1983">air</TOKEN>
				<TOKEN end_char="1991" id="token-10-25" start_char="1987">force</TOKEN>
				<TOKEN end_char="2001" id="token-10-26" start_char="1993">spokesman</TOKEN>
				<TOKEN end_char="2006" id="token-10-27" start_char="2003">said</TOKEN>
				<TOKEN end_char="2007" id="token-10-28" start_char="2007">.</TOKEN>
				<TOKEN end_char="2011" id="token-10-29" start_char="2009">The</TOKEN>
				<TOKEN end_char="2021" id="token-10-30" start_char="2013">commander</TOKEN>
				<TOKEN end_char="2024" id="token-10-31" start_char="2023">of</TOKEN>
				<TOKEN end_char="2028" id="token-10-32" start_char="2026">the</TOKEN>
				<TOKEN end_char="2033" id="token-10-33" start_char="2030">base</TOKEN>
				<TOKEN end_char="2034" id="token-10-34" start_char="2034">,</TOKEN>
				<TOKEN end_char="2038" id="token-10-35" start_char="2036">Air</TOKEN>
				<TOKEN end_char="2048" id="token-10-36" start_char="2040">Commodore</TOKEN>
				<TOKEN end_char="2057" id="token-10-37" start_char="2050">Muhammad</TOKEN>
				<TOKEN end_char="2062" id="token-10-38" start_char="2059">Azam</TOKEN>
				<TOKEN end_char="2063" id="token-10-39" start_char="2063">,</TOKEN>
				<TOKEN end_char="2067" id="token-10-40" start_char="2065">who</TOKEN>
				<TOKEN end_char="2071" id="token-10-41" start_char="2069">was</TOKEN>
				<TOKEN end_char="2079" id="token-10-42" start_char="2073">leading</TOKEN>
				<TOKEN end_char="2083" id="token-10-43" start_char="2081">the</TOKEN>
				<TOKEN end_char="2094" id="token-10-44" start_char="2085">operations</TOKEN>
				<TOKEN end_char="2102" id="token-10-45" start_char="2096">against</TOKEN>
				<TOKEN end_char="2106" id="token-10-46" start_char="2104">the</TOKEN>
				<TOKEN end_char="2116" id="token-10-47" start_char="2108">attackers</TOKEN>
				<TOKEN end_char="2117" id="token-10-48" start_char="2117">,</TOKEN>
				<TOKEN end_char="2121" id="token-10-49" start_char="2119">was</TOKEN>
				<TOKEN end_char="2126" id="token-10-50" start_char="2123">shot</TOKEN>
				<TOKEN end_char="2130" id="token-10-51" start_char="2128">and</TOKEN>
				<TOKEN end_char="2138" id="token-10-52" start_char="2132">injured</TOKEN>
				<TOKEN end_char="2141" id="token-10-53" start_char="2140">in</TOKEN>
				<TOKEN end_char="2145" id="token-10-54" start_char="2143">the</TOKEN>
				<TOKEN end_char="2154" id="token-10-55" start_char="2147">shoulder</TOKEN>
				<TOKEN end_char="2155" id="token-10-56" start_char="2155">,</TOKEN>
				<TOKEN end_char="2159" id="token-10-57" start_char="2157">the</TOKEN>
				<TOKEN end_char="2163" id="token-10-58" start_char="2161">air</TOKEN>
				<TOKEN end_char="2169" id="token-10-59" start_char="2165">force</TOKEN>
				<TOKEN end_char="2179" id="token-10-60" start_char="2171">spokesman</TOKEN>
				<TOKEN end_char="2184" id="token-10-61" start_char="2181">said</TOKEN>
				<TOKEN end_char="2185" id="token-10-62" start_char="2185">.</TOKEN>
				<TOKEN end_char="2188" id="token-10-63" start_char="2187">He</TOKEN>
				<TOKEN end_char="2192" id="token-10-64" start_char="2190">was</TOKEN>
				<TOKEN end_char="2201" id="token-10-65" start_char="2194">reported</TOKEN>
				<TOKEN end_char="2204" id="token-10-66" start_char="2203">in</TOKEN>
				<TOKEN end_char="2211" id="token-10-67" start_char="2206">stable</TOKEN>
				<TOKEN end_char="2221" id="token-10-68" start_char="2213">condition</TOKEN>
				<TOKEN end_char="2222" id="token-10-69" start_char="2222">.</TOKEN>
			</SEG>
			<SEG end_char="2575" id="20120815_WAPO_a11a1a3c-e746-11e1-936a-b801f1abab19-11" start_char="2224">
				<ORIGINAL_TEXT>The Minhas base, in the town of Kamra, houses the Pakistan Aeronautical Complex, the manufacturing division of the air force. It builds French-designed Mirage fighter planes and, with Chinese support, JF-17 fighter jets. Some reports suggested that the air base housed part of Pakistan’s nuclear arsenal, but the air force spokesman denied the reports.</ORIGINAL_TEXT>
				<TOKEN end_char="2226" id="token-11-0" start_char="2224">The</TOKEN>
				<TOKEN end_char="2233" id="token-11-1" start_char="2228">Minhas</TOKEN>
				<TOKEN end_char="2238" id="token-11-2" start_char="2235">base</TOKEN>
				<TOKEN end_char="2239" id="token-11-3" start_char="2239">,</TOKEN>
				<TOKEN end_char="2242" id="token-11-4" start_char="2241">in</TOKEN>
				<TOKEN end_char="2246" id="token-11-5" start_char="2244">the</TOKEN>
				<TOKEN end_char="2251" id="token-11-6" start_char="2248">town</TOKEN>
				<TOKEN end_char="2254" id="token-11-7" start_char="2253">of</TOKEN>
				<TOKEN end_char="2260" id="token-11-8" start_char="2256">Kamra</TOKEN>
				<TOKEN end_char="2261" id="token-11-9" start_char="2261">,</TOKEN>
				<TOKEN end_char="2268" id="token-11-10" start_char="2263">houses</TOKEN>
				<TOKEN end_char="2272" id="token-11-11" start_char="2270">the</TOKEN>
				<TOKEN end_char="2281" id="token-11-12" start_char="2274">Pakistan</TOKEN>
				<TOKEN end_char="2294" id="token-11-13" start_char="2283">Aeronautical</TOKEN>
				<TOKEN end_char="2302" id="token-11-14" start_char="2296">Complex</TOKEN>
				<TOKEN end_char="2303" id="token-11-15" start_char="2303">,</TOKEN>
				<TOKEN end_char="2307" id="token-11-16" start_char="2305">the</TOKEN>
				<TOKEN end_char="2321" id="token-11-17" start_char="2309">manufacturing</TOKEN>
				<TOKEN end_char="2330" id="token-11-18" start_char="2323">division</TOKEN>
				<TOKEN end_char="2333" id="token-11-19" start_char="2332">of</TOKEN>
				<TOKEN end_char="2337" id="token-11-20" start_char="2335">the</TOKEN>
				<TOKEN end_char="2341" id="token-11-21" start_char="2339">air</TOKEN>
				<TOKEN end_char="2347" id="token-11-22" start_char="2343">force</TOKEN>
				<TOKEN end_char="2348" id="token-11-23" start_char="2348">.</TOKEN>
				<TOKEN end_char="2351" id="token-11-24" start_char="2350">It</TOKEN>
				<TOKEN end_char="2358" id="token-11-25" start_char="2353">builds</TOKEN>
				<TOKEN end_char="2365" id="token-11-26" start_char="2360">French</TOKEN>
				<TOKEN end_char="2366" id="token-11-27" start_char="2366">-</TOKEN>
				<TOKEN end_char="2374" id="token-11-28" start_char="2367">designed</TOKEN>
				<TOKEN end_char="2381" id="token-11-29" start_char="2376">Mirage</TOKEN>
				<TOKEN end_char="2389" id="token-11-30" start_char="2383">fighter</TOKEN>
				<TOKEN end_char="2396" id="token-11-31" start_char="2391">planes</TOKEN>
				<TOKEN end_char="2400" id="token-11-32" start_char="2398">and</TOKEN>
				<TOKEN end_char="2401" id="token-11-33" start_char="2401">,</TOKEN>
				<TOKEN end_char="2406" id="token-11-34" start_char="2403">with</TOKEN>
				<TOKEN end_char="2414" id="token-11-35" start_char="2408">Chinese</TOKEN>
				<TOKEN end_char="2422" id="token-11-36" start_char="2416">support</TOKEN>
				<TOKEN end_char="2423" id="token-11-37" start_char="2423">,</TOKEN>
				<TOKEN end_char="2426" id="token-11-38" start_char="2425">JF</TOKEN>
				<TOKEN end_char="2427" id="token-11-39" start_char="2427">-</TOKEN>
				<TOKEN end_char="2429" id="token-11-40" start_char="2428">17</TOKEN>
				<TOKEN end_char="2437" id="token-11-41" start_char="2431">fighter</TOKEN>
				<TOKEN end_char="2442" id="token-11-42" start_char="2439">jets</TOKEN>
				<TOKEN end_char="2443" id="token-11-43" start_char="2443">.</TOKEN>
				<TOKEN end_char="2448" id="token-11-44" start_char="2445">Some</TOKEN>
				<TOKEN end_char="2456" id="token-11-45" start_char="2450">reports</TOKEN>
				<TOKEN end_char="2466" id="token-11-46" start_char="2458">suggested</TOKEN>
				<TOKEN end_char="2471" id="token-11-47" start_char="2468">that</TOKEN>
				<TOKEN end_char="2475" id="token-11-48" start_char="2473">the</TOKEN>
				<TOKEN end_char="2479" id="token-11-49" start_char="2477">air</TOKEN>
				<TOKEN end_char="2484" id="token-11-50" start_char="2481">base</TOKEN>
				<TOKEN end_char="2491" id="token-11-51" start_char="2486">housed</TOKEN>
				<TOKEN end_char="2496" id="token-11-52" start_char="2493">part</TOKEN>
				<TOKEN end_char="2499" id="token-11-53" start_char="2498">of</TOKEN>
				<TOKEN end_char="2508" id="token-11-54" start_char="2501">Pakistan</TOKEN>
				<TOKEN end_char="2509" id="token-11-55" start_char="2509">’</TOKEN>
				<TOKEN end_char="2510" id="token-11-56" start_char="2510">s</TOKEN>
				<TOKEN end_char="2518" id="token-11-57" start_char="2512">nuclear</TOKEN>
				<TOKEN end_char="2526" id="token-11-58" start_char="2520">arsenal</TOKEN>
				<TOKEN end_char="2527" id="token-11-59" start_char="2527">,</TOKEN>
				<TOKEN end_char="2531" id="token-11-60" start_char="2529">but</TOKEN>
				<TOKEN end_char="2535" id="token-11-61" start_char="2533">the</TOKEN>
				<TOKEN end_char="2539" id="token-11-62" start_char="2537">air</TOKEN>
				<TOKEN end_char="2545" id="token-11-63" start_char="2541">force</TOKEN>
				<TOKEN end_char="2555" id="token-11-64" start_char="2547">spokesman</TOKEN>
				<TOKEN end_char="2562" id="token-11-65" start_char="2557">denied</TOKEN>
				<TOKEN end_char="2566" id="token-11-66" start_char="2564">the</TOKEN>
				<TOKEN end_char="2574" id="token-11-67" start_char="2568">reports</TOKEN>
				<TOKEN end_char="2575" id="token-11-68" start_char="2575">.</TOKEN>
			</SEG>
			<SEG end_char="2968" id="20120815_WAPO_a11a1a3c-e746-11e1-936a-b801f1abab19-12" start_char="2577">
				<ORIGINAL_TEXT>Security analysts also said it was not true that Pakistan keeps nuclear assets at a base or a military garrison. “Nuclear assets management is totally a separate issue and is being dealt with separately,” said Mahmood Shah, a former brigadier general in the Pakistani army. “No nuclear arsenals are being kept in the known places, such as the air or naval bases or military cantonment areas.”</ORIGINAL_TEXT>
				<TOKEN end_char="2584" id="token-12-0" start_char="2577">Security</TOKEN>
				<TOKEN end_char="2593" id="token-12-1" start_char="2586">analysts</TOKEN>
				<TOKEN end_char="2598" id="token-12-2" start_char="2595">also</TOKEN>
				<TOKEN end_char="2603" id="token-12-3" start_char="2600">said</TOKEN>
				<TOKEN end_char="2606" id="token-12-4" start_char="2605">it</TOKEN>
				<TOKEN end_char="2610" id="token-12-5" start_char="2608">was</TOKEN>
				<TOKEN end_char="2614" id="token-12-6" start_char="2612">not</TOKEN>
				<TOKEN end_char="2619" id="token-12-7" start_char="2616">true</TOKEN>
				<TOKEN end_char="2624" id="token-12-8" start_char="2621">that</TOKEN>
				<TOKEN end_char="2633" id="token-12-9" start_char="2626">Pakistan</TOKEN>
				<TOKEN end_char="2639" id="token-12-10" start_char="2635">keeps</TOKEN>
				<TOKEN end_char="2647" id="token-12-11" start_char="2641">nuclear</TOKEN>
				<TOKEN end_char="2654" id="token-12-12" start_char="2649">assets</TOKEN>
				<TOKEN end_char="2657" id="token-12-13" start_char="2656">at</TOKEN>
				<TOKEN end_char="2659" id="token-12-14" start_char="2659">a</TOKEN>
				<TOKEN end_char="2664" id="token-12-15" start_char="2661">base</TOKEN>
				<TOKEN end_char="2667" id="token-12-16" start_char="2666">or</TOKEN>
				<TOKEN end_char="2669" id="token-12-17" start_char="2669">a</TOKEN>
				<TOKEN end_char="2678" id="token-12-18" start_char="2671">military</TOKEN>
				<TOKEN end_char="2687" id="token-12-19" start_char="2680">garrison</TOKEN>
				<TOKEN end_char="2688" id="token-12-20" start_char="2688">.</TOKEN>
				<TOKEN end_char="2690" id="token-12-21" start_char="2690">“</TOKEN>
				<TOKEN end_char="2697" id="token-12-22" start_char="2691">Nuclear</TOKEN>
				<TOKEN end_char="2704" id="token-12-23" start_char="2699">assets</TOKEN>
				<TOKEN end_char="2715" id="token-12-24" start_char="2706">management</TOKEN>
				<TOKEN end_char="2718" id="token-12-25" start_char="2717">is</TOKEN>
				<TOKEN end_char="2726" id="token-12-26" start_char="2720">totally</TOKEN>
				<TOKEN end_char="2728" id="token-12-27" start_char="2728">a</TOKEN>
				<TOKEN end_char="2737" id="token-12-28" start_char="2730">separate</TOKEN>
				<TOKEN end_char="2743" id="token-12-29" start_char="2739">issue</TOKEN>
				<TOKEN end_char="2747" id="token-12-30" start_char="2745">and</TOKEN>
				<TOKEN end_char="2750" id="token-12-31" start_char="2749">is</TOKEN>
				<TOKEN end_char="2756" id="token-12-32" start_char="2752">being</TOKEN>
				<TOKEN end_char="2762" id="token-12-33" start_char="2758">dealt</TOKEN>
				<TOKEN end_char="2767" id="token-12-34" start_char="2764">with</TOKEN>
				<TOKEN end_char="2778" id="token-12-35" start_char="2769">separately</TOKEN>
				<TOKEN end_char="2780" id="token-12-36" start_char="2779">,”</TOKEN>
				<TOKEN end_char="2785" id="token-12-37" start_char="2782">said</TOKEN>
				<TOKEN end_char="2793" id="token-12-38" start_char="2787">Mahmood</TOKEN>
				<TOKEN end_char="2798" id="token-12-39" start_char="2795">Shah</TOKEN>
				<TOKEN end_char="2799" id="token-12-40" start_char="2799">,</TOKEN>
				<TOKEN end_char="2801" id="token-12-41" start_char="2801">a</TOKEN>
				<TOKEN end_char="2808" id="token-12-42" start_char="2803">former</TOKEN>
				<TOKEN end_char="2818" id="token-12-43" start_char="2810">brigadier</TOKEN>
				<TOKEN end_char="2826" id="token-12-44" start_char="2820">general</TOKEN>
				<TOKEN end_char="2829" id="token-12-45" start_char="2828">in</TOKEN>
				<TOKEN end_char="2833" id="token-12-46" start_char="2831">the</TOKEN>
				<TOKEN end_char="2843" id="token-12-47" start_char="2835">Pakistani</TOKEN>
				<TOKEN end_char="2848" id="token-12-48" start_char="2845">army</TOKEN>
				<TOKEN end_char="2849" id="token-12-49" start_char="2849">.</TOKEN>
				<TOKEN end_char="2851" id="token-12-50" start_char="2851">“</TOKEN>
				<TOKEN end_char="2853" id="token-12-51" start_char="2852">No</TOKEN>
				<TOKEN end_char="2861" id="token-12-52" start_char="2855">nuclear</TOKEN>
				<TOKEN end_char="2870" id="token-12-53" start_char="2863">arsenals</TOKEN>
				<TOKEN end_char="2874" id="token-12-54" start_char="2872">are</TOKEN>
				<TOKEN end_char="2880" id="token-12-55" start_char="2876">being</TOKEN>
				<TOKEN end_char="2885" id="token-12-56" start_char="2882">kept</TOKEN>
				<TOKEN end_char="2888" id="token-12-57" start_char="2887">in</TOKEN>
				<TOKEN end_char="2892" id="token-12-58" start_char="2890">the</TOKEN>
				<TOKEN end_char="2898" id="token-12-59" start_char="2894">known</TOKEN>
				<TOKEN end_char="2905" id="token-12-60" start_char="2900">places</TOKEN>
				<TOKEN end_char="2906" id="token-12-61" start_char="2906">,</TOKEN>
				<TOKEN end_char="2911" id="token-12-62" start_char="2908">such</TOKEN>
				<TOKEN end_char="2914" id="token-12-63" start_char="2913">as</TOKEN>
				<TOKEN end_char="2918" id="token-12-64" start_char="2916">the</TOKEN>
				<TOKEN end_char="2922" id="token-12-65" start_char="2920">air</TOKEN>
				<TOKEN end_char="2925" id="token-12-66" start_char="2924">or</TOKEN>
				<TOKEN end_char="2931" id="token-12-67" start_char="2927">naval</TOKEN>
				<TOKEN end_char="2937" id="token-12-68" start_char="2933">bases</TOKEN>
				<TOKEN end_char="2940" id="token-12-69" start_char="2939">or</TOKEN>
				<TOKEN end_char="2949" id="token-12-70" start_char="2942">military</TOKEN>
				<TOKEN end_char="2960" id="token-12-71" start_char="2951">cantonment</TOKEN>
				<TOKEN end_char="2966" id="token-12-72" start_char="2962">areas</TOKEN>
				<TOKEN end_char="2968" id="token-12-73" start_char="2967">.”</TOKEN>
			</SEG>
			<SEG end_char="3271" id="20120815_WAPO_a11a1a3c-e746-11e1-936a-b801f1abab19-13" start_char="2970">
				<ORIGINAL_TEXT>He said the attackers appeared to have good knowledge of the area and the base. “Its not the work of half-educated Taliban militants, but the handiwork of al-Qaeda planners” Shah said. He added that unlike in the Pakistani army, discipline in the air force and navy is loose that needs to be tightened.</ORIGINAL_TEXT>
				<TOKEN end_char="2971" id="token-13-0" start_char="2970">He</TOKEN>
				<TOKEN end_char="2976" id="token-13-1" start_char="2973">said</TOKEN>
				<TOKEN end_char="2980" id="token-13-2" start_char="2978">the</TOKEN>
				<TOKEN end_char="2990" id="token-13-3" start_char="2982">attackers</TOKEN>
				<TOKEN end_char="2999" id="token-13-4" start_char="2992">appeared</TOKEN>
				<TOKEN end_char="3002" id="token-13-5" start_char="3001">to</TOKEN>
				<TOKEN end_char="3007" id="token-13-6" start_char="3004">have</TOKEN>
				<TOKEN end_char="3012" id="token-13-7" start_char="3009">good</TOKEN>
				<TOKEN end_char="3022" id="token-13-8" start_char="3014">knowledge</TOKEN>
				<TOKEN end_char="3025" id="token-13-9" start_char="3024">of</TOKEN>
				<TOKEN end_char="3029" id="token-13-10" start_char="3027">the</TOKEN>
				<TOKEN end_char="3034" id="token-13-11" start_char="3031">area</TOKEN>
				<TOKEN end_char="3038" id="token-13-12" start_char="3036">and</TOKEN>
				<TOKEN end_char="3042" id="token-13-13" start_char="3040">the</TOKEN>
				<TOKEN end_char="3047" id="token-13-14" start_char="3044">base</TOKEN>
				<TOKEN end_char="3048" id="token-13-15" start_char="3048">.</TOKEN>
				<TOKEN end_char="3050" id="token-13-16" start_char="3050">“</TOKEN>
				<TOKEN end_char="3053" id="token-13-17" start_char="3051">Its</TOKEN>
				<TOKEN end_char="3057" id="token-13-18" start_char="3055">not</TOKEN>
				<TOKEN end_char="3061" id="token-13-19" start_char="3059">the</TOKEN>
				<TOKEN end_char="3066" id="token-13-20" start_char="3063">work</TOKEN>
				<TOKEN end_char="3069" id="token-13-21" start_char="3068">of</TOKEN>
				<TOKEN end_char="3074" id="token-13-22" start_char="3071">half</TOKEN>
				<TOKEN end_char="3075" id="token-13-23" start_char="3075">-</TOKEN>
				<TOKEN end_char="3083" id="token-13-24" start_char="3076">educated</TOKEN>
				<TOKEN end_char="3091" id="token-13-25" start_char="3085">Taliban</TOKEN>
				<TOKEN end_char="3101" id="token-13-26" start_char="3093">militants</TOKEN>
				<TOKEN end_char="3102" id="token-13-27" start_char="3102">,</TOKEN>
				<TOKEN end_char="3106" id="token-13-28" start_char="3104">but</TOKEN>
				<TOKEN end_char="3110" id="token-13-29" start_char="3108">the</TOKEN>
				<TOKEN end_char="3120" id="token-13-30" start_char="3112">handiwork</TOKEN>
				<TOKEN end_char="3123" id="token-13-31" start_char="3122">of</TOKEN>
				<TOKEN end_char="3126" id="token-13-32" start_char="3125">al</TOKEN>
				<TOKEN end_char="3127" id="token-13-33" start_char="3127">-</TOKEN>
				<TOKEN end_char="3132" id="token-13-34" start_char="3128">Qaeda</TOKEN>
				<TOKEN end_char="3141" id="token-13-35" start_char="3134">planners</TOKEN>
				<TOKEN end_char="3142" id="token-13-36" start_char="3142">”</TOKEN>
				<TOKEN end_char="3147" id="token-13-37" start_char="3144">Shah</TOKEN>
				<TOKEN end_char="3152" id="token-13-38" start_char="3149">said</TOKEN>
				<TOKEN end_char="3153" id="token-13-39" start_char="3153">.</TOKEN>
				<TOKEN end_char="3156" id="token-13-40" start_char="3155">He</TOKEN>
				<TOKEN end_char="3162" id="token-13-41" start_char="3158">added</TOKEN>
				<TOKEN end_char="3167" id="token-13-42" start_char="3164">that</TOKEN>
				<TOKEN end_char="3174" id="token-13-43" start_char="3169">unlike</TOKEN>
				<TOKEN end_char="3177" id="token-13-44" start_char="3176">in</TOKEN>
				<TOKEN end_char="3181" id="token-13-45" start_char="3179">the</TOKEN>
				<TOKEN end_char="3191" id="token-13-46" start_char="3183">Pakistani</TOKEN>
				<TOKEN end_char="3196" id="token-13-47" start_char="3193">army</TOKEN>
				<TOKEN end_char="3197" id="token-13-48" start_char="3197">,</TOKEN>
				<TOKEN end_char="3208" id="token-13-49" start_char="3199">discipline</TOKEN>
				<TOKEN end_char="3211" id="token-13-50" start_char="3210">in</TOKEN>
				<TOKEN end_char="3215" id="token-13-51" start_char="3213">the</TOKEN>
				<TOKEN end_char="3219" id="token-13-52" start_char="3217">air</TOKEN>
				<TOKEN end_char="3225" id="token-13-53" start_char="3221">force</TOKEN>
				<TOKEN end_char="3229" id="token-13-54" start_char="3227">and</TOKEN>
				<TOKEN end_char="3234" id="token-13-55" start_char="3231">navy</TOKEN>
				<TOKEN end_char="3237" id="token-13-56" start_char="3236">is</TOKEN>
				<TOKEN end_char="3243" id="token-13-57" start_char="3239">loose</TOKEN>
				<TOKEN end_char="3248" id="token-13-58" start_char="3245">that</TOKEN>
				<TOKEN end_char="3254" id="token-13-59" start_char="3250">needs</TOKEN>
				<TOKEN end_char="3257" id="token-13-60" start_char="3256">to</TOKEN>
				<TOKEN end_char="3260" id="token-13-61" start_char="3259">be</TOKEN>
				<TOKEN end_char="3270" id="token-13-62" start_char="3262">tightened</TOKEN>
				<TOKEN end_char="3271" id="token-13-63" start_char="3271">.</TOKEN>
			</SEG>
			<SEG end_char="3484" id="20120815_WAPO_a11a1a3c-e746-11e1-936a-b801f1abab19-14" start_char="3273">
				<ORIGINAL_TEXT>The attackers, some wearing military uniforms, moved through a nearby village under cover of darkness and climbed a nine-foot wall strung with barbed wire to break into the base, according to Reuters news agency.</ORIGINAL_TEXT>
				<TOKEN end_char="3275" id="token-14-0" start_char="3273">The</TOKEN>
				<TOKEN end_char="3285" id="token-14-1" start_char="3277">attackers</TOKEN>
				<TOKEN end_char="3286" id="token-14-2" start_char="3286">,</TOKEN>
				<TOKEN end_char="3291" id="token-14-3" start_char="3288">some</TOKEN>
				<TOKEN end_char="3299" id="token-14-4" start_char="3293">wearing</TOKEN>
				<TOKEN end_char="3308" id="token-14-5" start_char="3301">military</TOKEN>
				<TOKEN end_char="3317" id="token-14-6" start_char="3310">uniforms</TOKEN>
				<TOKEN end_char="3318" id="token-14-7" start_char="3318">,</TOKEN>
				<TOKEN end_char="3324" id="token-14-8" start_char="3320">moved</TOKEN>
				<TOKEN end_char="3332" id="token-14-9" start_char="3326">through</TOKEN>
				<TOKEN end_char="3334" id="token-14-10" start_char="3334">a</TOKEN>
				<TOKEN end_char="3341" id="token-14-11" start_char="3336">nearby</TOKEN>
				<TOKEN end_char="3349" id="token-14-12" start_char="3343">village</TOKEN>
				<TOKEN end_char="3355" id="token-14-13" start_char="3351">under</TOKEN>
				<TOKEN end_char="3361" id="token-14-14" start_char="3357">cover</TOKEN>
				<TOKEN end_char="3364" id="token-14-15" start_char="3363">of</TOKEN>
				<TOKEN end_char="3373" id="token-14-16" start_char="3366">darkness</TOKEN>
				<TOKEN end_char="3377" id="token-14-17" start_char="3375">and</TOKEN>
				<TOKEN end_char="3385" id="token-14-18" start_char="3379">climbed</TOKEN>
				<TOKEN end_char="3387" id="token-14-19" start_char="3387">a</TOKEN>
				<TOKEN end_char="3392" id="token-14-20" start_char="3389">nine</TOKEN>
				<TOKEN end_char="3393" id="token-14-21" start_char="3393">-</TOKEN>
				<TOKEN end_char="3397" id="token-14-22" start_char="3394">foot</TOKEN>
				<TOKEN end_char="3402" id="token-14-23" start_char="3399">wall</TOKEN>
				<TOKEN end_char="3409" id="token-14-24" start_char="3404">strung</TOKEN>
				<TOKEN end_char="3414" id="token-14-25" start_char="3411">with</TOKEN>
				<TOKEN end_char="3421" id="token-14-26" start_char="3416">barbed</TOKEN>
				<TOKEN end_char="3426" id="token-14-27" start_char="3423">wire</TOKEN>
				<TOKEN end_char="3429" id="token-14-28" start_char="3428">to</TOKEN>
				<TOKEN end_char="3435" id="token-14-29" start_char="3431">break</TOKEN>
				<TOKEN end_char="3440" id="token-14-30" start_char="3437">into</TOKEN>
				<TOKEN end_char="3444" id="token-14-31" start_char="3442">the</TOKEN>
				<TOKEN end_char="3449" id="token-14-32" start_char="3446">base</TOKEN>
				<TOKEN end_char="3450" id="token-14-33" start_char="3450">,</TOKEN>
				<TOKEN end_char="3460" id="token-14-34" start_char="3452">according</TOKEN>
				<TOKEN end_char="3463" id="token-14-35" start_char="3462">to</TOKEN>
				<TOKEN end_char="3471" id="token-14-36" start_char="3465">Reuters</TOKEN>
				<TOKEN end_char="3476" id="token-14-37" start_char="3473">news</TOKEN>
				<TOKEN end_char="3483" id="token-14-38" start_char="3478">agency</TOKEN>
				<TOKEN end_char="3484" id="token-14-39" start_char="3484">.</TOKEN>
			</SEG>
			<SEG end_char="3733" id="20120815_WAPO_a11a1a3c-e746-11e1-936a-b801f1abab19-15" start_char="3486">
				<ORIGINAL_TEXT>Security forces opened fire when militants strapped with suicide bombing vests approached aircraft hangars, prompting other militants to fire rocket-propelled grenades from outside the base’s walls, Reuters reported, citing the air force spokesman.</ORIGINAL_TEXT>
				<TOKEN end_char="3493" id="token-15-0" start_char="3486">Security</TOKEN>
				<TOKEN end_char="3500" id="token-15-1" start_char="3495">forces</TOKEN>
				<TOKEN end_char="3507" id="token-15-2" start_char="3502">opened</TOKEN>
				<TOKEN end_char="3512" id="token-15-3" start_char="3509">fire</TOKEN>
				<TOKEN end_char="3517" id="token-15-4" start_char="3514">when</TOKEN>
				<TOKEN end_char="3527" id="token-15-5" start_char="3519">militants</TOKEN>
				<TOKEN end_char="3536" id="token-15-6" start_char="3529">strapped</TOKEN>
				<TOKEN end_char="3541" id="token-15-7" start_char="3538">with</TOKEN>
				<TOKEN end_char="3549" id="token-15-8" start_char="3543">suicide</TOKEN>
				<TOKEN end_char="3557" id="token-15-9" start_char="3551">bombing</TOKEN>
				<TOKEN end_char="3563" id="token-15-10" start_char="3559">vests</TOKEN>
				<TOKEN end_char="3574" id="token-15-11" start_char="3565">approached</TOKEN>
				<TOKEN end_char="3583" id="token-15-12" start_char="3576">aircraft</TOKEN>
				<TOKEN end_char="3591" id="token-15-13" start_char="3585">hangars</TOKEN>
				<TOKEN end_char="3592" id="token-15-14" start_char="3592">,</TOKEN>
				<TOKEN end_char="3602" id="token-15-15" start_char="3594">prompting</TOKEN>
				<TOKEN end_char="3608" id="token-15-16" start_char="3604">other</TOKEN>
				<TOKEN end_char="3618" id="token-15-17" start_char="3610">militants</TOKEN>
				<TOKEN end_char="3621" id="token-15-18" start_char="3620">to</TOKEN>
				<TOKEN end_char="3626" id="token-15-19" start_char="3623">fire</TOKEN>
				<TOKEN end_char="3633" id="token-15-20" start_char="3628">rocket</TOKEN>
				<TOKEN end_char="3634" id="token-15-21" start_char="3634">-</TOKEN>
				<TOKEN end_char="3643" id="token-15-22" start_char="3635">propelled</TOKEN>
				<TOKEN end_char="3652" id="token-15-23" start_char="3645">grenades</TOKEN>
				<TOKEN end_char="3657" id="token-15-24" start_char="3654">from</TOKEN>
				<TOKEN end_char="3665" id="token-15-25" start_char="3659">outside</TOKEN>
				<TOKEN end_char="3669" id="token-15-26" start_char="3667">the</TOKEN>
				<TOKEN end_char="3674" id="token-15-27" start_char="3671">base</TOKEN>
				<TOKEN end_char="3675" id="token-15-28" start_char="3675">’</TOKEN>
				<TOKEN end_char="3676" id="token-15-29" start_char="3676">s</TOKEN>
				<TOKEN end_char="3682" id="token-15-30" start_char="3678">walls</TOKEN>
				<TOKEN end_char="3683" id="token-15-31" start_char="3683">,</TOKEN>
				<TOKEN end_char="3691" id="token-15-32" start_char="3685">Reuters</TOKEN>
				<TOKEN end_char="3700" id="token-15-33" start_char="3693">reported</TOKEN>
				<TOKEN end_char="3701" id="token-15-34" start_char="3701">,</TOKEN>
				<TOKEN end_char="3708" id="token-15-35" start_char="3703">citing</TOKEN>
				<TOKEN end_char="3712" id="token-15-36" start_char="3710">the</TOKEN>
				<TOKEN end_char="3716" id="token-15-37" start_char="3714">air</TOKEN>
				<TOKEN end_char="3722" id="token-15-38" start_char="3718">force</TOKEN>
				<TOKEN end_char="3732" id="token-15-39" start_char="3724">spokesman</TOKEN>
				<TOKEN end_char="3733" id="token-15-40" start_char="3733">.</TOKEN>
			</SEG>
			<SEG end_char="3914" id="20120815_WAPO_a11a1a3c-e746-11e1-936a-b801f1abab19-16" start_char="3735">
				<ORIGINAL_TEXT>In May last year, a few days after the killing of al-Qaeda leader Osama bin Laden, militants carried out a similar attack on a Pakistani naval base in the southern city of Karachi.</ORIGINAL_TEXT>
				<TOKEN end_char="3736" id="token-16-0" start_char="3735">In</TOKEN>
				<TOKEN end_char="3740" id="token-16-1" start_char="3738">May</TOKEN>
				<TOKEN end_char="3745" id="token-16-2" start_char="3742">last</TOKEN>
				<TOKEN end_char="3750" id="token-16-3" start_char="3747">year</TOKEN>
				<TOKEN end_char="3751" id="token-16-4" start_char="3751">,</TOKEN>
				<TOKEN end_char="3753" id="token-16-5" start_char="3753">a</TOKEN>
				<TOKEN end_char="3757" id="token-16-6" start_char="3755">few</TOKEN>
				<TOKEN end_char="3762" id="token-16-7" start_char="3759">days</TOKEN>
				<TOKEN end_char="3768" id="token-16-8" start_char="3764">after</TOKEN>
				<TOKEN end_char="3772" id="token-16-9" start_char="3770">the</TOKEN>
				<TOKEN end_char="3780" id="token-16-10" start_char="3774">killing</TOKEN>
				<TOKEN end_char="3783" id="token-16-11" start_char="3782">of</TOKEN>
				<TOKEN end_char="3786" id="token-16-12" start_char="3785">al</TOKEN>
				<TOKEN end_char="3787" id="token-16-13" start_char="3787">-</TOKEN>
				<TOKEN end_char="3792" id="token-16-14" start_char="3788">Qaeda</TOKEN>
				<TOKEN end_char="3799" id="token-16-15" start_char="3794">leader</TOKEN>
				<TOKEN end_char="3805" id="token-16-16" start_char="3801">Osama</TOKEN>
				<TOKEN end_char="3809" id="token-16-17" start_char="3807">bin</TOKEN>
				<TOKEN end_char="3815" id="token-16-18" start_char="3811">Laden</TOKEN>
				<TOKEN end_char="3816" id="token-16-19" start_char="3816">,</TOKEN>
				<TOKEN end_char="3826" id="token-16-20" start_char="3818">militants</TOKEN>
				<TOKEN end_char="3834" id="token-16-21" start_char="3828">carried</TOKEN>
				<TOKEN end_char="3838" id="token-16-22" start_char="3836">out</TOKEN>
				<TOKEN end_char="3840" id="token-16-23" start_char="3840">a</TOKEN>
				<TOKEN end_char="3848" id="token-16-24" start_char="3842">similar</TOKEN>
				<TOKEN end_char="3855" id="token-16-25" start_char="3850">attack</TOKEN>
				<TOKEN end_char="3858" id="token-16-26" start_char="3857">on</TOKEN>
				<TOKEN end_char="3860" id="token-16-27" start_char="3860">a</TOKEN>
				<TOKEN end_char="3870" id="token-16-28" start_char="3862">Pakistani</TOKEN>
				<TOKEN end_char="3876" id="token-16-29" start_char="3872">naval</TOKEN>
				<TOKEN end_char="3881" id="token-16-30" start_char="3878">base</TOKEN>
				<TOKEN end_char="3884" id="token-16-31" start_char="3883">in</TOKEN>
				<TOKEN end_char="3888" id="token-16-32" start_char="3886">the</TOKEN>
				<TOKEN end_char="3897" id="token-16-33" start_char="3890">southern</TOKEN>
				<TOKEN end_char="3902" id="token-16-34" start_char="3899">city</TOKEN>
				<TOKEN end_char="3905" id="token-16-35" start_char="3904">of</TOKEN>
				<TOKEN end_char="3913" id="token-16-36" start_char="3907">Karachi</TOKEN>
				<TOKEN end_char="3914" id="token-16-37" start_char="3914">.</TOKEN>
			</SEG>
			<SEG end_char="4084" id="20120815_WAPO_a11a1a3c-e746-11e1-936a-b801f1abab19-17" start_char="3916">
				<ORIGINAL_TEXT>The Taliban claimed responsibility for that attack, in which about 10 security personnel were killed and the militants destroyed two aircraft built by the United States.</ORIGINAL_TEXT>
				<TOKEN end_char="3918" id="token-17-0" start_char="3916">The</TOKEN>
				<TOKEN end_char="3926" id="token-17-1" start_char="3920">Taliban</TOKEN>
				<TOKEN end_char="3934" id="token-17-2" start_char="3928">claimed</TOKEN>
				<TOKEN end_char="3949" id="token-17-3" start_char="3936">responsibility</TOKEN>
				<TOKEN end_char="3953" id="token-17-4" start_char="3951">for</TOKEN>
				<TOKEN end_char="3958" id="token-17-5" start_char="3955">that</TOKEN>
				<TOKEN end_char="3965" id="token-17-6" start_char="3960">attack</TOKEN>
				<TOKEN end_char="3966" id="token-17-7" start_char="3966">,</TOKEN>
				<TOKEN end_char="3969" id="token-17-8" start_char="3968">in</TOKEN>
				<TOKEN end_char="3975" id="token-17-9" start_char="3971">which</TOKEN>
				<TOKEN end_char="3981" id="token-17-10" start_char="3977">about</TOKEN>
				<TOKEN end_char="3984" id="token-17-11" start_char="3983">10</TOKEN>
				<TOKEN end_char="3993" id="token-17-12" start_char="3986">security</TOKEN>
				<TOKEN end_char="4003" id="token-17-13" start_char="3995">personnel</TOKEN>
				<TOKEN end_char="4008" id="token-17-14" start_char="4005">were</TOKEN>
				<TOKEN end_char="4015" id="token-17-15" start_char="4010">killed</TOKEN>
				<TOKEN end_char="4019" id="token-17-16" start_char="4017">and</TOKEN>
				<TOKEN end_char="4023" id="token-17-17" start_char="4021">the</TOKEN>
				<TOKEN end_char="4033" id="token-17-18" start_char="4025">militants</TOKEN>
				<TOKEN end_char="4043" id="token-17-19" start_char="4035">destroyed</TOKEN>
				<TOKEN end_char="4047" id="token-17-20" start_char="4045">two</TOKEN>
				<TOKEN end_char="4056" id="token-17-21" start_char="4049">aircraft</TOKEN>
				<TOKEN end_char="4062" id="token-17-22" start_char="4058">built</TOKEN>
				<TOKEN end_char="4065" id="token-17-23" start_char="4064">by</TOKEN>
				<TOKEN end_char="4069" id="token-17-24" start_char="4067">the</TOKEN>
				<TOKEN end_char="4076" id="token-17-25" start_char="4071">United</TOKEN>
				<TOKEN end_char="4083" id="token-17-26" start_char="4078">States</TOKEN>
				<TOKEN end_char="4084" id="token-17-27" start_char="4084">.</TOKEN>
			</SEG>
		</TEXT>
	</DOC>
</LCTL_TEXT>
