<?xml version="1.0" encoding="utf-8"?>
<LCTL_TEXT>
	<DOC id="20121214_WAPO_a26dcc48-45a7-11e2-8061-253bccfc7532">
		<TEXT>
			<SEG end_char="61" id="20121214_WAPO_a26dcc48-45a7-11e2-8061-253bccfc7532-0" start_char="0">
				<ORIGINAL_TEXT>With U.S. awash in natural gas, why aren’t fuel bills falling?</ORIGINAL_TEXT>
				<TOKEN end_char="3" id="token-0-0" start_char="0">With</TOKEN>
				<TOKEN end_char="5" id="token-0-1" start_char="5">U</TOKEN>
				<TOKEN end_char="6" id="token-0-2" start_char="6">.</TOKEN>
				<TOKEN end_char="7" id="token-0-3" start_char="7">S</TOKEN>
				<TOKEN end_char="8" id="token-0-4" start_char="8">.</TOKEN>
				<TOKEN end_char="14" id="token-0-5" start_char="10">awash</TOKEN>
				<TOKEN end_char="17" id="token-0-6" start_char="16">in</TOKEN>
				<TOKEN end_char="25" id="token-0-7" start_char="19">natural</TOKEN>
				<TOKEN end_char="29" id="token-0-8" start_char="27">gas</TOKEN>
				<TOKEN end_char="30" id="token-0-9" start_char="30">,</TOKEN>
				<TOKEN end_char="34" id="token-0-10" start_char="32">why</TOKEN>
				<TOKEN end_char="39" id="token-0-11" start_char="36">aren</TOKEN>
				<TOKEN end_char="40" id="token-0-12" start_char="40">’</TOKEN>
				<TOKEN end_char="41" id="token-0-13" start_char="41">t</TOKEN>
				<TOKEN end_char="46" id="token-0-14" start_char="43">fuel</TOKEN>
				<TOKEN end_char="52" id="token-0-15" start_char="48">bills</TOKEN>
				<TOKEN end_char="60" id="token-0-16" start_char="54">falling</TOKEN>
				<TOKEN end_char="61" id="token-0-17" start_char="61">?</TOKEN>
			</SEG>
			<SEG end_char="106" id="20121214_WAPO_a26dcc48-45a7-11e2-8061-253bccfc7532-1" start_char="63">
				<ORIGINAL_TEXT>Friday, December 14, 2012 06:35:46 GMT-05:00</ORIGINAL_TEXT>
				<TOKEN end_char="68" id="token-1-0" start_char="63">Friday</TOKEN>
				<TOKEN end_char="69" id="token-1-1" start_char="69">,</TOKEN>
				<TOKEN end_char="78" id="token-1-2" start_char="71">December</TOKEN>
				<TOKEN end_char="81" id="token-1-3" start_char="80">14</TOKEN>
				<TOKEN end_char="82" id="token-1-4" start_char="82">,</TOKEN>
				<TOKEN end_char="87" id="token-1-5" start_char="84">2012</TOKEN>
				<TOKEN end_char="90" id="token-1-6" start_char="89">06</TOKEN>
				<TOKEN end_char="91" id="token-1-7" start_char="91">:</TOKEN>
				<TOKEN end_char="93" id="token-1-8" start_char="92">35</TOKEN>
				<TOKEN end_char="94" id="token-1-9" start_char="94">:</TOKEN>
				<TOKEN end_char="96" id="token-1-10" start_char="95">46</TOKEN>
				<TOKEN end_char="100" id="token-1-11" start_char="98">GMT</TOKEN>
				<TOKEN end_char="101" id="token-1-12" start_char="101">-</TOKEN>
				<TOKEN end_char="103" id="token-1-13" start_char="102">05</TOKEN>
				<TOKEN end_char="104" id="token-1-14" start_char="104">:</TOKEN>
				<TOKEN end_char="106" id="token-1-15" start_char="105">00</TOKEN>
			</SEG>
			<SEG end_char="269" id="20121214_WAPO_a26dcc48-45a7-11e2-8061-253bccfc7532-2" start_char="108">
				<ORIGINAL_TEXT>Here’s a question a lot of homeowners are asking: If there is so much cheap natural gas floating around the United States, why aren’t people’s fuel bills falling?</ORIGINAL_TEXT>
				<TOKEN end_char="111" id="token-2-0" start_char="108">Here</TOKEN>
				<TOKEN end_char="112" id="token-2-1" start_char="112">’</TOKEN>
				<TOKEN end_char="113" id="token-2-2" start_char="113">s</TOKEN>
				<TOKEN end_char="115" id="token-2-3" start_char="115">a</TOKEN>
				<TOKEN end_char="124" id="token-2-4" start_char="117">question</TOKEN>
				<TOKEN end_char="126" id="token-2-5" start_char="126">a</TOKEN>
				<TOKEN end_char="130" id="token-2-6" start_char="128">lot</TOKEN>
				<TOKEN end_char="133" id="token-2-7" start_char="132">of</TOKEN>
				<TOKEN end_char="144" id="token-2-8" start_char="135">homeowners</TOKEN>
				<TOKEN end_char="148" id="token-2-9" start_char="146">are</TOKEN>
				<TOKEN end_char="155" id="token-2-10" start_char="150">asking</TOKEN>
				<TOKEN end_char="156" id="token-2-11" start_char="156">:</TOKEN>
				<TOKEN end_char="159" id="token-2-12" start_char="158">If</TOKEN>
				<TOKEN end_char="165" id="token-2-13" start_char="161">there</TOKEN>
				<TOKEN end_char="168" id="token-2-14" start_char="167">is</TOKEN>
				<TOKEN end_char="171" id="token-2-15" start_char="170">so</TOKEN>
				<TOKEN end_char="176" id="token-2-16" start_char="173">much</TOKEN>
				<TOKEN end_char="182" id="token-2-17" start_char="178">cheap</TOKEN>
				<TOKEN end_char="190" id="token-2-18" start_char="184">natural</TOKEN>
				<TOKEN end_char="194" id="token-2-19" start_char="192">gas</TOKEN>
				<TOKEN end_char="203" id="token-2-20" start_char="196">floating</TOKEN>
				<TOKEN end_char="210" id="token-2-21" start_char="205">around</TOKEN>
				<TOKEN end_char="214" id="token-2-22" start_char="212">the</TOKEN>
				<TOKEN end_char="221" id="token-2-23" start_char="216">United</TOKEN>
				<TOKEN end_char="228" id="token-2-24" start_char="223">States</TOKEN>
				<TOKEN end_char="229" id="token-2-25" start_char="229">,</TOKEN>
				<TOKEN end_char="233" id="token-2-26" start_char="231">why</TOKEN>
				<TOKEN end_char="238" id="token-2-27" start_char="235">aren</TOKEN>
				<TOKEN end_char="239" id="token-2-28" start_char="239">’</TOKEN>
				<TOKEN end_char="240" id="token-2-29" start_char="240">t</TOKEN>
				<TOKEN end_char="247" id="token-2-30" start_char="242">people</TOKEN>
				<TOKEN end_char="248" id="token-2-31" start_char="248">’</TOKEN>
				<TOKEN end_char="249" id="token-2-32" start_char="249">s</TOKEN>
				<TOKEN end_char="254" id="token-2-33" start_char="251">fuel</TOKEN>
				<TOKEN end_char="260" id="token-2-34" start_char="256">bills</TOKEN>
				<TOKEN end_char="268" id="token-2-35" start_char="262">falling</TOKEN>
				<TOKEN end_char="269" id="token-2-36" start_char="269">?</TOKEN>
			</SEG>
			<SEG end_char="500" id="20121214_WAPO_a26dcc48-45a7-11e2-8061-253bccfc7532-3" start_char="271">
				<ORIGINAL_TEXT>The answer is that fuel is only part of the fuel bill. A lot of what homeowners pay goes to building new power lines or tending to aging gas pipelines. In one recent rate case, a utility got a rate increase to cover pension costs.</ORIGINAL_TEXT>
				<TOKEN end_char="273" id="token-3-0" start_char="271">The</TOKEN>
				<TOKEN end_char="280" id="token-3-1" start_char="275">answer</TOKEN>
				<TOKEN end_char="283" id="token-3-2" start_char="282">is</TOKEN>
				<TOKEN end_char="288" id="token-3-3" start_char="285">that</TOKEN>
				<TOKEN end_char="293" id="token-3-4" start_char="290">fuel</TOKEN>
				<TOKEN end_char="296" id="token-3-5" start_char="295">is</TOKEN>
				<TOKEN end_char="301" id="token-3-6" start_char="298">only</TOKEN>
				<TOKEN end_char="306" id="token-3-7" start_char="303">part</TOKEN>
				<TOKEN end_char="309" id="token-3-8" start_char="308">of</TOKEN>
				<TOKEN end_char="313" id="token-3-9" start_char="311">the</TOKEN>
				<TOKEN end_char="318" id="token-3-10" start_char="315">fuel</TOKEN>
				<TOKEN end_char="323" id="token-3-11" start_char="320">bill</TOKEN>
				<TOKEN end_char="324" id="token-3-12" start_char="324">.</TOKEN>
				<TOKEN end_char="326" id="token-3-13" start_char="326">A</TOKEN>
				<TOKEN end_char="330" id="token-3-14" start_char="328">lot</TOKEN>
				<TOKEN end_char="333" id="token-3-15" start_char="332">of</TOKEN>
				<TOKEN end_char="338" id="token-3-16" start_char="335">what</TOKEN>
				<TOKEN end_char="349" id="token-3-17" start_char="340">homeowners</TOKEN>
				<TOKEN end_char="353" id="token-3-18" start_char="351">pay</TOKEN>
				<TOKEN end_char="358" id="token-3-19" start_char="355">goes</TOKEN>
				<TOKEN end_char="361" id="token-3-20" start_char="360">to</TOKEN>
				<TOKEN end_char="370" id="token-3-21" start_char="363">building</TOKEN>
				<TOKEN end_char="374" id="token-3-22" start_char="372">new</TOKEN>
				<TOKEN end_char="380" id="token-3-23" start_char="376">power</TOKEN>
				<TOKEN end_char="386" id="token-3-24" start_char="382">lines</TOKEN>
				<TOKEN end_char="389" id="token-3-25" start_char="388">or</TOKEN>
				<TOKEN end_char="397" id="token-3-26" start_char="391">tending</TOKEN>
				<TOKEN end_char="400" id="token-3-27" start_char="399">to</TOKEN>
				<TOKEN end_char="406" id="token-3-28" start_char="402">aging</TOKEN>
				<TOKEN end_char="410" id="token-3-29" start_char="408">gas</TOKEN>
				<TOKEN end_char="420" id="token-3-30" start_char="412">pipelines</TOKEN>
				<TOKEN end_char="421" id="token-3-31" start_char="421">.</TOKEN>
				<TOKEN end_char="424" id="token-3-32" start_char="423">In</TOKEN>
				<TOKEN end_char="428" id="token-3-33" start_char="426">one</TOKEN>
				<TOKEN end_char="435" id="token-3-34" start_char="430">recent</TOKEN>
				<TOKEN end_char="440" id="token-3-35" start_char="437">rate</TOKEN>
				<TOKEN end_char="445" id="token-3-36" start_char="442">case</TOKEN>
				<TOKEN end_char="446" id="token-3-37" start_char="446">,</TOKEN>
				<TOKEN end_char="448" id="token-3-38" start_char="448">a</TOKEN>
				<TOKEN end_char="456" id="token-3-39" start_char="450">utility</TOKEN>
				<TOKEN end_char="460" id="token-3-40" start_char="458">got</TOKEN>
				<TOKEN end_char="462" id="token-3-41" start_char="462">a</TOKEN>
				<TOKEN end_char="467" id="token-3-42" start_char="464">rate</TOKEN>
				<TOKEN end_char="476" id="token-3-43" start_char="469">increase</TOKEN>
				<TOKEN end_char="479" id="token-3-44" start_char="478">to</TOKEN>
				<TOKEN end_char="485" id="token-3-45" start_char="481">cover</TOKEN>
				<TOKEN end_char="493" id="token-3-46" start_char="487">pension</TOKEN>
				<TOKEN end_char="499" id="token-3-47" start_char="495">costs</TOKEN>
				<TOKEN end_char="500" id="token-3-48" start_char="500">.</TOKEN>
			</SEG>
			<SEG end_char="826" id="20121214_WAPO_a26dcc48-45a7-11e2-8061-253bccfc7532-4" start_char="502">
				<ORIGINAL_TEXT>Moreover, electric utilities, burned by sudden natural gas price spikes last decade, have learned to spread out contract negotiations. For Pepco, each year it bids for a third of the electricity it needs from power suppliers. That smooths out changes in electricity prices, but it also delays the full effect of lower prices.</ORIGINAL_TEXT>
				<TOKEN end_char="509" id="token-4-0" start_char="502">Moreover</TOKEN>
				<TOKEN end_char="510" id="token-4-1" start_char="510">,</TOKEN>
				<TOKEN end_char="519" id="token-4-2" start_char="512">electric</TOKEN>
				<TOKEN end_char="529" id="token-4-3" start_char="521">utilities</TOKEN>
				<TOKEN end_char="530" id="token-4-4" start_char="530">,</TOKEN>
				<TOKEN end_char="537" id="token-4-5" start_char="532">burned</TOKEN>
				<TOKEN end_char="540" id="token-4-6" start_char="539">by</TOKEN>
				<TOKEN end_char="547" id="token-4-7" start_char="542">sudden</TOKEN>
				<TOKEN end_char="555" id="token-4-8" start_char="549">natural</TOKEN>
				<TOKEN end_char="559" id="token-4-9" start_char="557">gas</TOKEN>
				<TOKEN end_char="565" id="token-4-10" start_char="561">price</TOKEN>
				<TOKEN end_char="572" id="token-4-11" start_char="567">spikes</TOKEN>
				<TOKEN end_char="577" id="token-4-12" start_char="574">last</TOKEN>
				<TOKEN end_char="584" id="token-4-13" start_char="579">decade</TOKEN>
				<TOKEN end_char="585" id="token-4-14" start_char="585">,</TOKEN>
				<TOKEN end_char="590" id="token-4-15" start_char="587">have</TOKEN>
				<TOKEN end_char="598" id="token-4-16" start_char="592">learned</TOKEN>
				<TOKEN end_char="601" id="token-4-17" start_char="600">to</TOKEN>
				<TOKEN end_char="608" id="token-4-18" start_char="603">spread</TOKEN>
				<TOKEN end_char="612" id="token-4-19" start_char="610">out</TOKEN>
				<TOKEN end_char="621" id="token-4-20" start_char="614">contract</TOKEN>
				<TOKEN end_char="634" id="token-4-21" start_char="623">negotiations</TOKEN>
				<TOKEN end_char="635" id="token-4-22" start_char="635">.</TOKEN>
				<TOKEN end_char="639" id="token-4-23" start_char="637">For</TOKEN>
				<TOKEN end_char="645" id="token-4-24" start_char="641">Pepco</TOKEN>
				<TOKEN end_char="646" id="token-4-25" start_char="646">,</TOKEN>
				<TOKEN end_char="651" id="token-4-26" start_char="648">each</TOKEN>
				<TOKEN end_char="656" id="token-4-27" start_char="653">year</TOKEN>
				<TOKEN end_char="659" id="token-4-28" start_char="658">it</TOKEN>
				<TOKEN end_char="664" id="token-4-29" start_char="661">bids</TOKEN>
				<TOKEN end_char="668" id="token-4-30" start_char="666">for</TOKEN>
				<TOKEN end_char="670" id="token-4-31" start_char="670">a</TOKEN>
				<TOKEN end_char="676" id="token-4-32" start_char="672">third</TOKEN>
				<TOKEN end_char="679" id="token-4-33" start_char="678">of</TOKEN>
				<TOKEN end_char="683" id="token-4-34" start_char="681">the</TOKEN>
				<TOKEN end_char="695" id="token-4-35" start_char="685">electricity</TOKEN>
				<TOKEN end_char="698" id="token-4-36" start_char="697">it</TOKEN>
				<TOKEN end_char="704" id="token-4-37" start_char="700">needs</TOKEN>
				<TOKEN end_char="709" id="token-4-38" start_char="706">from</TOKEN>
				<TOKEN end_char="715" id="token-4-39" start_char="711">power</TOKEN>
				<TOKEN end_char="725" id="token-4-40" start_char="717">suppliers</TOKEN>
				<TOKEN end_char="726" id="token-4-41" start_char="726">.</TOKEN>
				<TOKEN end_char="731" id="token-4-42" start_char="728">That</TOKEN>
				<TOKEN end_char="739" id="token-4-43" start_char="733">smooths</TOKEN>
				<TOKEN end_char="743" id="token-4-44" start_char="741">out</TOKEN>
				<TOKEN end_char="751" id="token-4-45" start_char="745">changes</TOKEN>
				<TOKEN end_char="754" id="token-4-46" start_char="753">in</TOKEN>
				<TOKEN end_char="766" id="token-4-47" start_char="756">electricity</TOKEN>
				<TOKEN end_char="773" id="token-4-48" start_char="768">prices</TOKEN>
				<TOKEN end_char="774" id="token-4-49" start_char="774">,</TOKEN>
				<TOKEN end_char="778" id="token-4-50" start_char="776">but</TOKEN>
				<TOKEN end_char="781" id="token-4-51" start_char="780">it</TOKEN>
				<TOKEN end_char="786" id="token-4-52" start_char="783">also</TOKEN>
				<TOKEN end_char="793" id="token-4-53" start_char="788">delays</TOKEN>
				<TOKEN end_char="797" id="token-4-54" start_char="795">the</TOKEN>
				<TOKEN end_char="802" id="token-4-55" start_char="799">full</TOKEN>
				<TOKEN end_char="809" id="token-4-56" start_char="804">effect</TOKEN>
				<TOKEN end_char="812" id="token-4-57" start_char="811">of</TOKEN>
				<TOKEN end_char="818" id="token-4-58" start_char="814">lower</TOKEN>
				<TOKEN end_char="825" id="token-4-59" start_char="820">prices</TOKEN>
				<TOKEN end_char="826" id="token-4-60" start_char="826">.</TOKEN>
			</SEG>
			<SEG end_char="1133" id="20121214_WAPO_a26dcc48-45a7-11e2-8061-253bccfc7532-5" start_char="828">
				<ORIGINAL_TEXT>“In the contracts we’ve been receiving, we are seeing a reduction in the supply cost that is driving the energy portions of the bills down,” said Bill Gausman, senior vice president of strategic initiatives for Pepco Holdings. “Because we’re only bidding a third of our supplies, the impact is not as big.”</ORIGINAL_TEXT>
				<TOKEN end_char="828" id="token-5-0" start_char="828">“</TOKEN>
				<TOKEN end_char="830" id="token-5-1" start_char="829">In</TOKEN>
				<TOKEN end_char="834" id="token-5-2" start_char="832">the</TOKEN>
				<TOKEN end_char="844" id="token-5-3" start_char="836">contracts</TOKEN>
				<TOKEN end_char="847" id="token-5-4" start_char="846">we</TOKEN>
				<TOKEN end_char="848" id="token-5-5" start_char="848">’</TOKEN>
				<TOKEN end_char="850" id="token-5-6" start_char="849">ve</TOKEN>
				<TOKEN end_char="855" id="token-5-7" start_char="852">been</TOKEN>
				<TOKEN end_char="865" id="token-5-8" start_char="857">receiving</TOKEN>
				<TOKEN end_char="866" id="token-5-9" start_char="866">,</TOKEN>
				<TOKEN end_char="869" id="token-5-10" start_char="868">we</TOKEN>
				<TOKEN end_char="873" id="token-5-11" start_char="871">are</TOKEN>
				<TOKEN end_char="880" id="token-5-12" start_char="875">seeing</TOKEN>
				<TOKEN end_char="882" id="token-5-13" start_char="882">a</TOKEN>
				<TOKEN end_char="892" id="token-5-14" start_char="884">reduction</TOKEN>
				<TOKEN end_char="895" id="token-5-15" start_char="894">in</TOKEN>
				<TOKEN end_char="899" id="token-5-16" start_char="897">the</TOKEN>
				<TOKEN end_char="906" id="token-5-17" start_char="901">supply</TOKEN>
				<TOKEN end_char="911" id="token-5-18" start_char="908">cost</TOKEN>
				<TOKEN end_char="916" id="token-5-19" start_char="913">that</TOKEN>
				<TOKEN end_char="919" id="token-5-20" start_char="918">is</TOKEN>
				<TOKEN end_char="927" id="token-5-21" start_char="921">driving</TOKEN>
				<TOKEN end_char="931" id="token-5-22" start_char="929">the</TOKEN>
				<TOKEN end_char="938" id="token-5-23" start_char="933">energy</TOKEN>
				<TOKEN end_char="947" id="token-5-24" start_char="940">portions</TOKEN>
				<TOKEN end_char="950" id="token-5-25" start_char="949">of</TOKEN>
				<TOKEN end_char="954" id="token-5-26" start_char="952">the</TOKEN>
				<TOKEN end_char="960" id="token-5-27" start_char="956">bills</TOKEN>
				<TOKEN end_char="965" id="token-5-28" start_char="962">down</TOKEN>
				<TOKEN end_char="967" id="token-5-29" start_char="966">,”</TOKEN>
				<TOKEN end_char="972" id="token-5-30" start_char="969">said</TOKEN>
				<TOKEN end_char="977" id="token-5-31" start_char="974">Bill</TOKEN>
				<TOKEN end_char="985" id="token-5-32" start_char="979">Gausman</TOKEN>
				<TOKEN end_char="986" id="token-5-33" start_char="986">,</TOKEN>
				<TOKEN end_char="993" id="token-5-34" start_char="988">senior</TOKEN>
				<TOKEN end_char="998" id="token-5-35" start_char="995">vice</TOKEN>
				<TOKEN end_char="1008" id="token-5-36" start_char="1000">president</TOKEN>
				<TOKEN end_char="1011" id="token-5-37" start_char="1010">of</TOKEN>
				<TOKEN end_char="1021" id="token-5-38" start_char="1013">strategic</TOKEN>
				<TOKEN end_char="1033" id="token-5-39" start_char="1023">initiatives</TOKEN>
				<TOKEN end_char="1037" id="token-5-40" start_char="1035">for</TOKEN>
				<TOKEN end_char="1043" id="token-5-41" start_char="1039">Pepco</TOKEN>
				<TOKEN end_char="1052" id="token-5-42" start_char="1045">Holdings</TOKEN>
				<TOKEN end_char="1053" id="token-5-43" start_char="1053">.</TOKEN>
				<TOKEN end_char="1055" id="token-5-44" start_char="1055">“</TOKEN>
				<TOKEN end_char="1062" id="token-5-45" start_char="1056">Because</TOKEN>
				<TOKEN end_char="1065" id="token-5-46" start_char="1064">we</TOKEN>
				<TOKEN end_char="1066" id="token-5-47" start_char="1066">’</TOKEN>
				<TOKEN end_char="1068" id="token-5-48" start_char="1067">re</TOKEN>
				<TOKEN end_char="1073" id="token-5-49" start_char="1070">only</TOKEN>
				<TOKEN end_char="1081" id="token-5-50" start_char="1075">bidding</TOKEN>
				<TOKEN end_char="1083" id="token-5-51" start_char="1083">a</TOKEN>
				<TOKEN end_char="1089" id="token-5-52" start_char="1085">third</TOKEN>
				<TOKEN end_char="1092" id="token-5-53" start_char="1091">of</TOKEN>
				<TOKEN end_char="1096" id="token-5-54" start_char="1094">our</TOKEN>
				<TOKEN end_char="1105" id="token-5-55" start_char="1098">supplies</TOKEN>
				<TOKEN end_char="1106" id="token-5-56" start_char="1106">,</TOKEN>
				<TOKEN end_char="1110" id="token-5-57" start_char="1108">the</TOKEN>
				<TOKEN end_char="1117" id="token-5-58" start_char="1112">impact</TOKEN>
				<TOKEN end_char="1120" id="token-5-59" start_char="1119">is</TOKEN>
				<TOKEN end_char="1124" id="token-5-60" start_char="1122">not</TOKEN>
				<TOKEN end_char="1127" id="token-5-61" start_char="1126">as</TOKEN>
				<TOKEN end_char="1131" id="token-5-62" start_char="1129">big</TOKEN>
				<TOKEN end_char="1133" id="token-5-63" start_char="1132">.”</TOKEN>
			</SEG>
			<SEG end_char="1431" id="20121214_WAPO_a26dcc48-45a7-11e2-8061-253bccfc7532-6" start_char="1135">
				<ORIGINAL_TEXT>Most electric utilities also rely on a variety of energy sources. Cheap natural gas, the result of new supplies of shale gas in the past four or five years, is moderating fuel prices. But it is just one part of the fuel cost that includes coal, nuclear and renewables that go into a regional grid.</ORIGINAL_TEXT>
				<TOKEN end_char="1138" id="token-6-0" start_char="1135">Most</TOKEN>
				<TOKEN end_char="1147" id="token-6-1" start_char="1140">electric</TOKEN>
				<TOKEN end_char="1157" id="token-6-2" start_char="1149">utilities</TOKEN>
				<TOKEN end_char="1162" id="token-6-3" start_char="1159">also</TOKEN>
				<TOKEN end_char="1167" id="token-6-4" start_char="1164">rely</TOKEN>
				<TOKEN end_char="1170" id="token-6-5" start_char="1169">on</TOKEN>
				<TOKEN end_char="1172" id="token-6-6" start_char="1172">a</TOKEN>
				<TOKEN end_char="1180" id="token-6-7" start_char="1174">variety</TOKEN>
				<TOKEN end_char="1183" id="token-6-8" start_char="1182">of</TOKEN>
				<TOKEN end_char="1190" id="token-6-9" start_char="1185">energy</TOKEN>
				<TOKEN end_char="1198" id="token-6-10" start_char="1192">sources</TOKEN>
				<TOKEN end_char="1199" id="token-6-11" start_char="1199">.</TOKEN>
				<TOKEN end_char="1205" id="token-6-12" start_char="1201">Cheap</TOKEN>
				<TOKEN end_char="1213" id="token-6-13" start_char="1207">natural</TOKEN>
				<TOKEN end_char="1217" id="token-6-14" start_char="1215">gas</TOKEN>
				<TOKEN end_char="1218" id="token-6-15" start_char="1218">,</TOKEN>
				<TOKEN end_char="1222" id="token-6-16" start_char="1220">the</TOKEN>
				<TOKEN end_char="1229" id="token-6-17" start_char="1224">result</TOKEN>
				<TOKEN end_char="1232" id="token-6-18" start_char="1231">of</TOKEN>
				<TOKEN end_char="1236" id="token-6-19" start_char="1234">new</TOKEN>
				<TOKEN end_char="1245" id="token-6-20" start_char="1238">supplies</TOKEN>
				<TOKEN end_char="1248" id="token-6-21" start_char="1247">of</TOKEN>
				<TOKEN end_char="1254" id="token-6-22" start_char="1250">shale</TOKEN>
				<TOKEN end_char="1258" id="token-6-23" start_char="1256">gas</TOKEN>
				<TOKEN end_char="1261" id="token-6-24" start_char="1260">in</TOKEN>
				<TOKEN end_char="1265" id="token-6-25" start_char="1263">the</TOKEN>
				<TOKEN end_char="1270" id="token-6-26" start_char="1267">past</TOKEN>
				<TOKEN end_char="1275" id="token-6-27" start_char="1272">four</TOKEN>
				<TOKEN end_char="1278" id="token-6-28" start_char="1277">or</TOKEN>
				<TOKEN end_char="1283" id="token-6-29" start_char="1280">five</TOKEN>
				<TOKEN end_char="1289" id="token-6-30" start_char="1285">years</TOKEN>
				<TOKEN end_char="1290" id="token-6-31" start_char="1290">,</TOKEN>
				<TOKEN end_char="1293" id="token-6-32" start_char="1292">is</TOKEN>
				<TOKEN end_char="1304" id="token-6-33" start_char="1295">moderating</TOKEN>
				<TOKEN end_char="1309" id="token-6-34" start_char="1306">fuel</TOKEN>
				<TOKEN end_char="1316" id="token-6-35" start_char="1311">prices</TOKEN>
				<TOKEN end_char="1317" id="token-6-36" start_char="1317">.</TOKEN>
				<TOKEN end_char="1321" id="token-6-37" start_char="1319">But</TOKEN>
				<TOKEN end_char="1324" id="token-6-38" start_char="1323">it</TOKEN>
				<TOKEN end_char="1327" id="token-6-39" start_char="1326">is</TOKEN>
				<TOKEN end_char="1332" id="token-6-40" start_char="1329">just</TOKEN>
				<TOKEN end_char="1336" id="token-6-41" start_char="1334">one</TOKEN>
				<TOKEN end_char="1341" id="token-6-42" start_char="1338">part</TOKEN>
				<TOKEN end_char="1344" id="token-6-43" start_char="1343">of</TOKEN>
				<TOKEN end_char="1348" id="token-6-44" start_char="1346">the</TOKEN>
				<TOKEN end_char="1353" id="token-6-45" start_char="1350">fuel</TOKEN>
				<TOKEN end_char="1358" id="token-6-46" start_char="1355">cost</TOKEN>
				<TOKEN end_char="1363" id="token-6-47" start_char="1360">that</TOKEN>
				<TOKEN end_char="1372" id="token-6-48" start_char="1365">includes</TOKEN>
				<TOKEN end_char="1377" id="token-6-49" start_char="1374">coal</TOKEN>
				<TOKEN end_char="1378" id="token-6-50" start_char="1378">,</TOKEN>
				<TOKEN end_char="1386" id="token-6-51" start_char="1380">nuclear</TOKEN>
				<TOKEN end_char="1390" id="token-6-52" start_char="1388">and</TOKEN>
				<TOKEN end_char="1401" id="token-6-53" start_char="1392">renewables</TOKEN>
				<TOKEN end_char="1406" id="token-6-54" start_char="1403">that</TOKEN>
				<TOKEN end_char="1409" id="token-6-55" start_char="1408">go</TOKEN>
				<TOKEN end_char="1414" id="token-6-56" start_char="1411">into</TOKEN>
				<TOKEN end_char="1416" id="token-6-57" start_char="1416">a</TOKEN>
				<TOKEN end_char="1425" id="token-6-58" start_char="1418">regional</TOKEN>
				<TOKEN end_char="1430" id="token-6-59" start_char="1427">grid</TOKEN>
				<TOKEN end_char="1431" id="token-6-60" start_char="1431">.</TOKEN>
			</SEG>
			<SEG end_char="1636" id="20121214_WAPO_a26dcc48-45a7-11e2-8061-253bccfc7532-7" start_char="1433">
				<ORIGINAL_TEXT>Pepco says 72.2 percent of the typical electricity bill in the District is made up of fuel costs, while distribution eats up 19.2 percent; transmission, 2.2 percent; and surcharges and taxes, 6.4 percent.</ORIGINAL_TEXT>
				<TOKEN end_char="1437" id="token-7-0" start_char="1433">Pepco</TOKEN>
				<TOKEN end_char="1442" id="token-7-1" start_char="1439">says</TOKEN>
				<TOKEN end_char="1445" id="token-7-2" start_char="1444">72</TOKEN>
				<TOKEN end_char="1446" id="token-7-3" start_char="1446">.</TOKEN>
				<TOKEN end_char="1447" id="token-7-4" start_char="1447">2</TOKEN>
				<TOKEN end_char="1455" id="token-7-5" start_char="1449">percent</TOKEN>
				<TOKEN end_char="1458" id="token-7-6" start_char="1457">of</TOKEN>
				<TOKEN end_char="1462" id="token-7-7" start_char="1460">the</TOKEN>
				<TOKEN end_char="1470" id="token-7-8" start_char="1464">typical</TOKEN>
				<TOKEN end_char="1482" id="token-7-9" start_char="1472">electricity</TOKEN>
				<TOKEN end_char="1487" id="token-7-10" start_char="1484">bill</TOKEN>
				<TOKEN end_char="1490" id="token-7-11" start_char="1489">in</TOKEN>
				<TOKEN end_char="1494" id="token-7-12" start_char="1492">the</TOKEN>
				<TOKEN end_char="1503" id="token-7-13" start_char="1496">District</TOKEN>
				<TOKEN end_char="1506" id="token-7-14" start_char="1505">is</TOKEN>
				<TOKEN end_char="1511" id="token-7-15" start_char="1508">made</TOKEN>
				<TOKEN end_char="1514" id="token-7-16" start_char="1513">up</TOKEN>
				<TOKEN end_char="1517" id="token-7-17" start_char="1516">of</TOKEN>
				<TOKEN end_char="1522" id="token-7-18" start_char="1519">fuel</TOKEN>
				<TOKEN end_char="1528" id="token-7-19" start_char="1524">costs</TOKEN>
				<TOKEN end_char="1529" id="token-7-20" start_char="1529">,</TOKEN>
				<TOKEN end_char="1535" id="token-7-21" start_char="1531">while</TOKEN>
				<TOKEN end_char="1548" id="token-7-22" start_char="1537">distribution</TOKEN>
				<TOKEN end_char="1553" id="token-7-23" start_char="1550">eats</TOKEN>
				<TOKEN end_char="1556" id="token-7-24" start_char="1555">up</TOKEN>
				<TOKEN end_char="1559" id="token-7-25" start_char="1558">19</TOKEN>
				<TOKEN end_char="1560" id="token-7-26" start_char="1560">.</TOKEN>
				<TOKEN end_char="1561" id="token-7-27" start_char="1561">2</TOKEN>
				<TOKEN end_char="1569" id="token-7-28" start_char="1563">percent</TOKEN>
				<TOKEN end_char="1570" id="token-7-29" start_char="1570">;</TOKEN>
				<TOKEN end_char="1583" id="token-7-30" start_char="1572">transmission</TOKEN>
				<TOKEN end_char="1584" id="token-7-31" start_char="1584">,</TOKEN>
				<TOKEN end_char="1586" id="token-7-32" start_char="1586">2</TOKEN>
				<TOKEN end_char="1587" id="token-7-33" start_char="1587">.</TOKEN>
				<TOKEN end_char="1588" id="token-7-34" start_char="1588">2</TOKEN>
				<TOKEN end_char="1596" id="token-7-35" start_char="1590">percent</TOKEN>
				<TOKEN end_char="1597" id="token-7-36" start_char="1597">;</TOKEN>
				<TOKEN end_char="1601" id="token-7-37" start_char="1599">and</TOKEN>
				<TOKEN end_char="1612" id="token-7-38" start_char="1603">surcharges</TOKEN>
				<TOKEN end_char="1616" id="token-7-39" start_char="1614">and</TOKEN>
				<TOKEN end_char="1622" id="token-7-40" start_char="1618">taxes</TOKEN>
				<TOKEN end_char="1623" id="token-7-41" start_char="1623">,</TOKEN>
				<TOKEN end_char="1625" id="token-7-42" start_char="1625">6</TOKEN>
				<TOKEN end_char="1626" id="token-7-43" start_char="1626">.</TOKEN>
				<TOKEN end_char="1627" id="token-7-44" start_char="1627">4</TOKEN>
				<TOKEN end_char="1635" id="token-7-45" start_char="1629">percent</TOKEN>
				<TOKEN end_char="1636" id="token-7-46" start_char="1636">.</TOKEN>
			</SEG>
			<SEG end_char="1806" id="20121214_WAPO_a26dcc48-45a7-11e2-8061-253bccfc7532-8" start_char="1638">
				<ORIGINAL_TEXT>Low natural gas prices did not stop Washington Gas earlier this year from seeking a revenue increase of 14 percent from regulators on the D.C. Public Service Commission.</ORIGINAL_TEXT>
				<TOKEN end_char="1640" id="token-8-0" start_char="1638">Low</TOKEN>
				<TOKEN end_char="1648" id="token-8-1" start_char="1642">natural</TOKEN>
				<TOKEN end_char="1652" id="token-8-2" start_char="1650">gas</TOKEN>
				<TOKEN end_char="1659" id="token-8-3" start_char="1654">prices</TOKEN>
				<TOKEN end_char="1663" id="token-8-4" start_char="1661">did</TOKEN>
				<TOKEN end_char="1667" id="token-8-5" start_char="1665">not</TOKEN>
				<TOKEN end_char="1672" id="token-8-6" start_char="1669">stop</TOKEN>
				<TOKEN end_char="1683" id="token-8-7" start_char="1674">Washington</TOKEN>
				<TOKEN end_char="1687" id="token-8-8" start_char="1685">Gas</TOKEN>
				<TOKEN end_char="1695" id="token-8-9" start_char="1689">earlier</TOKEN>
				<TOKEN end_char="1700" id="token-8-10" start_char="1697">this</TOKEN>
				<TOKEN end_char="1705" id="token-8-11" start_char="1702">year</TOKEN>
				<TOKEN end_char="1710" id="token-8-12" start_char="1707">from</TOKEN>
				<TOKEN end_char="1718" id="token-8-13" start_char="1712">seeking</TOKEN>
				<TOKEN end_char="1720" id="token-8-14" start_char="1720">a</TOKEN>
				<TOKEN end_char="1728" id="token-8-15" start_char="1722">revenue</TOKEN>
				<TOKEN end_char="1737" id="token-8-16" start_char="1730">increase</TOKEN>
				<TOKEN end_char="1740" id="token-8-17" start_char="1739">of</TOKEN>
				<TOKEN end_char="1743" id="token-8-18" start_char="1742">14</TOKEN>
				<TOKEN end_char="1751" id="token-8-19" start_char="1745">percent</TOKEN>
				<TOKEN end_char="1756" id="token-8-20" start_char="1753">from</TOKEN>
				<TOKEN end_char="1767" id="token-8-21" start_char="1758">regulators</TOKEN>
				<TOKEN end_char="1770" id="token-8-22" start_char="1769">on</TOKEN>
				<TOKEN end_char="1774" id="token-8-23" start_char="1772">the</TOKEN>
				<TOKEN end_char="1776" id="token-8-24" start_char="1776">D</TOKEN>
				<TOKEN end_char="1777" id="token-8-25" start_char="1777">.</TOKEN>
				<TOKEN end_char="1778" id="token-8-26" start_char="1778">C</TOKEN>
				<TOKEN end_char="1779" id="token-8-27" start_char="1779">.</TOKEN>
				<TOKEN end_char="1786" id="token-8-28" start_char="1781">Public</TOKEN>
				<TOKEN end_char="1794" id="token-8-29" start_char="1788">Service</TOKEN>
				<TOKEN end_char="1805" id="token-8-30" start_char="1796">Commission</TOKEN>
				<TOKEN end_char="1806" id="token-8-31" start_char="1806">.</TOKEN>
			</SEG>
			<SEG end_char="2082" id="20121214_WAPO_a26dcc48-45a7-11e2-8061-253bccfc7532-9" start_char="1808">
				<ORIGINAL_TEXT>“WGL is proposing to expand an existing program for replacing and encapsulating certain old mechanical couplings,” the PSC said. It said Washington Gas was approved “to include the accelerated replacement of pipes in its system that are nearing the end of their useful life.”</ORIGINAL_TEXT>
				<TOKEN end_char="1808" id="token-9-0" start_char="1808">“</TOKEN>
				<TOKEN end_char="1811" id="token-9-1" start_char="1809">WGL</TOKEN>
				<TOKEN end_char="1814" id="token-9-2" start_char="1813">is</TOKEN>
				<TOKEN end_char="1824" id="token-9-3" start_char="1816">proposing</TOKEN>
				<TOKEN end_char="1827" id="token-9-4" start_char="1826">to</TOKEN>
				<TOKEN end_char="1834" id="token-9-5" start_char="1829">expand</TOKEN>
				<TOKEN end_char="1837" id="token-9-6" start_char="1836">an</TOKEN>
				<TOKEN end_char="1846" id="token-9-7" start_char="1839">existing</TOKEN>
				<TOKEN end_char="1854" id="token-9-8" start_char="1848">program</TOKEN>
				<TOKEN end_char="1858" id="token-9-9" start_char="1856">for</TOKEN>
				<TOKEN end_char="1868" id="token-9-10" start_char="1860">replacing</TOKEN>
				<TOKEN end_char="1872" id="token-9-11" start_char="1870">and</TOKEN>
				<TOKEN end_char="1886" id="token-9-12" start_char="1874">encapsulating</TOKEN>
				<TOKEN end_char="1894" id="token-9-13" start_char="1888">certain</TOKEN>
				<TOKEN end_char="1898" id="token-9-14" start_char="1896">old</TOKEN>
				<TOKEN end_char="1909" id="token-9-15" start_char="1900">mechanical</TOKEN>
				<TOKEN end_char="1919" id="token-9-16" start_char="1911">couplings</TOKEN>
				<TOKEN end_char="1921" id="token-9-17" start_char="1920">,”</TOKEN>
				<TOKEN end_char="1925" id="token-9-18" start_char="1923">the</TOKEN>
				<TOKEN end_char="1929" id="token-9-19" start_char="1927">PSC</TOKEN>
				<TOKEN end_char="1934" id="token-9-20" start_char="1931">said</TOKEN>
				<TOKEN end_char="1935" id="token-9-21" start_char="1935">.</TOKEN>
				<TOKEN end_char="1938" id="token-9-22" start_char="1937">It</TOKEN>
				<TOKEN end_char="1943" id="token-9-23" start_char="1940">said</TOKEN>
				<TOKEN end_char="1954" id="token-9-24" start_char="1945">Washington</TOKEN>
				<TOKEN end_char="1958" id="token-9-25" start_char="1956">Gas</TOKEN>
				<TOKEN end_char="1962" id="token-9-26" start_char="1960">was</TOKEN>
				<TOKEN end_char="1971" id="token-9-27" start_char="1964">approved</TOKEN>
				<TOKEN end_char="1973" id="token-9-28" start_char="1973">“</TOKEN>
				<TOKEN end_char="1975" id="token-9-29" start_char="1974">to</TOKEN>
				<TOKEN end_char="1983" id="token-9-30" start_char="1977">include</TOKEN>
				<TOKEN end_char="1987" id="token-9-31" start_char="1985">the</TOKEN>
				<TOKEN end_char="1999" id="token-9-32" start_char="1989">accelerated</TOKEN>
				<TOKEN end_char="2011" id="token-9-33" start_char="2001">replacement</TOKEN>
				<TOKEN end_char="2014" id="token-9-34" start_char="2013">of</TOKEN>
				<TOKEN end_char="2020" id="token-9-35" start_char="2016">pipes</TOKEN>
				<TOKEN end_char="2023" id="token-9-36" start_char="2022">in</TOKEN>
				<TOKEN end_char="2027" id="token-9-37" start_char="2025">its</TOKEN>
				<TOKEN end_char="2034" id="token-9-38" start_char="2029">system</TOKEN>
				<TOKEN end_char="2039" id="token-9-39" start_char="2036">that</TOKEN>
				<TOKEN end_char="2043" id="token-9-40" start_char="2041">are</TOKEN>
				<TOKEN end_char="2051" id="token-9-41" start_char="2045">nearing</TOKEN>
				<TOKEN end_char="2055" id="token-9-42" start_char="2053">the</TOKEN>
				<TOKEN end_char="2059" id="token-9-43" start_char="2057">end</TOKEN>
				<TOKEN end_char="2062" id="token-9-44" start_char="2061">of</TOKEN>
				<TOKEN end_char="2068" id="token-9-45" start_char="2064">their</TOKEN>
				<TOKEN end_char="2075" id="token-9-46" start_char="2070">useful</TOKEN>
				<TOKEN end_char="2080" id="token-9-47" start_char="2077">life</TOKEN>
				<TOKEN end_char="2082" id="token-9-48" start_char="2081">.”</TOKEN>
			</SEG>
			<SEG end_char="2176" id="20121214_WAPO_a26dcc48-45a7-11e2-8061-253bccfc7532-10" start_char="2084">
				<ORIGINAL_TEXT>But the customers of gas utilities are getting some benefits from the low natural gas prices.</ORIGINAL_TEXT>
				<TOKEN end_char="2086" id="token-10-0" start_char="2084">But</TOKEN>
				<TOKEN end_char="2090" id="token-10-1" start_char="2088">the</TOKEN>
				<TOKEN end_char="2100" id="token-10-2" start_char="2092">customers</TOKEN>
				<TOKEN end_char="2103" id="token-10-3" start_char="2102">of</TOKEN>
				<TOKEN end_char="2107" id="token-10-4" start_char="2105">gas</TOKEN>
				<TOKEN end_char="2117" id="token-10-5" start_char="2109">utilities</TOKEN>
				<TOKEN end_char="2121" id="token-10-6" start_char="2119">are</TOKEN>
				<TOKEN end_char="2129" id="token-10-7" start_char="2123">getting</TOKEN>
				<TOKEN end_char="2134" id="token-10-8" start_char="2131">some</TOKEN>
				<TOKEN end_char="2143" id="token-10-9" start_char="2136">benefits</TOKEN>
				<TOKEN end_char="2148" id="token-10-10" start_char="2145">from</TOKEN>
				<TOKEN end_char="2152" id="token-10-11" start_char="2150">the</TOKEN>
				<TOKEN end_char="2156" id="token-10-12" start_char="2154">low</TOKEN>
				<TOKEN end_char="2164" id="token-10-13" start_char="2158">natural</TOKEN>
				<TOKEN end_char="2168" id="token-10-14" start_char="2166">gas</TOKEN>
				<TOKEN end_char="2175" id="token-10-15" start_char="2170">prices</TOKEN>
				<TOKEN end_char="2176" id="token-10-16" start_char="2176">.</TOKEN>
			</SEG>
			<SEG end_char="2384" id="20121214_WAPO_a26dcc48-45a7-11e2-8061-253bccfc7532-11" start_char="2178">
				<ORIGINAL_TEXT>“You’re not seeing the same unaffordable bills people were opening up four or five years ago,” said Tyler Slocum, an energy expert at Public Citizen. “It was just astronomical. You’re not seeing that level.”</ORIGINAL_TEXT>
				<TOKEN end_char="2178" id="token-11-0" start_char="2178">“</TOKEN>
				<TOKEN end_char="2181" id="token-11-1" start_char="2179">You</TOKEN>
				<TOKEN end_char="2182" id="token-11-2" start_char="2182">’</TOKEN>
				<TOKEN end_char="2184" id="token-11-3" start_char="2183">re</TOKEN>
				<TOKEN end_char="2188" id="token-11-4" start_char="2186">not</TOKEN>
				<TOKEN end_char="2195" id="token-11-5" start_char="2190">seeing</TOKEN>
				<TOKEN end_char="2199" id="token-11-6" start_char="2197">the</TOKEN>
				<TOKEN end_char="2204" id="token-11-7" start_char="2201">same</TOKEN>
				<TOKEN end_char="2217" id="token-11-8" start_char="2206">unaffordable</TOKEN>
				<TOKEN end_char="2223" id="token-11-9" start_char="2219">bills</TOKEN>
				<TOKEN end_char="2230" id="token-11-10" start_char="2225">people</TOKEN>
				<TOKEN end_char="2235" id="token-11-11" start_char="2232">were</TOKEN>
				<TOKEN end_char="2243" id="token-11-12" start_char="2237">opening</TOKEN>
				<TOKEN end_char="2246" id="token-11-13" start_char="2245">up</TOKEN>
				<TOKEN end_char="2251" id="token-11-14" start_char="2248">four</TOKEN>
				<TOKEN end_char="2254" id="token-11-15" start_char="2253">or</TOKEN>
				<TOKEN end_char="2259" id="token-11-16" start_char="2256">five</TOKEN>
				<TOKEN end_char="2265" id="token-11-17" start_char="2261">years</TOKEN>
				<TOKEN end_char="2269" id="token-11-18" start_char="2267">ago</TOKEN>
				<TOKEN end_char="2271" id="token-11-19" start_char="2270">,”</TOKEN>
				<TOKEN end_char="2276" id="token-11-20" start_char="2273">said</TOKEN>
				<TOKEN end_char="2282" id="token-11-21" start_char="2278">Tyler</TOKEN>
				<TOKEN end_char="2289" id="token-11-22" start_char="2284">Slocum</TOKEN>
				<TOKEN end_char="2290" id="token-11-23" start_char="2290">,</TOKEN>
				<TOKEN end_char="2293" id="token-11-24" start_char="2292">an</TOKEN>
				<TOKEN end_char="2300" id="token-11-25" start_char="2295">energy</TOKEN>
				<TOKEN end_char="2307" id="token-11-26" start_char="2302">expert</TOKEN>
				<TOKEN end_char="2310" id="token-11-27" start_char="2309">at</TOKEN>
				<TOKEN end_char="2317" id="token-11-28" start_char="2312">Public</TOKEN>
				<TOKEN end_char="2325" id="token-11-29" start_char="2319">Citizen</TOKEN>
				<TOKEN end_char="2326" id="token-11-30" start_char="2326">.</TOKEN>
				<TOKEN end_char="2328" id="token-11-31" start_char="2328">“</TOKEN>
				<TOKEN end_char="2330" id="token-11-32" start_char="2329">It</TOKEN>
				<TOKEN end_char="2334" id="token-11-33" start_char="2332">was</TOKEN>
				<TOKEN end_char="2339" id="token-11-34" start_char="2336">just</TOKEN>
				<TOKEN end_char="2352" id="token-11-35" start_char="2341">astronomical</TOKEN>
				<TOKEN end_char="2353" id="token-11-36" start_char="2353">.</TOKEN>
				<TOKEN end_char="2357" id="token-11-37" start_char="2355">You</TOKEN>
				<TOKEN end_char="2358" id="token-11-38" start_char="2358">’</TOKEN>
				<TOKEN end_char="2360" id="token-11-39" start_char="2359">re</TOKEN>
				<TOKEN end_char="2364" id="token-11-40" start_char="2362">not</TOKEN>
				<TOKEN end_char="2371" id="token-11-41" start_char="2366">seeing</TOKEN>
				<TOKEN end_char="2376" id="token-11-42" start_char="2373">that</TOKEN>
				<TOKEN end_char="2382" id="token-11-43" start_char="2378">level</TOKEN>
				<TOKEN end_char="2384" id="token-11-44" start_char="2383">.”</TOKEN>
			</SEG>
		</TEXT>
	</DOC>
</LCTL_TEXT>
