<?xml version="1.0" encoding="utf-8"?>
<LCTL_TEXT>
	<DOC id="20120318_WAPO_25c1f19e-6d38-11e1-9076-7e5780d3bdb2">
		<TEXT>
			<SEG end_char="40" id="20120318_WAPO_25c1f19e-6d38-11e1-9076-7e5780d3bdb2-0" start_char="0">
				<ORIGINAL_TEXT>U.S. automakers in race for Indian market</ORIGINAL_TEXT>
				<TOKEN end_char="0" id="token-0-0" start_char="0">U</TOKEN>
				<TOKEN end_char="1" id="token-0-1" start_char="1">.</TOKEN>
				<TOKEN end_char="2" id="token-0-2" start_char="2">S</TOKEN>
				<TOKEN end_char="3" id="token-0-3" start_char="3">.</TOKEN>
				<TOKEN end_char="14" id="token-0-4" start_char="5">automakers</TOKEN>
				<TOKEN end_char="17" id="token-0-5" start_char="16">in</TOKEN>
				<TOKEN end_char="22" id="token-0-6" start_char="19">race</TOKEN>
				<TOKEN end_char="26" id="token-0-7" start_char="24">for</TOKEN>
				<TOKEN end_char="33" id="token-0-8" start_char="28">Indian</TOKEN>
				<TOKEN end_char="40" id="token-0-9" start_char="35">market</TOKEN>
			</SEG>
			<SEG end_char="82" id="20120318_WAPO_25c1f19e-6d38-11e1-9076-7e5780d3bdb2-1" start_char="42">
				<ORIGINAL_TEXT>Sunday, March 18, 2012 16:58:00 GMT-05:00</ORIGINAL_TEXT>
				<TOKEN end_char="47" id="token-1-0" start_char="42">Sunday</TOKEN>
				<TOKEN end_char="48" id="token-1-1" start_char="48">,</TOKEN>
				<TOKEN end_char="54" id="token-1-2" start_char="50">March</TOKEN>
				<TOKEN end_char="57" id="token-1-3" start_char="56">18</TOKEN>
				<TOKEN end_char="58" id="token-1-4" start_char="58">,</TOKEN>
				<TOKEN end_char="63" id="token-1-5" start_char="60">2012</TOKEN>
				<TOKEN end_char="66" id="token-1-6" start_char="65">16</TOKEN>
				<TOKEN end_char="67" id="token-1-7" start_char="67">:</TOKEN>
				<TOKEN end_char="69" id="token-1-8" start_char="68">58</TOKEN>
				<TOKEN end_char="70" id="token-1-9" start_char="70">:</TOKEN>
				<TOKEN end_char="72" id="token-1-10" start_char="71">00</TOKEN>
				<TOKEN end_char="76" id="token-1-11" start_char="74">GMT</TOKEN>
				<TOKEN end_char="77" id="token-1-12" start_char="77">-</TOKEN>
				<TOKEN end_char="79" id="token-1-13" start_char="78">05</TOKEN>
				<TOKEN end_char="80" id="token-1-14" start_char="80">:</TOKEN>
				<TOKEN end_char="82" id="token-1-15" start_char="81">00</TOKEN>
			</SEG>
			<SEG end_char="316" id="20120318_WAPO_25c1f19e-6d38-11e1-9076-7e5780d3bdb2-2" start_char="84">
				<ORIGINAL_TEXT>SANAND, India — On a baking-hot plain in western India, Ford is preparing the ground for one of its biggest investments in Asia, a $1 billion car assembly and engine plant designed to more than double its manufacturing capacity here.</ORIGINAL_TEXT>
				<TOKEN end_char="89" id="token-2-0" start_char="84">SANAND</TOKEN>
				<TOKEN end_char="90" id="token-2-1" start_char="90">,</TOKEN>
				<TOKEN end_char="96" id="token-2-2" start_char="92">India</TOKEN>
				<TOKEN end_char="98" id="token-2-3" start_char="98">—</TOKEN>
				<TOKEN end_char="101" id="token-2-4" start_char="100">On</TOKEN>
				<TOKEN end_char="103" id="token-2-5" start_char="103">a</TOKEN>
				<TOKEN end_char="110" id="token-2-6" start_char="105">baking</TOKEN>
				<TOKEN end_char="111" id="token-2-7" start_char="111">-</TOKEN>
				<TOKEN end_char="114" id="token-2-8" start_char="112">hot</TOKEN>
				<TOKEN end_char="120" id="token-2-9" start_char="116">plain</TOKEN>
				<TOKEN end_char="123" id="token-2-10" start_char="122">in</TOKEN>
				<TOKEN end_char="131" id="token-2-11" start_char="125">western</TOKEN>
				<TOKEN end_char="137" id="token-2-12" start_char="133">India</TOKEN>
				<TOKEN end_char="138" id="token-2-13" start_char="138">,</TOKEN>
				<TOKEN end_char="143" id="token-2-14" start_char="140">Ford</TOKEN>
				<TOKEN end_char="146" id="token-2-15" start_char="145">is</TOKEN>
				<TOKEN end_char="156" id="token-2-16" start_char="148">preparing</TOKEN>
				<TOKEN end_char="160" id="token-2-17" start_char="158">the</TOKEN>
				<TOKEN end_char="167" id="token-2-18" start_char="162">ground</TOKEN>
				<TOKEN end_char="171" id="token-2-19" start_char="169">for</TOKEN>
				<TOKEN end_char="175" id="token-2-20" start_char="173">one</TOKEN>
				<TOKEN end_char="178" id="token-2-21" start_char="177">of</TOKEN>
				<TOKEN end_char="182" id="token-2-22" start_char="180">its</TOKEN>
				<TOKEN end_char="190" id="token-2-23" start_char="184">biggest</TOKEN>
				<TOKEN end_char="202" id="token-2-24" start_char="192">investments</TOKEN>
				<TOKEN end_char="205" id="token-2-25" start_char="204">in</TOKEN>
				<TOKEN end_char="210" id="token-2-26" start_char="207">Asia</TOKEN>
				<TOKEN end_char="211" id="token-2-27" start_char="211">,</TOKEN>
				<TOKEN end_char="213" id="token-2-28" start_char="213">a</TOKEN>
				<TOKEN end_char="215" id="token-2-29" start_char="215">$</TOKEN>
				<TOKEN end_char="216" id="token-2-30" start_char="216">1</TOKEN>
				<TOKEN end_char="224" id="token-2-31" start_char="218">billion</TOKEN>
				<TOKEN end_char="228" id="token-2-32" start_char="226">car</TOKEN>
				<TOKEN end_char="237" id="token-2-33" start_char="230">assembly</TOKEN>
				<TOKEN end_char="241" id="token-2-34" start_char="239">and</TOKEN>
				<TOKEN end_char="248" id="token-2-35" start_char="243">engine</TOKEN>
				<TOKEN end_char="254" id="token-2-36" start_char="250">plant</TOKEN>
				<TOKEN end_char="263" id="token-2-37" start_char="256">designed</TOKEN>
				<TOKEN end_char="266" id="token-2-38" start_char="265">to</TOKEN>
				<TOKEN end_char="271" id="token-2-39" start_char="268">more</TOKEN>
				<TOKEN end_char="276" id="token-2-40" start_char="273">than</TOKEN>
				<TOKEN end_char="283" id="token-2-41" start_char="278">double</TOKEN>
				<TOKEN end_char="287" id="token-2-42" start_char="285">its</TOKEN>
				<TOKEN end_char="301" id="token-2-43" start_char="289">manufacturing</TOKEN>
				<TOKEN end_char="310" id="token-2-44" start_char="303">capacity</TOKEN>
				<TOKEN end_char="315" id="token-2-45" start_char="312">here</TOKEN>
				<TOKEN end_char="316" id="token-2-46" start_char="316">.</TOKEN>
			</SEG>
			<SEG end_char="663" id="20120318_WAPO_25c1f19e-6d38-11e1-9076-7e5780d3bdb2-3" start_char="318">
				<ORIGINAL_TEXT>As U.S. automakers get back on their feet after the global financial crisis, companies such as Ford and General Motors are looking for growth and investment opportunities worldwide. Few destinations appear more attractive than India, and perhaps no other place in India is more appealing than an emerging auto hub in the western state of Gujarat.</ORIGINAL_TEXT>
				<TOKEN end_char="319" id="token-3-0" start_char="318">As</TOKEN>
				<TOKEN end_char="321" id="token-3-1" start_char="321">U</TOKEN>
				<TOKEN end_char="322" id="token-3-2" start_char="322">.</TOKEN>
				<TOKEN end_char="323" id="token-3-3" start_char="323">S</TOKEN>
				<TOKEN end_char="324" id="token-3-4" start_char="324">.</TOKEN>
				<TOKEN end_char="335" id="token-3-5" start_char="326">automakers</TOKEN>
				<TOKEN end_char="339" id="token-3-6" start_char="337">get</TOKEN>
				<TOKEN end_char="344" id="token-3-7" start_char="341">back</TOKEN>
				<TOKEN end_char="347" id="token-3-8" start_char="346">on</TOKEN>
				<TOKEN end_char="353" id="token-3-9" start_char="349">their</TOKEN>
				<TOKEN end_char="358" id="token-3-10" start_char="355">feet</TOKEN>
				<TOKEN end_char="364" id="token-3-11" start_char="360">after</TOKEN>
				<TOKEN end_char="368" id="token-3-12" start_char="366">the</TOKEN>
				<TOKEN end_char="375" id="token-3-13" start_char="370">global</TOKEN>
				<TOKEN end_char="385" id="token-3-14" start_char="377">financial</TOKEN>
				<TOKEN end_char="392" id="token-3-15" start_char="387">crisis</TOKEN>
				<TOKEN end_char="393" id="token-3-16" start_char="393">,</TOKEN>
				<TOKEN end_char="403" id="token-3-17" start_char="395">companies</TOKEN>
				<TOKEN end_char="408" id="token-3-18" start_char="405">such</TOKEN>
				<TOKEN end_char="411" id="token-3-19" start_char="410">as</TOKEN>
				<TOKEN end_char="416" id="token-3-20" start_char="413">Ford</TOKEN>
				<TOKEN end_char="420" id="token-3-21" start_char="418">and</TOKEN>
				<TOKEN end_char="428" id="token-3-22" start_char="422">General</TOKEN>
				<TOKEN end_char="435" id="token-3-23" start_char="430">Motors</TOKEN>
				<TOKEN end_char="439" id="token-3-24" start_char="437">are</TOKEN>
				<TOKEN end_char="447" id="token-3-25" start_char="441">looking</TOKEN>
				<TOKEN end_char="451" id="token-3-26" start_char="449">for</TOKEN>
				<TOKEN end_char="458" id="token-3-27" start_char="453">growth</TOKEN>
				<TOKEN end_char="462" id="token-3-28" start_char="460">and</TOKEN>
				<TOKEN end_char="473" id="token-3-29" start_char="464">investment</TOKEN>
				<TOKEN end_char="487" id="token-3-30" start_char="475">opportunities</TOKEN>
				<TOKEN end_char="497" id="token-3-31" start_char="489">worldwide</TOKEN>
				<TOKEN end_char="498" id="token-3-32" start_char="498">.</TOKEN>
				<TOKEN end_char="502" id="token-3-33" start_char="500">Few</TOKEN>
				<TOKEN end_char="515" id="token-3-34" start_char="504">destinations</TOKEN>
				<TOKEN end_char="522" id="token-3-35" start_char="517">appear</TOKEN>
				<TOKEN end_char="527" id="token-3-36" start_char="524">more</TOKEN>
				<TOKEN end_char="538" id="token-3-37" start_char="529">attractive</TOKEN>
				<TOKEN end_char="543" id="token-3-38" start_char="540">than</TOKEN>
				<TOKEN end_char="549" id="token-3-39" start_char="545">India</TOKEN>
				<TOKEN end_char="550" id="token-3-40" start_char="550">,</TOKEN>
				<TOKEN end_char="554" id="token-3-41" start_char="552">and</TOKEN>
				<TOKEN end_char="562" id="token-3-42" start_char="556">perhaps</TOKEN>
				<TOKEN end_char="565" id="token-3-43" start_char="564">no</TOKEN>
				<TOKEN end_char="571" id="token-3-44" start_char="567">other</TOKEN>
				<TOKEN end_char="577" id="token-3-45" start_char="573">place</TOKEN>
				<TOKEN end_char="580" id="token-3-46" start_char="579">in</TOKEN>
				<TOKEN end_char="586" id="token-3-47" start_char="582">India</TOKEN>
				<TOKEN end_char="589" id="token-3-48" start_char="588">is</TOKEN>
				<TOKEN end_char="594" id="token-3-49" start_char="591">more</TOKEN>
				<TOKEN end_char="604" id="token-3-50" start_char="596">appealing</TOKEN>
				<TOKEN end_char="609" id="token-3-51" start_char="606">than</TOKEN>
				<TOKEN end_char="612" id="token-3-52" start_char="611">an</TOKEN>
				<TOKEN end_char="621" id="token-3-53" start_char="614">emerging</TOKEN>
				<TOKEN end_char="626" id="token-3-54" start_char="623">auto</TOKEN>
				<TOKEN end_char="630" id="token-3-55" start_char="628">hub</TOKEN>
				<TOKEN end_char="633" id="token-3-56" start_char="632">in</TOKEN>
				<TOKEN end_char="637" id="token-3-57" start_char="635">the</TOKEN>
				<TOKEN end_char="645" id="token-3-58" start_char="639">western</TOKEN>
				<TOKEN end_char="651" id="token-3-59" start_char="647">state</TOKEN>
				<TOKEN end_char="654" id="token-3-60" start_char="653">of</TOKEN>
				<TOKEN end_char="662" id="token-3-61" start_char="656">Gujarat</TOKEN>
				<TOKEN end_char="663" id="token-3-62" start_char="663">.</TOKEN>
			</SEG>
			<SEG end_char="884" id="20120318_WAPO_25c1f19e-6d38-11e1-9076-7e5780d3bdb2-4" start_char="665">
				<ORIGINAL_TEXT>“We don’t get many chances to make an investment of this magnitude,” said Joe Hinrichs, president of Ford Asia Pacific and Africa. “It’s a bet on India’s future, and a bet on Ford’s future in the country and the region.”</ORIGINAL_TEXT>
				<TOKEN end_char="665" id="token-4-0" start_char="665">“</TOKEN>
				<TOKEN end_char="667" id="token-4-1" start_char="666">We</TOKEN>
				<TOKEN end_char="671" id="token-4-2" start_char="669">don</TOKEN>
				<TOKEN end_char="672" id="token-4-3" start_char="672">’</TOKEN>
				<TOKEN end_char="673" id="token-4-4" start_char="673">t</TOKEN>
				<TOKEN end_char="677" id="token-4-5" start_char="675">get</TOKEN>
				<TOKEN end_char="682" id="token-4-6" start_char="679">many</TOKEN>
				<TOKEN end_char="690" id="token-4-7" start_char="684">chances</TOKEN>
				<TOKEN end_char="693" id="token-4-8" start_char="692">to</TOKEN>
				<TOKEN end_char="698" id="token-4-9" start_char="695">make</TOKEN>
				<TOKEN end_char="701" id="token-4-10" start_char="700">an</TOKEN>
				<TOKEN end_char="712" id="token-4-11" start_char="703">investment</TOKEN>
				<TOKEN end_char="715" id="token-4-12" start_char="714">of</TOKEN>
				<TOKEN end_char="720" id="token-4-13" start_char="717">this</TOKEN>
				<TOKEN end_char="730" id="token-4-14" start_char="722">magnitude</TOKEN>
				<TOKEN end_char="732" id="token-4-15" start_char="731">,”</TOKEN>
				<TOKEN end_char="737" id="token-4-16" start_char="734">said</TOKEN>
				<TOKEN end_char="741" id="token-4-17" start_char="739">Joe</TOKEN>
				<TOKEN end_char="750" id="token-4-18" start_char="743">Hinrichs</TOKEN>
				<TOKEN end_char="751" id="token-4-19" start_char="751">,</TOKEN>
				<TOKEN end_char="761" id="token-4-20" start_char="753">president</TOKEN>
				<TOKEN end_char="764" id="token-4-21" start_char="763">of</TOKEN>
				<TOKEN end_char="769" id="token-4-22" start_char="766">Ford</TOKEN>
				<TOKEN end_char="774" id="token-4-23" start_char="771">Asia</TOKEN>
				<TOKEN end_char="782" id="token-4-24" start_char="776">Pacific</TOKEN>
				<TOKEN end_char="786" id="token-4-25" start_char="784">and</TOKEN>
				<TOKEN end_char="793" id="token-4-26" start_char="788">Africa</TOKEN>
				<TOKEN end_char="794" id="token-4-27" start_char="794">.</TOKEN>
				<TOKEN end_char="796" id="token-4-28" start_char="796">“</TOKEN>
				<TOKEN end_char="798" id="token-4-29" start_char="797">It</TOKEN>
				<TOKEN end_char="799" id="token-4-30" start_char="799">’</TOKEN>
				<TOKEN end_char="800" id="token-4-31" start_char="800">s</TOKEN>
				<TOKEN end_char="802" id="token-4-32" start_char="802">a</TOKEN>
				<TOKEN end_char="806" id="token-4-33" start_char="804">bet</TOKEN>
				<TOKEN end_char="809" id="token-4-34" start_char="808">on</TOKEN>
				<TOKEN end_char="815" id="token-4-35" start_char="811">India</TOKEN>
				<TOKEN end_char="816" id="token-4-36" start_char="816">’</TOKEN>
				<TOKEN end_char="817" id="token-4-37" start_char="817">s</TOKEN>
				<TOKEN end_char="824" id="token-4-38" start_char="819">future</TOKEN>
				<TOKEN end_char="825" id="token-4-39" start_char="825">,</TOKEN>
				<TOKEN end_char="829" id="token-4-40" start_char="827">and</TOKEN>
				<TOKEN end_char="831" id="token-4-41" start_char="831">a</TOKEN>
				<TOKEN end_char="835" id="token-4-42" start_char="833">bet</TOKEN>
				<TOKEN end_char="838" id="token-4-43" start_char="837">on</TOKEN>
				<TOKEN end_char="843" id="token-4-44" start_char="840">Ford</TOKEN>
				<TOKEN end_char="844" id="token-4-45" start_char="844">’</TOKEN>
				<TOKEN end_char="845" id="token-4-46" start_char="845">s</TOKEN>
				<TOKEN end_char="852" id="token-4-47" start_char="847">future</TOKEN>
				<TOKEN end_char="855" id="token-4-48" start_char="854">in</TOKEN>
				<TOKEN end_char="859" id="token-4-49" start_char="857">the</TOKEN>
				<TOKEN end_char="867" id="token-4-50" start_char="861">country</TOKEN>
				<TOKEN end_char="871" id="token-4-51" start_char="869">and</TOKEN>
				<TOKEN end_char="875" id="token-4-52" start_char="873">the</TOKEN>
				<TOKEN end_char="882" id="token-4-53" start_char="877">region</TOKEN>
				<TOKEN end_char="884" id="token-4-54" start_char="883">.”</TOKEN>
			</SEG>
			<SEG end_char="1053" id="20120318_WAPO_25c1f19e-6d38-11e1-9076-7e5780d3bdb2-5" start_char="886">
				<ORIGINAL_TEXT>With the West’s economies sluggish and car markets there saturated, and with China’s explosive growth beginning to taper off, India offers a mouth-watering alternative.</ORIGINAL_TEXT>
				<TOKEN end_char="889" id="token-5-0" start_char="886">With</TOKEN>
				<TOKEN end_char="893" id="token-5-1" start_char="891">the</TOKEN>
				<TOKEN end_char="898" id="token-5-2" start_char="895">West</TOKEN>
				<TOKEN end_char="899" id="token-5-3" start_char="899">’</TOKEN>
				<TOKEN end_char="900" id="token-5-4" start_char="900">s</TOKEN>
				<TOKEN end_char="910" id="token-5-5" start_char="902">economies</TOKEN>
				<TOKEN end_char="919" id="token-5-6" start_char="912">sluggish</TOKEN>
				<TOKEN end_char="923" id="token-5-7" start_char="921">and</TOKEN>
				<TOKEN end_char="927" id="token-5-8" start_char="925">car</TOKEN>
				<TOKEN end_char="935" id="token-5-9" start_char="929">markets</TOKEN>
				<TOKEN end_char="941" id="token-5-10" start_char="937">there</TOKEN>
				<TOKEN end_char="951" id="token-5-11" start_char="943">saturated</TOKEN>
				<TOKEN end_char="952" id="token-5-12" start_char="952">,</TOKEN>
				<TOKEN end_char="956" id="token-5-13" start_char="954">and</TOKEN>
				<TOKEN end_char="961" id="token-5-14" start_char="958">with</TOKEN>
				<TOKEN end_char="967" id="token-5-15" start_char="963">China</TOKEN>
				<TOKEN end_char="968" id="token-5-16" start_char="968">’</TOKEN>
				<TOKEN end_char="969" id="token-5-17" start_char="969">s</TOKEN>
				<TOKEN end_char="979" id="token-5-18" start_char="971">explosive</TOKEN>
				<TOKEN end_char="986" id="token-5-19" start_char="981">growth</TOKEN>
				<TOKEN end_char="996" id="token-5-20" start_char="988">beginning</TOKEN>
				<TOKEN end_char="999" id="token-5-21" start_char="998">to</TOKEN>
				<TOKEN end_char="1005" id="token-5-22" start_char="1001">taper</TOKEN>
				<TOKEN end_char="1009" id="token-5-23" start_char="1007">off</TOKEN>
				<TOKEN end_char="1010" id="token-5-24" start_char="1010">,</TOKEN>
				<TOKEN end_char="1016" id="token-5-25" start_char="1012">India</TOKEN>
				<TOKEN end_char="1023" id="token-5-26" start_char="1018">offers</TOKEN>
				<TOKEN end_char="1025" id="token-5-27" start_char="1025">a</TOKEN>
				<TOKEN end_char="1031" id="token-5-28" start_char="1027">mouth</TOKEN>
				<TOKEN end_char="1032" id="token-5-29" start_char="1032">-</TOKEN>
				<TOKEN end_char="1040" id="token-5-30" start_char="1033">watering</TOKEN>
				<TOKEN end_char="1052" id="token-5-31" start_char="1042">alternative</TOKEN>
				<TOKEN end_char="1053" id="token-5-32" start_char="1053">.</TOKEN>
			</SEG>
			<SEG end_char="1273" id="20120318_WAPO_25c1f19e-6d38-11e1-9076-7e5780d3bdb2-6" start_char="1055">
				<ORIGINAL_TEXT>Passenger car sales grew 137 percent in the past six years, but there are still only about 13 cars per 1,000 people in this country of 1.2 billion, compared with 35 or 40 in China and more than 800 in the United States.</ORIGINAL_TEXT>
				<TOKEN end_char="1063" id="token-6-0" start_char="1055">Passenger</TOKEN>
				<TOKEN end_char="1067" id="token-6-1" start_char="1065">car</TOKEN>
				<TOKEN end_char="1073" id="token-6-2" start_char="1069">sales</TOKEN>
				<TOKEN end_char="1078" id="token-6-3" start_char="1075">grew</TOKEN>
				<TOKEN end_char="1082" id="token-6-4" start_char="1080">137</TOKEN>
				<TOKEN end_char="1090" id="token-6-5" start_char="1084">percent</TOKEN>
				<TOKEN end_char="1093" id="token-6-6" start_char="1092">in</TOKEN>
				<TOKEN end_char="1097" id="token-6-7" start_char="1095">the</TOKEN>
				<TOKEN end_char="1102" id="token-6-8" start_char="1099">past</TOKEN>
				<TOKEN end_char="1106" id="token-6-9" start_char="1104">six</TOKEN>
				<TOKEN end_char="1112" id="token-6-10" start_char="1108">years</TOKEN>
				<TOKEN end_char="1113" id="token-6-11" start_char="1113">,</TOKEN>
				<TOKEN end_char="1117" id="token-6-12" start_char="1115">but</TOKEN>
				<TOKEN end_char="1123" id="token-6-13" start_char="1119">there</TOKEN>
				<TOKEN end_char="1127" id="token-6-14" start_char="1125">are</TOKEN>
				<TOKEN end_char="1133" id="token-6-15" start_char="1129">still</TOKEN>
				<TOKEN end_char="1138" id="token-6-16" start_char="1135">only</TOKEN>
				<TOKEN end_char="1144" id="token-6-17" start_char="1140">about</TOKEN>
				<TOKEN end_char="1147" id="token-6-18" start_char="1146">13</TOKEN>
				<TOKEN end_char="1152" id="token-6-19" start_char="1149">cars</TOKEN>
				<TOKEN end_char="1156" id="token-6-20" start_char="1154">per</TOKEN>
				<TOKEN end_char="1158" id="token-6-21" start_char="1158">1</TOKEN>
				<TOKEN end_char="1159" id="token-6-22" start_char="1159">,</TOKEN>
				<TOKEN end_char="1162" id="token-6-23" start_char="1160">000</TOKEN>
				<TOKEN end_char="1169" id="token-6-24" start_char="1164">people</TOKEN>
				<TOKEN end_char="1172" id="token-6-25" start_char="1171">in</TOKEN>
				<TOKEN end_char="1177" id="token-6-26" start_char="1174">this</TOKEN>
				<TOKEN end_char="1185" id="token-6-27" start_char="1179">country</TOKEN>
				<TOKEN end_char="1188" id="token-6-28" start_char="1187">of</TOKEN>
				<TOKEN end_char="1190" id="token-6-29" start_char="1190">1</TOKEN>
				<TOKEN end_char="1191" id="token-6-30" start_char="1191">.</TOKEN>
				<TOKEN end_char="1192" id="token-6-31" start_char="1192">2</TOKEN>
				<TOKEN end_char="1200" id="token-6-32" start_char="1194">billion</TOKEN>
				<TOKEN end_char="1201" id="token-6-33" start_char="1201">,</TOKEN>
				<TOKEN end_char="1210" id="token-6-34" start_char="1203">compared</TOKEN>
				<TOKEN end_char="1215" id="token-6-35" start_char="1212">with</TOKEN>
				<TOKEN end_char="1218" id="token-6-36" start_char="1217">35</TOKEN>
				<TOKEN end_char="1221" id="token-6-37" start_char="1220">or</TOKEN>
				<TOKEN end_char="1224" id="token-6-38" start_char="1223">40</TOKEN>
				<TOKEN end_char="1227" id="token-6-39" start_char="1226">in</TOKEN>
				<TOKEN end_char="1233" id="token-6-40" start_char="1229">China</TOKEN>
				<TOKEN end_char="1237" id="token-6-41" start_char="1235">and</TOKEN>
				<TOKEN end_char="1242" id="token-6-42" start_char="1239">more</TOKEN>
				<TOKEN end_char="1247" id="token-6-43" start_char="1244">than</TOKEN>
				<TOKEN end_char="1251" id="token-6-44" start_char="1249">800</TOKEN>
				<TOKEN end_char="1254" id="token-6-45" start_char="1253">in</TOKEN>
				<TOKEN end_char="1258" id="token-6-46" start_char="1256">the</TOKEN>
				<TOKEN end_char="1265" id="token-6-47" start_char="1260">United</TOKEN>
				<TOKEN end_char="1272" id="token-6-48" start_char="1267">States</TOKEN>
				<TOKEN end_char="1273" id="token-6-49" start_char="1273">.</TOKEN>
			</SEG>
			<SEG end_char="1716" id="20120318_WAPO_25c1f19e-6d38-11e1-9076-7e5780d3bdb2-7" start_char="1275">
				<ORIGINAL_TEXT>India is the world’s sixth-largest car market and is expected to take third place behind China and the United States by the end of the decade, the management consulting firm McKinsey and Co. predicts, with annual sales growth of 12 to 14 percent from 2014 to 2020. That would bring sales of cars and sport-utility vehicles to more than 6 million vehicles and penetration of cars per 1,000 people to the sort of levels currently seen in China.</ORIGINAL_TEXT>
				<TOKEN end_char="1279" id="token-7-0" start_char="1275">India</TOKEN>
				<TOKEN end_char="1282" id="token-7-1" start_char="1281">is</TOKEN>
				<TOKEN end_char="1286" id="token-7-2" start_char="1284">the</TOKEN>
				<TOKEN end_char="1292" id="token-7-3" start_char="1288">world</TOKEN>
				<TOKEN end_char="1293" id="token-7-4" start_char="1293">’</TOKEN>
				<TOKEN end_char="1294" id="token-7-5" start_char="1294">s</TOKEN>
				<TOKEN end_char="1300" id="token-7-6" start_char="1296">sixth</TOKEN>
				<TOKEN end_char="1301" id="token-7-7" start_char="1301">-</TOKEN>
				<TOKEN end_char="1308" id="token-7-8" start_char="1302">largest</TOKEN>
				<TOKEN end_char="1312" id="token-7-9" start_char="1310">car</TOKEN>
				<TOKEN end_char="1319" id="token-7-10" start_char="1314">market</TOKEN>
				<TOKEN end_char="1323" id="token-7-11" start_char="1321">and</TOKEN>
				<TOKEN end_char="1326" id="token-7-12" start_char="1325">is</TOKEN>
				<TOKEN end_char="1335" id="token-7-13" start_char="1328">expected</TOKEN>
				<TOKEN end_char="1338" id="token-7-14" start_char="1337">to</TOKEN>
				<TOKEN end_char="1343" id="token-7-15" start_char="1340">take</TOKEN>
				<TOKEN end_char="1349" id="token-7-16" start_char="1345">third</TOKEN>
				<TOKEN end_char="1355" id="token-7-17" start_char="1351">place</TOKEN>
				<TOKEN end_char="1362" id="token-7-18" start_char="1357">behind</TOKEN>
				<TOKEN end_char="1368" id="token-7-19" start_char="1364">China</TOKEN>
				<TOKEN end_char="1372" id="token-7-20" start_char="1370">and</TOKEN>
				<TOKEN end_char="1376" id="token-7-21" start_char="1374">the</TOKEN>
				<TOKEN end_char="1383" id="token-7-22" start_char="1378">United</TOKEN>
				<TOKEN end_char="1390" id="token-7-23" start_char="1385">States</TOKEN>
				<TOKEN end_char="1393" id="token-7-24" start_char="1392">by</TOKEN>
				<TOKEN end_char="1397" id="token-7-25" start_char="1395">the</TOKEN>
				<TOKEN end_char="1401" id="token-7-26" start_char="1399">end</TOKEN>
				<TOKEN end_char="1404" id="token-7-27" start_char="1403">of</TOKEN>
				<TOKEN end_char="1408" id="token-7-28" start_char="1406">the</TOKEN>
				<TOKEN end_char="1415" id="token-7-29" start_char="1410">decade</TOKEN>
				<TOKEN end_char="1416" id="token-7-30" start_char="1416">,</TOKEN>
				<TOKEN end_char="1420" id="token-7-31" start_char="1418">the</TOKEN>
				<TOKEN end_char="1431" id="token-7-32" start_char="1422">management</TOKEN>
				<TOKEN end_char="1442" id="token-7-33" start_char="1433">consulting</TOKEN>
				<TOKEN end_char="1447" id="token-7-34" start_char="1444">firm</TOKEN>
				<TOKEN end_char="1456" id="token-7-35" start_char="1449">McKinsey</TOKEN>
				<TOKEN end_char="1460" id="token-7-36" start_char="1458">and</TOKEN>
				<TOKEN end_char="1463" id="token-7-37" start_char="1462">Co</TOKEN>
				<TOKEN end_char="1464" id="token-7-38" start_char="1464">.</TOKEN>
				<TOKEN end_char="1473" id="token-7-39" start_char="1466">predicts</TOKEN>
				<TOKEN end_char="1474" id="token-7-40" start_char="1474">,</TOKEN>
				<TOKEN end_char="1479" id="token-7-41" start_char="1476">with</TOKEN>
				<TOKEN end_char="1486" id="token-7-42" start_char="1481">annual</TOKEN>
				<TOKEN end_char="1492" id="token-7-43" start_char="1488">sales</TOKEN>
				<TOKEN end_char="1499" id="token-7-44" start_char="1494">growth</TOKEN>
				<TOKEN end_char="1502" id="token-7-45" start_char="1501">of</TOKEN>
				<TOKEN end_char="1505" id="token-7-46" start_char="1504">12</TOKEN>
				<TOKEN end_char="1508" id="token-7-47" start_char="1507">to</TOKEN>
				<TOKEN end_char="1511" id="token-7-48" start_char="1510">14</TOKEN>
				<TOKEN end_char="1519" id="token-7-49" start_char="1513">percent</TOKEN>
				<TOKEN end_char="1524" id="token-7-50" start_char="1521">from</TOKEN>
				<TOKEN end_char="1529" id="token-7-51" start_char="1526">2014</TOKEN>
				<TOKEN end_char="1532" id="token-7-52" start_char="1531">to</TOKEN>
				<TOKEN end_char="1537" id="token-7-53" start_char="1534">2020</TOKEN>
				<TOKEN end_char="1538" id="token-7-54" start_char="1538">.</TOKEN>
				<TOKEN end_char="1543" id="token-7-55" start_char="1540">That</TOKEN>
				<TOKEN end_char="1549" id="token-7-56" start_char="1545">would</TOKEN>
				<TOKEN end_char="1555" id="token-7-57" start_char="1551">bring</TOKEN>
				<TOKEN end_char="1561" id="token-7-58" start_char="1557">sales</TOKEN>
				<TOKEN end_char="1564" id="token-7-59" start_char="1563">of</TOKEN>
				<TOKEN end_char="1569" id="token-7-60" start_char="1566">cars</TOKEN>
				<TOKEN end_char="1573" id="token-7-61" start_char="1571">and</TOKEN>
				<TOKEN end_char="1579" id="token-7-62" start_char="1575">sport</TOKEN>
				<TOKEN end_char="1580" id="token-7-63" start_char="1580">-</TOKEN>
				<TOKEN end_char="1587" id="token-7-64" start_char="1581">utility</TOKEN>
				<TOKEN end_char="1596" id="token-7-65" start_char="1589">vehicles</TOKEN>
				<TOKEN end_char="1599" id="token-7-66" start_char="1598">to</TOKEN>
				<TOKEN end_char="1604" id="token-7-67" start_char="1601">more</TOKEN>
				<TOKEN end_char="1609" id="token-7-68" start_char="1606">than</TOKEN>
				<TOKEN end_char="1611" id="token-7-69" start_char="1611">6</TOKEN>
				<TOKEN end_char="1619" id="token-7-70" start_char="1613">million</TOKEN>
				<TOKEN end_char="1628" id="token-7-71" start_char="1621">vehicles</TOKEN>
				<TOKEN end_char="1632" id="token-7-72" start_char="1630">and</TOKEN>
				<TOKEN end_char="1644" id="token-7-73" start_char="1634">penetration</TOKEN>
				<TOKEN end_char="1647" id="token-7-74" start_char="1646">of</TOKEN>
				<TOKEN end_char="1652" id="token-7-75" start_char="1649">cars</TOKEN>
				<TOKEN end_char="1656" id="token-7-76" start_char="1654">per</TOKEN>
				<TOKEN end_char="1658" id="token-7-77" start_char="1658">1</TOKEN>
				<TOKEN end_char="1659" id="token-7-78" start_char="1659">,</TOKEN>
				<TOKEN end_char="1662" id="token-7-79" start_char="1660">000</TOKEN>
				<TOKEN end_char="1669" id="token-7-80" start_char="1664">people</TOKEN>
				<TOKEN end_char="1672" id="token-7-81" start_char="1671">to</TOKEN>
				<TOKEN end_char="1676" id="token-7-82" start_char="1674">the</TOKEN>
				<TOKEN end_char="1681" id="token-7-83" start_char="1678">sort</TOKEN>
				<TOKEN end_char="1684" id="token-7-84" start_char="1683">of</TOKEN>
				<TOKEN end_char="1691" id="token-7-85" start_char="1686">levels</TOKEN>
				<TOKEN end_char="1701" id="token-7-86" start_char="1693">currently</TOKEN>
				<TOKEN end_char="1706" id="token-7-87" start_char="1703">seen</TOKEN>
				<TOKEN end_char="1709" id="token-7-88" start_char="1708">in</TOKEN>
				<TOKEN end_char="1715" id="token-7-89" start_char="1711">China</TOKEN>
				<TOKEN end_char="1716" id="token-7-90" start_char="1716">.</TOKEN>
			</SEG>
			<SEG end_char="1872" id="20120318_WAPO_25c1f19e-6d38-11e1-9076-7e5780d3bdb2-8" start_char="1718">
				<ORIGINAL_TEXT>Ford has been a little slow to the party, perhaps because it had neither the financial resources nor the products to target the Indian market aggressively.</ORIGINAL_TEXT>
				<TOKEN end_char="1721" id="token-8-0" start_char="1718">Ford</TOKEN>
				<TOKEN end_char="1725" id="token-8-1" start_char="1723">has</TOKEN>
				<TOKEN end_char="1730" id="token-8-2" start_char="1727">been</TOKEN>
				<TOKEN end_char="1732" id="token-8-3" start_char="1732">a</TOKEN>
				<TOKEN end_char="1739" id="token-8-4" start_char="1734">little</TOKEN>
				<TOKEN end_char="1744" id="token-8-5" start_char="1741">slow</TOKEN>
				<TOKEN end_char="1747" id="token-8-6" start_char="1746">to</TOKEN>
				<TOKEN end_char="1751" id="token-8-7" start_char="1749">the</TOKEN>
				<TOKEN end_char="1757" id="token-8-8" start_char="1753">party</TOKEN>
				<TOKEN end_char="1758" id="token-8-9" start_char="1758">,</TOKEN>
				<TOKEN end_char="1766" id="token-8-10" start_char="1760">perhaps</TOKEN>
				<TOKEN end_char="1774" id="token-8-11" start_char="1768">because</TOKEN>
				<TOKEN end_char="1777" id="token-8-12" start_char="1776">it</TOKEN>
				<TOKEN end_char="1781" id="token-8-13" start_char="1779">had</TOKEN>
				<TOKEN end_char="1789" id="token-8-14" start_char="1783">neither</TOKEN>
				<TOKEN end_char="1793" id="token-8-15" start_char="1791">the</TOKEN>
				<TOKEN end_char="1803" id="token-8-16" start_char="1795">financial</TOKEN>
				<TOKEN end_char="1813" id="token-8-17" start_char="1805">resources</TOKEN>
				<TOKEN end_char="1817" id="token-8-18" start_char="1815">nor</TOKEN>
				<TOKEN end_char="1821" id="token-8-19" start_char="1819">the</TOKEN>
				<TOKEN end_char="1830" id="token-8-20" start_char="1823">products</TOKEN>
				<TOKEN end_char="1833" id="token-8-21" start_char="1832">to</TOKEN>
				<TOKEN end_char="1840" id="token-8-22" start_char="1835">target</TOKEN>
				<TOKEN end_char="1844" id="token-8-23" start_char="1842">the</TOKEN>
				<TOKEN end_char="1851" id="token-8-24" start_char="1846">Indian</TOKEN>
				<TOKEN end_char="1858" id="token-8-25" start_char="1853">market</TOKEN>
				<TOKEN end_char="1871" id="token-8-26" start_char="1860">aggressively</TOKEN>
				<TOKEN end_char="1872" id="token-8-27" start_char="1872">.</TOKEN>
			</SEG>
			<SEG end_char="2202" id="20120318_WAPO_25c1f19e-6d38-11e1-9076-7e5780d3bdb2-9" start_char="1874">
				<ORIGINAL_TEXT>Despite opening an assembly plant in the southern city of Chennai in 1998, Ford’s market share is just 3 percent here, compared with 17 percent in the United States and 10 percent in Brazil. But as new, smaller models such as the Figo make inroads into the Indian market, the company is confident that it can make up lost ground.</ORIGINAL_TEXT>
				<TOKEN end_char="1880" id="token-9-0" start_char="1874">Despite</TOKEN>
				<TOKEN end_char="1888" id="token-9-1" start_char="1882">opening</TOKEN>
				<TOKEN end_char="1891" id="token-9-2" start_char="1890">an</TOKEN>
				<TOKEN end_char="1900" id="token-9-3" start_char="1893">assembly</TOKEN>
				<TOKEN end_char="1906" id="token-9-4" start_char="1902">plant</TOKEN>
				<TOKEN end_char="1909" id="token-9-5" start_char="1908">in</TOKEN>
				<TOKEN end_char="1913" id="token-9-6" start_char="1911">the</TOKEN>
				<TOKEN end_char="1922" id="token-9-7" start_char="1915">southern</TOKEN>
				<TOKEN end_char="1927" id="token-9-8" start_char="1924">city</TOKEN>
				<TOKEN end_char="1930" id="token-9-9" start_char="1929">of</TOKEN>
				<TOKEN end_char="1938" id="token-9-10" start_char="1932">Chennai</TOKEN>
				<TOKEN end_char="1941" id="token-9-11" start_char="1940">in</TOKEN>
				<TOKEN end_char="1946" id="token-9-12" start_char="1943">1998</TOKEN>
				<TOKEN end_char="1947" id="token-9-13" start_char="1947">,</TOKEN>
				<TOKEN end_char="1952" id="token-9-14" start_char="1949">Ford</TOKEN>
				<TOKEN end_char="1953" id="token-9-15" start_char="1953">’</TOKEN>
				<TOKEN end_char="1954" id="token-9-16" start_char="1954">s</TOKEN>
				<TOKEN end_char="1961" id="token-9-17" start_char="1956">market</TOKEN>
				<TOKEN end_char="1967" id="token-9-18" start_char="1963">share</TOKEN>
				<TOKEN end_char="1970" id="token-9-19" start_char="1969">is</TOKEN>
				<TOKEN end_char="1975" id="token-9-20" start_char="1972">just</TOKEN>
				<TOKEN end_char="1977" id="token-9-21" start_char="1977">3</TOKEN>
				<TOKEN end_char="1985" id="token-9-22" start_char="1979">percent</TOKEN>
				<TOKEN end_char="1990" id="token-9-23" start_char="1987">here</TOKEN>
				<TOKEN end_char="1991" id="token-9-24" start_char="1991">,</TOKEN>
				<TOKEN end_char="2000" id="token-9-25" start_char="1993">compared</TOKEN>
				<TOKEN end_char="2005" id="token-9-26" start_char="2002">with</TOKEN>
				<TOKEN end_char="2008" id="token-9-27" start_char="2007">17</TOKEN>
				<TOKEN end_char="2016" id="token-9-28" start_char="2010">percent</TOKEN>
				<TOKEN end_char="2019" id="token-9-29" start_char="2018">in</TOKEN>
				<TOKEN end_char="2023" id="token-9-30" start_char="2021">the</TOKEN>
				<TOKEN end_char="2030" id="token-9-31" start_char="2025">United</TOKEN>
				<TOKEN end_char="2037" id="token-9-32" start_char="2032">States</TOKEN>
				<TOKEN end_char="2041" id="token-9-33" start_char="2039">and</TOKEN>
				<TOKEN end_char="2044" id="token-9-34" start_char="2043">10</TOKEN>
				<TOKEN end_char="2052" id="token-9-35" start_char="2046">percent</TOKEN>
				<TOKEN end_char="2055" id="token-9-36" start_char="2054">in</TOKEN>
				<TOKEN end_char="2062" id="token-9-37" start_char="2057">Brazil</TOKEN>
				<TOKEN end_char="2063" id="token-9-38" start_char="2063">.</TOKEN>
				<TOKEN end_char="2067" id="token-9-39" start_char="2065">But</TOKEN>
				<TOKEN end_char="2070" id="token-9-40" start_char="2069">as</TOKEN>
				<TOKEN end_char="2074" id="token-9-41" start_char="2072">new</TOKEN>
				<TOKEN end_char="2075" id="token-9-42" start_char="2075">,</TOKEN>
				<TOKEN end_char="2083" id="token-9-43" start_char="2077">smaller</TOKEN>
				<TOKEN end_char="2090" id="token-9-44" start_char="2085">models</TOKEN>
				<TOKEN end_char="2095" id="token-9-45" start_char="2092">such</TOKEN>
				<TOKEN end_char="2098" id="token-9-46" start_char="2097">as</TOKEN>
				<TOKEN end_char="2102" id="token-9-47" start_char="2100">the</TOKEN>
				<TOKEN end_char="2107" id="token-9-48" start_char="2104">Figo</TOKEN>
				<TOKEN end_char="2112" id="token-9-49" start_char="2109">make</TOKEN>
				<TOKEN end_char="2120" id="token-9-50" start_char="2114">inroads</TOKEN>
				<TOKEN end_char="2125" id="token-9-51" start_char="2122">into</TOKEN>
				<TOKEN end_char="2129" id="token-9-52" start_char="2127">the</TOKEN>
				<TOKEN end_char="2136" id="token-9-53" start_char="2131">Indian</TOKEN>
				<TOKEN end_char="2143" id="token-9-54" start_char="2138">market</TOKEN>
				<TOKEN end_char="2144" id="token-9-55" start_char="2144">,</TOKEN>
				<TOKEN end_char="2148" id="token-9-56" start_char="2146">the</TOKEN>
				<TOKEN end_char="2156" id="token-9-57" start_char="2150">company</TOKEN>
				<TOKEN end_char="2159" id="token-9-58" start_char="2158">is</TOKEN>
				<TOKEN end_char="2169" id="token-9-59" start_char="2161">confident</TOKEN>
				<TOKEN end_char="2174" id="token-9-60" start_char="2171">that</TOKEN>
				<TOKEN end_char="2177" id="token-9-61" start_char="2176">it</TOKEN>
				<TOKEN end_char="2181" id="token-9-62" start_char="2179">can</TOKEN>
				<TOKEN end_char="2186" id="token-9-63" start_char="2183">make</TOKEN>
				<TOKEN end_char="2189" id="token-9-64" start_char="2188">up</TOKEN>
				<TOKEN end_char="2194" id="token-9-65" start_char="2191">lost</TOKEN>
				<TOKEN end_char="2201" id="token-9-66" start_char="2196">ground</TOKEN>
				<TOKEN end_char="2202" id="token-9-67" start_char="2202">.</TOKEN>
			</SEG>
			<SEG end_char="2532" id="20120318_WAPO_25c1f19e-6d38-11e1-9076-7e5780d3bdb2-10" start_char="2204">
				<ORIGINAL_TEXT>This new focus on India has required something of a philosophical shift for America’s big auto manufacturers, a post-downturn realization that the old ways of doing business no longer guarantee success, said Michael Dunne, president of Dunne and Co., a Hong-Kong based investment advisory firm specializing in Asia’s car markets.</ORIGINAL_TEXT>
				<TOKEN end_char="2207" id="token-10-0" start_char="2204">This</TOKEN>
				<TOKEN end_char="2211" id="token-10-1" start_char="2209">new</TOKEN>
				<TOKEN end_char="2217" id="token-10-2" start_char="2213">focus</TOKEN>
				<TOKEN end_char="2220" id="token-10-3" start_char="2219">on</TOKEN>
				<TOKEN end_char="2226" id="token-10-4" start_char="2222">India</TOKEN>
				<TOKEN end_char="2230" id="token-10-5" start_char="2228">has</TOKEN>
				<TOKEN end_char="2239" id="token-10-6" start_char="2232">required</TOKEN>
				<TOKEN end_char="2249" id="token-10-7" start_char="2241">something</TOKEN>
				<TOKEN end_char="2252" id="token-10-8" start_char="2251">of</TOKEN>
				<TOKEN end_char="2254" id="token-10-9" start_char="2254">a</TOKEN>
				<TOKEN end_char="2268" id="token-10-10" start_char="2256">philosophical</TOKEN>
				<TOKEN end_char="2274" id="token-10-11" start_char="2270">shift</TOKEN>
				<TOKEN end_char="2278" id="token-10-12" start_char="2276">for</TOKEN>
				<TOKEN end_char="2286" id="token-10-13" start_char="2280">America</TOKEN>
				<TOKEN end_char="2287" id="token-10-14" start_char="2287">’</TOKEN>
				<TOKEN end_char="2288" id="token-10-15" start_char="2288">s</TOKEN>
				<TOKEN end_char="2292" id="token-10-16" start_char="2290">big</TOKEN>
				<TOKEN end_char="2297" id="token-10-17" start_char="2294">auto</TOKEN>
				<TOKEN end_char="2311" id="token-10-18" start_char="2299">manufacturers</TOKEN>
				<TOKEN end_char="2312" id="token-10-19" start_char="2312">,</TOKEN>
				<TOKEN end_char="2314" id="token-10-20" start_char="2314">a</TOKEN>
				<TOKEN end_char="2319" id="token-10-21" start_char="2316">post</TOKEN>
				<TOKEN end_char="2320" id="token-10-22" start_char="2320">-</TOKEN>
				<TOKEN end_char="2328" id="token-10-23" start_char="2321">downturn</TOKEN>
				<TOKEN end_char="2340" id="token-10-24" start_char="2330">realization</TOKEN>
				<TOKEN end_char="2345" id="token-10-25" start_char="2342">that</TOKEN>
				<TOKEN end_char="2349" id="token-10-26" start_char="2347">the</TOKEN>
				<TOKEN end_char="2353" id="token-10-27" start_char="2351">old</TOKEN>
				<TOKEN end_char="2358" id="token-10-28" start_char="2355">ways</TOKEN>
				<TOKEN end_char="2361" id="token-10-29" start_char="2360">of</TOKEN>
				<TOKEN end_char="2367" id="token-10-30" start_char="2363">doing</TOKEN>
				<TOKEN end_char="2376" id="token-10-31" start_char="2369">business</TOKEN>
				<TOKEN end_char="2379" id="token-10-32" start_char="2378">no</TOKEN>
				<TOKEN end_char="2386" id="token-10-33" start_char="2381">longer</TOKEN>
				<TOKEN end_char="2396" id="token-10-34" start_char="2388">guarantee</TOKEN>
				<TOKEN end_char="2404" id="token-10-35" start_char="2398">success</TOKEN>
				<TOKEN end_char="2405" id="token-10-36" start_char="2405">,</TOKEN>
				<TOKEN end_char="2410" id="token-10-37" start_char="2407">said</TOKEN>
				<TOKEN end_char="2418" id="token-10-38" start_char="2412">Michael</TOKEN>
				<TOKEN end_char="2424" id="token-10-39" start_char="2420">Dunne</TOKEN>
				<TOKEN end_char="2425" id="token-10-40" start_char="2425">,</TOKEN>
				<TOKEN end_char="2435" id="token-10-41" start_char="2427">president</TOKEN>
				<TOKEN end_char="2438" id="token-10-42" start_char="2437">of</TOKEN>
				<TOKEN end_char="2444" id="token-10-43" start_char="2440">Dunne</TOKEN>
				<TOKEN end_char="2448" id="token-10-44" start_char="2446">and</TOKEN>
				<TOKEN end_char="2451" id="token-10-45" start_char="2450">Co</TOKEN>
				<TOKEN end_char="2453" id="token-10-46" start_char="2452">.,</TOKEN>
				<TOKEN end_char="2455" id="token-10-47" start_char="2455">a</TOKEN>
				<TOKEN end_char="2460" id="token-10-48" start_char="2457">Hong</TOKEN>
				<TOKEN end_char="2461" id="token-10-49" start_char="2461">-</TOKEN>
				<TOKEN end_char="2465" id="token-10-50" start_char="2462">Kong</TOKEN>
				<TOKEN end_char="2471" id="token-10-51" start_char="2467">based</TOKEN>
				<TOKEN end_char="2482" id="token-10-52" start_char="2473">investment</TOKEN>
				<TOKEN end_char="2491" id="token-10-53" start_char="2484">advisory</TOKEN>
				<TOKEN end_char="2496" id="token-10-54" start_char="2493">firm</TOKEN>
				<TOKEN end_char="2509" id="token-10-55" start_char="2498">specializing</TOKEN>
				<TOKEN end_char="2512" id="token-10-56" start_char="2511">in</TOKEN>
				<TOKEN end_char="2517" id="token-10-57" start_char="2514">Asia</TOKEN>
				<TOKEN end_char="2518" id="token-10-58" start_char="2518">’</TOKEN>
				<TOKEN end_char="2519" id="token-10-59" start_char="2519">s</TOKEN>
				<TOKEN end_char="2523" id="token-10-60" start_char="2521">car</TOKEN>
				<TOKEN end_char="2531" id="token-10-61" start_char="2525">markets</TOKEN>
				<TOKEN end_char="2532" id="token-10-62" start_char="2532">.</TOKEN>
			</SEG>
			<SEG end_char="2722" id="20120318_WAPO_25c1f19e-6d38-11e1-9076-7e5780d3bdb2-11" start_char="2534">
				<ORIGINAL_TEXT>In the past, U.S. carmakers tended to launch products in emerging markets that were successful in Europe “and anticipate that customers will trade up to the higher price level,” Dunne said.</ORIGINAL_TEXT>
				<TOKEN end_char="2535" id="token-11-0" start_char="2534">In</TOKEN>
				<TOKEN end_char="2539" id="token-11-1" start_char="2537">the</TOKEN>
				<TOKEN end_char="2544" id="token-11-2" start_char="2541">past</TOKEN>
				<TOKEN end_char="2545" id="token-11-3" start_char="2545">,</TOKEN>
				<TOKEN end_char="2547" id="token-11-4" start_char="2547">U</TOKEN>
				<TOKEN end_char="2548" id="token-11-5" start_char="2548">.</TOKEN>
				<TOKEN end_char="2549" id="token-11-6" start_char="2549">S</TOKEN>
				<TOKEN end_char="2550" id="token-11-7" start_char="2550">.</TOKEN>
				<TOKEN end_char="2560" id="token-11-8" start_char="2552">carmakers</TOKEN>
				<TOKEN end_char="2567" id="token-11-9" start_char="2562">tended</TOKEN>
				<TOKEN end_char="2570" id="token-11-10" start_char="2569">to</TOKEN>
				<TOKEN end_char="2577" id="token-11-11" start_char="2572">launch</TOKEN>
				<TOKEN end_char="2586" id="token-11-12" start_char="2579">products</TOKEN>
				<TOKEN end_char="2589" id="token-11-13" start_char="2588">in</TOKEN>
				<TOKEN end_char="2598" id="token-11-14" start_char="2591">emerging</TOKEN>
				<TOKEN end_char="2606" id="token-11-15" start_char="2600">markets</TOKEN>
				<TOKEN end_char="2611" id="token-11-16" start_char="2608">that</TOKEN>
				<TOKEN end_char="2616" id="token-11-17" start_char="2613">were</TOKEN>
				<TOKEN end_char="2627" id="token-11-18" start_char="2618">successful</TOKEN>
				<TOKEN end_char="2630" id="token-11-19" start_char="2629">in</TOKEN>
				<TOKEN end_char="2637" id="token-11-20" start_char="2632">Europe</TOKEN>
				<TOKEN end_char="2639" id="token-11-21" start_char="2639">“</TOKEN>
				<TOKEN end_char="2642" id="token-11-22" start_char="2640">and</TOKEN>
				<TOKEN end_char="2653" id="token-11-23" start_char="2644">anticipate</TOKEN>
				<TOKEN end_char="2658" id="token-11-24" start_char="2655">that</TOKEN>
				<TOKEN end_char="2668" id="token-11-25" start_char="2660">customers</TOKEN>
				<TOKEN end_char="2673" id="token-11-26" start_char="2670">will</TOKEN>
				<TOKEN end_char="2679" id="token-11-27" start_char="2675">trade</TOKEN>
				<TOKEN end_char="2682" id="token-11-28" start_char="2681">up</TOKEN>
				<TOKEN end_char="2685" id="token-11-29" start_char="2684">to</TOKEN>
				<TOKEN end_char="2689" id="token-11-30" start_char="2687">the</TOKEN>
				<TOKEN end_char="2696" id="token-11-31" start_char="2691">higher</TOKEN>
				<TOKEN end_char="2702" id="token-11-32" start_char="2698">price</TOKEN>
				<TOKEN end_char="2708" id="token-11-33" start_char="2704">level</TOKEN>
				<TOKEN end_char="2710" id="token-11-34" start_char="2709">,”</TOKEN>
				<TOKEN end_char="2716" id="token-11-35" start_char="2712">Dunne</TOKEN>
				<TOKEN end_char="2721" id="token-11-36" start_char="2718">said</TOKEN>
				<TOKEN end_char="2722" id="token-11-37" start_char="2722">.</TOKEN>
			</SEG>
			<SEG end_char="2925" id="20120318_WAPO_25c1f19e-6d38-11e1-9076-7e5780d3bdb2-12" start_char="2724">
				<ORIGINAL_TEXT>“That has worked in other car markets, but it didn’t work in India, which is quite price-sensitive. They have now realized, ‘We’ve got to go to the market, we can’t wait for the market to come to us.’ ”</ORIGINAL_TEXT>
				<TOKEN end_char="2724" id="token-12-0" start_char="2724">“</TOKEN>
				<TOKEN end_char="2728" id="token-12-1" start_char="2725">That</TOKEN>
				<TOKEN end_char="2732" id="token-12-2" start_char="2730">has</TOKEN>
				<TOKEN end_char="2739" id="token-12-3" start_char="2734">worked</TOKEN>
				<TOKEN end_char="2742" id="token-12-4" start_char="2741">in</TOKEN>
				<TOKEN end_char="2748" id="token-12-5" start_char="2744">other</TOKEN>
				<TOKEN end_char="2752" id="token-12-6" start_char="2750">car</TOKEN>
				<TOKEN end_char="2760" id="token-12-7" start_char="2754">markets</TOKEN>
				<TOKEN end_char="2761" id="token-12-8" start_char="2761">,</TOKEN>
				<TOKEN end_char="2765" id="token-12-9" start_char="2763">but</TOKEN>
				<TOKEN end_char="2768" id="token-12-10" start_char="2767">it</TOKEN>
				<TOKEN end_char="2773" id="token-12-11" start_char="2770">didn</TOKEN>
				<TOKEN end_char="2774" id="token-12-12" start_char="2774">’</TOKEN>
				<TOKEN end_char="2775" id="token-12-13" start_char="2775">t</TOKEN>
				<TOKEN end_char="2780" id="token-12-14" start_char="2777">work</TOKEN>
				<TOKEN end_char="2783" id="token-12-15" start_char="2782">in</TOKEN>
				<TOKEN end_char="2789" id="token-12-16" start_char="2785">India</TOKEN>
				<TOKEN end_char="2790" id="token-12-17" start_char="2790">,</TOKEN>
				<TOKEN end_char="2796" id="token-12-18" start_char="2792">which</TOKEN>
				<TOKEN end_char="2799" id="token-12-19" start_char="2798">is</TOKEN>
				<TOKEN end_char="2805" id="token-12-20" start_char="2801">quite</TOKEN>
				<TOKEN end_char="2811" id="token-12-21" start_char="2807">price</TOKEN>
				<TOKEN end_char="2812" id="token-12-22" start_char="2812">-</TOKEN>
				<TOKEN end_char="2821" id="token-12-23" start_char="2813">sensitive</TOKEN>
				<TOKEN end_char="2822" id="token-12-24" start_char="2822">.</TOKEN>
				<TOKEN end_char="2827" id="token-12-25" start_char="2824">They</TOKEN>
				<TOKEN end_char="2832" id="token-12-26" start_char="2829">have</TOKEN>
				<TOKEN end_char="2836" id="token-12-27" start_char="2834">now</TOKEN>
				<TOKEN end_char="2845" id="token-12-28" start_char="2838">realized</TOKEN>
				<TOKEN end_char="2846" id="token-12-29" start_char="2846">,</TOKEN>
				<TOKEN end_char="2848" id="token-12-30" start_char="2848">‘</TOKEN>
				<TOKEN end_char="2850" id="token-12-31" start_char="2849">We</TOKEN>
				<TOKEN end_char="2851" id="token-12-32" start_char="2851">’</TOKEN>
				<TOKEN end_char="2853" id="token-12-33" start_char="2852">ve</TOKEN>
				<TOKEN end_char="2857" id="token-12-34" start_char="2855">got</TOKEN>
				<TOKEN end_char="2860" id="token-12-35" start_char="2859">to</TOKEN>
				<TOKEN end_char="2863" id="token-12-36" start_char="2862">go</TOKEN>
				<TOKEN end_char="2866" id="token-12-37" start_char="2865">to</TOKEN>
				<TOKEN end_char="2870" id="token-12-38" start_char="2868">the</TOKEN>
				<TOKEN end_char="2877" id="token-12-39" start_char="2872">market</TOKEN>
				<TOKEN end_char="2878" id="token-12-40" start_char="2878">,</TOKEN>
				<TOKEN end_char="2881" id="token-12-41" start_char="2880">we</TOKEN>
				<TOKEN end_char="2885" id="token-12-42" start_char="2883">can</TOKEN>
				<TOKEN end_char="2886" id="token-12-43" start_char="2886">’</TOKEN>
				<TOKEN end_char="2887" id="token-12-44" start_char="2887">t</TOKEN>
				<TOKEN end_char="2892" id="token-12-45" start_char="2889">wait</TOKEN>
				<TOKEN end_char="2896" id="token-12-46" start_char="2894">for</TOKEN>
				<TOKEN end_char="2900" id="token-12-47" start_char="2898">the</TOKEN>
				<TOKEN end_char="2907" id="token-12-48" start_char="2902">market</TOKEN>
				<TOKEN end_char="2910" id="token-12-49" start_char="2909">to</TOKEN>
				<TOKEN end_char="2915" id="token-12-50" start_char="2912">come</TOKEN>
				<TOKEN end_char="2918" id="token-12-51" start_char="2917">to</TOKEN>
				<TOKEN end_char="2921" id="token-12-52" start_char="2920">us</TOKEN>
				<TOKEN end_char="2923" id="token-12-53" start_char="2922">.’</TOKEN>
				<TOKEN end_char="2925" id="token-12-54" start_char="2925">”</TOKEN>
			</SEG>
			<SEG end_char="3212" id="20120318_WAPO_25c1f19e-6d38-11e1-9076-7e5780d3bdb2-13" start_char="2927">
				<ORIGINAL_TEXT>That means smaller, cheaper cars and taking the battle to more-established Asian operators such as Toyota and Hyundai. It means adapting faster than ever before to rapidly changing tastes. But the potential rewards mean that this is a battle that American carmakers can no longer avoid.</ORIGINAL_TEXT>
				<TOKEN end_char="2930" id="token-13-0" start_char="2927">That</TOKEN>
				<TOKEN end_char="2936" id="token-13-1" start_char="2932">means</TOKEN>
				<TOKEN end_char="2944" id="token-13-2" start_char="2938">smaller</TOKEN>
				<TOKEN end_char="2945" id="token-13-3" start_char="2945">,</TOKEN>
				<TOKEN end_char="2953" id="token-13-4" start_char="2947">cheaper</TOKEN>
				<TOKEN end_char="2958" id="token-13-5" start_char="2955">cars</TOKEN>
				<TOKEN end_char="2962" id="token-13-6" start_char="2960">and</TOKEN>
				<TOKEN end_char="2969" id="token-13-7" start_char="2964">taking</TOKEN>
				<TOKEN end_char="2973" id="token-13-8" start_char="2971">the</TOKEN>
				<TOKEN end_char="2980" id="token-13-9" start_char="2975">battle</TOKEN>
				<TOKEN end_char="2983" id="token-13-10" start_char="2982">to</TOKEN>
				<TOKEN end_char="2988" id="token-13-11" start_char="2985">more</TOKEN>
				<TOKEN end_char="2989" id="token-13-12" start_char="2989">-</TOKEN>
				<TOKEN end_char="3000" id="token-13-13" start_char="2990">established</TOKEN>
				<TOKEN end_char="3006" id="token-13-14" start_char="3002">Asian</TOKEN>
				<TOKEN end_char="3016" id="token-13-15" start_char="3008">operators</TOKEN>
				<TOKEN end_char="3021" id="token-13-16" start_char="3018">such</TOKEN>
				<TOKEN end_char="3024" id="token-13-17" start_char="3023">as</TOKEN>
				<TOKEN end_char="3031" id="token-13-18" start_char="3026">Toyota</TOKEN>
				<TOKEN end_char="3035" id="token-13-19" start_char="3033">and</TOKEN>
				<TOKEN end_char="3043" id="token-13-20" start_char="3037">Hyundai</TOKEN>
				<TOKEN end_char="3044" id="token-13-21" start_char="3044">.</TOKEN>
				<TOKEN end_char="3047" id="token-13-22" start_char="3046">It</TOKEN>
				<TOKEN end_char="3053" id="token-13-23" start_char="3049">means</TOKEN>
				<TOKEN end_char="3062" id="token-13-24" start_char="3055">adapting</TOKEN>
				<TOKEN end_char="3069" id="token-13-25" start_char="3064">faster</TOKEN>
				<TOKEN end_char="3074" id="token-13-26" start_char="3071">than</TOKEN>
				<TOKEN end_char="3079" id="token-13-27" start_char="3076">ever</TOKEN>
				<TOKEN end_char="3086" id="token-13-28" start_char="3081">before</TOKEN>
				<TOKEN end_char="3089" id="token-13-29" start_char="3088">to</TOKEN>
				<TOKEN end_char="3097" id="token-13-30" start_char="3091">rapidly</TOKEN>
				<TOKEN end_char="3106" id="token-13-31" start_char="3099">changing</TOKEN>
				<TOKEN end_char="3113" id="token-13-32" start_char="3108">tastes</TOKEN>
				<TOKEN end_char="3114" id="token-13-33" start_char="3114">.</TOKEN>
				<TOKEN end_char="3118" id="token-13-34" start_char="3116">But</TOKEN>
				<TOKEN end_char="3122" id="token-13-35" start_char="3120">the</TOKEN>
				<TOKEN end_char="3132" id="token-13-36" start_char="3124">potential</TOKEN>
				<TOKEN end_char="3140" id="token-13-37" start_char="3134">rewards</TOKEN>
				<TOKEN end_char="3145" id="token-13-38" start_char="3142">mean</TOKEN>
				<TOKEN end_char="3150" id="token-13-39" start_char="3147">that</TOKEN>
				<TOKEN end_char="3155" id="token-13-40" start_char="3152">this</TOKEN>
				<TOKEN end_char="3158" id="token-13-41" start_char="3157">is</TOKEN>
				<TOKEN end_char="3160" id="token-13-42" start_char="3160">a</TOKEN>
				<TOKEN end_char="3167" id="token-13-43" start_char="3162">battle</TOKEN>
				<TOKEN end_char="3172" id="token-13-44" start_char="3169">that</TOKEN>
				<TOKEN end_char="3181" id="token-13-45" start_char="3174">American</TOKEN>
				<TOKEN end_char="3191" id="token-13-46" start_char="3183">carmakers</TOKEN>
				<TOKEN end_char="3195" id="token-13-47" start_char="3193">can</TOKEN>
				<TOKEN end_char="3198" id="token-13-48" start_char="3197">no</TOKEN>
				<TOKEN end_char="3205" id="token-13-49" start_char="3200">longer</TOKEN>
				<TOKEN end_char="3211" id="token-13-50" start_char="3207">avoid</TOKEN>
				<TOKEN end_char="3212" id="token-13-51" start_char="3212">.</TOKEN>
			</SEG>
			<SEG end_char="3449" id="20120318_WAPO_25c1f19e-6d38-11e1-9076-7e5780d3bdb2-14" start_char="3214">
				<ORIGINAL_TEXT>A decade of breakneck economic growth and a fast-expanding middle class are bringing India close to a “tipping point,” when incomes in towns and smaller cities across the country reach the threshold at which car sales typically explode.</ORIGINAL_TEXT>
				<TOKEN end_char="3214" id="token-14-0" start_char="3214">A</TOKEN>
				<TOKEN end_char="3221" id="token-14-1" start_char="3216">decade</TOKEN>
				<TOKEN end_char="3224" id="token-14-2" start_char="3223">of</TOKEN>
				<TOKEN end_char="3234" id="token-14-3" start_char="3226">breakneck</TOKEN>
				<TOKEN end_char="3243" id="token-14-4" start_char="3236">economic</TOKEN>
				<TOKEN end_char="3250" id="token-14-5" start_char="3245">growth</TOKEN>
				<TOKEN end_char="3254" id="token-14-6" start_char="3252">and</TOKEN>
				<TOKEN end_char="3256" id="token-14-7" start_char="3256">a</TOKEN>
				<TOKEN end_char="3261" id="token-14-8" start_char="3258">fast</TOKEN>
				<TOKEN end_char="3262" id="token-14-9" start_char="3262">-</TOKEN>
				<TOKEN end_char="3271" id="token-14-10" start_char="3263">expanding</TOKEN>
				<TOKEN end_char="3278" id="token-14-11" start_char="3273">middle</TOKEN>
				<TOKEN end_char="3284" id="token-14-12" start_char="3280">class</TOKEN>
				<TOKEN end_char="3288" id="token-14-13" start_char="3286">are</TOKEN>
				<TOKEN end_char="3297" id="token-14-14" start_char="3290">bringing</TOKEN>
				<TOKEN end_char="3303" id="token-14-15" start_char="3299">India</TOKEN>
				<TOKEN end_char="3309" id="token-14-16" start_char="3305">close</TOKEN>
				<TOKEN end_char="3312" id="token-14-17" start_char="3311">to</TOKEN>
				<TOKEN end_char="3314" id="token-14-18" start_char="3314">a</TOKEN>
				<TOKEN end_char="3316" id="token-14-19" start_char="3316">“</TOKEN>
				<TOKEN end_char="3323" id="token-14-20" start_char="3317">tipping</TOKEN>
				<TOKEN end_char="3329" id="token-14-21" start_char="3325">point</TOKEN>
				<TOKEN end_char="3331" id="token-14-22" start_char="3330">,”</TOKEN>
				<TOKEN end_char="3336" id="token-14-23" start_char="3333">when</TOKEN>
				<TOKEN end_char="3344" id="token-14-24" start_char="3338">incomes</TOKEN>
				<TOKEN end_char="3347" id="token-14-25" start_char="3346">in</TOKEN>
				<TOKEN end_char="3353" id="token-14-26" start_char="3349">towns</TOKEN>
				<TOKEN end_char="3357" id="token-14-27" start_char="3355">and</TOKEN>
				<TOKEN end_char="3365" id="token-14-28" start_char="3359">smaller</TOKEN>
				<TOKEN end_char="3372" id="token-14-29" start_char="3367">cities</TOKEN>
				<TOKEN end_char="3379" id="token-14-30" start_char="3374">across</TOKEN>
				<TOKEN end_char="3383" id="token-14-31" start_char="3381">the</TOKEN>
				<TOKEN end_char="3391" id="token-14-32" start_char="3385">country</TOKEN>
				<TOKEN end_char="3397" id="token-14-33" start_char="3393">reach</TOKEN>
				<TOKEN end_char="3401" id="token-14-34" start_char="3399">the</TOKEN>
				<TOKEN end_char="3411" id="token-14-35" start_char="3403">threshold</TOKEN>
				<TOKEN end_char="3414" id="token-14-36" start_char="3413">at</TOKEN>
				<TOKEN end_char="3420" id="token-14-37" start_char="3416">which</TOKEN>
				<TOKEN end_char="3424" id="token-14-38" start_char="3422">car</TOKEN>
				<TOKEN end_char="3430" id="token-14-39" start_char="3426">sales</TOKEN>
				<TOKEN end_char="3440" id="token-14-40" start_char="3432">typically</TOKEN>
				<TOKEN end_char="3448" id="token-14-41" start_char="3442">explode</TOKEN>
				<TOKEN end_char="3449" id="token-14-42" start_char="3449">.</TOKEN>
			</SEG>
			<SEG end_char="3579" id="20120318_WAPO_25c1f19e-6d38-11e1-9076-7e5780d3bdb2-15" start_char="3451">
				<ORIGINAL_TEXT>That should happen by the middle of this decade, Ford’s Hinrichs said, and “that’s when we expect another dramatic growth phase.”</ORIGINAL_TEXT>
				<TOKEN end_char="3454" id="token-15-0" start_char="3451">That</TOKEN>
				<TOKEN end_char="3461" id="token-15-1" start_char="3456">should</TOKEN>
				<TOKEN end_char="3468" id="token-15-2" start_char="3463">happen</TOKEN>
				<TOKEN end_char="3471" id="token-15-3" start_char="3470">by</TOKEN>
				<TOKEN end_char="3475" id="token-15-4" start_char="3473">the</TOKEN>
				<TOKEN end_char="3482" id="token-15-5" start_char="3477">middle</TOKEN>
				<TOKEN end_char="3485" id="token-15-6" start_char="3484">of</TOKEN>
				<TOKEN end_char="3490" id="token-15-7" start_char="3487">this</TOKEN>
				<TOKEN end_char="3497" id="token-15-8" start_char="3492">decade</TOKEN>
				<TOKEN end_char="3498" id="token-15-9" start_char="3498">,</TOKEN>
				<TOKEN end_char="3503" id="token-15-10" start_char="3500">Ford</TOKEN>
				<TOKEN end_char="3504" id="token-15-11" start_char="3504">’</TOKEN>
				<TOKEN end_char="3505" id="token-15-12" start_char="3505">s</TOKEN>
				<TOKEN end_char="3514" id="token-15-13" start_char="3507">Hinrichs</TOKEN>
				<TOKEN end_char="3519" id="token-15-14" start_char="3516">said</TOKEN>
				<TOKEN end_char="3520" id="token-15-15" start_char="3520">,</TOKEN>
				<TOKEN end_char="3524" id="token-15-16" start_char="3522">and</TOKEN>
				<TOKEN end_char="3526" id="token-15-17" start_char="3526">“</TOKEN>
				<TOKEN end_char="3530" id="token-15-18" start_char="3527">that</TOKEN>
				<TOKEN end_char="3531" id="token-15-19" start_char="3531">’</TOKEN>
				<TOKEN end_char="3532" id="token-15-20" start_char="3532">s</TOKEN>
				<TOKEN end_char="3537" id="token-15-21" start_char="3534">when</TOKEN>
				<TOKEN end_char="3540" id="token-15-22" start_char="3539">we</TOKEN>
				<TOKEN end_char="3547" id="token-15-23" start_char="3542">expect</TOKEN>
				<TOKEN end_char="3555" id="token-15-24" start_char="3549">another</TOKEN>
				<TOKEN end_char="3564" id="token-15-25" start_char="3557">dramatic</TOKEN>
				<TOKEN end_char="3571" id="token-15-26" start_char="3566">growth</TOKEN>
				<TOKEN end_char="3577" id="token-15-27" start_char="3573">phase</TOKEN>
				<TOKEN end_char="3579" id="token-15-28" start_char="3578">.”</TOKEN>
			</SEG>
		</TEXT>
	</DOC>
</LCTL_TEXT>
