<?xml version="1.0" encoding="utf-8"?>
<LCTL_TEXT>
	<DOC id="20120705_WAPO_31152594-c6e7-11e1-916d-a4bc61efcad8">
		<TEXT>
			<SEG end_char="44" id="20120705_WAPO_31152594-c6e7-11e1-916d-a4bc61efcad8-0" start_char="0">
				<ORIGINAL_TEXT>Without power, elderly seek help at hospitals</ORIGINAL_TEXT>
				<TOKEN end_char="6" id="token-0-0" start_char="0">Without</TOKEN>
				<TOKEN end_char="12" id="token-0-1" start_char="8">power</TOKEN>
				<TOKEN end_char="13" id="token-0-2" start_char="13">,</TOKEN>
				<TOKEN end_char="21" id="token-0-3" start_char="15">elderly</TOKEN>
				<TOKEN end_char="26" id="token-0-4" start_char="23">seek</TOKEN>
				<TOKEN end_char="31" id="token-0-5" start_char="28">help</TOKEN>
				<TOKEN end_char="34" id="token-0-6" start_char="33">at</TOKEN>
				<TOKEN end_char="44" id="token-0-7" start_char="36">hospitals</TOKEN>
			</SEG>
			<SEG end_char="86" id="20120705_WAPO_31152594-c6e7-11e1-916d-a4bc61efcad8-1" start_char="46">
				<ORIGINAL_TEXT>Thursday, July 5, 2012 19:07:41 GMT-05:00</ORIGINAL_TEXT>
				<TOKEN end_char="53" id="token-1-0" start_char="46">Thursday</TOKEN>
				<TOKEN end_char="54" id="token-1-1" start_char="54">,</TOKEN>
				<TOKEN end_char="59" id="token-1-2" start_char="56">July</TOKEN>
				<TOKEN end_char="61" id="token-1-3" start_char="61">5</TOKEN>
				<TOKEN end_char="62" id="token-1-4" start_char="62">,</TOKEN>
				<TOKEN end_char="67" id="token-1-5" start_char="64">2012</TOKEN>
				<TOKEN end_char="70" id="token-1-6" start_char="69">19</TOKEN>
				<TOKEN end_char="71" id="token-1-7" start_char="71">:</TOKEN>
				<TOKEN end_char="73" id="token-1-8" start_char="72">07</TOKEN>
				<TOKEN end_char="74" id="token-1-9" start_char="74">:</TOKEN>
				<TOKEN end_char="76" id="token-1-10" start_char="75">41</TOKEN>
				<TOKEN end_char="80" id="token-1-11" start_char="78">GMT</TOKEN>
				<TOKEN end_char="81" id="token-1-12" start_char="81">-</TOKEN>
				<TOKEN end_char="83" id="token-1-13" start_char="82">05</TOKEN>
				<TOKEN end_char="84" id="token-1-14" start_char="84">:</TOKEN>
				<TOKEN end_char="86" id="token-1-15" start_char="85">00</TOKEN>
			</SEG>
			<SEG end_char="195" id="20120705_WAPO_31152594-c6e7-11e1-916d-a4bc61efcad8-2" start_char="88">
				<ORIGINAL_TEXT>Among those who have been hardest hit by the stifling heat in their out-of-power residences are the elderly.</ORIGINAL_TEXT>
				<TOKEN end_char="92" id="token-2-0" start_char="88">Among</TOKEN>
				<TOKEN end_char="98" id="token-2-1" start_char="94">those</TOKEN>
				<TOKEN end_char="102" id="token-2-2" start_char="100">who</TOKEN>
				<TOKEN end_char="107" id="token-2-3" start_char="104">have</TOKEN>
				<TOKEN end_char="112" id="token-2-4" start_char="109">been</TOKEN>
				<TOKEN end_char="120" id="token-2-5" start_char="114">hardest</TOKEN>
				<TOKEN end_char="124" id="token-2-6" start_char="122">hit</TOKEN>
				<TOKEN end_char="127" id="token-2-7" start_char="126">by</TOKEN>
				<TOKEN end_char="131" id="token-2-8" start_char="129">the</TOKEN>
				<TOKEN end_char="140" id="token-2-9" start_char="133">stifling</TOKEN>
				<TOKEN end_char="145" id="token-2-10" start_char="142">heat</TOKEN>
				<TOKEN end_char="148" id="token-2-11" start_char="147">in</TOKEN>
				<TOKEN end_char="154" id="token-2-12" start_char="150">their</TOKEN>
				<TOKEN end_char="158" id="token-2-13" start_char="156">out</TOKEN>
				<TOKEN end_char="159" id="token-2-14" start_char="159">-</TOKEN>
				<TOKEN end_char="161" id="token-2-15" start_char="160">of</TOKEN>
				<TOKEN end_char="162" id="token-2-16" start_char="162">-</TOKEN>
				<TOKEN end_char="167" id="token-2-17" start_char="163">power</TOKEN>
				<TOKEN end_char="178" id="token-2-18" start_char="169">residences</TOKEN>
				<TOKEN end_char="182" id="token-2-19" start_char="180">are</TOKEN>
				<TOKEN end_char="186" id="token-2-20" start_char="184">the</TOKEN>
				<TOKEN end_char="194" id="token-2-21" start_char="188">elderly</TOKEN>
				<TOKEN end_char="195" id="token-2-22" start_char="195">.</TOKEN>
			</SEG>
			<SEG end_char="390" id="20120705_WAPO_31152594-c6e7-11e1-916d-a4bc61efcad8-3" start_char="197">
				<ORIGINAL_TEXT>Hospitals across the region said their emergency rooms were treating elderly patients who live at home alone, without relatives in the area, and who use oxygen machines that rely on electricity.</ORIGINAL_TEXT>
				<TOKEN end_char="205" id="token-3-0" start_char="197">Hospitals</TOKEN>
				<TOKEN end_char="212" id="token-3-1" start_char="207">across</TOKEN>
				<TOKEN end_char="216" id="token-3-2" start_char="214">the</TOKEN>
				<TOKEN end_char="223" id="token-3-3" start_char="218">region</TOKEN>
				<TOKEN end_char="228" id="token-3-4" start_char="225">said</TOKEN>
				<TOKEN end_char="234" id="token-3-5" start_char="230">their</TOKEN>
				<TOKEN end_char="244" id="token-3-6" start_char="236">emergency</TOKEN>
				<TOKEN end_char="250" id="token-3-7" start_char="246">rooms</TOKEN>
				<TOKEN end_char="255" id="token-3-8" start_char="252">were</TOKEN>
				<TOKEN end_char="264" id="token-3-9" start_char="257">treating</TOKEN>
				<TOKEN end_char="272" id="token-3-10" start_char="266">elderly</TOKEN>
				<TOKEN end_char="281" id="token-3-11" start_char="274">patients</TOKEN>
				<TOKEN end_char="285" id="token-3-12" start_char="283">who</TOKEN>
				<TOKEN end_char="290" id="token-3-13" start_char="287">live</TOKEN>
				<TOKEN end_char="293" id="token-3-14" start_char="292">at</TOKEN>
				<TOKEN end_char="298" id="token-3-15" start_char="295">home</TOKEN>
				<TOKEN end_char="304" id="token-3-16" start_char="300">alone</TOKEN>
				<TOKEN end_char="305" id="token-3-17" start_char="305">,</TOKEN>
				<TOKEN end_char="313" id="token-3-18" start_char="307">without</TOKEN>
				<TOKEN end_char="323" id="token-3-19" start_char="315">relatives</TOKEN>
				<TOKEN end_char="326" id="token-3-20" start_char="325">in</TOKEN>
				<TOKEN end_char="330" id="token-3-21" start_char="328">the</TOKEN>
				<TOKEN end_char="335" id="token-3-22" start_char="332">area</TOKEN>
				<TOKEN end_char="336" id="token-3-23" start_char="336">,</TOKEN>
				<TOKEN end_char="340" id="token-3-24" start_char="338">and</TOKEN>
				<TOKEN end_char="344" id="token-3-25" start_char="342">who</TOKEN>
				<TOKEN end_char="348" id="token-3-26" start_char="346">use</TOKEN>
				<TOKEN end_char="355" id="token-3-27" start_char="350">oxygen</TOKEN>
				<TOKEN end_char="364" id="token-3-28" start_char="357">machines</TOKEN>
				<TOKEN end_char="369" id="token-3-29" start_char="366">that</TOKEN>
				<TOKEN end_char="374" id="token-3-30" start_char="371">rely</TOKEN>
				<TOKEN end_char="377" id="token-3-31" start_char="376">on</TOKEN>
				<TOKEN end_char="389" id="token-3-32" start_char="379">electricity</TOKEN>
				<TOKEN end_char="390" id="token-3-33" start_char="390">.</TOKEN>
			</SEG>
			<SEG end_char="733" id="20120705_WAPO_31152594-c6e7-11e1-916d-a4bc61efcad8-4" start_char="392">
				<ORIGINAL_TEXT>At Suburban Hospital in Bethesda, the hospital set a record immediately after the storm for the most patients seen in a 48-hour period in its emergency department, spokeswoman Susan Laine said Thursday. Suburban treated about 150 patients each day between Saturday and Monday. A significant number of patients had symptoms of heat exhaustion.</ORIGINAL_TEXT>
				<TOKEN end_char="393" id="token-4-0" start_char="392">At</TOKEN>
				<TOKEN end_char="402" id="token-4-1" start_char="395">Suburban</TOKEN>
				<TOKEN end_char="411" id="token-4-2" start_char="404">Hospital</TOKEN>
				<TOKEN end_char="414" id="token-4-3" start_char="413">in</TOKEN>
				<TOKEN end_char="423" id="token-4-4" start_char="416">Bethesda</TOKEN>
				<TOKEN end_char="424" id="token-4-5" start_char="424">,</TOKEN>
				<TOKEN end_char="428" id="token-4-6" start_char="426">the</TOKEN>
				<TOKEN end_char="437" id="token-4-7" start_char="430">hospital</TOKEN>
				<TOKEN end_char="441" id="token-4-8" start_char="439">set</TOKEN>
				<TOKEN end_char="443" id="token-4-9" start_char="443">a</TOKEN>
				<TOKEN end_char="450" id="token-4-10" start_char="445">record</TOKEN>
				<TOKEN end_char="462" id="token-4-11" start_char="452">immediately</TOKEN>
				<TOKEN end_char="468" id="token-4-12" start_char="464">after</TOKEN>
				<TOKEN end_char="472" id="token-4-13" start_char="470">the</TOKEN>
				<TOKEN end_char="478" id="token-4-14" start_char="474">storm</TOKEN>
				<TOKEN end_char="482" id="token-4-15" start_char="480">for</TOKEN>
				<TOKEN end_char="486" id="token-4-16" start_char="484">the</TOKEN>
				<TOKEN end_char="491" id="token-4-17" start_char="488">most</TOKEN>
				<TOKEN end_char="500" id="token-4-18" start_char="493">patients</TOKEN>
				<TOKEN end_char="505" id="token-4-19" start_char="502">seen</TOKEN>
				<TOKEN end_char="508" id="token-4-20" start_char="507">in</TOKEN>
				<TOKEN end_char="510" id="token-4-21" start_char="510">a</TOKEN>
				<TOKEN end_char="513" id="token-4-22" start_char="512">48</TOKEN>
				<TOKEN end_char="514" id="token-4-23" start_char="514">-</TOKEN>
				<TOKEN end_char="518" id="token-4-24" start_char="515">hour</TOKEN>
				<TOKEN end_char="525" id="token-4-25" start_char="520">period</TOKEN>
				<TOKEN end_char="528" id="token-4-26" start_char="527">in</TOKEN>
				<TOKEN end_char="532" id="token-4-27" start_char="530">its</TOKEN>
				<TOKEN end_char="542" id="token-4-28" start_char="534">emergency</TOKEN>
				<TOKEN end_char="553" id="token-4-29" start_char="544">department</TOKEN>
				<TOKEN end_char="554" id="token-4-30" start_char="554">,</TOKEN>
				<TOKEN end_char="566" id="token-4-31" start_char="556">spokeswoman</TOKEN>
				<TOKEN end_char="572" id="token-4-32" start_char="568">Susan</TOKEN>
				<TOKEN end_char="578" id="token-4-33" start_char="574">Laine</TOKEN>
				<TOKEN end_char="583" id="token-4-34" start_char="580">said</TOKEN>
				<TOKEN end_char="592" id="token-4-35" start_char="585">Thursday</TOKEN>
				<TOKEN end_char="593" id="token-4-36" start_char="593">.</TOKEN>
				<TOKEN end_char="602" id="token-4-37" start_char="595">Suburban</TOKEN>
				<TOKEN end_char="610" id="token-4-38" start_char="604">treated</TOKEN>
				<TOKEN end_char="616" id="token-4-39" start_char="612">about</TOKEN>
				<TOKEN end_char="620" id="token-4-40" start_char="618">150</TOKEN>
				<TOKEN end_char="629" id="token-4-41" start_char="622">patients</TOKEN>
				<TOKEN end_char="634" id="token-4-42" start_char="631">each</TOKEN>
				<TOKEN end_char="638" id="token-4-43" start_char="636">day</TOKEN>
				<TOKEN end_char="646" id="token-4-44" start_char="640">between</TOKEN>
				<TOKEN end_char="655" id="token-4-45" start_char="648">Saturday</TOKEN>
				<TOKEN end_char="659" id="token-4-46" start_char="657">and</TOKEN>
				<TOKEN end_char="666" id="token-4-47" start_char="661">Monday</TOKEN>
				<TOKEN end_char="667" id="token-4-48" start_char="667">.</TOKEN>
				<TOKEN end_char="669" id="token-4-49" start_char="669">A</TOKEN>
				<TOKEN end_char="681" id="token-4-50" start_char="671">significant</TOKEN>
				<TOKEN end_char="688" id="token-4-51" start_char="683">number</TOKEN>
				<TOKEN end_char="691" id="token-4-52" start_char="690">of</TOKEN>
				<TOKEN end_char="700" id="token-4-53" start_char="693">patients</TOKEN>
				<TOKEN end_char="704" id="token-4-54" start_char="702">had</TOKEN>
				<TOKEN end_char="713" id="token-4-55" start_char="706">symptoms</TOKEN>
				<TOKEN end_char="716" id="token-4-56" start_char="715">of</TOKEN>
				<TOKEN end_char="721" id="token-4-57" start_char="718">heat</TOKEN>
				<TOKEN end_char="732" id="token-4-58" start_char="723">exhaustion</TOKEN>
				<TOKEN end_char="733" id="token-4-59" start_char="733">.</TOKEN>
			</SEG>
			<SEG end_char="899" id="20120705_WAPO_31152594-c6e7-11e1-916d-a4bc61efcad8-5" start_char="735">
				<ORIGINAL_TEXT>Many were elderly. Some were from area nursing homes that had lost power. Others went to the hospital because the outages closed their primary care doctors’ offices.</ORIGINAL_TEXT>
				<TOKEN end_char="738" id="token-5-0" start_char="735">Many</TOKEN>
				<TOKEN end_char="743" id="token-5-1" start_char="740">were</TOKEN>
				<TOKEN end_char="751" id="token-5-2" start_char="745">elderly</TOKEN>
				<TOKEN end_char="752" id="token-5-3" start_char="752">.</TOKEN>
				<TOKEN end_char="757" id="token-5-4" start_char="754">Some</TOKEN>
				<TOKEN end_char="762" id="token-5-5" start_char="759">were</TOKEN>
				<TOKEN end_char="767" id="token-5-6" start_char="764">from</TOKEN>
				<TOKEN end_char="772" id="token-5-7" start_char="769">area</TOKEN>
				<TOKEN end_char="780" id="token-5-8" start_char="774">nursing</TOKEN>
				<TOKEN end_char="786" id="token-5-9" start_char="782">homes</TOKEN>
				<TOKEN end_char="791" id="token-5-10" start_char="788">that</TOKEN>
				<TOKEN end_char="795" id="token-5-11" start_char="793">had</TOKEN>
				<TOKEN end_char="800" id="token-5-12" start_char="797">lost</TOKEN>
				<TOKEN end_char="806" id="token-5-13" start_char="802">power</TOKEN>
				<TOKEN end_char="807" id="token-5-14" start_char="807">.</TOKEN>
				<TOKEN end_char="814" id="token-5-15" start_char="809">Others</TOKEN>
				<TOKEN end_char="819" id="token-5-16" start_char="816">went</TOKEN>
				<TOKEN end_char="822" id="token-5-17" start_char="821">to</TOKEN>
				<TOKEN end_char="826" id="token-5-18" start_char="824">the</TOKEN>
				<TOKEN end_char="835" id="token-5-19" start_char="828">hospital</TOKEN>
				<TOKEN end_char="843" id="token-5-20" start_char="837">because</TOKEN>
				<TOKEN end_char="847" id="token-5-21" start_char="845">the</TOKEN>
				<TOKEN end_char="855" id="token-5-22" start_char="849">outages</TOKEN>
				<TOKEN end_char="862" id="token-5-23" start_char="857">closed</TOKEN>
				<TOKEN end_char="868" id="token-5-24" start_char="864">their</TOKEN>
				<TOKEN end_char="876" id="token-5-25" start_char="870">primary</TOKEN>
				<TOKEN end_char="881" id="token-5-26" start_char="878">care</TOKEN>
				<TOKEN end_char="889" id="token-5-27" start_char="883">doctors</TOKEN>
				<TOKEN end_char="890" id="token-5-28" start_char="890">’</TOKEN>
				<TOKEN end_char="898" id="token-5-29" start_char="892">offices</TOKEN>
				<TOKEN end_char="899" id="token-5-30" start_char="899">.</TOKEN>
			</SEG>
			<SEG end_char="1054" id="20120705_WAPO_31152594-c6e7-11e1-916d-a4bc61efcad8-6" start_char="901">
				<ORIGINAL_TEXT>By Tuesday and Wednesday, the numbers had dropped a bit, but the emergency department treated about 130 cases Tuesday and about 100 Wednesday, Laine said.</ORIGINAL_TEXT>
				<TOKEN end_char="902" id="token-6-0" start_char="901">By</TOKEN>
				<TOKEN end_char="910" id="token-6-1" start_char="904">Tuesday</TOKEN>
				<TOKEN end_char="914" id="token-6-2" start_char="912">and</TOKEN>
				<TOKEN end_char="924" id="token-6-3" start_char="916">Wednesday</TOKEN>
				<TOKEN end_char="925" id="token-6-4" start_char="925">,</TOKEN>
				<TOKEN end_char="929" id="token-6-5" start_char="927">the</TOKEN>
				<TOKEN end_char="937" id="token-6-6" start_char="931">numbers</TOKEN>
				<TOKEN end_char="941" id="token-6-7" start_char="939">had</TOKEN>
				<TOKEN end_char="949" id="token-6-8" start_char="943">dropped</TOKEN>
				<TOKEN end_char="951" id="token-6-9" start_char="951">a</TOKEN>
				<TOKEN end_char="955" id="token-6-10" start_char="953">bit</TOKEN>
				<TOKEN end_char="956" id="token-6-11" start_char="956">,</TOKEN>
				<TOKEN end_char="960" id="token-6-12" start_char="958">but</TOKEN>
				<TOKEN end_char="964" id="token-6-13" start_char="962">the</TOKEN>
				<TOKEN end_char="974" id="token-6-14" start_char="966">emergency</TOKEN>
				<TOKEN end_char="985" id="token-6-15" start_char="976">department</TOKEN>
				<TOKEN end_char="993" id="token-6-16" start_char="987">treated</TOKEN>
				<TOKEN end_char="999" id="token-6-17" start_char="995">about</TOKEN>
				<TOKEN end_char="1003" id="token-6-18" start_char="1001">130</TOKEN>
				<TOKEN end_char="1009" id="token-6-19" start_char="1005">cases</TOKEN>
				<TOKEN end_char="1017" id="token-6-20" start_char="1011">Tuesday</TOKEN>
				<TOKEN end_char="1021" id="token-6-21" start_char="1019">and</TOKEN>
				<TOKEN end_char="1027" id="token-6-22" start_char="1023">about</TOKEN>
				<TOKEN end_char="1031" id="token-6-23" start_char="1029">100</TOKEN>
				<TOKEN end_char="1041" id="token-6-24" start_char="1033">Wednesday</TOKEN>
				<TOKEN end_char="1042" id="token-6-25" start_char="1042">,</TOKEN>
				<TOKEN end_char="1048" id="token-6-26" start_char="1044">Laine</TOKEN>
				<TOKEN end_char="1053" id="token-6-27" start_char="1050">said</TOKEN>
				<TOKEN end_char="1054" id="token-6-28" start_char="1054">.</TOKEN>
			</SEG>
			<SEG end_char="1190" id="20120705_WAPO_31152594-c6e7-11e1-916d-a4bc61efcad8-7" start_char="1056">
				<ORIGINAL_TEXT>“They’ve just been slammed,” she said. On Thursday afternoon, about 20 people were in the emergency department waiting room, she added.</ORIGINAL_TEXT>
				<TOKEN end_char="1056" id="token-7-0" start_char="1056">“</TOKEN>
				<TOKEN end_char="1060" id="token-7-1" start_char="1057">They</TOKEN>
				<TOKEN end_char="1061" id="token-7-2" start_char="1061">’</TOKEN>
				<TOKEN end_char="1063" id="token-7-3" start_char="1062">ve</TOKEN>
				<TOKEN end_char="1068" id="token-7-4" start_char="1065">just</TOKEN>
				<TOKEN end_char="1073" id="token-7-5" start_char="1070">been</TOKEN>
				<TOKEN end_char="1081" id="token-7-6" start_char="1075">slammed</TOKEN>
				<TOKEN end_char="1083" id="token-7-7" start_char="1082">,”</TOKEN>
				<TOKEN end_char="1087" id="token-7-8" start_char="1085">she</TOKEN>
				<TOKEN end_char="1092" id="token-7-9" start_char="1089">said</TOKEN>
				<TOKEN end_char="1093" id="token-7-10" start_char="1093">.</TOKEN>
				<TOKEN end_char="1096" id="token-7-11" start_char="1095">On</TOKEN>
				<TOKEN end_char="1105" id="token-7-12" start_char="1098">Thursday</TOKEN>
				<TOKEN end_char="1115" id="token-7-13" start_char="1107">afternoon</TOKEN>
				<TOKEN end_char="1116" id="token-7-14" start_char="1116">,</TOKEN>
				<TOKEN end_char="1122" id="token-7-15" start_char="1118">about</TOKEN>
				<TOKEN end_char="1125" id="token-7-16" start_char="1124">20</TOKEN>
				<TOKEN end_char="1132" id="token-7-17" start_char="1127">people</TOKEN>
				<TOKEN end_char="1137" id="token-7-18" start_char="1134">were</TOKEN>
				<TOKEN end_char="1140" id="token-7-19" start_char="1139">in</TOKEN>
				<TOKEN end_char="1144" id="token-7-20" start_char="1142">the</TOKEN>
				<TOKEN end_char="1154" id="token-7-21" start_char="1146">emergency</TOKEN>
				<TOKEN end_char="1165" id="token-7-22" start_char="1156">department</TOKEN>
				<TOKEN end_char="1173" id="token-7-23" start_char="1167">waiting</TOKEN>
				<TOKEN end_char="1178" id="token-7-24" start_char="1175">room</TOKEN>
				<TOKEN end_char="1179" id="token-7-25" start_char="1179">,</TOKEN>
				<TOKEN end_char="1183" id="token-7-26" start_char="1181">she</TOKEN>
				<TOKEN end_char="1189" id="token-7-27" start_char="1185">added</TOKEN>
				<TOKEN end_char="1190" id="token-7-28" start_char="1190">.</TOKEN>
			</SEG>
			<SEG end_char="1482" id="20120705_WAPO_31152594-c6e7-11e1-916d-a4bc61efcad8-8" start_char="1192">
				<ORIGINAL_TEXT>Since the weekend, about 50 percent of the cases at Suburban have been heat-related — mostly dehydration, shortness of breath and headaches, she said. But hospitals around the region also are seeing injuries from trips and falls, possibly from people cleaning up storm debris in their yards.</ORIGINAL_TEXT>
				<TOKEN end_char="1196" id="token-8-0" start_char="1192">Since</TOKEN>
				<TOKEN end_char="1200" id="token-8-1" start_char="1198">the</TOKEN>
				<TOKEN end_char="1208" id="token-8-2" start_char="1202">weekend</TOKEN>
				<TOKEN end_char="1209" id="token-8-3" start_char="1209">,</TOKEN>
				<TOKEN end_char="1215" id="token-8-4" start_char="1211">about</TOKEN>
				<TOKEN end_char="1218" id="token-8-5" start_char="1217">50</TOKEN>
				<TOKEN end_char="1226" id="token-8-6" start_char="1220">percent</TOKEN>
				<TOKEN end_char="1229" id="token-8-7" start_char="1228">of</TOKEN>
				<TOKEN end_char="1233" id="token-8-8" start_char="1231">the</TOKEN>
				<TOKEN end_char="1239" id="token-8-9" start_char="1235">cases</TOKEN>
				<TOKEN end_char="1242" id="token-8-10" start_char="1241">at</TOKEN>
				<TOKEN end_char="1251" id="token-8-11" start_char="1244">Suburban</TOKEN>
				<TOKEN end_char="1256" id="token-8-12" start_char="1253">have</TOKEN>
				<TOKEN end_char="1261" id="token-8-13" start_char="1258">been</TOKEN>
				<TOKEN end_char="1266" id="token-8-14" start_char="1263">heat</TOKEN>
				<TOKEN end_char="1267" id="token-8-15" start_char="1267">-</TOKEN>
				<TOKEN end_char="1274" id="token-8-16" start_char="1268">related</TOKEN>
				<TOKEN end_char="1276" id="token-8-17" start_char="1276">—</TOKEN>
				<TOKEN end_char="1283" id="token-8-18" start_char="1278">mostly</TOKEN>
				<TOKEN end_char="1295" id="token-8-19" start_char="1285">dehydration</TOKEN>
				<TOKEN end_char="1296" id="token-8-20" start_char="1296">,</TOKEN>
				<TOKEN end_char="1306" id="token-8-21" start_char="1298">shortness</TOKEN>
				<TOKEN end_char="1309" id="token-8-22" start_char="1308">of</TOKEN>
				<TOKEN end_char="1316" id="token-8-23" start_char="1311">breath</TOKEN>
				<TOKEN end_char="1320" id="token-8-24" start_char="1318">and</TOKEN>
				<TOKEN end_char="1330" id="token-8-25" start_char="1322">headaches</TOKEN>
				<TOKEN end_char="1331" id="token-8-26" start_char="1331">,</TOKEN>
				<TOKEN end_char="1335" id="token-8-27" start_char="1333">she</TOKEN>
				<TOKEN end_char="1340" id="token-8-28" start_char="1337">said</TOKEN>
				<TOKEN end_char="1341" id="token-8-29" start_char="1341">.</TOKEN>
				<TOKEN end_char="1345" id="token-8-30" start_char="1343">But</TOKEN>
				<TOKEN end_char="1355" id="token-8-31" start_char="1347">hospitals</TOKEN>
				<TOKEN end_char="1362" id="token-8-32" start_char="1357">around</TOKEN>
				<TOKEN end_char="1366" id="token-8-33" start_char="1364">the</TOKEN>
				<TOKEN end_char="1373" id="token-8-34" start_char="1368">region</TOKEN>
				<TOKEN end_char="1378" id="token-8-35" start_char="1375">also</TOKEN>
				<TOKEN end_char="1382" id="token-8-36" start_char="1380">are</TOKEN>
				<TOKEN end_char="1389" id="token-8-37" start_char="1384">seeing</TOKEN>
				<TOKEN end_char="1398" id="token-8-38" start_char="1391">injuries</TOKEN>
				<TOKEN end_char="1403" id="token-8-39" start_char="1400">from</TOKEN>
				<TOKEN end_char="1409" id="token-8-40" start_char="1405">trips</TOKEN>
				<TOKEN end_char="1413" id="token-8-41" start_char="1411">and</TOKEN>
				<TOKEN end_char="1419" id="token-8-42" start_char="1415">falls</TOKEN>
				<TOKEN end_char="1420" id="token-8-43" start_char="1420">,</TOKEN>
				<TOKEN end_char="1429" id="token-8-44" start_char="1422">possibly</TOKEN>
				<TOKEN end_char="1434" id="token-8-45" start_char="1431">from</TOKEN>
				<TOKEN end_char="1441" id="token-8-46" start_char="1436">people</TOKEN>
				<TOKEN end_char="1450" id="token-8-47" start_char="1443">cleaning</TOKEN>
				<TOKEN end_char="1453" id="token-8-48" start_char="1452">up</TOKEN>
				<TOKEN end_char="1459" id="token-8-49" start_char="1455">storm</TOKEN>
				<TOKEN end_char="1466" id="token-8-50" start_char="1461">debris</TOKEN>
				<TOKEN end_char="1469" id="token-8-51" start_char="1468">in</TOKEN>
				<TOKEN end_char="1475" id="token-8-52" start_char="1471">their</TOKEN>
				<TOKEN end_char="1481" id="token-8-53" start_char="1477">yards</TOKEN>
				<TOKEN end_char="1482" id="token-8-54" start_char="1482">.</TOKEN>
			</SEG>
			<SEG end_char="1786" id="20120705_WAPO_31152594-c6e7-11e1-916d-a4bc61efcad8-9" start_char="1484">
				<ORIGINAL_TEXT>Six days after the storm, elderly patients who do not have power for their oxygen or other life-saving equipment were still showing up at Suburban’s emergency room, Laine said. The majority are from private residences, but hospital officials said there may still be nursing homes that do not have power.</ORIGINAL_TEXT>
				<TOKEN end_char="1486" id="token-9-0" start_char="1484">Six</TOKEN>
				<TOKEN end_char="1491" id="token-9-1" start_char="1488">days</TOKEN>
				<TOKEN end_char="1497" id="token-9-2" start_char="1493">after</TOKEN>
				<TOKEN end_char="1501" id="token-9-3" start_char="1499">the</TOKEN>
				<TOKEN end_char="1507" id="token-9-4" start_char="1503">storm</TOKEN>
				<TOKEN end_char="1508" id="token-9-5" start_char="1508">,</TOKEN>
				<TOKEN end_char="1516" id="token-9-6" start_char="1510">elderly</TOKEN>
				<TOKEN end_char="1525" id="token-9-7" start_char="1518">patients</TOKEN>
				<TOKEN end_char="1529" id="token-9-8" start_char="1527">who</TOKEN>
				<TOKEN end_char="1532" id="token-9-9" start_char="1531">do</TOKEN>
				<TOKEN end_char="1536" id="token-9-10" start_char="1534">not</TOKEN>
				<TOKEN end_char="1541" id="token-9-11" start_char="1538">have</TOKEN>
				<TOKEN end_char="1547" id="token-9-12" start_char="1543">power</TOKEN>
				<TOKEN end_char="1551" id="token-9-13" start_char="1549">for</TOKEN>
				<TOKEN end_char="1557" id="token-9-14" start_char="1553">their</TOKEN>
				<TOKEN end_char="1564" id="token-9-15" start_char="1559">oxygen</TOKEN>
				<TOKEN end_char="1567" id="token-9-16" start_char="1566">or</TOKEN>
				<TOKEN end_char="1573" id="token-9-17" start_char="1569">other</TOKEN>
				<TOKEN end_char="1578" id="token-9-18" start_char="1575">life</TOKEN>
				<TOKEN end_char="1579" id="token-9-19" start_char="1579">-</TOKEN>
				<TOKEN end_char="1585" id="token-9-20" start_char="1580">saving</TOKEN>
				<TOKEN end_char="1595" id="token-9-21" start_char="1587">equipment</TOKEN>
				<TOKEN end_char="1600" id="token-9-22" start_char="1597">were</TOKEN>
				<TOKEN end_char="1606" id="token-9-23" start_char="1602">still</TOKEN>
				<TOKEN end_char="1614" id="token-9-24" start_char="1608">showing</TOKEN>
				<TOKEN end_char="1617" id="token-9-25" start_char="1616">up</TOKEN>
				<TOKEN end_char="1620" id="token-9-26" start_char="1619">at</TOKEN>
				<TOKEN end_char="1629" id="token-9-27" start_char="1622">Suburban</TOKEN>
				<TOKEN end_char="1630" id="token-9-28" start_char="1630">’</TOKEN>
				<TOKEN end_char="1631" id="token-9-29" start_char="1631">s</TOKEN>
				<TOKEN end_char="1641" id="token-9-30" start_char="1633">emergency</TOKEN>
				<TOKEN end_char="1646" id="token-9-31" start_char="1643">room</TOKEN>
				<TOKEN end_char="1647" id="token-9-32" start_char="1647">,</TOKEN>
				<TOKEN end_char="1653" id="token-9-33" start_char="1649">Laine</TOKEN>
				<TOKEN end_char="1658" id="token-9-34" start_char="1655">said</TOKEN>
				<TOKEN end_char="1659" id="token-9-35" start_char="1659">.</TOKEN>
				<TOKEN end_char="1663" id="token-9-36" start_char="1661">The</TOKEN>
				<TOKEN end_char="1672" id="token-9-37" start_char="1665">majority</TOKEN>
				<TOKEN end_char="1676" id="token-9-38" start_char="1674">are</TOKEN>
				<TOKEN end_char="1681" id="token-9-39" start_char="1678">from</TOKEN>
				<TOKEN end_char="1689" id="token-9-40" start_char="1683">private</TOKEN>
				<TOKEN end_char="1700" id="token-9-41" start_char="1691">residences</TOKEN>
				<TOKEN end_char="1701" id="token-9-42" start_char="1701">,</TOKEN>
				<TOKEN end_char="1705" id="token-9-43" start_char="1703">but</TOKEN>
				<TOKEN end_char="1714" id="token-9-44" start_char="1707">hospital</TOKEN>
				<TOKEN end_char="1724" id="token-9-45" start_char="1716">officials</TOKEN>
				<TOKEN end_char="1729" id="token-9-46" start_char="1726">said</TOKEN>
				<TOKEN end_char="1735" id="token-9-47" start_char="1731">there</TOKEN>
				<TOKEN end_char="1739" id="token-9-48" start_char="1737">may</TOKEN>
				<TOKEN end_char="1745" id="token-9-49" start_char="1741">still</TOKEN>
				<TOKEN end_char="1748" id="token-9-50" start_char="1747">be</TOKEN>
				<TOKEN end_char="1756" id="token-9-51" start_char="1750">nursing</TOKEN>
				<TOKEN end_char="1762" id="token-9-52" start_char="1758">homes</TOKEN>
				<TOKEN end_char="1767" id="token-9-53" start_char="1764">that</TOKEN>
				<TOKEN end_char="1770" id="token-9-54" start_char="1769">do</TOKEN>
				<TOKEN end_char="1774" id="token-9-55" start_char="1772">not</TOKEN>
				<TOKEN end_char="1779" id="token-9-56" start_char="1776">have</TOKEN>
				<TOKEN end_char="1785" id="token-9-57" start_char="1781">power</TOKEN>
				<TOKEN end_char="1786" id="token-9-58" start_char="1786">.</TOKEN>
			</SEG>
			<SEG end_char="2162" id="20120705_WAPO_31152594-c6e7-11e1-916d-a4bc61efcad8-10" start_char="1788">
				<ORIGINAL_TEXT>A 78-year-old woman who neighbors said was suffering from dehydration was taken by ambulance to Suburban Hospital from the Old Farm neighborhood in Rockville. She was treated and released, a hospital spokeswoman said. Many homes in that neighborhood and nearby Tilden Woods, where trees have downed power lines and transformers, have been without electricity since the storm.</ORIGINAL_TEXT>
				<TOKEN end_char="1788" id="token-10-0" start_char="1788">A</TOKEN>
				<TOKEN end_char="1791" id="token-10-1" start_char="1790">78</TOKEN>
				<TOKEN end_char="1792" id="token-10-2" start_char="1792">-</TOKEN>
				<TOKEN end_char="1796" id="token-10-3" start_char="1793">year</TOKEN>
				<TOKEN end_char="1797" id="token-10-4" start_char="1797">-</TOKEN>
				<TOKEN end_char="1800" id="token-10-5" start_char="1798">old</TOKEN>
				<TOKEN end_char="1806" id="token-10-6" start_char="1802">woman</TOKEN>
				<TOKEN end_char="1810" id="token-10-7" start_char="1808">who</TOKEN>
				<TOKEN end_char="1820" id="token-10-8" start_char="1812">neighbors</TOKEN>
				<TOKEN end_char="1825" id="token-10-9" start_char="1822">said</TOKEN>
				<TOKEN end_char="1829" id="token-10-10" start_char="1827">was</TOKEN>
				<TOKEN end_char="1839" id="token-10-11" start_char="1831">suffering</TOKEN>
				<TOKEN end_char="1844" id="token-10-12" start_char="1841">from</TOKEN>
				<TOKEN end_char="1856" id="token-10-13" start_char="1846">dehydration</TOKEN>
				<TOKEN end_char="1860" id="token-10-14" start_char="1858">was</TOKEN>
				<TOKEN end_char="1866" id="token-10-15" start_char="1862">taken</TOKEN>
				<TOKEN end_char="1869" id="token-10-16" start_char="1868">by</TOKEN>
				<TOKEN end_char="1879" id="token-10-17" start_char="1871">ambulance</TOKEN>
				<TOKEN end_char="1882" id="token-10-18" start_char="1881">to</TOKEN>
				<TOKEN end_char="1891" id="token-10-19" start_char="1884">Suburban</TOKEN>
				<TOKEN end_char="1900" id="token-10-20" start_char="1893">Hospital</TOKEN>
				<TOKEN end_char="1905" id="token-10-21" start_char="1902">from</TOKEN>
				<TOKEN end_char="1909" id="token-10-22" start_char="1907">the</TOKEN>
				<TOKEN end_char="1913" id="token-10-23" start_char="1911">Old</TOKEN>
				<TOKEN end_char="1918" id="token-10-24" start_char="1915">Farm</TOKEN>
				<TOKEN end_char="1931" id="token-10-25" start_char="1920">neighborhood</TOKEN>
				<TOKEN end_char="1934" id="token-10-26" start_char="1933">in</TOKEN>
				<TOKEN end_char="1944" id="token-10-27" start_char="1936">Rockville</TOKEN>
				<TOKEN end_char="1945" id="token-10-28" start_char="1945">.</TOKEN>
				<TOKEN end_char="1949" id="token-10-29" start_char="1947">She</TOKEN>
				<TOKEN end_char="1953" id="token-10-30" start_char="1951">was</TOKEN>
				<TOKEN end_char="1961" id="token-10-31" start_char="1955">treated</TOKEN>
				<TOKEN end_char="1965" id="token-10-32" start_char="1963">and</TOKEN>
				<TOKEN end_char="1974" id="token-10-33" start_char="1967">released</TOKEN>
				<TOKEN end_char="1975" id="token-10-34" start_char="1975">,</TOKEN>
				<TOKEN end_char="1977" id="token-10-35" start_char="1977">a</TOKEN>
				<TOKEN end_char="1986" id="token-10-36" start_char="1979">hospital</TOKEN>
				<TOKEN end_char="1998" id="token-10-37" start_char="1988">spokeswoman</TOKEN>
				<TOKEN end_char="2003" id="token-10-38" start_char="2000">said</TOKEN>
				<TOKEN end_char="2004" id="token-10-39" start_char="2004">.</TOKEN>
				<TOKEN end_char="2009" id="token-10-40" start_char="2006">Many</TOKEN>
				<TOKEN end_char="2015" id="token-10-41" start_char="2011">homes</TOKEN>
				<TOKEN end_char="2018" id="token-10-42" start_char="2017">in</TOKEN>
				<TOKEN end_char="2023" id="token-10-43" start_char="2020">that</TOKEN>
				<TOKEN end_char="2036" id="token-10-44" start_char="2025">neighborhood</TOKEN>
				<TOKEN end_char="2040" id="token-10-45" start_char="2038">and</TOKEN>
				<TOKEN end_char="2047" id="token-10-46" start_char="2042">nearby</TOKEN>
				<TOKEN end_char="2054" id="token-10-47" start_char="2049">Tilden</TOKEN>
				<TOKEN end_char="2060" id="token-10-48" start_char="2056">Woods</TOKEN>
				<TOKEN end_char="2061" id="token-10-49" start_char="2061">,</TOKEN>
				<TOKEN end_char="2067" id="token-10-50" start_char="2063">where</TOKEN>
				<TOKEN end_char="2073" id="token-10-51" start_char="2069">trees</TOKEN>
				<TOKEN end_char="2078" id="token-10-52" start_char="2075">have</TOKEN>
				<TOKEN end_char="2085" id="token-10-53" start_char="2080">downed</TOKEN>
				<TOKEN end_char="2091" id="token-10-54" start_char="2087">power</TOKEN>
				<TOKEN end_char="2097" id="token-10-55" start_char="2093">lines</TOKEN>
				<TOKEN end_char="2101" id="token-10-56" start_char="2099">and</TOKEN>
				<TOKEN end_char="2114" id="token-10-57" start_char="2103">transformers</TOKEN>
				<TOKEN end_char="2115" id="token-10-58" start_char="2115">,</TOKEN>
				<TOKEN end_char="2120" id="token-10-59" start_char="2117">have</TOKEN>
				<TOKEN end_char="2125" id="token-10-60" start_char="2122">been</TOKEN>
				<TOKEN end_char="2133" id="token-10-61" start_char="2127">without</TOKEN>
				<TOKEN end_char="2145" id="token-10-62" start_char="2135">electricity</TOKEN>
				<TOKEN end_char="2151" id="token-10-63" start_char="2147">since</TOKEN>
				<TOKEN end_char="2155" id="token-10-64" start_char="2153">the</TOKEN>
				<TOKEN end_char="2161" id="token-10-65" start_char="2157">storm</TOKEN>
				<TOKEN end_char="2162" id="token-10-66" start_char="2162">.</TOKEN>
			</SEG>
			<SEG end_char="2362" id="20120705_WAPO_31152594-c6e7-11e1-916d-a4bc61efcad8-11" start_char="2164">
				<ORIGINAL_TEXT>Suburban’s pediatrics emergency department also has had an increase in patients because parents have been unable to go to pediatricians’ offices to get asthma treatments for their children, she said.</ORIGINAL_TEXT>
				<TOKEN end_char="2171" id="token-11-0" start_char="2164">Suburban</TOKEN>
				<TOKEN end_char="2172" id="token-11-1" start_char="2172">’</TOKEN>
				<TOKEN end_char="2173" id="token-11-2" start_char="2173">s</TOKEN>
				<TOKEN end_char="2184" id="token-11-3" start_char="2175">pediatrics</TOKEN>
				<TOKEN end_char="2194" id="token-11-4" start_char="2186">emergency</TOKEN>
				<TOKEN end_char="2205" id="token-11-5" start_char="2196">department</TOKEN>
				<TOKEN end_char="2210" id="token-11-6" start_char="2207">also</TOKEN>
				<TOKEN end_char="2214" id="token-11-7" start_char="2212">has</TOKEN>
				<TOKEN end_char="2218" id="token-11-8" start_char="2216">had</TOKEN>
				<TOKEN end_char="2221" id="token-11-9" start_char="2220">an</TOKEN>
				<TOKEN end_char="2230" id="token-11-10" start_char="2223">increase</TOKEN>
				<TOKEN end_char="2233" id="token-11-11" start_char="2232">in</TOKEN>
				<TOKEN end_char="2242" id="token-11-12" start_char="2235">patients</TOKEN>
				<TOKEN end_char="2250" id="token-11-13" start_char="2244">because</TOKEN>
				<TOKEN end_char="2258" id="token-11-14" start_char="2252">parents</TOKEN>
				<TOKEN end_char="2263" id="token-11-15" start_char="2260">have</TOKEN>
				<TOKEN end_char="2268" id="token-11-16" start_char="2265">been</TOKEN>
				<TOKEN end_char="2275" id="token-11-17" start_char="2270">unable</TOKEN>
				<TOKEN end_char="2278" id="token-11-18" start_char="2277">to</TOKEN>
				<TOKEN end_char="2281" id="token-11-19" start_char="2280">go</TOKEN>
				<TOKEN end_char="2284" id="token-11-20" start_char="2283">to</TOKEN>
				<TOKEN end_char="2298" id="token-11-21" start_char="2286">pediatricians</TOKEN>
				<TOKEN end_char="2299" id="token-11-22" start_char="2299">’</TOKEN>
				<TOKEN end_char="2307" id="token-11-23" start_char="2301">offices</TOKEN>
				<TOKEN end_char="2310" id="token-11-24" start_char="2309">to</TOKEN>
				<TOKEN end_char="2314" id="token-11-25" start_char="2312">get</TOKEN>
				<TOKEN end_char="2321" id="token-11-26" start_char="2316">asthma</TOKEN>
				<TOKEN end_char="2332" id="token-11-27" start_char="2323">treatments</TOKEN>
				<TOKEN end_char="2336" id="token-11-28" start_char="2334">for</TOKEN>
				<TOKEN end_char="2342" id="token-11-29" start_char="2338">their</TOKEN>
				<TOKEN end_char="2351" id="token-11-30" start_char="2344">children</TOKEN>
				<TOKEN end_char="2352" id="token-11-31" start_char="2352">,</TOKEN>
				<TOKEN end_char="2356" id="token-11-32" start_char="2354">she</TOKEN>
				<TOKEN end_char="2361" id="token-11-33" start_char="2358">said</TOKEN>
				<TOKEN end_char="2362" id="token-11-34" start_char="2362">.</TOKEN>
			</SEG>
			<SEG end_char="2465" id="20120705_WAPO_31152594-c6e7-11e1-916d-a4bc61efcad8-12" start_char="2364">
				<ORIGINAL_TEXT>Holy Cross Hospital in Silver Spring has had between 10 and 20 heat-related cases, a spokeswoman said.</ORIGINAL_TEXT>
				<TOKEN end_char="2367" id="token-12-0" start_char="2364">Holy</TOKEN>
				<TOKEN end_char="2373" id="token-12-1" start_char="2369">Cross</TOKEN>
				<TOKEN end_char="2382" id="token-12-2" start_char="2375">Hospital</TOKEN>
				<TOKEN end_char="2385" id="token-12-3" start_char="2384">in</TOKEN>
				<TOKEN end_char="2392" id="token-12-4" start_char="2387">Silver</TOKEN>
				<TOKEN end_char="2399" id="token-12-5" start_char="2394">Spring</TOKEN>
				<TOKEN end_char="2403" id="token-12-6" start_char="2401">has</TOKEN>
				<TOKEN end_char="2407" id="token-12-7" start_char="2405">had</TOKEN>
				<TOKEN end_char="2415" id="token-12-8" start_char="2409">between</TOKEN>
				<TOKEN end_char="2418" id="token-12-9" start_char="2417">10</TOKEN>
				<TOKEN end_char="2422" id="token-12-10" start_char="2420">and</TOKEN>
				<TOKEN end_char="2425" id="token-12-11" start_char="2424">20</TOKEN>
				<TOKEN end_char="2430" id="token-12-12" start_char="2427">heat</TOKEN>
				<TOKEN end_char="2431" id="token-12-13" start_char="2431">-</TOKEN>
				<TOKEN end_char="2438" id="token-12-14" start_char="2432">related</TOKEN>
				<TOKEN end_char="2444" id="token-12-15" start_char="2440">cases</TOKEN>
				<TOKEN end_char="2445" id="token-12-16" start_char="2445">,</TOKEN>
				<TOKEN end_char="2447" id="token-12-17" start_char="2447">a</TOKEN>
				<TOKEN end_char="2459" id="token-12-18" start_char="2449">spokeswoman</TOKEN>
				<TOKEN end_char="2464" id="token-12-19" start_char="2461">said</TOKEN>
				<TOKEN end_char="2465" id="token-12-20" start_char="2465">.</TOKEN>
			</SEG>
			<SEG end_char="2590" id="20120705_WAPO_31152594-c6e7-11e1-916d-a4bc61efcad8-13" start_char="2467">
				<ORIGINAL_TEXT>At Inova Fairfax Hospital, the largest number of patients have been the elderly using oxygen, spokeswoman Joanna Fazio said.</ORIGINAL_TEXT>
				<TOKEN end_char="2468" id="token-13-0" start_char="2467">At</TOKEN>
				<TOKEN end_char="2474" id="token-13-1" start_char="2470">Inova</TOKEN>
				<TOKEN end_char="2482" id="token-13-2" start_char="2476">Fairfax</TOKEN>
				<TOKEN end_char="2491" id="token-13-3" start_char="2484">Hospital</TOKEN>
				<TOKEN end_char="2492" id="token-13-4" start_char="2492">,</TOKEN>
				<TOKEN end_char="2496" id="token-13-5" start_char="2494">the</TOKEN>
				<TOKEN end_char="2504" id="token-13-6" start_char="2498">largest</TOKEN>
				<TOKEN end_char="2511" id="token-13-7" start_char="2506">number</TOKEN>
				<TOKEN end_char="2514" id="token-13-8" start_char="2513">of</TOKEN>
				<TOKEN end_char="2523" id="token-13-9" start_char="2516">patients</TOKEN>
				<TOKEN end_char="2528" id="token-13-10" start_char="2525">have</TOKEN>
				<TOKEN end_char="2533" id="token-13-11" start_char="2530">been</TOKEN>
				<TOKEN end_char="2537" id="token-13-12" start_char="2535">the</TOKEN>
				<TOKEN end_char="2545" id="token-13-13" start_char="2539">elderly</TOKEN>
				<TOKEN end_char="2551" id="token-13-14" start_char="2547">using</TOKEN>
				<TOKEN end_char="2558" id="token-13-15" start_char="2553">oxygen</TOKEN>
				<TOKEN end_char="2559" id="token-13-16" start_char="2559">,</TOKEN>
				<TOKEN end_char="2571" id="token-13-17" start_char="2561">spokeswoman</TOKEN>
				<TOKEN end_char="2578" id="token-13-18" start_char="2573">Joanna</TOKEN>
				<TOKEN end_char="2584" id="token-13-19" start_char="2580">Fazio</TOKEN>
				<TOKEN end_char="2589" id="token-13-20" start_char="2586">said</TOKEN>
				<TOKEN end_char="2590" id="token-13-21" start_char="2590">.</TOKEN>
			</SEG>
			<SEG end_char="2936" id="20120705_WAPO_31152594-c6e7-11e1-916d-a4bc61efcad8-14" start_char="2592">
				<ORIGINAL_TEXT>The hospital set up a special process for such patients so they could be admitted directly to an observation unit where they could be comfortable, allowing the emergency department to be freed up for additional cases, she said. Most of the elderly did not arrive via ambulance but went to the hospital as a backup because of outages, Fazio said.</ORIGINAL_TEXT>
				<TOKEN end_char="2594" id="token-14-0" start_char="2592">The</TOKEN>
				<TOKEN end_char="2603" id="token-14-1" start_char="2596">hospital</TOKEN>
				<TOKEN end_char="2607" id="token-14-2" start_char="2605">set</TOKEN>
				<TOKEN end_char="2610" id="token-14-3" start_char="2609">up</TOKEN>
				<TOKEN end_char="2612" id="token-14-4" start_char="2612">a</TOKEN>
				<TOKEN end_char="2620" id="token-14-5" start_char="2614">special</TOKEN>
				<TOKEN end_char="2628" id="token-14-6" start_char="2622">process</TOKEN>
				<TOKEN end_char="2632" id="token-14-7" start_char="2630">for</TOKEN>
				<TOKEN end_char="2637" id="token-14-8" start_char="2634">such</TOKEN>
				<TOKEN end_char="2646" id="token-14-9" start_char="2639">patients</TOKEN>
				<TOKEN end_char="2649" id="token-14-10" start_char="2648">so</TOKEN>
				<TOKEN end_char="2654" id="token-14-11" start_char="2651">they</TOKEN>
				<TOKEN end_char="2660" id="token-14-12" start_char="2656">could</TOKEN>
				<TOKEN end_char="2663" id="token-14-13" start_char="2662">be</TOKEN>
				<TOKEN end_char="2672" id="token-14-14" start_char="2665">admitted</TOKEN>
				<TOKEN end_char="2681" id="token-14-15" start_char="2674">directly</TOKEN>
				<TOKEN end_char="2684" id="token-14-16" start_char="2683">to</TOKEN>
				<TOKEN end_char="2687" id="token-14-17" start_char="2686">an</TOKEN>
				<TOKEN end_char="2699" id="token-14-18" start_char="2689">observation</TOKEN>
				<TOKEN end_char="2704" id="token-14-19" start_char="2701">unit</TOKEN>
				<TOKEN end_char="2710" id="token-14-20" start_char="2706">where</TOKEN>
				<TOKEN end_char="2715" id="token-14-21" start_char="2712">they</TOKEN>
				<TOKEN end_char="2721" id="token-14-22" start_char="2717">could</TOKEN>
				<TOKEN end_char="2724" id="token-14-23" start_char="2723">be</TOKEN>
				<TOKEN end_char="2736" id="token-14-24" start_char="2726">comfortable</TOKEN>
				<TOKEN end_char="2737" id="token-14-25" start_char="2737">,</TOKEN>
				<TOKEN end_char="2746" id="token-14-26" start_char="2739">allowing</TOKEN>
				<TOKEN end_char="2750" id="token-14-27" start_char="2748">the</TOKEN>
				<TOKEN end_char="2760" id="token-14-28" start_char="2752">emergency</TOKEN>
				<TOKEN end_char="2771" id="token-14-29" start_char="2762">department</TOKEN>
				<TOKEN end_char="2774" id="token-14-30" start_char="2773">to</TOKEN>
				<TOKEN end_char="2777" id="token-14-31" start_char="2776">be</TOKEN>
				<TOKEN end_char="2783" id="token-14-32" start_char="2779">freed</TOKEN>
				<TOKEN end_char="2786" id="token-14-33" start_char="2785">up</TOKEN>
				<TOKEN end_char="2790" id="token-14-34" start_char="2788">for</TOKEN>
				<TOKEN end_char="2801" id="token-14-35" start_char="2792">additional</TOKEN>
				<TOKEN end_char="2807" id="token-14-36" start_char="2803">cases</TOKEN>
				<TOKEN end_char="2808" id="token-14-37" start_char="2808">,</TOKEN>
				<TOKEN end_char="2812" id="token-14-38" start_char="2810">she</TOKEN>
				<TOKEN end_char="2817" id="token-14-39" start_char="2814">said</TOKEN>
				<TOKEN end_char="2818" id="token-14-40" start_char="2818">.</TOKEN>
				<TOKEN end_char="2823" id="token-14-41" start_char="2820">Most</TOKEN>
				<TOKEN end_char="2826" id="token-14-42" start_char="2825">of</TOKEN>
				<TOKEN end_char="2830" id="token-14-43" start_char="2828">the</TOKEN>
				<TOKEN end_char="2838" id="token-14-44" start_char="2832">elderly</TOKEN>
				<TOKEN end_char="2842" id="token-14-45" start_char="2840">did</TOKEN>
				<TOKEN end_char="2846" id="token-14-46" start_char="2844">not</TOKEN>
				<TOKEN end_char="2853" id="token-14-47" start_char="2848">arrive</TOKEN>
				<TOKEN end_char="2857" id="token-14-48" start_char="2855">via</TOKEN>
				<TOKEN end_char="2867" id="token-14-49" start_char="2859">ambulance</TOKEN>
				<TOKEN end_char="2871" id="token-14-50" start_char="2869">but</TOKEN>
				<TOKEN end_char="2876" id="token-14-51" start_char="2873">went</TOKEN>
				<TOKEN end_char="2879" id="token-14-52" start_char="2878">to</TOKEN>
				<TOKEN end_char="2883" id="token-14-53" start_char="2881">the</TOKEN>
				<TOKEN end_char="2892" id="token-14-54" start_char="2885">hospital</TOKEN>
				<TOKEN end_char="2895" id="token-14-55" start_char="2894">as</TOKEN>
				<TOKEN end_char="2897" id="token-14-56" start_char="2897">a</TOKEN>
				<TOKEN end_char="2904" id="token-14-57" start_char="2899">backup</TOKEN>
				<TOKEN end_char="2912" id="token-14-58" start_char="2906">because</TOKEN>
				<TOKEN end_char="2915" id="token-14-59" start_char="2914">of</TOKEN>
				<TOKEN end_char="2923" id="token-14-60" start_char="2917">outages</TOKEN>
				<TOKEN end_char="2924" id="token-14-61" start_char="2924">,</TOKEN>
				<TOKEN end_char="2930" id="token-14-62" start_char="2926">Fazio</TOKEN>
				<TOKEN end_char="2935" id="token-14-63" start_char="2932">said</TOKEN>
				<TOKEN end_char="2936" id="token-14-64" start_char="2936">.</TOKEN>
			</SEG>
			<SEG end_char="3057" id="20120705_WAPO_31152594-c6e7-11e1-916d-a4bc61efcad8-15" start_char="2938">
				<ORIGINAL_TEXT>Inova Fairfax also has seen an uptick in trauma from car accidents and injuries incurred while cleaning up fallen trees.</ORIGINAL_TEXT>
				<TOKEN end_char="2942" id="token-15-0" start_char="2938">Inova</TOKEN>
				<TOKEN end_char="2950" id="token-15-1" start_char="2944">Fairfax</TOKEN>
				<TOKEN end_char="2955" id="token-15-2" start_char="2952">also</TOKEN>
				<TOKEN end_char="2959" id="token-15-3" start_char="2957">has</TOKEN>
				<TOKEN end_char="2964" id="token-15-4" start_char="2961">seen</TOKEN>
				<TOKEN end_char="2967" id="token-15-5" start_char="2966">an</TOKEN>
				<TOKEN end_char="2974" id="token-15-6" start_char="2969">uptick</TOKEN>
				<TOKEN end_char="2977" id="token-15-7" start_char="2976">in</TOKEN>
				<TOKEN end_char="2984" id="token-15-8" start_char="2979">trauma</TOKEN>
				<TOKEN end_char="2989" id="token-15-9" start_char="2986">from</TOKEN>
				<TOKEN end_char="2993" id="token-15-10" start_char="2991">car</TOKEN>
				<TOKEN end_char="3003" id="token-15-11" start_char="2995">accidents</TOKEN>
				<TOKEN end_char="3007" id="token-15-12" start_char="3005">and</TOKEN>
				<TOKEN end_char="3016" id="token-15-13" start_char="3009">injuries</TOKEN>
				<TOKEN end_char="3025" id="token-15-14" start_char="3018">incurred</TOKEN>
				<TOKEN end_char="3031" id="token-15-15" start_char="3027">while</TOKEN>
				<TOKEN end_char="3040" id="token-15-16" start_char="3033">cleaning</TOKEN>
				<TOKEN end_char="3043" id="token-15-17" start_char="3042">up</TOKEN>
				<TOKEN end_char="3050" id="token-15-18" start_char="3045">fallen</TOKEN>
				<TOKEN end_char="3056" id="token-15-19" start_char="3052">trees</TOKEN>
				<TOKEN end_char="3057" id="token-15-20" start_char="3057">.</TOKEN>
			</SEG>
			<SEG end_char="3408" id="20120705_WAPO_31152594-c6e7-11e1-916d-a4bc61efcad8-16" start_char="3059">
				<ORIGINAL_TEXT>At MedStar Georgetown University Hospital, the emergency department is continuing to see about a 20 percent bump in daily visits. Mostly, those coming in are dizzy, have fainted or feel like they are going to faint. Patients include residents with heat-related illnesses who had lost power, as well as some tourists, spokeswoman Marianne Worley said.</ORIGINAL_TEXT>
				<TOKEN end_char="3060" id="token-16-0" start_char="3059">At</TOKEN>
				<TOKEN end_char="3068" id="token-16-1" start_char="3062">MedStar</TOKEN>
				<TOKEN end_char="3079" id="token-16-2" start_char="3070">Georgetown</TOKEN>
				<TOKEN end_char="3090" id="token-16-3" start_char="3081">University</TOKEN>
				<TOKEN end_char="3099" id="token-16-4" start_char="3092">Hospital</TOKEN>
				<TOKEN end_char="3100" id="token-16-5" start_char="3100">,</TOKEN>
				<TOKEN end_char="3104" id="token-16-6" start_char="3102">the</TOKEN>
				<TOKEN end_char="3114" id="token-16-7" start_char="3106">emergency</TOKEN>
				<TOKEN end_char="3125" id="token-16-8" start_char="3116">department</TOKEN>
				<TOKEN end_char="3128" id="token-16-9" start_char="3127">is</TOKEN>
				<TOKEN end_char="3139" id="token-16-10" start_char="3130">continuing</TOKEN>
				<TOKEN end_char="3142" id="token-16-11" start_char="3141">to</TOKEN>
				<TOKEN end_char="3146" id="token-16-12" start_char="3144">see</TOKEN>
				<TOKEN end_char="3152" id="token-16-13" start_char="3148">about</TOKEN>
				<TOKEN end_char="3154" id="token-16-14" start_char="3154">a</TOKEN>
				<TOKEN end_char="3157" id="token-16-15" start_char="3156">20</TOKEN>
				<TOKEN end_char="3165" id="token-16-16" start_char="3159">percent</TOKEN>
				<TOKEN end_char="3170" id="token-16-17" start_char="3167">bump</TOKEN>
				<TOKEN end_char="3173" id="token-16-18" start_char="3172">in</TOKEN>
				<TOKEN end_char="3179" id="token-16-19" start_char="3175">daily</TOKEN>
				<TOKEN end_char="3186" id="token-16-20" start_char="3181">visits</TOKEN>
				<TOKEN end_char="3187" id="token-16-21" start_char="3187">.</TOKEN>
				<TOKEN end_char="3194" id="token-16-22" start_char="3189">Mostly</TOKEN>
				<TOKEN end_char="3195" id="token-16-23" start_char="3195">,</TOKEN>
				<TOKEN end_char="3201" id="token-16-24" start_char="3197">those</TOKEN>
				<TOKEN end_char="3208" id="token-16-25" start_char="3203">coming</TOKEN>
				<TOKEN end_char="3211" id="token-16-26" start_char="3210">in</TOKEN>
				<TOKEN end_char="3215" id="token-16-27" start_char="3213">are</TOKEN>
				<TOKEN end_char="3221" id="token-16-28" start_char="3217">dizzy</TOKEN>
				<TOKEN end_char="3222" id="token-16-29" start_char="3222">,</TOKEN>
				<TOKEN end_char="3227" id="token-16-30" start_char="3224">have</TOKEN>
				<TOKEN end_char="3235" id="token-16-31" start_char="3229">fainted</TOKEN>
				<TOKEN end_char="3238" id="token-16-32" start_char="3237">or</TOKEN>
				<TOKEN end_char="3243" id="token-16-33" start_char="3240">feel</TOKEN>
				<TOKEN end_char="3248" id="token-16-34" start_char="3245">like</TOKEN>
				<TOKEN end_char="3253" id="token-16-35" start_char="3250">they</TOKEN>
				<TOKEN end_char="3257" id="token-16-36" start_char="3255">are</TOKEN>
				<TOKEN end_char="3263" id="token-16-37" start_char="3259">going</TOKEN>
				<TOKEN end_char="3266" id="token-16-38" start_char="3265">to</TOKEN>
				<TOKEN end_char="3272" id="token-16-39" start_char="3268">faint</TOKEN>
				<TOKEN end_char="3273" id="token-16-40" start_char="3273">.</TOKEN>
				<TOKEN end_char="3282" id="token-16-41" start_char="3275">Patients</TOKEN>
				<TOKEN end_char="3290" id="token-16-42" start_char="3284">include</TOKEN>
				<TOKEN end_char="3300" id="token-16-43" start_char="3292">residents</TOKEN>
				<TOKEN end_char="3305" id="token-16-44" start_char="3302">with</TOKEN>
				<TOKEN end_char="3310" id="token-16-45" start_char="3307">heat</TOKEN>
				<TOKEN end_char="3311" id="token-16-46" start_char="3311">-</TOKEN>
				<TOKEN end_char="3318" id="token-16-47" start_char="3312">related</TOKEN>
				<TOKEN end_char="3328" id="token-16-48" start_char="3320">illnesses</TOKEN>
				<TOKEN end_char="3332" id="token-16-49" start_char="3330">who</TOKEN>
				<TOKEN end_char="3336" id="token-16-50" start_char="3334">had</TOKEN>
				<TOKEN end_char="3341" id="token-16-51" start_char="3338">lost</TOKEN>
				<TOKEN end_char="3347" id="token-16-52" start_char="3343">power</TOKEN>
				<TOKEN end_char="3348" id="token-16-53" start_char="3348">,</TOKEN>
				<TOKEN end_char="3351" id="token-16-54" start_char="3350">as</TOKEN>
				<TOKEN end_char="3356" id="token-16-55" start_char="3353">well</TOKEN>
				<TOKEN end_char="3359" id="token-16-56" start_char="3358">as</TOKEN>
				<TOKEN end_char="3364" id="token-16-57" start_char="3361">some</TOKEN>
				<TOKEN end_char="3373" id="token-16-58" start_char="3366">tourists</TOKEN>
				<TOKEN end_char="3374" id="token-16-59" start_char="3374">,</TOKEN>
				<TOKEN end_char="3386" id="token-16-60" start_char="3376">spokeswoman</TOKEN>
				<TOKEN end_char="3395" id="token-16-61" start_char="3388">Marianne</TOKEN>
				<TOKEN end_char="3402" id="token-16-62" start_char="3397">Worley</TOKEN>
				<TOKEN end_char="3407" id="token-16-63" start_char="3404">said</TOKEN>
				<TOKEN end_char="3408" id="token-16-64" start_char="3408">.</TOKEN>
			</SEG>
			<SEG end_char="3675" id="20120705_WAPO_31152594-c6e7-11e1-916d-a4bc61efcad8-17" start_char="3410">
				<ORIGINAL_TEXT>MedStar Washington Hospital Center, in northwest Washington, had a 15 to 30 percent increase in ER visits on Monday and Tuesday, but the number has fallen since. Many patients were without power, and the heat aggravated chronic conditions, spokesman Matt Brock said.</ORIGINAL_TEXT>
				<TOKEN end_char="3416" id="token-17-0" start_char="3410">MedStar</TOKEN>
				<TOKEN end_char="3427" id="token-17-1" start_char="3418">Washington</TOKEN>
				<TOKEN end_char="3436" id="token-17-2" start_char="3429">Hospital</TOKEN>
				<TOKEN end_char="3443" id="token-17-3" start_char="3438">Center</TOKEN>
				<TOKEN end_char="3444" id="token-17-4" start_char="3444">,</TOKEN>
				<TOKEN end_char="3447" id="token-17-5" start_char="3446">in</TOKEN>
				<TOKEN end_char="3457" id="token-17-6" start_char="3449">northwest</TOKEN>
				<TOKEN end_char="3468" id="token-17-7" start_char="3459">Washington</TOKEN>
				<TOKEN end_char="3469" id="token-17-8" start_char="3469">,</TOKEN>
				<TOKEN end_char="3473" id="token-17-9" start_char="3471">had</TOKEN>
				<TOKEN end_char="3475" id="token-17-10" start_char="3475">a</TOKEN>
				<TOKEN end_char="3478" id="token-17-11" start_char="3477">15</TOKEN>
				<TOKEN end_char="3481" id="token-17-12" start_char="3480">to</TOKEN>
				<TOKEN end_char="3484" id="token-17-13" start_char="3483">30</TOKEN>
				<TOKEN end_char="3492" id="token-17-14" start_char="3486">percent</TOKEN>
				<TOKEN end_char="3501" id="token-17-15" start_char="3494">increase</TOKEN>
				<TOKEN end_char="3504" id="token-17-16" start_char="3503">in</TOKEN>
				<TOKEN end_char="3507" id="token-17-17" start_char="3506">ER</TOKEN>
				<TOKEN end_char="3514" id="token-17-18" start_char="3509">visits</TOKEN>
				<TOKEN end_char="3517" id="token-17-19" start_char="3516">on</TOKEN>
				<TOKEN end_char="3524" id="token-17-20" start_char="3519">Monday</TOKEN>
				<TOKEN end_char="3528" id="token-17-21" start_char="3526">and</TOKEN>
				<TOKEN end_char="3536" id="token-17-22" start_char="3530">Tuesday</TOKEN>
				<TOKEN end_char="3537" id="token-17-23" start_char="3537">,</TOKEN>
				<TOKEN end_char="3541" id="token-17-24" start_char="3539">but</TOKEN>
				<TOKEN end_char="3545" id="token-17-25" start_char="3543">the</TOKEN>
				<TOKEN end_char="3552" id="token-17-26" start_char="3547">number</TOKEN>
				<TOKEN end_char="3556" id="token-17-27" start_char="3554">has</TOKEN>
				<TOKEN end_char="3563" id="token-17-28" start_char="3558">fallen</TOKEN>
				<TOKEN end_char="3569" id="token-17-29" start_char="3565">since</TOKEN>
				<TOKEN end_char="3570" id="token-17-30" start_char="3570">.</TOKEN>
				<TOKEN end_char="3575" id="token-17-31" start_char="3572">Many</TOKEN>
				<TOKEN end_char="3584" id="token-17-32" start_char="3577">patients</TOKEN>
				<TOKEN end_char="3589" id="token-17-33" start_char="3586">were</TOKEN>
				<TOKEN end_char="3597" id="token-17-34" start_char="3591">without</TOKEN>
				<TOKEN end_char="3603" id="token-17-35" start_char="3599">power</TOKEN>
				<TOKEN end_char="3604" id="token-17-36" start_char="3604">,</TOKEN>
				<TOKEN end_char="3608" id="token-17-37" start_char="3606">and</TOKEN>
				<TOKEN end_char="3612" id="token-17-38" start_char="3610">the</TOKEN>
				<TOKEN end_char="3617" id="token-17-39" start_char="3614">heat</TOKEN>
				<TOKEN end_char="3628" id="token-17-40" start_char="3619">aggravated</TOKEN>
				<TOKEN end_char="3636" id="token-17-41" start_char="3630">chronic</TOKEN>
				<TOKEN end_char="3647" id="token-17-42" start_char="3638">conditions</TOKEN>
				<TOKEN end_char="3648" id="token-17-43" start_char="3648">,</TOKEN>
				<TOKEN end_char="3658" id="token-17-44" start_char="3650">spokesman</TOKEN>
				<TOKEN end_char="3663" id="token-17-45" start_char="3660">Matt</TOKEN>
				<TOKEN end_char="3669" id="token-17-46" start_char="3665">Brock</TOKEN>
				<TOKEN end_char="3674" id="token-17-47" start_char="3671">said</TOKEN>
				<TOKEN end_char="3675" id="token-17-48" start_char="3675">.</TOKEN>
			</SEG>
			<SEG end_char="3906" id="20120705_WAPO_31152594-c6e7-11e1-916d-a4bc61efcad8-18" start_char="3677">
				<ORIGINAL_TEXT>The hospital had to set aside public space for some patients who were ready to be discharged but couldn’t return home because of a lack of power. The hospital helped find them a cooling center or relatives who could care for them.</ORIGINAL_TEXT>
				<TOKEN end_char="3679" id="token-18-0" start_char="3677">The</TOKEN>
				<TOKEN end_char="3688" id="token-18-1" start_char="3681">hospital</TOKEN>
				<TOKEN end_char="3692" id="token-18-2" start_char="3690">had</TOKEN>
				<TOKEN end_char="3695" id="token-18-3" start_char="3694">to</TOKEN>
				<TOKEN end_char="3699" id="token-18-4" start_char="3697">set</TOKEN>
				<TOKEN end_char="3705" id="token-18-5" start_char="3701">aside</TOKEN>
				<TOKEN end_char="3712" id="token-18-6" start_char="3707">public</TOKEN>
				<TOKEN end_char="3718" id="token-18-7" start_char="3714">space</TOKEN>
				<TOKEN end_char="3722" id="token-18-8" start_char="3720">for</TOKEN>
				<TOKEN end_char="3727" id="token-18-9" start_char="3724">some</TOKEN>
				<TOKEN end_char="3736" id="token-18-10" start_char="3729">patients</TOKEN>
				<TOKEN end_char="3740" id="token-18-11" start_char="3738">who</TOKEN>
				<TOKEN end_char="3745" id="token-18-12" start_char="3742">were</TOKEN>
				<TOKEN end_char="3751" id="token-18-13" start_char="3747">ready</TOKEN>
				<TOKEN end_char="3754" id="token-18-14" start_char="3753">to</TOKEN>
				<TOKEN end_char="3757" id="token-18-15" start_char="3756">be</TOKEN>
				<TOKEN end_char="3768" id="token-18-16" start_char="3759">discharged</TOKEN>
				<TOKEN end_char="3772" id="token-18-17" start_char="3770">but</TOKEN>
				<TOKEN end_char="3779" id="token-18-18" start_char="3774">couldn</TOKEN>
				<TOKEN end_char="3780" id="token-18-19" start_char="3780">’</TOKEN>
				<TOKEN end_char="3781" id="token-18-20" start_char="3781">t</TOKEN>
				<TOKEN end_char="3788" id="token-18-21" start_char="3783">return</TOKEN>
				<TOKEN end_char="3793" id="token-18-22" start_char="3790">home</TOKEN>
				<TOKEN end_char="3801" id="token-18-23" start_char="3795">because</TOKEN>
				<TOKEN end_char="3804" id="token-18-24" start_char="3803">of</TOKEN>
				<TOKEN end_char="3806" id="token-18-25" start_char="3806">a</TOKEN>
				<TOKEN end_char="3811" id="token-18-26" start_char="3808">lack</TOKEN>
				<TOKEN end_char="3814" id="token-18-27" start_char="3813">of</TOKEN>
				<TOKEN end_char="3820" id="token-18-28" start_char="3816">power</TOKEN>
				<TOKEN end_char="3821" id="token-18-29" start_char="3821">.</TOKEN>
				<TOKEN end_char="3825" id="token-18-30" start_char="3823">The</TOKEN>
				<TOKEN end_char="3834" id="token-18-31" start_char="3827">hospital</TOKEN>
				<TOKEN end_char="3841" id="token-18-32" start_char="3836">helped</TOKEN>
				<TOKEN end_char="3846" id="token-18-33" start_char="3843">find</TOKEN>
				<TOKEN end_char="3851" id="token-18-34" start_char="3848">them</TOKEN>
				<TOKEN end_char="3853" id="token-18-35" start_char="3853">a</TOKEN>
				<TOKEN end_char="3861" id="token-18-36" start_char="3855">cooling</TOKEN>
				<TOKEN end_char="3868" id="token-18-37" start_char="3863">center</TOKEN>
				<TOKEN end_char="3871" id="token-18-38" start_char="3870">or</TOKEN>
				<TOKEN end_char="3881" id="token-18-39" start_char="3873">relatives</TOKEN>
				<TOKEN end_char="3885" id="token-18-40" start_char="3883">who</TOKEN>
				<TOKEN end_char="3891" id="token-18-41" start_char="3887">could</TOKEN>
				<TOKEN end_char="3896" id="token-18-42" start_char="3893">care</TOKEN>
				<TOKEN end_char="3900" id="token-18-43" start_char="3898">for</TOKEN>
				<TOKEN end_char="3905" id="token-18-44" start_char="3902">them</TOKEN>
				<TOKEN end_char="3906" id="token-18-45" start_char="3906">.</TOKEN>
			</SEG>
			<SEG end_char="4011" id="20120705_WAPO_31152594-c6e7-11e1-916d-a4bc61efcad8-19" start_char="3908">
				<ORIGINAL_TEXT>By Thursday, MedStar Washington reported that visits were back to normal — about 40 patients by mid-day.</ORIGINAL_TEXT>
				<TOKEN end_char="3909" id="token-19-0" start_char="3908">By</TOKEN>
				<TOKEN end_char="3918" id="token-19-1" start_char="3911">Thursday</TOKEN>
				<TOKEN end_char="3919" id="token-19-2" start_char="3919">,</TOKEN>
				<TOKEN end_char="3927" id="token-19-3" start_char="3921">MedStar</TOKEN>
				<TOKEN end_char="3938" id="token-19-4" start_char="3929">Washington</TOKEN>
				<TOKEN end_char="3947" id="token-19-5" start_char="3940">reported</TOKEN>
				<TOKEN end_char="3952" id="token-19-6" start_char="3949">that</TOKEN>
				<TOKEN end_char="3959" id="token-19-7" start_char="3954">visits</TOKEN>
				<TOKEN end_char="3964" id="token-19-8" start_char="3961">were</TOKEN>
				<TOKEN end_char="3969" id="token-19-9" start_char="3966">back</TOKEN>
				<TOKEN end_char="3972" id="token-19-10" start_char="3971">to</TOKEN>
				<TOKEN end_char="3979" id="token-19-11" start_char="3974">normal</TOKEN>
				<TOKEN end_char="3981" id="token-19-12" start_char="3981">—</TOKEN>
				<TOKEN end_char="3987" id="token-19-13" start_char="3983">about</TOKEN>
				<TOKEN end_char="3990" id="token-19-14" start_char="3989">40</TOKEN>
				<TOKEN end_char="3999" id="token-19-15" start_char="3992">patients</TOKEN>
				<TOKEN end_char="4002" id="token-19-16" start_char="4001">by</TOKEN>
				<TOKEN end_char="4006" id="token-19-17" start_char="4004">mid</TOKEN>
				<TOKEN end_char="4007" id="token-19-18" start_char="4007">-</TOKEN>
				<TOKEN end_char="4010" id="token-19-19" start_char="4008">day</TOKEN>
				<TOKEN end_char="4011" id="token-19-20" start_char="4011">.</TOKEN>
			</SEG>
		</TEXT>
	</DOC>
</LCTL_TEXT>
