<?xml version="1.0" encoding="utf-8"?>
<LCTL_TEXT>
	<DOC id="20120220_WAPO_258c3b4c-5bf6-11e1-bd7a-215c86271450">
		<TEXT>
			<SEG end_char="43" id="20120220_WAPO_258c3b4c-5bf6-11e1-bd7a-215c86271450-0" start_char="0">
				<ORIGINAL_TEXT>A massacre at Mexican prison, then an escape</ORIGINAL_TEXT>
				<TOKEN end_char="0" id="token-0-0" start_char="0">A</TOKEN>
				<TOKEN end_char="9" id="token-0-1" start_char="2">massacre</TOKEN>
				<TOKEN end_char="12" id="token-0-2" start_char="11">at</TOKEN>
				<TOKEN end_char="20" id="token-0-3" start_char="14">Mexican</TOKEN>
				<TOKEN end_char="27" id="token-0-4" start_char="22">prison</TOKEN>
				<TOKEN end_char="28" id="token-0-5" start_char="28">,</TOKEN>
				<TOKEN end_char="33" id="token-0-6" start_char="30">then</TOKEN>
				<TOKEN end_char="36" id="token-0-7" start_char="35">an</TOKEN>
				<TOKEN end_char="43" id="token-0-8" start_char="38">escape</TOKEN>
			</SEG>
			<SEG end_char="88" id="20120220_WAPO_258c3b4c-5bf6-11e1-bd7a-215c86271450-1" start_char="45">
				<ORIGINAL_TEXT>Monday, February 20, 2012 14:32:00 GMT-05:00</ORIGINAL_TEXT>
				<TOKEN end_char="50" id="token-1-0" start_char="45">Monday</TOKEN>
				<TOKEN end_char="51" id="token-1-1" start_char="51">,</TOKEN>
				<TOKEN end_char="60" id="token-1-2" start_char="53">February</TOKEN>
				<TOKEN end_char="63" id="token-1-3" start_char="62">20</TOKEN>
				<TOKEN end_char="64" id="token-1-4" start_char="64">,</TOKEN>
				<TOKEN end_char="69" id="token-1-5" start_char="66">2012</TOKEN>
				<TOKEN end_char="72" id="token-1-6" start_char="71">14</TOKEN>
				<TOKEN end_char="73" id="token-1-7" start_char="73">:</TOKEN>
				<TOKEN end_char="75" id="token-1-8" start_char="74">32</TOKEN>
				<TOKEN end_char="76" id="token-1-9" start_char="76">:</TOKEN>
				<TOKEN end_char="78" id="token-1-10" start_char="77">00</TOKEN>
				<TOKEN end_char="82" id="token-1-11" start_char="80">GMT</TOKEN>
				<TOKEN end_char="83" id="token-1-12" start_char="83">-</TOKEN>
				<TOKEN end_char="85" id="token-1-13" start_char="84">05</TOKEN>
				<TOKEN end_char="86" id="token-1-14" start_char="86">:</TOKEN>
				<TOKEN end_char="88" id="token-1-15" start_char="87">00</TOKEN>
			</SEG>
			<SEG end_char="186" id="20120220_WAPO_258c3b4c-5bf6-11e1-bd7a-215c86271450-2" start_char="90">
				<ORIGINAL_TEXT>MEXICO CITY — The worst prison riot in Mexico in years was not really a riot. It was mass murder.</ORIGINAL_TEXT>
				<TOKEN end_char="95" id="token-2-0" start_char="90">MEXICO</TOKEN>
				<TOKEN end_char="100" id="token-2-1" start_char="97">CITY</TOKEN>
				<TOKEN end_char="102" id="token-2-2" start_char="102">—</TOKEN>
				<TOKEN end_char="106" id="token-2-3" start_char="104">The</TOKEN>
				<TOKEN end_char="112" id="token-2-4" start_char="108">worst</TOKEN>
				<TOKEN end_char="119" id="token-2-5" start_char="114">prison</TOKEN>
				<TOKEN end_char="124" id="token-2-6" start_char="121">riot</TOKEN>
				<TOKEN end_char="127" id="token-2-7" start_char="126">in</TOKEN>
				<TOKEN end_char="134" id="token-2-8" start_char="129">Mexico</TOKEN>
				<TOKEN end_char="137" id="token-2-9" start_char="136">in</TOKEN>
				<TOKEN end_char="143" id="token-2-10" start_char="139">years</TOKEN>
				<TOKEN end_char="147" id="token-2-11" start_char="145">was</TOKEN>
				<TOKEN end_char="151" id="token-2-12" start_char="149">not</TOKEN>
				<TOKEN end_char="158" id="token-2-13" start_char="153">really</TOKEN>
				<TOKEN end_char="160" id="token-2-14" start_char="160">a</TOKEN>
				<TOKEN end_char="165" id="token-2-15" start_char="162">riot</TOKEN>
				<TOKEN end_char="166" id="token-2-16" start_char="166">.</TOKEN>
				<TOKEN end_char="169" id="token-2-17" start_char="168">It</TOKEN>
				<TOKEN end_char="173" id="token-2-18" start_char="171">was</TOKEN>
				<TOKEN end_char="178" id="token-2-19" start_char="175">mass</TOKEN>
				<TOKEN end_char="185" id="token-2-20" start_char="180">murder</TOKEN>
				<TOKEN end_char="186" id="token-2-21" start_char="186">.</TOKEN>
			</SEG>
			<SEG end_char="397" id="20120220_WAPO_258c3b4c-5bf6-11e1-bd7a-215c86271450-3" start_char="188">
				<ORIGINAL_TEXT>Mexican officials said Monday that it appears all of the 44 inmates stabbed and beaten to death at a state prison in northern Mexico on Sunday were members of the same crime syndicate, known as the Gulf Cartel.</ORIGINAL_TEXT>
				<TOKEN end_char="194" id="token-3-0" start_char="188">Mexican</TOKEN>
				<TOKEN end_char="204" id="token-3-1" start_char="196">officials</TOKEN>
				<TOKEN end_char="209" id="token-3-2" start_char="206">said</TOKEN>
				<TOKEN end_char="216" id="token-3-3" start_char="211">Monday</TOKEN>
				<TOKEN end_char="221" id="token-3-4" start_char="218">that</TOKEN>
				<TOKEN end_char="224" id="token-3-5" start_char="223">it</TOKEN>
				<TOKEN end_char="232" id="token-3-6" start_char="226">appears</TOKEN>
				<TOKEN end_char="236" id="token-3-7" start_char="234">all</TOKEN>
				<TOKEN end_char="239" id="token-3-8" start_char="238">of</TOKEN>
				<TOKEN end_char="243" id="token-3-9" start_char="241">the</TOKEN>
				<TOKEN end_char="246" id="token-3-10" start_char="245">44</TOKEN>
				<TOKEN end_char="254" id="token-3-11" start_char="248">inmates</TOKEN>
				<TOKEN end_char="262" id="token-3-12" start_char="256">stabbed</TOKEN>
				<TOKEN end_char="266" id="token-3-13" start_char="264">and</TOKEN>
				<TOKEN end_char="273" id="token-3-14" start_char="268">beaten</TOKEN>
				<TOKEN end_char="276" id="token-3-15" start_char="275">to</TOKEN>
				<TOKEN end_char="282" id="token-3-16" start_char="278">death</TOKEN>
				<TOKEN end_char="285" id="token-3-17" start_char="284">at</TOKEN>
				<TOKEN end_char="287" id="token-3-18" start_char="287">a</TOKEN>
				<TOKEN end_char="293" id="token-3-19" start_char="289">state</TOKEN>
				<TOKEN end_char="300" id="token-3-20" start_char="295">prison</TOKEN>
				<TOKEN end_char="303" id="token-3-21" start_char="302">in</TOKEN>
				<TOKEN end_char="312" id="token-3-22" start_char="305">northern</TOKEN>
				<TOKEN end_char="319" id="token-3-23" start_char="314">Mexico</TOKEN>
				<TOKEN end_char="322" id="token-3-24" start_char="321">on</TOKEN>
				<TOKEN end_char="329" id="token-3-25" start_char="324">Sunday</TOKEN>
				<TOKEN end_char="334" id="token-3-26" start_char="331">were</TOKEN>
				<TOKEN end_char="342" id="token-3-27" start_char="336">members</TOKEN>
				<TOKEN end_char="345" id="token-3-28" start_char="344">of</TOKEN>
				<TOKEN end_char="349" id="token-3-29" start_char="347">the</TOKEN>
				<TOKEN end_char="354" id="token-3-30" start_char="351">same</TOKEN>
				<TOKEN end_char="360" id="token-3-31" start_char="356">crime</TOKEN>
				<TOKEN end_char="370" id="token-3-32" start_char="362">syndicate</TOKEN>
				<TOKEN end_char="371" id="token-3-33" start_char="371">,</TOKEN>
				<TOKEN end_char="377" id="token-3-34" start_char="373">known</TOKEN>
				<TOKEN end_char="380" id="token-3-35" start_char="379">as</TOKEN>
				<TOKEN end_char="384" id="token-3-36" start_char="382">the</TOKEN>
				<TOKEN end_char="389" id="token-3-37" start_char="386">Gulf</TOKEN>
				<TOKEN end_char="396" id="token-3-38" start_char="391">Cartel</TOKEN>
				<TOKEN end_char="397" id="token-3-39" start_char="397">.</TOKEN>
			</SEG>
			<SEG end_char="558" id="20120220_WAPO_258c3b4c-5bf6-11e1-bd7a-215c86271450-4" start_char="399">
				<ORIGINAL_TEXT>They were murdered by their arch enemies, members of Los Zetas, a sensationally violent group that appears to have staged the massacre, in part, as a diversion.</ORIGINAL_TEXT>
				<TOKEN end_char="402" id="token-4-0" start_char="399">They</TOKEN>
				<TOKEN end_char="407" id="token-4-1" start_char="404">were</TOKEN>
				<TOKEN end_char="416" id="token-4-2" start_char="409">murdered</TOKEN>
				<TOKEN end_char="419" id="token-4-3" start_char="418">by</TOKEN>
				<TOKEN end_char="425" id="token-4-4" start_char="421">their</TOKEN>
				<TOKEN end_char="430" id="token-4-5" start_char="427">arch</TOKEN>
				<TOKEN end_char="438" id="token-4-6" start_char="432">enemies</TOKEN>
				<TOKEN end_char="439" id="token-4-7" start_char="439">,</TOKEN>
				<TOKEN end_char="447" id="token-4-8" start_char="441">members</TOKEN>
				<TOKEN end_char="450" id="token-4-9" start_char="449">of</TOKEN>
				<TOKEN end_char="454" id="token-4-10" start_char="452">Los</TOKEN>
				<TOKEN end_char="460" id="token-4-11" start_char="456">Zetas</TOKEN>
				<TOKEN end_char="461" id="token-4-12" start_char="461">,</TOKEN>
				<TOKEN end_char="463" id="token-4-13" start_char="463">a</TOKEN>
				<TOKEN end_char="477" id="token-4-14" start_char="465">sensationally</TOKEN>
				<TOKEN end_char="485" id="token-4-15" start_char="479">violent</TOKEN>
				<TOKEN end_char="491" id="token-4-16" start_char="487">group</TOKEN>
				<TOKEN end_char="496" id="token-4-17" start_char="493">that</TOKEN>
				<TOKEN end_char="504" id="token-4-18" start_char="498">appears</TOKEN>
				<TOKEN end_char="507" id="token-4-19" start_char="506">to</TOKEN>
				<TOKEN end_char="512" id="token-4-20" start_char="509">have</TOKEN>
				<TOKEN end_char="519" id="token-4-21" start_char="514">staged</TOKEN>
				<TOKEN end_char="523" id="token-4-22" start_char="521">the</TOKEN>
				<TOKEN end_char="532" id="token-4-23" start_char="525">massacre</TOKEN>
				<TOKEN end_char="533" id="token-4-24" start_char="533">,</TOKEN>
				<TOKEN end_char="536" id="token-4-25" start_char="535">in</TOKEN>
				<TOKEN end_char="541" id="token-4-26" start_char="538">part</TOKEN>
				<TOKEN end_char="542" id="token-4-27" start_char="542">,</TOKEN>
				<TOKEN end_char="545" id="token-4-28" start_char="544">as</TOKEN>
				<TOKEN end_char="547" id="token-4-29" start_char="547">a</TOKEN>
				<TOKEN end_char="557" id="token-4-30" start_char="549">diversion</TOKEN>
				<TOKEN end_char="558" id="token-4-31" start_char="558">.</TOKEN>
			</SEG>
			<SEG end_char="740" id="20120220_WAPO_258c3b4c-5bf6-11e1-bd7a-215c86271450-5" start_char="560">
				<ORIGINAL_TEXT>About 30 members of the Zeta cartel escaped from the overcrowded Apodaca prison near Monterrey in the hours after the killings. Officials called the escapees “especially dangerous.”</ORIGINAL_TEXT>
				<TOKEN end_char="564" id="token-5-0" start_char="560">About</TOKEN>
				<TOKEN end_char="567" id="token-5-1" start_char="566">30</TOKEN>
				<TOKEN end_char="575" id="token-5-2" start_char="569">members</TOKEN>
				<TOKEN end_char="578" id="token-5-3" start_char="577">of</TOKEN>
				<TOKEN end_char="582" id="token-5-4" start_char="580">the</TOKEN>
				<TOKEN end_char="587" id="token-5-5" start_char="584">Zeta</TOKEN>
				<TOKEN end_char="594" id="token-5-6" start_char="589">cartel</TOKEN>
				<TOKEN end_char="602" id="token-5-7" start_char="596">escaped</TOKEN>
				<TOKEN end_char="607" id="token-5-8" start_char="604">from</TOKEN>
				<TOKEN end_char="611" id="token-5-9" start_char="609">the</TOKEN>
				<TOKEN end_char="623" id="token-5-10" start_char="613">overcrowded</TOKEN>
				<TOKEN end_char="631" id="token-5-11" start_char="625">Apodaca</TOKEN>
				<TOKEN end_char="638" id="token-5-12" start_char="633">prison</TOKEN>
				<TOKEN end_char="643" id="token-5-13" start_char="640">near</TOKEN>
				<TOKEN end_char="653" id="token-5-14" start_char="645">Monterrey</TOKEN>
				<TOKEN end_char="656" id="token-5-15" start_char="655">in</TOKEN>
				<TOKEN end_char="660" id="token-5-16" start_char="658">the</TOKEN>
				<TOKEN end_char="666" id="token-5-17" start_char="662">hours</TOKEN>
				<TOKEN end_char="672" id="token-5-18" start_char="668">after</TOKEN>
				<TOKEN end_char="676" id="token-5-19" start_char="674">the</TOKEN>
				<TOKEN end_char="685" id="token-5-20" start_char="678">killings</TOKEN>
				<TOKEN end_char="686" id="token-5-21" start_char="686">.</TOKEN>
				<TOKEN end_char="696" id="token-5-22" start_char="688">Officials</TOKEN>
				<TOKEN end_char="703" id="token-5-23" start_char="698">called</TOKEN>
				<TOKEN end_char="707" id="token-5-24" start_char="705">the</TOKEN>
				<TOKEN end_char="716" id="token-5-25" start_char="709">escapees</TOKEN>
				<TOKEN end_char="718" id="token-5-26" start_char="718">“</TOKEN>
				<TOKEN end_char="728" id="token-5-27" start_char="719">especially</TOKEN>
				<TOKEN end_char="738" id="token-5-28" start_char="730">dangerous</TOKEN>
				<TOKEN end_char="740" id="token-5-29" start_char="739">.”</TOKEN>
			</SEG>
			<SEG end_char="937" id="20120220_WAPO_258c3b4c-5bf6-11e1-bd7a-215c86271450-6" start_char="742">
				<ORIGINAL_TEXT>What was initially characterized as a melee among rival gangs appears to have been a well-planned and -executed attack, followed by a successful getaway, accomplished with the help of the jailers.</ORIGINAL_TEXT>
				<TOKEN end_char="745" id="token-6-0" start_char="742">What</TOKEN>
				<TOKEN end_char="749" id="token-6-1" start_char="747">was</TOKEN>
				<TOKEN end_char="759" id="token-6-2" start_char="751">initially</TOKEN>
				<TOKEN end_char="773" id="token-6-3" start_char="761">characterized</TOKEN>
				<TOKEN end_char="776" id="token-6-4" start_char="775">as</TOKEN>
				<TOKEN end_char="778" id="token-6-5" start_char="778">a</TOKEN>
				<TOKEN end_char="784" id="token-6-6" start_char="780">melee</TOKEN>
				<TOKEN end_char="790" id="token-6-7" start_char="786">among</TOKEN>
				<TOKEN end_char="796" id="token-6-8" start_char="792">rival</TOKEN>
				<TOKEN end_char="802" id="token-6-9" start_char="798">gangs</TOKEN>
				<TOKEN end_char="810" id="token-6-10" start_char="804">appears</TOKEN>
				<TOKEN end_char="813" id="token-6-11" start_char="812">to</TOKEN>
				<TOKEN end_char="818" id="token-6-12" start_char="815">have</TOKEN>
				<TOKEN end_char="823" id="token-6-13" start_char="820">been</TOKEN>
				<TOKEN end_char="825" id="token-6-14" start_char="825">a</TOKEN>
				<TOKEN end_char="830" id="token-6-15" start_char="827">well</TOKEN>
				<TOKEN end_char="831" id="token-6-16" start_char="831">-</TOKEN>
				<TOKEN end_char="838" id="token-6-17" start_char="832">planned</TOKEN>
				<TOKEN end_char="842" id="token-6-18" start_char="840">and</TOKEN>
				<TOKEN end_char="844" id="token-6-19" start_char="844">-</TOKEN>
				<TOKEN end_char="852" id="token-6-20" start_char="845">executed</TOKEN>
				<TOKEN end_char="859" id="token-6-21" start_char="854">attack</TOKEN>
				<TOKEN end_char="860" id="token-6-22" start_char="860">,</TOKEN>
				<TOKEN end_char="869" id="token-6-23" start_char="862">followed</TOKEN>
				<TOKEN end_char="872" id="token-6-24" start_char="871">by</TOKEN>
				<TOKEN end_char="874" id="token-6-25" start_char="874">a</TOKEN>
				<TOKEN end_char="885" id="token-6-26" start_char="876">successful</TOKEN>
				<TOKEN end_char="893" id="token-6-27" start_char="887">getaway</TOKEN>
				<TOKEN end_char="894" id="token-6-28" start_char="894">,</TOKEN>
				<TOKEN end_char="907" id="token-6-29" start_char="896">accomplished</TOKEN>
				<TOKEN end_char="912" id="token-6-30" start_char="909">with</TOKEN>
				<TOKEN end_char="916" id="token-6-31" start_char="914">the</TOKEN>
				<TOKEN end_char="921" id="token-6-32" start_char="918">help</TOKEN>
				<TOKEN end_char="924" id="token-6-33" start_char="923">of</TOKEN>
				<TOKEN end_char="928" id="token-6-34" start_char="926">the</TOKEN>
				<TOKEN end_char="936" id="token-6-35" start_char="930">jailers</TOKEN>
				<TOKEN end_char="937" id="token-6-36" start_char="937">.</TOKEN>
			</SEG>
			<SEG end_char="1264" id="20120220_WAPO_258c3b4c-5bf6-11e1-bd7a-215c86271450-7" start_char="939">
				<ORIGINAL_TEXT>The governor of Nuevo Leon, Rodrigo Medina, told reporters Monday that the prison's director, three top officials and 18 guards are under investigation and may have aided in the escape. The governor called the prison officials “a group of traitors” and said that it appeared they were corrupted by the powerful Zeta syndicate.</ORIGINAL_TEXT>
				<TOKEN end_char="941" id="token-7-0" start_char="939">The</TOKEN>
				<TOKEN end_char="950" id="token-7-1" start_char="943">governor</TOKEN>
				<TOKEN end_char="953" id="token-7-2" start_char="952">of</TOKEN>
				<TOKEN end_char="959" id="token-7-3" start_char="955">Nuevo</TOKEN>
				<TOKEN end_char="964" id="token-7-4" start_char="961">Leon</TOKEN>
				<TOKEN end_char="965" id="token-7-5" start_char="965">,</TOKEN>
				<TOKEN end_char="973" id="token-7-6" start_char="967">Rodrigo</TOKEN>
				<TOKEN end_char="980" id="token-7-7" start_char="975">Medina</TOKEN>
				<TOKEN end_char="981" id="token-7-8" start_char="981">,</TOKEN>
				<TOKEN end_char="986" id="token-7-9" start_char="983">told</TOKEN>
				<TOKEN end_char="996" id="token-7-10" start_char="988">reporters</TOKEN>
				<TOKEN end_char="1003" id="token-7-11" start_char="998">Monday</TOKEN>
				<TOKEN end_char="1008" id="token-7-12" start_char="1005">that</TOKEN>
				<TOKEN end_char="1012" id="token-7-13" start_char="1010">the</TOKEN>
				<TOKEN end_char="1019" id="token-7-14" start_char="1014">prison</TOKEN>
				<TOKEN end_char="1020" id="token-7-15" start_char="1020">'</TOKEN>
				<TOKEN end_char="1021" id="token-7-16" start_char="1021">s</TOKEN>
				<TOKEN end_char="1030" id="token-7-17" start_char="1023">director</TOKEN>
				<TOKEN end_char="1031" id="token-7-18" start_char="1031">,</TOKEN>
				<TOKEN end_char="1037" id="token-7-19" start_char="1033">three</TOKEN>
				<TOKEN end_char="1041" id="token-7-20" start_char="1039">top</TOKEN>
				<TOKEN end_char="1051" id="token-7-21" start_char="1043">officials</TOKEN>
				<TOKEN end_char="1055" id="token-7-22" start_char="1053">and</TOKEN>
				<TOKEN end_char="1058" id="token-7-23" start_char="1057">18</TOKEN>
				<TOKEN end_char="1065" id="token-7-24" start_char="1060">guards</TOKEN>
				<TOKEN end_char="1069" id="token-7-25" start_char="1067">are</TOKEN>
				<TOKEN end_char="1075" id="token-7-26" start_char="1071">under</TOKEN>
				<TOKEN end_char="1089" id="token-7-27" start_char="1077">investigation</TOKEN>
				<TOKEN end_char="1093" id="token-7-28" start_char="1091">and</TOKEN>
				<TOKEN end_char="1097" id="token-7-29" start_char="1095">may</TOKEN>
				<TOKEN end_char="1102" id="token-7-30" start_char="1099">have</TOKEN>
				<TOKEN end_char="1108" id="token-7-31" start_char="1104">aided</TOKEN>
				<TOKEN end_char="1111" id="token-7-32" start_char="1110">in</TOKEN>
				<TOKEN end_char="1115" id="token-7-33" start_char="1113">the</TOKEN>
				<TOKEN end_char="1122" id="token-7-34" start_char="1117">escape</TOKEN>
				<TOKEN end_char="1123" id="token-7-35" start_char="1123">.</TOKEN>
				<TOKEN end_char="1127" id="token-7-36" start_char="1125">The</TOKEN>
				<TOKEN end_char="1136" id="token-7-37" start_char="1129">governor</TOKEN>
				<TOKEN end_char="1143" id="token-7-38" start_char="1138">called</TOKEN>
				<TOKEN end_char="1147" id="token-7-39" start_char="1145">the</TOKEN>
				<TOKEN end_char="1154" id="token-7-40" start_char="1149">prison</TOKEN>
				<TOKEN end_char="1164" id="token-7-41" start_char="1156">officials</TOKEN>
				<TOKEN end_char="1166" id="token-7-42" start_char="1166">“</TOKEN>
				<TOKEN end_char="1167" id="token-7-43" start_char="1167">a</TOKEN>
				<TOKEN end_char="1173" id="token-7-44" start_char="1169">group</TOKEN>
				<TOKEN end_char="1176" id="token-7-45" start_char="1175">of</TOKEN>
				<TOKEN end_char="1185" id="token-7-46" start_char="1178">traitors</TOKEN>
				<TOKEN end_char="1186" id="token-7-47" start_char="1186">”</TOKEN>
				<TOKEN end_char="1190" id="token-7-48" start_char="1188">and</TOKEN>
				<TOKEN end_char="1195" id="token-7-49" start_char="1192">said</TOKEN>
				<TOKEN end_char="1200" id="token-7-50" start_char="1197">that</TOKEN>
				<TOKEN end_char="1203" id="token-7-51" start_char="1202">it</TOKEN>
				<TOKEN end_char="1212" id="token-7-52" start_char="1205">appeared</TOKEN>
				<TOKEN end_char="1217" id="token-7-53" start_char="1214">they</TOKEN>
				<TOKEN end_char="1222" id="token-7-54" start_char="1219">were</TOKEN>
				<TOKEN end_char="1232" id="token-7-55" start_char="1224">corrupted</TOKEN>
				<TOKEN end_char="1235" id="token-7-56" start_char="1234">by</TOKEN>
				<TOKEN end_char="1239" id="token-7-57" start_char="1237">the</TOKEN>
				<TOKEN end_char="1248" id="token-7-58" start_char="1241">powerful</TOKEN>
				<TOKEN end_char="1253" id="token-7-59" start_char="1250">Zeta</TOKEN>
				<TOKEN end_char="1263" id="token-7-60" start_char="1255">syndicate</TOKEN>
				<TOKEN end_char="1264" id="token-7-61" start_char="1264">.</TOKEN>
			</SEG>
			<SEG end_char="1453" id="20120220_WAPO_258c3b4c-5bf6-11e1-bd7a-215c86271450-8" start_char="1266">
				<ORIGINAL_TEXT>“The most important thing is to make sure that the people working on the inside are on the side of the law, and that they not be corrupted and collaborate with the criminals,” Medina said.</ORIGINAL_TEXT>
				<TOKEN end_char="1266" id="token-8-0" start_char="1266">“</TOKEN>
				<TOKEN end_char="1269" id="token-8-1" start_char="1267">The</TOKEN>
				<TOKEN end_char="1274" id="token-8-2" start_char="1271">most</TOKEN>
				<TOKEN end_char="1284" id="token-8-3" start_char="1276">important</TOKEN>
				<TOKEN end_char="1290" id="token-8-4" start_char="1286">thing</TOKEN>
				<TOKEN end_char="1293" id="token-8-5" start_char="1292">is</TOKEN>
				<TOKEN end_char="1296" id="token-8-6" start_char="1295">to</TOKEN>
				<TOKEN end_char="1301" id="token-8-7" start_char="1298">make</TOKEN>
				<TOKEN end_char="1306" id="token-8-8" start_char="1303">sure</TOKEN>
				<TOKEN end_char="1311" id="token-8-9" start_char="1308">that</TOKEN>
				<TOKEN end_char="1315" id="token-8-10" start_char="1313">the</TOKEN>
				<TOKEN end_char="1322" id="token-8-11" start_char="1317">people</TOKEN>
				<TOKEN end_char="1330" id="token-8-12" start_char="1324">working</TOKEN>
				<TOKEN end_char="1333" id="token-8-13" start_char="1332">on</TOKEN>
				<TOKEN end_char="1337" id="token-8-14" start_char="1335">the</TOKEN>
				<TOKEN end_char="1344" id="token-8-15" start_char="1339">inside</TOKEN>
				<TOKEN end_char="1348" id="token-8-16" start_char="1346">are</TOKEN>
				<TOKEN end_char="1351" id="token-8-17" start_char="1350">on</TOKEN>
				<TOKEN end_char="1355" id="token-8-18" start_char="1353">the</TOKEN>
				<TOKEN end_char="1360" id="token-8-19" start_char="1357">side</TOKEN>
				<TOKEN end_char="1363" id="token-8-20" start_char="1362">of</TOKEN>
				<TOKEN end_char="1367" id="token-8-21" start_char="1365">the</TOKEN>
				<TOKEN end_char="1371" id="token-8-22" start_char="1369">law</TOKEN>
				<TOKEN end_char="1372" id="token-8-23" start_char="1372">,</TOKEN>
				<TOKEN end_char="1376" id="token-8-24" start_char="1374">and</TOKEN>
				<TOKEN end_char="1381" id="token-8-25" start_char="1378">that</TOKEN>
				<TOKEN end_char="1386" id="token-8-26" start_char="1383">they</TOKEN>
				<TOKEN end_char="1390" id="token-8-27" start_char="1388">not</TOKEN>
				<TOKEN end_char="1393" id="token-8-28" start_char="1392">be</TOKEN>
				<TOKEN end_char="1403" id="token-8-29" start_char="1395">corrupted</TOKEN>
				<TOKEN end_char="1407" id="token-8-30" start_char="1405">and</TOKEN>
				<TOKEN end_char="1419" id="token-8-31" start_char="1409">collaborate</TOKEN>
				<TOKEN end_char="1424" id="token-8-32" start_char="1421">with</TOKEN>
				<TOKEN end_char="1428" id="token-8-33" start_char="1426">the</TOKEN>
				<TOKEN end_char="1438" id="token-8-34" start_char="1430">criminals</TOKEN>
				<TOKEN end_char="1440" id="token-8-35" start_char="1439">,”</TOKEN>
				<TOKEN end_char="1447" id="token-8-36" start_char="1442">Medina</TOKEN>
				<TOKEN end_char="1452" id="token-8-37" start_char="1449">said</TOKEN>
				<TOKEN end_char="1453" id="token-8-38" start_char="1453">.</TOKEN>
			</SEG>
			<SEG end_char="1741" id="20120220_WAPO_258c3b4c-5bf6-11e1-bd7a-215c86271450-9" start_char="1455">
				<ORIGINAL_TEXT>The governor also used his press conference to complain that his state prisons are overcrowded with inmates facing federal charges for drug and weapons trafficking, kidnapping and extortion. He said that in Nuevo Leon state, 60 percent of all inmates are incarcerated for federal crimes.</ORIGINAL_TEXT>
				<TOKEN end_char="1457" id="token-9-0" start_char="1455">The</TOKEN>
				<TOKEN end_char="1466" id="token-9-1" start_char="1459">governor</TOKEN>
				<TOKEN end_char="1471" id="token-9-2" start_char="1468">also</TOKEN>
				<TOKEN end_char="1476" id="token-9-3" start_char="1473">used</TOKEN>
				<TOKEN end_char="1480" id="token-9-4" start_char="1478">his</TOKEN>
				<TOKEN end_char="1486" id="token-9-5" start_char="1482">press</TOKEN>
				<TOKEN end_char="1497" id="token-9-6" start_char="1488">conference</TOKEN>
				<TOKEN end_char="1500" id="token-9-7" start_char="1499">to</TOKEN>
				<TOKEN end_char="1509" id="token-9-8" start_char="1502">complain</TOKEN>
				<TOKEN end_char="1514" id="token-9-9" start_char="1511">that</TOKEN>
				<TOKEN end_char="1518" id="token-9-10" start_char="1516">his</TOKEN>
				<TOKEN end_char="1524" id="token-9-11" start_char="1520">state</TOKEN>
				<TOKEN end_char="1532" id="token-9-12" start_char="1526">prisons</TOKEN>
				<TOKEN end_char="1536" id="token-9-13" start_char="1534">are</TOKEN>
				<TOKEN end_char="1548" id="token-9-14" start_char="1538">overcrowded</TOKEN>
				<TOKEN end_char="1553" id="token-9-15" start_char="1550">with</TOKEN>
				<TOKEN end_char="1561" id="token-9-16" start_char="1555">inmates</TOKEN>
				<TOKEN end_char="1568" id="token-9-17" start_char="1563">facing</TOKEN>
				<TOKEN end_char="1576" id="token-9-18" start_char="1570">federal</TOKEN>
				<TOKEN end_char="1584" id="token-9-19" start_char="1578">charges</TOKEN>
				<TOKEN end_char="1588" id="token-9-20" start_char="1586">for</TOKEN>
				<TOKEN end_char="1593" id="token-9-21" start_char="1590">drug</TOKEN>
				<TOKEN end_char="1597" id="token-9-22" start_char="1595">and</TOKEN>
				<TOKEN end_char="1605" id="token-9-23" start_char="1599">weapons</TOKEN>
				<TOKEN end_char="1617" id="token-9-24" start_char="1607">trafficking</TOKEN>
				<TOKEN end_char="1618" id="token-9-25" start_char="1618">,</TOKEN>
				<TOKEN end_char="1629" id="token-9-26" start_char="1620">kidnapping</TOKEN>
				<TOKEN end_char="1633" id="token-9-27" start_char="1631">and</TOKEN>
				<TOKEN end_char="1643" id="token-9-28" start_char="1635">extortion</TOKEN>
				<TOKEN end_char="1644" id="token-9-29" start_char="1644">.</TOKEN>
				<TOKEN end_char="1647" id="token-9-30" start_char="1646">He</TOKEN>
				<TOKEN end_char="1652" id="token-9-31" start_char="1649">said</TOKEN>
				<TOKEN end_char="1657" id="token-9-32" start_char="1654">that</TOKEN>
				<TOKEN end_char="1660" id="token-9-33" start_char="1659">in</TOKEN>
				<TOKEN end_char="1666" id="token-9-34" start_char="1662">Nuevo</TOKEN>
				<TOKEN end_char="1671" id="token-9-35" start_char="1668">Leon</TOKEN>
				<TOKEN end_char="1677" id="token-9-36" start_char="1673">state</TOKEN>
				<TOKEN end_char="1678" id="token-9-37" start_char="1678">,</TOKEN>
				<TOKEN end_char="1681" id="token-9-38" start_char="1680">60</TOKEN>
				<TOKEN end_char="1689" id="token-9-39" start_char="1683">percent</TOKEN>
				<TOKEN end_char="1692" id="token-9-40" start_char="1691">of</TOKEN>
				<TOKEN end_char="1696" id="token-9-41" start_char="1694">all</TOKEN>
				<TOKEN end_char="1704" id="token-9-42" start_char="1698">inmates</TOKEN>
				<TOKEN end_char="1708" id="token-9-43" start_char="1706">are</TOKEN>
				<TOKEN end_char="1721" id="token-9-44" start_char="1710">incarcerated</TOKEN>
				<TOKEN end_char="1725" id="token-9-45" start_char="1723">for</TOKEN>
				<TOKEN end_char="1733" id="token-9-46" start_char="1727">federal</TOKEN>
				<TOKEN end_char="1740" id="token-9-47" start_char="1735">crimes</TOKEN>
				<TOKEN end_char="1741" id="token-9-48" start_char="1741">.</TOKEN>
			</SEG>
			<SEG end_char="1942" id="20120220_WAPO_258c3b4c-5bf6-11e1-bd7a-215c86271450-10" start_char="1743">
				<ORIGINAL_TEXT>Mexico is engaged in a prison building boom, and new guards are being trained by the U.S. government. But the handful of new maximum security federal prisons cannot keep up with the flow of criminals.</ORIGINAL_TEXT>
				<TOKEN end_char="1748" id="token-10-0" start_char="1743">Mexico</TOKEN>
				<TOKEN end_char="1751" id="token-10-1" start_char="1750">is</TOKEN>
				<TOKEN end_char="1759" id="token-10-2" start_char="1753">engaged</TOKEN>
				<TOKEN end_char="1762" id="token-10-3" start_char="1761">in</TOKEN>
				<TOKEN end_char="1764" id="token-10-4" start_char="1764">a</TOKEN>
				<TOKEN end_char="1771" id="token-10-5" start_char="1766">prison</TOKEN>
				<TOKEN end_char="1780" id="token-10-6" start_char="1773">building</TOKEN>
				<TOKEN end_char="1785" id="token-10-7" start_char="1782">boom</TOKEN>
				<TOKEN end_char="1786" id="token-10-8" start_char="1786">,</TOKEN>
				<TOKEN end_char="1790" id="token-10-9" start_char="1788">and</TOKEN>
				<TOKEN end_char="1794" id="token-10-10" start_char="1792">new</TOKEN>
				<TOKEN end_char="1801" id="token-10-11" start_char="1796">guards</TOKEN>
				<TOKEN end_char="1805" id="token-10-12" start_char="1803">are</TOKEN>
				<TOKEN end_char="1811" id="token-10-13" start_char="1807">being</TOKEN>
				<TOKEN end_char="1819" id="token-10-14" start_char="1813">trained</TOKEN>
				<TOKEN end_char="1822" id="token-10-15" start_char="1821">by</TOKEN>
				<TOKEN end_char="1826" id="token-10-16" start_char="1824">the</TOKEN>
				<TOKEN end_char="1828" id="token-10-17" start_char="1828">U</TOKEN>
				<TOKEN end_char="1829" id="token-10-18" start_char="1829">.</TOKEN>
				<TOKEN end_char="1830" id="token-10-19" start_char="1830">S</TOKEN>
				<TOKEN end_char="1831" id="token-10-20" start_char="1831">.</TOKEN>
				<TOKEN end_char="1842" id="token-10-21" start_char="1833">government</TOKEN>
				<TOKEN end_char="1843" id="token-10-22" start_char="1843">.</TOKEN>
				<TOKEN end_char="1847" id="token-10-23" start_char="1845">But</TOKEN>
				<TOKEN end_char="1851" id="token-10-24" start_char="1849">the</TOKEN>
				<TOKEN end_char="1859" id="token-10-25" start_char="1853">handful</TOKEN>
				<TOKEN end_char="1862" id="token-10-26" start_char="1861">of</TOKEN>
				<TOKEN end_char="1866" id="token-10-27" start_char="1864">new</TOKEN>
				<TOKEN end_char="1874" id="token-10-28" start_char="1868">maximum</TOKEN>
				<TOKEN end_char="1883" id="token-10-29" start_char="1876">security</TOKEN>
				<TOKEN end_char="1891" id="token-10-30" start_char="1885">federal</TOKEN>
				<TOKEN end_char="1899" id="token-10-31" start_char="1893">prisons</TOKEN>
				<TOKEN end_char="1906" id="token-10-32" start_char="1901">cannot</TOKEN>
				<TOKEN end_char="1911" id="token-10-33" start_char="1908">keep</TOKEN>
				<TOKEN end_char="1914" id="token-10-34" start_char="1913">up</TOKEN>
				<TOKEN end_char="1919" id="token-10-35" start_char="1916">with</TOKEN>
				<TOKEN end_char="1923" id="token-10-36" start_char="1921">the</TOKEN>
				<TOKEN end_char="1928" id="token-10-37" start_char="1925">flow</TOKEN>
				<TOKEN end_char="1931" id="token-10-38" start_char="1930">of</TOKEN>
				<TOKEN end_char="1941" id="token-10-39" start_char="1933">criminals</TOKEN>
				<TOKEN end_char="1942" id="token-10-40" start_char="1942">.</TOKEN>
			</SEG>
			<SEG end_char="2293" id="20120220_WAPO_258c3b4c-5bf6-11e1-bd7a-215c86271450-11" start_char="1944">
				<ORIGINAL_TEXT>The Mexican government has been overwhelmed by huge numbers of arrests in its five-year, military-led, U.S.-backed war against organized crime. Prisons are now jammed with inmates, including many who await convictions in poorly run, antiquated, dangerous state prisons, where many criminals continue to run their operations via courier and cellphone.</ORIGINAL_TEXT>
				<TOKEN end_char="1946" id="token-11-0" start_char="1944">The</TOKEN>
				<TOKEN end_char="1954" id="token-11-1" start_char="1948">Mexican</TOKEN>
				<TOKEN end_char="1965" id="token-11-2" start_char="1956">government</TOKEN>
				<TOKEN end_char="1969" id="token-11-3" start_char="1967">has</TOKEN>
				<TOKEN end_char="1974" id="token-11-4" start_char="1971">been</TOKEN>
				<TOKEN end_char="1986" id="token-11-5" start_char="1976">overwhelmed</TOKEN>
				<TOKEN end_char="1989" id="token-11-6" start_char="1988">by</TOKEN>
				<TOKEN end_char="1994" id="token-11-7" start_char="1991">huge</TOKEN>
				<TOKEN end_char="2002" id="token-11-8" start_char="1996">numbers</TOKEN>
				<TOKEN end_char="2005" id="token-11-9" start_char="2004">of</TOKEN>
				<TOKEN end_char="2013" id="token-11-10" start_char="2007">arrests</TOKEN>
				<TOKEN end_char="2016" id="token-11-11" start_char="2015">in</TOKEN>
				<TOKEN end_char="2020" id="token-11-12" start_char="2018">its</TOKEN>
				<TOKEN end_char="2025" id="token-11-13" start_char="2022">five</TOKEN>
				<TOKEN end_char="2026" id="token-11-14" start_char="2026">-</TOKEN>
				<TOKEN end_char="2030" id="token-11-15" start_char="2027">year</TOKEN>
				<TOKEN end_char="2031" id="token-11-16" start_char="2031">,</TOKEN>
				<TOKEN end_char="2040" id="token-11-17" start_char="2033">military</TOKEN>
				<TOKEN end_char="2041" id="token-11-18" start_char="2041">-</TOKEN>
				<TOKEN end_char="2044" id="token-11-19" start_char="2042">led</TOKEN>
				<TOKEN end_char="2045" id="token-11-20" start_char="2045">,</TOKEN>
				<TOKEN end_char="2047" id="token-11-21" start_char="2047">U</TOKEN>
				<TOKEN end_char="2048" id="token-11-22" start_char="2048">.</TOKEN>
				<TOKEN end_char="2049" id="token-11-23" start_char="2049">S</TOKEN>
				<TOKEN end_char="2051" id="token-11-24" start_char="2050">.-</TOKEN>
				<TOKEN end_char="2057" id="token-11-25" start_char="2052">backed</TOKEN>
				<TOKEN end_char="2061" id="token-11-26" start_char="2059">war</TOKEN>
				<TOKEN end_char="2069" id="token-11-27" start_char="2063">against</TOKEN>
				<TOKEN end_char="2079" id="token-11-28" start_char="2071">organized</TOKEN>
				<TOKEN end_char="2085" id="token-11-29" start_char="2081">crime</TOKEN>
				<TOKEN end_char="2086" id="token-11-30" start_char="2086">.</TOKEN>
				<TOKEN end_char="2094" id="token-11-31" start_char="2088">Prisons</TOKEN>
				<TOKEN end_char="2098" id="token-11-32" start_char="2096">are</TOKEN>
				<TOKEN end_char="2102" id="token-11-33" start_char="2100">now</TOKEN>
				<TOKEN end_char="2109" id="token-11-34" start_char="2104">jammed</TOKEN>
				<TOKEN end_char="2114" id="token-11-35" start_char="2111">with</TOKEN>
				<TOKEN end_char="2122" id="token-11-36" start_char="2116">inmates</TOKEN>
				<TOKEN end_char="2123" id="token-11-37" start_char="2123">,</TOKEN>
				<TOKEN end_char="2133" id="token-11-38" start_char="2125">including</TOKEN>
				<TOKEN end_char="2138" id="token-11-39" start_char="2135">many</TOKEN>
				<TOKEN end_char="2142" id="token-11-40" start_char="2140">who</TOKEN>
				<TOKEN end_char="2148" id="token-11-41" start_char="2144">await</TOKEN>
				<TOKEN end_char="2160" id="token-11-42" start_char="2150">convictions</TOKEN>
				<TOKEN end_char="2163" id="token-11-43" start_char="2162">in</TOKEN>
				<TOKEN end_char="2170" id="token-11-44" start_char="2165">poorly</TOKEN>
				<TOKEN end_char="2174" id="token-11-45" start_char="2172">run</TOKEN>
				<TOKEN end_char="2175" id="token-11-46" start_char="2175">,</TOKEN>
				<TOKEN end_char="2186" id="token-11-47" start_char="2177">antiquated</TOKEN>
				<TOKEN end_char="2187" id="token-11-48" start_char="2187">,</TOKEN>
				<TOKEN end_char="2197" id="token-11-49" start_char="2189">dangerous</TOKEN>
				<TOKEN end_char="2203" id="token-11-50" start_char="2199">state</TOKEN>
				<TOKEN end_char="2211" id="token-11-51" start_char="2205">prisons</TOKEN>
				<TOKEN end_char="2212" id="token-11-52" start_char="2212">,</TOKEN>
				<TOKEN end_char="2218" id="token-11-53" start_char="2214">where</TOKEN>
				<TOKEN end_char="2223" id="token-11-54" start_char="2220">many</TOKEN>
				<TOKEN end_char="2233" id="token-11-55" start_char="2225">criminals</TOKEN>
				<TOKEN end_char="2242" id="token-11-56" start_char="2235">continue</TOKEN>
				<TOKEN end_char="2245" id="token-11-57" start_char="2244">to</TOKEN>
				<TOKEN end_char="2249" id="token-11-58" start_char="2247">run</TOKEN>
				<TOKEN end_char="2255" id="token-11-59" start_char="2251">their</TOKEN>
				<TOKEN end_char="2266" id="token-11-60" start_char="2257">operations</TOKEN>
				<TOKEN end_char="2270" id="token-11-61" start_char="2268">via</TOKEN>
				<TOKEN end_char="2278" id="token-11-62" start_char="2272">courier</TOKEN>
				<TOKEN end_char="2282" id="token-11-63" start_char="2280">and</TOKEN>
				<TOKEN end_char="2292" id="token-11-64" start_char="2284">cellphone</TOKEN>
				<TOKEN end_char="2293" id="token-11-65" start_char="2293">.</TOKEN>
			</SEG>
			<SEG end_char="2607" id="20120220_WAPO_258c3b4c-5bf6-11e1-bd7a-215c86271450-12" start_char="2295">
				<ORIGINAL_TEXT>According to the Associated Press, all 2,500 inmates in Apodaca prison were incarcerated for federal crimes, and as many as 70 percent had yet to be convicted. The inmate population there grew by 1,500 in the past year to 180 percent of capacity, the result of a crackdown on organized crime and drug trafficking.</ORIGINAL_TEXT>
				<TOKEN end_char="2303" id="token-12-0" start_char="2295">According</TOKEN>
				<TOKEN end_char="2306" id="token-12-1" start_char="2305">to</TOKEN>
				<TOKEN end_char="2310" id="token-12-2" start_char="2308">the</TOKEN>
				<TOKEN end_char="2321" id="token-12-3" start_char="2312">Associated</TOKEN>
				<TOKEN end_char="2327" id="token-12-4" start_char="2323">Press</TOKEN>
				<TOKEN end_char="2328" id="token-12-5" start_char="2328">,</TOKEN>
				<TOKEN end_char="2332" id="token-12-6" start_char="2330">all</TOKEN>
				<TOKEN end_char="2334" id="token-12-7" start_char="2334">2</TOKEN>
				<TOKEN end_char="2335" id="token-12-8" start_char="2335">,</TOKEN>
				<TOKEN end_char="2338" id="token-12-9" start_char="2336">500</TOKEN>
				<TOKEN end_char="2346" id="token-12-10" start_char="2340">inmates</TOKEN>
				<TOKEN end_char="2349" id="token-12-11" start_char="2348">in</TOKEN>
				<TOKEN end_char="2357" id="token-12-12" start_char="2351">Apodaca</TOKEN>
				<TOKEN end_char="2364" id="token-12-13" start_char="2359">prison</TOKEN>
				<TOKEN end_char="2369" id="token-12-14" start_char="2366">were</TOKEN>
				<TOKEN end_char="2382" id="token-12-15" start_char="2371">incarcerated</TOKEN>
				<TOKEN end_char="2386" id="token-12-16" start_char="2384">for</TOKEN>
				<TOKEN end_char="2394" id="token-12-17" start_char="2388">federal</TOKEN>
				<TOKEN end_char="2401" id="token-12-18" start_char="2396">crimes</TOKEN>
				<TOKEN end_char="2402" id="token-12-19" start_char="2402">,</TOKEN>
				<TOKEN end_char="2406" id="token-12-20" start_char="2404">and</TOKEN>
				<TOKEN end_char="2409" id="token-12-21" start_char="2408">as</TOKEN>
				<TOKEN end_char="2414" id="token-12-22" start_char="2411">many</TOKEN>
				<TOKEN end_char="2417" id="token-12-23" start_char="2416">as</TOKEN>
				<TOKEN end_char="2420" id="token-12-24" start_char="2419">70</TOKEN>
				<TOKEN end_char="2428" id="token-12-25" start_char="2422">percent</TOKEN>
				<TOKEN end_char="2432" id="token-12-26" start_char="2430">had</TOKEN>
				<TOKEN end_char="2436" id="token-12-27" start_char="2434">yet</TOKEN>
				<TOKEN end_char="2439" id="token-12-28" start_char="2438">to</TOKEN>
				<TOKEN end_char="2442" id="token-12-29" start_char="2441">be</TOKEN>
				<TOKEN end_char="2452" id="token-12-30" start_char="2444">convicted</TOKEN>
				<TOKEN end_char="2453" id="token-12-31" start_char="2453">.</TOKEN>
				<TOKEN end_char="2457" id="token-12-32" start_char="2455">The</TOKEN>
				<TOKEN end_char="2464" id="token-12-33" start_char="2459">inmate</TOKEN>
				<TOKEN end_char="2475" id="token-12-34" start_char="2466">population</TOKEN>
				<TOKEN end_char="2481" id="token-12-35" start_char="2477">there</TOKEN>
				<TOKEN end_char="2486" id="token-12-36" start_char="2483">grew</TOKEN>
				<TOKEN end_char="2489" id="token-12-37" start_char="2488">by</TOKEN>
				<TOKEN end_char="2491" id="token-12-38" start_char="2491">1</TOKEN>
				<TOKEN end_char="2492" id="token-12-39" start_char="2492">,</TOKEN>
				<TOKEN end_char="2495" id="token-12-40" start_char="2493">500</TOKEN>
				<TOKEN end_char="2498" id="token-12-41" start_char="2497">in</TOKEN>
				<TOKEN end_char="2502" id="token-12-42" start_char="2500">the</TOKEN>
				<TOKEN end_char="2507" id="token-12-43" start_char="2504">past</TOKEN>
				<TOKEN end_char="2512" id="token-12-44" start_char="2509">year</TOKEN>
				<TOKEN end_char="2515" id="token-12-45" start_char="2514">to</TOKEN>
				<TOKEN end_char="2519" id="token-12-46" start_char="2517">180</TOKEN>
				<TOKEN end_char="2527" id="token-12-47" start_char="2521">percent</TOKEN>
				<TOKEN end_char="2530" id="token-12-48" start_char="2529">of</TOKEN>
				<TOKEN end_char="2539" id="token-12-49" start_char="2532">capacity</TOKEN>
				<TOKEN end_char="2540" id="token-12-50" start_char="2540">,</TOKEN>
				<TOKEN end_char="2544" id="token-12-51" start_char="2542">the</TOKEN>
				<TOKEN end_char="2551" id="token-12-52" start_char="2546">result</TOKEN>
				<TOKEN end_char="2554" id="token-12-53" start_char="2553">of</TOKEN>
				<TOKEN end_char="2556" id="token-12-54" start_char="2556">a</TOKEN>
				<TOKEN end_char="2566" id="token-12-55" start_char="2558">crackdown</TOKEN>
				<TOKEN end_char="2569" id="token-12-56" start_char="2568">on</TOKEN>
				<TOKEN end_char="2579" id="token-12-57" start_char="2571">organized</TOKEN>
				<TOKEN end_char="2585" id="token-12-58" start_char="2581">crime</TOKEN>
				<TOKEN end_char="2589" id="token-12-59" start_char="2587">and</TOKEN>
				<TOKEN end_char="2594" id="token-12-60" start_char="2591">drug</TOKEN>
				<TOKEN end_char="2606" id="token-12-61" start_char="2596">trafficking</TOKEN>
				<TOKEN end_char="2607" id="token-12-62" start_char="2607">.</TOKEN>
			</SEG>
			<SEG end_char="2633" id="20120220_WAPO_258c3b4c-5bf6-11e1-bd7a-215c86271450-13" start_char="2609">
				<ORIGINAL_TEXT>More world news coverage:</ORIGINAL_TEXT>
				<TOKEN end_char="2612" id="token-13-0" start_char="2609">More</TOKEN>
				<TOKEN end_char="2618" id="token-13-1" start_char="2614">world</TOKEN>
				<TOKEN end_char="2623" id="token-13-2" start_char="2620">news</TOKEN>
				<TOKEN end_char="2632" id="token-13-3" start_char="2625">coverage</TOKEN>
				<TOKEN end_char="2633" id="token-13-4" start_char="2633">:</TOKEN>
			</SEG>
			<SEG end_char="2675" id="20120220_WAPO_258c3b4c-5bf6-11e1-bd7a-215c86271450-14" start_char="2635">
				<ORIGINAL_TEXT>- Putin promises Russian military buildup</ORIGINAL_TEXT>
				<TOKEN end_char="2635" id="token-14-0" start_char="2635">-</TOKEN>
				<TOKEN end_char="2641" id="token-14-1" start_char="2637">Putin</TOKEN>
				<TOKEN end_char="2650" id="token-14-2" start_char="2643">promises</TOKEN>
				<TOKEN end_char="2658" id="token-14-3" start_char="2652">Russian</TOKEN>
				<TOKEN end_char="2667" id="token-14-4" start_char="2660">military</TOKEN>
				<TOKEN end_char="2675" id="token-14-5" start_char="2669">buildup</TOKEN>
			</SEG>
			<SEG end_char="2724" id="20120220_WAPO_258c3b4c-5bf6-11e1-bd7a-215c86271450-15" start_char="2677">
				<ORIGINAL_TEXT>- Haitian earthquake victims still without homes</ORIGINAL_TEXT>
				<TOKEN end_char="2677" id="token-15-0" start_char="2677">-</TOKEN>
				<TOKEN end_char="2685" id="token-15-1" start_char="2679">Haitian</TOKEN>
				<TOKEN end_char="2696" id="token-15-2" start_char="2687">earthquake</TOKEN>
				<TOKEN end_char="2704" id="token-15-3" start_char="2698">victims</TOKEN>
				<TOKEN end_char="2710" id="token-15-4" start_char="2706">still</TOKEN>
				<TOKEN end_char="2718" id="token-15-5" start_char="2712">without</TOKEN>
				<TOKEN end_char="2724" id="token-15-6" start_char="2720">homes</TOKEN>
			</SEG>
			<SEG end_char="2769" id="20120220_WAPO_258c3b4c-5bf6-11e1-bd7a-215c86271450-16" start_char="2726">
				<ORIGINAL_TEXT>- Green Zone empties out under Iraqi control</ORIGINAL_TEXT>
				<TOKEN end_char="2726" id="token-16-0" start_char="2726">-</TOKEN>
				<TOKEN end_char="2732" id="token-16-1" start_char="2728">Green</TOKEN>
				<TOKEN end_char="2737" id="token-16-2" start_char="2734">Zone</TOKEN>
				<TOKEN end_char="2745" id="token-16-3" start_char="2739">empties</TOKEN>
				<TOKEN end_char="2749" id="token-16-4" start_char="2747">out</TOKEN>
				<TOKEN end_char="2755" id="token-16-5" start_char="2751">under</TOKEN>
				<TOKEN end_char="2761" id="token-16-6" start_char="2757">Iraqi</TOKEN>
				<TOKEN end_char="2769" id="token-16-7" start_char="2763">control</TOKEN>
			</SEG>
			<SEG end_char="2813" id="20120220_WAPO_258c3b4c-5bf6-11e1-bd7a-215c86271450-17" start_char="2771">
				<ORIGINAL_TEXT>- Read more headlines from around the world</ORIGINAL_TEXT>
				<TOKEN end_char="2771" id="token-17-0" start_char="2771">-</TOKEN>
				<TOKEN end_char="2776" id="token-17-1" start_char="2773">Read</TOKEN>
				<TOKEN end_char="2781" id="token-17-2" start_char="2778">more</TOKEN>
				<TOKEN end_char="2791" id="token-17-3" start_char="2783">headlines</TOKEN>
				<TOKEN end_char="2796" id="token-17-4" start_char="2793">from</TOKEN>
				<TOKEN end_char="2803" id="token-17-5" start_char="2798">around</TOKEN>
				<TOKEN end_char="2807" id="token-17-6" start_char="2805">the</TOKEN>
				<TOKEN end_char="2813" id="token-17-7" start_char="2809">world</TOKEN>
			</SEG>
		</TEXT>
	</DOC>
</LCTL_TEXT>
