<?xml version="1.0" encoding="utf-8"?>
<LCTL_TEXT>
	<DOC id="20120408_WAPO_27f0be72-81a2-11e1-bc36-069277cb6efc">
		<TEXT>
			<SEG end_char="64" id="20120408_WAPO_27f0be72-81a2-11e1-bc36-069277cb6efc-0" start_char="0">
				<ORIGINAL_TEXT>Annapolis teen stranded for more than nine hours on capsized boat</ORIGINAL_TEXT>
				<TOKEN end_char="8" id="token-0-0" start_char="0">Annapolis</TOKEN>
				<TOKEN end_char="13" id="token-0-1" start_char="10">teen</TOKEN>
				<TOKEN end_char="22" id="token-0-2" start_char="15">stranded</TOKEN>
				<TOKEN end_char="26" id="token-0-3" start_char="24">for</TOKEN>
				<TOKEN end_char="31" id="token-0-4" start_char="28">more</TOKEN>
				<TOKEN end_char="36" id="token-0-5" start_char="33">than</TOKEN>
				<TOKEN end_char="41" id="token-0-6" start_char="38">nine</TOKEN>
				<TOKEN end_char="47" id="token-0-7" start_char="43">hours</TOKEN>
				<TOKEN end_char="50" id="token-0-8" start_char="49">on</TOKEN>
				<TOKEN end_char="59" id="token-0-9" start_char="52">capsized</TOKEN>
				<TOKEN end_char="64" id="token-0-10" start_char="61">boat</TOKEN>
			</SEG>
			<SEG end_char="105" id="20120408_WAPO_27f0be72-81a2-11e1-bc36-069277cb6efc-1" start_char="66">
				<ORIGINAL_TEXT>Sunday, April 8, 2012 17:29:14 GMT-05:00</ORIGINAL_TEXT>
				<TOKEN end_char="71" id="token-1-0" start_char="66">Sunday</TOKEN>
				<TOKEN end_char="72" id="token-1-1" start_char="72">,</TOKEN>
				<TOKEN end_char="78" id="token-1-2" start_char="74">April</TOKEN>
				<TOKEN end_char="80" id="token-1-3" start_char="80">8</TOKEN>
				<TOKEN end_char="81" id="token-1-4" start_char="81">,</TOKEN>
				<TOKEN end_char="86" id="token-1-5" start_char="83">2012</TOKEN>
				<TOKEN end_char="89" id="token-1-6" start_char="88">17</TOKEN>
				<TOKEN end_char="90" id="token-1-7" start_char="90">:</TOKEN>
				<TOKEN end_char="92" id="token-1-8" start_char="91">29</TOKEN>
				<TOKEN end_char="93" id="token-1-9" start_char="93">:</TOKEN>
				<TOKEN end_char="95" id="token-1-10" start_char="94">14</TOKEN>
				<TOKEN end_char="99" id="token-1-11" start_char="97">GMT</TOKEN>
				<TOKEN end_char="100" id="token-1-12" start_char="100">-</TOKEN>
				<TOKEN end_char="102" id="token-1-13" start_char="101">05</TOKEN>
				<TOKEN end_char="103" id="token-1-14" start_char="103">:</TOKEN>
				<TOKEN end_char="105" id="token-1-15" start_char="104">00</TOKEN>
			</SEG>
			<SEG end_char="272" id="20120408_WAPO_27f0be72-81a2-11e1-bc36-069277cb6efc-2" start_char="107">
				<ORIGINAL_TEXT>The way 18-year-old Thomas Lundvall told it to investigators, he had spent Saturday fixing up a sailboat with his dad. About midnight, he got the urge to test it out.</ORIGINAL_TEXT>
				<TOKEN end_char="109" id="token-2-0" start_char="107">The</TOKEN>
				<TOKEN end_char="113" id="token-2-1" start_char="111">way</TOKEN>
				<TOKEN end_char="116" id="token-2-2" start_char="115">18</TOKEN>
				<TOKEN end_char="117" id="token-2-3" start_char="117">-</TOKEN>
				<TOKEN end_char="121" id="token-2-4" start_char="118">year</TOKEN>
				<TOKEN end_char="122" id="token-2-5" start_char="122">-</TOKEN>
				<TOKEN end_char="125" id="token-2-6" start_char="123">old</TOKEN>
				<TOKEN end_char="132" id="token-2-7" start_char="127">Thomas</TOKEN>
				<TOKEN end_char="141" id="token-2-8" start_char="134">Lundvall</TOKEN>
				<TOKEN end_char="146" id="token-2-9" start_char="143">told</TOKEN>
				<TOKEN end_char="149" id="token-2-10" start_char="148">it</TOKEN>
				<TOKEN end_char="152" id="token-2-11" start_char="151">to</TOKEN>
				<TOKEN end_char="166" id="token-2-12" start_char="154">investigators</TOKEN>
				<TOKEN end_char="167" id="token-2-13" start_char="167">,</TOKEN>
				<TOKEN end_char="170" id="token-2-14" start_char="169">he</TOKEN>
				<TOKEN end_char="174" id="token-2-15" start_char="172">had</TOKEN>
				<TOKEN end_char="180" id="token-2-16" start_char="176">spent</TOKEN>
				<TOKEN end_char="189" id="token-2-17" start_char="182">Saturday</TOKEN>
				<TOKEN end_char="196" id="token-2-18" start_char="191">fixing</TOKEN>
				<TOKEN end_char="199" id="token-2-19" start_char="198">up</TOKEN>
				<TOKEN end_char="201" id="token-2-20" start_char="201">a</TOKEN>
				<TOKEN end_char="210" id="token-2-21" start_char="203">sailboat</TOKEN>
				<TOKEN end_char="215" id="token-2-22" start_char="212">with</TOKEN>
				<TOKEN end_char="219" id="token-2-23" start_char="217">his</TOKEN>
				<TOKEN end_char="223" id="token-2-24" start_char="221">dad</TOKEN>
				<TOKEN end_char="224" id="token-2-25" start_char="224">.</TOKEN>
				<TOKEN end_char="230" id="token-2-26" start_char="226">About</TOKEN>
				<TOKEN end_char="239" id="token-2-27" start_char="232">midnight</TOKEN>
				<TOKEN end_char="240" id="token-2-28" start_char="240">,</TOKEN>
				<TOKEN end_char="243" id="token-2-29" start_char="242">he</TOKEN>
				<TOKEN end_char="247" id="token-2-30" start_char="245">got</TOKEN>
				<TOKEN end_char="251" id="token-2-31" start_char="249">the</TOKEN>
				<TOKEN end_char="256" id="token-2-32" start_char="253">urge</TOKEN>
				<TOKEN end_char="259" id="token-2-33" start_char="258">to</TOKEN>
				<TOKEN end_char="264" id="token-2-34" start_char="261">test</TOKEN>
				<TOKEN end_char="267" id="token-2-35" start_char="266">it</TOKEN>
				<TOKEN end_char="271" id="token-2-36" start_char="269">out</TOKEN>
				<TOKEN end_char="272" id="token-2-37" start_char="272">.</TOKEN>
			</SEG>
			<SEG end_char="637" id="20120408_WAPO_27f0be72-81a2-11e1-bc36-069277cb6efc-3" start_char="274">
				<ORIGINAL_TEXT>But when Lundvall took the 16-foot 1988 daysailer to the mouth of the Severn River, a strong gust caused it to capsize in the cold water, authorities said. The Annapolis teenager would spend the next nine hours aboard the overturned boat until a navigator on a passing freighter spotted him waving and yelling for help in the early morning light, authorities said.</ORIGINAL_TEXT>
				<TOKEN end_char="276" id="token-3-0" start_char="274">But</TOKEN>
				<TOKEN end_char="281" id="token-3-1" start_char="278">when</TOKEN>
				<TOKEN end_char="290" id="token-3-2" start_char="283">Lundvall</TOKEN>
				<TOKEN end_char="295" id="token-3-3" start_char="292">took</TOKEN>
				<TOKEN end_char="299" id="token-3-4" start_char="297">the</TOKEN>
				<TOKEN end_char="302" id="token-3-5" start_char="301">16</TOKEN>
				<TOKEN end_char="303" id="token-3-6" start_char="303">-</TOKEN>
				<TOKEN end_char="307" id="token-3-7" start_char="304">foot</TOKEN>
				<TOKEN end_char="312" id="token-3-8" start_char="309">1988</TOKEN>
				<TOKEN end_char="322" id="token-3-9" start_char="314">daysailer</TOKEN>
				<TOKEN end_char="325" id="token-3-10" start_char="324">to</TOKEN>
				<TOKEN end_char="329" id="token-3-11" start_char="327">the</TOKEN>
				<TOKEN end_char="335" id="token-3-12" start_char="331">mouth</TOKEN>
				<TOKEN end_char="338" id="token-3-13" start_char="337">of</TOKEN>
				<TOKEN end_char="342" id="token-3-14" start_char="340">the</TOKEN>
				<TOKEN end_char="349" id="token-3-15" start_char="344">Severn</TOKEN>
				<TOKEN end_char="355" id="token-3-16" start_char="351">River</TOKEN>
				<TOKEN end_char="356" id="token-3-17" start_char="356">,</TOKEN>
				<TOKEN end_char="358" id="token-3-18" start_char="358">a</TOKEN>
				<TOKEN end_char="365" id="token-3-19" start_char="360">strong</TOKEN>
				<TOKEN end_char="370" id="token-3-20" start_char="367">gust</TOKEN>
				<TOKEN end_char="377" id="token-3-21" start_char="372">caused</TOKEN>
				<TOKEN end_char="380" id="token-3-22" start_char="379">it</TOKEN>
				<TOKEN end_char="383" id="token-3-23" start_char="382">to</TOKEN>
				<TOKEN end_char="391" id="token-3-24" start_char="385">capsize</TOKEN>
				<TOKEN end_char="394" id="token-3-25" start_char="393">in</TOKEN>
				<TOKEN end_char="398" id="token-3-26" start_char="396">the</TOKEN>
				<TOKEN end_char="403" id="token-3-27" start_char="400">cold</TOKEN>
				<TOKEN end_char="409" id="token-3-28" start_char="405">water</TOKEN>
				<TOKEN end_char="410" id="token-3-29" start_char="410">,</TOKEN>
				<TOKEN end_char="422" id="token-3-30" start_char="412">authorities</TOKEN>
				<TOKEN end_char="427" id="token-3-31" start_char="424">said</TOKEN>
				<TOKEN end_char="428" id="token-3-32" start_char="428">.</TOKEN>
				<TOKEN end_char="432" id="token-3-33" start_char="430">The</TOKEN>
				<TOKEN end_char="442" id="token-3-34" start_char="434">Annapolis</TOKEN>
				<TOKEN end_char="451" id="token-3-35" start_char="444">teenager</TOKEN>
				<TOKEN end_char="457" id="token-3-36" start_char="453">would</TOKEN>
				<TOKEN end_char="463" id="token-3-37" start_char="459">spend</TOKEN>
				<TOKEN end_char="467" id="token-3-38" start_char="465">the</TOKEN>
				<TOKEN end_char="472" id="token-3-39" start_char="469">next</TOKEN>
				<TOKEN end_char="477" id="token-3-40" start_char="474">nine</TOKEN>
				<TOKEN end_char="483" id="token-3-41" start_char="479">hours</TOKEN>
				<TOKEN end_char="490" id="token-3-42" start_char="485">aboard</TOKEN>
				<TOKEN end_char="494" id="token-3-43" start_char="492">the</TOKEN>
				<TOKEN end_char="505" id="token-3-44" start_char="496">overturned</TOKEN>
				<TOKEN end_char="510" id="token-3-45" start_char="507">boat</TOKEN>
				<TOKEN end_char="516" id="token-3-46" start_char="512">until</TOKEN>
				<TOKEN end_char="518" id="token-3-47" start_char="518">a</TOKEN>
				<TOKEN end_char="528" id="token-3-48" start_char="520">navigator</TOKEN>
				<TOKEN end_char="531" id="token-3-49" start_char="530">on</TOKEN>
				<TOKEN end_char="533" id="token-3-50" start_char="533">a</TOKEN>
				<TOKEN end_char="541" id="token-3-51" start_char="535">passing</TOKEN>
				<TOKEN end_char="551" id="token-3-52" start_char="543">freighter</TOKEN>
				<TOKEN end_char="559" id="token-3-53" start_char="553">spotted</TOKEN>
				<TOKEN end_char="563" id="token-3-54" start_char="561">him</TOKEN>
				<TOKEN end_char="570" id="token-3-55" start_char="565">waving</TOKEN>
				<TOKEN end_char="574" id="token-3-56" start_char="572">and</TOKEN>
				<TOKEN end_char="582" id="token-3-57" start_char="576">yelling</TOKEN>
				<TOKEN end_char="586" id="token-3-58" start_char="584">for</TOKEN>
				<TOKEN end_char="591" id="token-3-59" start_char="588">help</TOKEN>
				<TOKEN end_char="594" id="token-3-60" start_char="593">in</TOKEN>
				<TOKEN end_char="598" id="token-3-61" start_char="596">the</TOKEN>
				<TOKEN end_char="604" id="token-3-62" start_char="600">early</TOKEN>
				<TOKEN end_char="612" id="token-3-63" start_char="606">morning</TOKEN>
				<TOKEN end_char="618" id="token-3-64" start_char="614">light</TOKEN>
				<TOKEN end_char="619" id="token-3-65" start_char="619">,</TOKEN>
				<TOKEN end_char="631" id="token-3-66" start_char="621">authorities</TOKEN>
				<TOKEN end_char="636" id="token-3-67" start_char="633">said</TOKEN>
				<TOKEN end_char="637" id="token-3-68" start_char="637">.</TOKEN>
			</SEG>
			<SEG end_char="867" id="20120408_WAPO_27f0be72-81a2-11e1-bc36-069277cb6efc-4" start_char="639">
				<ORIGINAL_TEXT>“If it wasn’t for the person on board the freighter being vigilant and seeing the individual, we could be looking at our first fatality of the year,” said Sgt. Art Windemuth, a spokesman for the Maryland Natural Resources Police.</ORIGINAL_TEXT>
				<TOKEN end_char="639" id="token-4-0" start_char="639">“</TOKEN>
				<TOKEN end_char="641" id="token-4-1" start_char="640">If</TOKEN>
				<TOKEN end_char="644" id="token-4-2" start_char="643">it</TOKEN>
				<TOKEN end_char="649" id="token-4-3" start_char="646">wasn</TOKEN>
				<TOKEN end_char="650" id="token-4-4" start_char="650">’</TOKEN>
				<TOKEN end_char="651" id="token-4-5" start_char="651">t</TOKEN>
				<TOKEN end_char="655" id="token-4-6" start_char="653">for</TOKEN>
				<TOKEN end_char="659" id="token-4-7" start_char="657">the</TOKEN>
				<TOKEN end_char="666" id="token-4-8" start_char="661">person</TOKEN>
				<TOKEN end_char="669" id="token-4-9" start_char="668">on</TOKEN>
				<TOKEN end_char="675" id="token-4-10" start_char="671">board</TOKEN>
				<TOKEN end_char="679" id="token-4-11" start_char="677">the</TOKEN>
				<TOKEN end_char="689" id="token-4-12" start_char="681">freighter</TOKEN>
				<TOKEN end_char="695" id="token-4-13" start_char="691">being</TOKEN>
				<TOKEN end_char="704" id="token-4-14" start_char="697">vigilant</TOKEN>
				<TOKEN end_char="708" id="token-4-15" start_char="706">and</TOKEN>
				<TOKEN end_char="715" id="token-4-16" start_char="710">seeing</TOKEN>
				<TOKEN end_char="719" id="token-4-17" start_char="717">the</TOKEN>
				<TOKEN end_char="730" id="token-4-18" start_char="721">individual</TOKEN>
				<TOKEN end_char="731" id="token-4-19" start_char="731">,</TOKEN>
				<TOKEN end_char="734" id="token-4-20" start_char="733">we</TOKEN>
				<TOKEN end_char="740" id="token-4-21" start_char="736">could</TOKEN>
				<TOKEN end_char="743" id="token-4-22" start_char="742">be</TOKEN>
				<TOKEN end_char="751" id="token-4-23" start_char="745">looking</TOKEN>
				<TOKEN end_char="754" id="token-4-24" start_char="753">at</TOKEN>
				<TOKEN end_char="758" id="token-4-25" start_char="756">our</TOKEN>
				<TOKEN end_char="764" id="token-4-26" start_char="760">first</TOKEN>
				<TOKEN end_char="773" id="token-4-27" start_char="766">fatality</TOKEN>
				<TOKEN end_char="776" id="token-4-28" start_char="775">of</TOKEN>
				<TOKEN end_char="780" id="token-4-29" start_char="778">the</TOKEN>
				<TOKEN end_char="785" id="token-4-30" start_char="782">year</TOKEN>
				<TOKEN end_char="787" id="token-4-31" start_char="786">,”</TOKEN>
				<TOKEN end_char="792" id="token-4-32" start_char="789">said</TOKEN>
				<TOKEN end_char="796" id="token-4-33" start_char="794">Sgt</TOKEN>
				<TOKEN end_char="797" id="token-4-34" start_char="797">.</TOKEN>
				<TOKEN end_char="801" id="token-4-35" start_char="799">Art</TOKEN>
				<TOKEN end_char="811" id="token-4-36" start_char="803">Windemuth</TOKEN>
				<TOKEN end_char="812" id="token-4-37" start_char="812">,</TOKEN>
				<TOKEN end_char="814" id="token-4-38" start_char="814">a</TOKEN>
				<TOKEN end_char="824" id="token-4-39" start_char="816">spokesman</TOKEN>
				<TOKEN end_char="828" id="token-4-40" start_char="826">for</TOKEN>
				<TOKEN end_char="832" id="token-4-41" start_char="830">the</TOKEN>
				<TOKEN end_char="841" id="token-4-42" start_char="834">Maryland</TOKEN>
				<TOKEN end_char="849" id="token-4-43" start_char="843">Natural</TOKEN>
				<TOKEN end_char="859" id="token-4-44" start_char="851">Resources</TOKEN>
				<TOKEN end_char="866" id="token-4-45" start_char="861">Police</TOKEN>
				<TOKEN end_char="867" id="token-4-46" start_char="867">.</TOKEN>
			</SEG>
			<SEG end_char="1098" id="20120408_WAPO_27f0be72-81a2-11e1-bc36-069277cb6efc-5" start_char="869">
				<ORIGINAL_TEXT>After a harrowing experience, authorities said, the ending will be a happy one for Lundvall. Lt. j.g. Salomee Fisher of the Coast Guard said that rescuers pulled the teen from atop his boat and that he is “expected to recuperate.”</ORIGINAL_TEXT>
				<TOKEN end_char="873" id="token-5-0" start_char="869">After</TOKEN>
				<TOKEN end_char="875" id="token-5-1" start_char="875">a</TOKEN>
				<TOKEN end_char="885" id="token-5-2" start_char="877">harrowing</TOKEN>
				<TOKEN end_char="896" id="token-5-3" start_char="887">experience</TOKEN>
				<TOKEN end_char="897" id="token-5-4" start_char="897">,</TOKEN>
				<TOKEN end_char="909" id="token-5-5" start_char="899">authorities</TOKEN>
				<TOKEN end_char="914" id="token-5-6" start_char="911">said</TOKEN>
				<TOKEN end_char="915" id="token-5-7" start_char="915">,</TOKEN>
				<TOKEN end_char="919" id="token-5-8" start_char="917">the</TOKEN>
				<TOKEN end_char="926" id="token-5-9" start_char="921">ending</TOKEN>
				<TOKEN end_char="931" id="token-5-10" start_char="928">will</TOKEN>
				<TOKEN end_char="934" id="token-5-11" start_char="933">be</TOKEN>
				<TOKEN end_char="936" id="token-5-12" start_char="936">a</TOKEN>
				<TOKEN end_char="942" id="token-5-13" start_char="938">happy</TOKEN>
				<TOKEN end_char="946" id="token-5-14" start_char="944">one</TOKEN>
				<TOKEN end_char="950" id="token-5-15" start_char="948">for</TOKEN>
				<TOKEN end_char="959" id="token-5-16" start_char="952">Lundvall</TOKEN>
				<TOKEN end_char="960" id="token-5-17" start_char="960">.</TOKEN>
				<TOKEN end_char="963" id="token-5-18" start_char="962">Lt</TOKEN>
				<TOKEN end_char="964" id="token-5-19" start_char="964">.</TOKEN>
				<TOKEN end_char="966" id="token-5-20" start_char="966">j</TOKEN>
				<TOKEN end_char="967" id="token-5-21" start_char="967">.</TOKEN>
				<TOKEN end_char="968" id="token-5-22" start_char="968">g</TOKEN>
				<TOKEN end_char="969" id="token-5-23" start_char="969">.</TOKEN>
				<TOKEN end_char="977" id="token-5-24" start_char="971">Salomee</TOKEN>
				<TOKEN end_char="984" id="token-5-25" start_char="979">Fisher</TOKEN>
				<TOKEN end_char="987" id="token-5-26" start_char="986">of</TOKEN>
				<TOKEN end_char="991" id="token-5-27" start_char="989">the</TOKEN>
				<TOKEN end_char="997" id="token-5-28" start_char="993">Coast</TOKEN>
				<TOKEN end_char="1003" id="token-5-29" start_char="999">Guard</TOKEN>
				<TOKEN end_char="1008" id="token-5-30" start_char="1005">said</TOKEN>
				<TOKEN end_char="1013" id="token-5-31" start_char="1010">that</TOKEN>
				<TOKEN end_char="1022" id="token-5-32" start_char="1015">rescuers</TOKEN>
				<TOKEN end_char="1029" id="token-5-33" start_char="1024">pulled</TOKEN>
				<TOKEN end_char="1033" id="token-5-34" start_char="1031">the</TOKEN>
				<TOKEN end_char="1038" id="token-5-35" start_char="1035">teen</TOKEN>
				<TOKEN end_char="1043" id="token-5-36" start_char="1040">from</TOKEN>
				<TOKEN end_char="1048" id="token-5-37" start_char="1045">atop</TOKEN>
				<TOKEN end_char="1052" id="token-5-38" start_char="1050">his</TOKEN>
				<TOKEN end_char="1057" id="token-5-39" start_char="1054">boat</TOKEN>
				<TOKEN end_char="1061" id="token-5-40" start_char="1059">and</TOKEN>
				<TOKEN end_char="1066" id="token-5-41" start_char="1063">that</TOKEN>
				<TOKEN end_char="1069" id="token-5-42" start_char="1068">he</TOKEN>
				<TOKEN end_char="1072" id="token-5-43" start_char="1071">is</TOKEN>
				<TOKEN end_char="1074" id="token-5-44" start_char="1074">“</TOKEN>
				<TOKEN end_char="1082" id="token-5-45" start_char="1075">expected</TOKEN>
				<TOKEN end_char="1085" id="token-5-46" start_char="1084">to</TOKEN>
				<TOKEN end_char="1096" id="token-5-47" start_char="1087">recuperate</TOKEN>
				<TOKEN end_char="1098" id="token-5-48" start_char="1097">.”</TOKEN>
			</SEG>
			<SEG end_char="1244" id="20120408_WAPO_27f0be72-81a2-11e1-bc36-069277cb6efc-6" start_char="1100">
				<ORIGINAL_TEXT>“We’re happy to have a good ending to this Easter morning ordeal,” Fisher said, “and happy to have a mariner safe at home with his family today.”</ORIGINAL_TEXT>
				<TOKEN end_char="1100" id="token-6-0" start_char="1100">“</TOKEN>
				<TOKEN end_char="1102" id="token-6-1" start_char="1101">We</TOKEN>
				<TOKEN end_char="1103" id="token-6-2" start_char="1103">’</TOKEN>
				<TOKEN end_char="1105" id="token-6-3" start_char="1104">re</TOKEN>
				<TOKEN end_char="1111" id="token-6-4" start_char="1107">happy</TOKEN>
				<TOKEN end_char="1114" id="token-6-5" start_char="1113">to</TOKEN>
				<TOKEN end_char="1119" id="token-6-6" start_char="1116">have</TOKEN>
				<TOKEN end_char="1121" id="token-6-7" start_char="1121">a</TOKEN>
				<TOKEN end_char="1126" id="token-6-8" start_char="1123">good</TOKEN>
				<TOKEN end_char="1133" id="token-6-9" start_char="1128">ending</TOKEN>
				<TOKEN end_char="1136" id="token-6-10" start_char="1135">to</TOKEN>
				<TOKEN end_char="1141" id="token-6-11" start_char="1138">this</TOKEN>
				<TOKEN end_char="1148" id="token-6-12" start_char="1143">Easter</TOKEN>
				<TOKEN end_char="1156" id="token-6-13" start_char="1150">morning</TOKEN>
				<TOKEN end_char="1163" id="token-6-14" start_char="1158">ordeal</TOKEN>
				<TOKEN end_char="1165" id="token-6-15" start_char="1164">,”</TOKEN>
				<TOKEN end_char="1172" id="token-6-16" start_char="1167">Fisher</TOKEN>
				<TOKEN end_char="1177" id="token-6-17" start_char="1174">said</TOKEN>
				<TOKEN end_char="1178" id="token-6-18" start_char="1178">,</TOKEN>
				<TOKEN end_char="1180" id="token-6-19" start_char="1180">“</TOKEN>
				<TOKEN end_char="1183" id="token-6-20" start_char="1181">and</TOKEN>
				<TOKEN end_char="1189" id="token-6-21" start_char="1185">happy</TOKEN>
				<TOKEN end_char="1192" id="token-6-22" start_char="1191">to</TOKEN>
				<TOKEN end_char="1197" id="token-6-23" start_char="1194">have</TOKEN>
				<TOKEN end_char="1199" id="token-6-24" start_char="1199">a</TOKEN>
				<TOKEN end_char="1207" id="token-6-25" start_char="1201">mariner</TOKEN>
				<TOKEN end_char="1212" id="token-6-26" start_char="1209">safe</TOKEN>
				<TOKEN end_char="1215" id="token-6-27" start_char="1214">at</TOKEN>
				<TOKEN end_char="1220" id="token-6-28" start_char="1217">home</TOKEN>
				<TOKEN end_char="1225" id="token-6-29" start_char="1222">with</TOKEN>
				<TOKEN end_char="1229" id="token-6-30" start_char="1227">his</TOKEN>
				<TOKEN end_char="1236" id="token-6-31" start_char="1231">family</TOKEN>
				<TOKEN end_char="1242" id="token-6-32" start_char="1238">today</TOKEN>
				<TOKEN end_char="1244" id="token-6-33" start_char="1243">.”</TOKEN>
			</SEG>
			<SEG end_char="1283" id="20120408_WAPO_27f0be72-81a2-11e1-bc36-069277cb6efc-7" start_char="1246">
				<ORIGINAL_TEXT>The outcome had been far from certain.</ORIGINAL_TEXT>
				<TOKEN end_char="1248" id="token-7-0" start_char="1246">The</TOKEN>
				<TOKEN end_char="1256" id="token-7-1" start_char="1250">outcome</TOKEN>
				<TOKEN end_char="1260" id="token-7-2" start_char="1258">had</TOKEN>
				<TOKEN end_char="1265" id="token-7-3" start_char="1262">been</TOKEN>
				<TOKEN end_char="1269" id="token-7-4" start_char="1267">far</TOKEN>
				<TOKEN end_char="1274" id="token-7-5" start_char="1271">from</TOKEN>
				<TOKEN end_char="1282" id="token-7-6" start_char="1276">certain</TOKEN>
				<TOKEN end_char="1283" id="token-7-7" start_char="1283">.</TOKEN>
			</SEG>
			<SEG end_char="1688" id="20120408_WAPO_27f0be72-81a2-11e1-bc36-069277cb6efc-8" start_char="1285">
				<ORIGINAL_TEXT>By the time emergency responders from the Coast Guard, Anne Arundel County Fire Department and Natural Resources Police were alerted to Lundvall’s plight about 8:30 a.m., he had been stranded since about midnight, authorities said. Data from Wundergound.com show that temperatures dropped to about 44 degrees in the early morning hours Sunday, and Windemuth said the water temperature was in the low 50s.</ORIGINAL_TEXT>
				<TOKEN end_char="1286" id="token-8-0" start_char="1285">By</TOKEN>
				<TOKEN end_char="1290" id="token-8-1" start_char="1288">the</TOKEN>
				<TOKEN end_char="1295" id="token-8-2" start_char="1292">time</TOKEN>
				<TOKEN end_char="1305" id="token-8-3" start_char="1297">emergency</TOKEN>
				<TOKEN end_char="1316" id="token-8-4" start_char="1307">responders</TOKEN>
				<TOKEN end_char="1321" id="token-8-5" start_char="1318">from</TOKEN>
				<TOKEN end_char="1325" id="token-8-6" start_char="1323">the</TOKEN>
				<TOKEN end_char="1331" id="token-8-7" start_char="1327">Coast</TOKEN>
				<TOKEN end_char="1337" id="token-8-8" start_char="1333">Guard</TOKEN>
				<TOKEN end_char="1338" id="token-8-9" start_char="1338">,</TOKEN>
				<TOKEN end_char="1343" id="token-8-10" start_char="1340">Anne</TOKEN>
				<TOKEN end_char="1351" id="token-8-11" start_char="1345">Arundel</TOKEN>
				<TOKEN end_char="1358" id="token-8-12" start_char="1353">County</TOKEN>
				<TOKEN end_char="1363" id="token-8-13" start_char="1360">Fire</TOKEN>
				<TOKEN end_char="1374" id="token-8-14" start_char="1365">Department</TOKEN>
				<TOKEN end_char="1378" id="token-8-15" start_char="1376">and</TOKEN>
				<TOKEN end_char="1386" id="token-8-16" start_char="1380">Natural</TOKEN>
				<TOKEN end_char="1396" id="token-8-17" start_char="1388">Resources</TOKEN>
				<TOKEN end_char="1403" id="token-8-18" start_char="1398">Police</TOKEN>
				<TOKEN end_char="1408" id="token-8-19" start_char="1405">were</TOKEN>
				<TOKEN end_char="1416" id="token-8-20" start_char="1410">alerted</TOKEN>
				<TOKEN end_char="1419" id="token-8-21" start_char="1418">to</TOKEN>
				<TOKEN end_char="1428" id="token-8-22" start_char="1421">Lundvall</TOKEN>
				<TOKEN end_char="1429" id="token-8-23" start_char="1429">’</TOKEN>
				<TOKEN end_char="1430" id="token-8-24" start_char="1430">s</TOKEN>
				<TOKEN end_char="1437" id="token-8-25" start_char="1432">plight</TOKEN>
				<TOKEN end_char="1443" id="token-8-26" start_char="1439">about</TOKEN>
				<TOKEN end_char="1445" id="token-8-27" start_char="1445">8</TOKEN>
				<TOKEN end_char="1446" id="token-8-28" start_char="1446">:</TOKEN>
				<TOKEN end_char="1448" id="token-8-29" start_char="1447">30</TOKEN>
				<TOKEN end_char="1450" id="token-8-30" start_char="1450">a</TOKEN>
				<TOKEN end_char="1451" id="token-8-31" start_char="1451">.</TOKEN>
				<TOKEN end_char="1452" id="token-8-32" start_char="1452">m</TOKEN>
				<TOKEN end_char="1454" id="token-8-33" start_char="1453">.,</TOKEN>
				<TOKEN end_char="1457" id="token-8-34" start_char="1456">he</TOKEN>
				<TOKEN end_char="1461" id="token-8-35" start_char="1459">had</TOKEN>
				<TOKEN end_char="1466" id="token-8-36" start_char="1463">been</TOKEN>
				<TOKEN end_char="1475" id="token-8-37" start_char="1468">stranded</TOKEN>
				<TOKEN end_char="1481" id="token-8-38" start_char="1477">since</TOKEN>
				<TOKEN end_char="1487" id="token-8-39" start_char="1483">about</TOKEN>
				<TOKEN end_char="1496" id="token-8-40" start_char="1489">midnight</TOKEN>
				<TOKEN end_char="1497" id="token-8-41" start_char="1497">,</TOKEN>
				<TOKEN end_char="1509" id="token-8-42" start_char="1499">authorities</TOKEN>
				<TOKEN end_char="1514" id="token-8-43" start_char="1511">said</TOKEN>
				<TOKEN end_char="1515" id="token-8-44" start_char="1515">.</TOKEN>
				<TOKEN end_char="1520" id="token-8-45" start_char="1517">Data</TOKEN>
				<TOKEN end_char="1525" id="token-8-46" start_char="1522">from</TOKEN>
				<TOKEN end_char="1537" id="token-8-47" start_char="1527">Wundergound</TOKEN>
				<TOKEN end_char="1538" id="token-8-48" start_char="1538">.</TOKEN>
				<TOKEN end_char="1541" id="token-8-49" start_char="1539">com</TOKEN>
				<TOKEN end_char="1546" id="token-8-50" start_char="1543">show</TOKEN>
				<TOKEN end_char="1551" id="token-8-51" start_char="1548">that</TOKEN>
				<TOKEN end_char="1564" id="token-8-52" start_char="1553">temperatures</TOKEN>
				<TOKEN end_char="1572" id="token-8-53" start_char="1566">dropped</TOKEN>
				<TOKEN end_char="1575" id="token-8-54" start_char="1574">to</TOKEN>
				<TOKEN end_char="1581" id="token-8-55" start_char="1577">about</TOKEN>
				<TOKEN end_char="1584" id="token-8-56" start_char="1583">44</TOKEN>
				<TOKEN end_char="1592" id="token-8-57" start_char="1586">degrees</TOKEN>
				<TOKEN end_char="1595" id="token-8-58" start_char="1594">in</TOKEN>
				<TOKEN end_char="1599" id="token-8-59" start_char="1597">the</TOKEN>
				<TOKEN end_char="1605" id="token-8-60" start_char="1601">early</TOKEN>
				<TOKEN end_char="1613" id="token-8-61" start_char="1607">morning</TOKEN>
				<TOKEN end_char="1619" id="token-8-62" start_char="1615">hours</TOKEN>
				<TOKEN end_char="1626" id="token-8-63" start_char="1621">Sunday</TOKEN>
				<TOKEN end_char="1627" id="token-8-64" start_char="1627">,</TOKEN>
				<TOKEN end_char="1631" id="token-8-65" start_char="1629">and</TOKEN>
				<TOKEN end_char="1641" id="token-8-66" start_char="1633">Windemuth</TOKEN>
				<TOKEN end_char="1646" id="token-8-67" start_char="1643">said</TOKEN>
				<TOKEN end_char="1650" id="token-8-68" start_char="1648">the</TOKEN>
				<TOKEN end_char="1656" id="token-8-69" start_char="1652">water</TOKEN>
				<TOKEN end_char="1668" id="token-8-70" start_char="1658">temperature</TOKEN>
				<TOKEN end_char="1672" id="token-8-71" start_char="1670">was</TOKEN>
				<TOKEN end_char="1675" id="token-8-72" start_char="1674">in</TOKEN>
				<TOKEN end_char="1679" id="token-8-73" start_char="1677">the</TOKEN>
				<TOKEN end_char="1683" id="token-8-74" start_char="1681">low</TOKEN>
				<TOKEN end_char="1687" id="token-8-75" start_char="1685">50s</TOKEN>
				<TOKEN end_char="1688" id="token-8-76" start_char="1688">.</TOKEN>
			</SEG>
			<SEG end_char="1928" id="20120408_WAPO_27f0be72-81a2-11e1-bc36-069277cb6efc-9" start_char="1690">
				<ORIGINAL_TEXT>Lundvall could barely communicate with the rescuers who reached him shortly after 9 a.m., and his core body temperature had dropped to 87 degrees, authorities said. He was flown to a hospital for treatment of hypothermia, authorities said.</ORIGINAL_TEXT>
				<TOKEN end_char="1697" id="token-9-0" start_char="1690">Lundvall</TOKEN>
				<TOKEN end_char="1703" id="token-9-1" start_char="1699">could</TOKEN>
				<TOKEN end_char="1710" id="token-9-2" start_char="1705">barely</TOKEN>
				<TOKEN end_char="1722" id="token-9-3" start_char="1712">communicate</TOKEN>
				<TOKEN end_char="1727" id="token-9-4" start_char="1724">with</TOKEN>
				<TOKEN end_char="1731" id="token-9-5" start_char="1729">the</TOKEN>
				<TOKEN end_char="1740" id="token-9-6" start_char="1733">rescuers</TOKEN>
				<TOKEN end_char="1744" id="token-9-7" start_char="1742">who</TOKEN>
				<TOKEN end_char="1752" id="token-9-8" start_char="1746">reached</TOKEN>
				<TOKEN end_char="1756" id="token-9-9" start_char="1754">him</TOKEN>
				<TOKEN end_char="1764" id="token-9-10" start_char="1758">shortly</TOKEN>
				<TOKEN end_char="1770" id="token-9-11" start_char="1766">after</TOKEN>
				<TOKEN end_char="1772" id="token-9-12" start_char="1772">9</TOKEN>
				<TOKEN end_char="1774" id="token-9-13" start_char="1774">a</TOKEN>
				<TOKEN end_char="1775" id="token-9-14" start_char="1775">.</TOKEN>
				<TOKEN end_char="1776" id="token-9-15" start_char="1776">m</TOKEN>
				<TOKEN end_char="1778" id="token-9-16" start_char="1777">.,</TOKEN>
				<TOKEN end_char="1782" id="token-9-17" start_char="1780">and</TOKEN>
				<TOKEN end_char="1786" id="token-9-18" start_char="1784">his</TOKEN>
				<TOKEN end_char="1791" id="token-9-19" start_char="1788">core</TOKEN>
				<TOKEN end_char="1796" id="token-9-20" start_char="1793">body</TOKEN>
				<TOKEN end_char="1808" id="token-9-21" start_char="1798">temperature</TOKEN>
				<TOKEN end_char="1812" id="token-9-22" start_char="1810">had</TOKEN>
				<TOKEN end_char="1820" id="token-9-23" start_char="1814">dropped</TOKEN>
				<TOKEN end_char="1823" id="token-9-24" start_char="1822">to</TOKEN>
				<TOKEN end_char="1826" id="token-9-25" start_char="1825">87</TOKEN>
				<TOKEN end_char="1834" id="token-9-26" start_char="1828">degrees</TOKEN>
				<TOKEN end_char="1835" id="token-9-27" start_char="1835">,</TOKEN>
				<TOKEN end_char="1847" id="token-9-28" start_char="1837">authorities</TOKEN>
				<TOKEN end_char="1852" id="token-9-29" start_char="1849">said</TOKEN>
				<TOKEN end_char="1853" id="token-9-30" start_char="1853">.</TOKEN>
				<TOKEN end_char="1856" id="token-9-31" start_char="1855">He</TOKEN>
				<TOKEN end_char="1860" id="token-9-32" start_char="1858">was</TOKEN>
				<TOKEN end_char="1866" id="token-9-33" start_char="1862">flown</TOKEN>
				<TOKEN end_char="1869" id="token-9-34" start_char="1868">to</TOKEN>
				<TOKEN end_char="1871" id="token-9-35" start_char="1871">a</TOKEN>
				<TOKEN end_char="1880" id="token-9-36" start_char="1873">hospital</TOKEN>
				<TOKEN end_char="1884" id="token-9-37" start_char="1882">for</TOKEN>
				<TOKEN end_char="1894" id="token-9-38" start_char="1886">treatment</TOKEN>
				<TOKEN end_char="1897" id="token-9-39" start_char="1896">of</TOKEN>
				<TOKEN end_char="1909" id="token-9-40" start_char="1899">hypothermia</TOKEN>
				<TOKEN end_char="1910" id="token-9-41" start_char="1910">,</TOKEN>
				<TOKEN end_char="1922" id="token-9-42" start_char="1912">authorities</TOKEN>
				<TOKEN end_char="1927" id="token-9-43" start_char="1924">said</TOKEN>
				<TOKEN end_char="1928" id="token-9-44" start_char="1928">.</TOKEN>
			</SEG>
			<SEG end_char="2180" id="20120408_WAPO_27f0be72-81a2-11e1-bc36-069277cb6efc-10" start_char="1930">
				<ORIGINAL_TEXT>Windemuth said the teen told investigators that a gust capsized the boat about a mile north of the Annapolis anchorage. Lundvall had not told anyone where he was going, and authorities said the teen’s father was unaware that he had taken the boat out.</ORIGINAL_TEXT>
				<TOKEN end_char="1938" id="token-10-0" start_char="1930">Windemuth</TOKEN>
				<TOKEN end_char="1943" id="token-10-1" start_char="1940">said</TOKEN>
				<TOKEN end_char="1947" id="token-10-2" start_char="1945">the</TOKEN>
				<TOKEN end_char="1952" id="token-10-3" start_char="1949">teen</TOKEN>
				<TOKEN end_char="1957" id="token-10-4" start_char="1954">told</TOKEN>
				<TOKEN end_char="1971" id="token-10-5" start_char="1959">investigators</TOKEN>
				<TOKEN end_char="1976" id="token-10-6" start_char="1973">that</TOKEN>
				<TOKEN end_char="1978" id="token-10-7" start_char="1978">a</TOKEN>
				<TOKEN end_char="1983" id="token-10-8" start_char="1980">gust</TOKEN>
				<TOKEN end_char="1992" id="token-10-9" start_char="1985">capsized</TOKEN>
				<TOKEN end_char="1996" id="token-10-10" start_char="1994">the</TOKEN>
				<TOKEN end_char="2001" id="token-10-11" start_char="1998">boat</TOKEN>
				<TOKEN end_char="2007" id="token-10-12" start_char="2003">about</TOKEN>
				<TOKEN end_char="2009" id="token-10-13" start_char="2009">a</TOKEN>
				<TOKEN end_char="2014" id="token-10-14" start_char="2011">mile</TOKEN>
				<TOKEN end_char="2020" id="token-10-15" start_char="2016">north</TOKEN>
				<TOKEN end_char="2023" id="token-10-16" start_char="2022">of</TOKEN>
				<TOKEN end_char="2027" id="token-10-17" start_char="2025">the</TOKEN>
				<TOKEN end_char="2037" id="token-10-18" start_char="2029">Annapolis</TOKEN>
				<TOKEN end_char="2047" id="token-10-19" start_char="2039">anchorage</TOKEN>
				<TOKEN end_char="2048" id="token-10-20" start_char="2048">.</TOKEN>
				<TOKEN end_char="2057" id="token-10-21" start_char="2050">Lundvall</TOKEN>
				<TOKEN end_char="2061" id="token-10-22" start_char="2059">had</TOKEN>
				<TOKEN end_char="2065" id="token-10-23" start_char="2063">not</TOKEN>
				<TOKEN end_char="2070" id="token-10-24" start_char="2067">told</TOKEN>
				<TOKEN end_char="2077" id="token-10-25" start_char="2072">anyone</TOKEN>
				<TOKEN end_char="2083" id="token-10-26" start_char="2079">where</TOKEN>
				<TOKEN end_char="2086" id="token-10-27" start_char="2085">he</TOKEN>
				<TOKEN end_char="2090" id="token-10-28" start_char="2088">was</TOKEN>
				<TOKEN end_char="2096" id="token-10-29" start_char="2092">going</TOKEN>
				<TOKEN end_char="2097" id="token-10-30" start_char="2097">,</TOKEN>
				<TOKEN end_char="2101" id="token-10-31" start_char="2099">and</TOKEN>
				<TOKEN end_char="2113" id="token-10-32" start_char="2103">authorities</TOKEN>
				<TOKEN end_char="2118" id="token-10-33" start_char="2115">said</TOKEN>
				<TOKEN end_char="2122" id="token-10-34" start_char="2120">the</TOKEN>
				<TOKEN end_char="2127" id="token-10-35" start_char="2124">teen</TOKEN>
				<TOKEN end_char="2128" id="token-10-36" start_char="2128">’</TOKEN>
				<TOKEN end_char="2129" id="token-10-37" start_char="2129">s</TOKEN>
				<TOKEN end_char="2136" id="token-10-38" start_char="2131">father</TOKEN>
				<TOKEN end_char="2140" id="token-10-39" start_char="2138">was</TOKEN>
				<TOKEN end_char="2148" id="token-10-40" start_char="2142">unaware</TOKEN>
				<TOKEN end_char="2153" id="token-10-41" start_char="2150">that</TOKEN>
				<TOKEN end_char="2156" id="token-10-42" start_char="2155">he</TOKEN>
				<TOKEN end_char="2160" id="token-10-43" start_char="2158">had</TOKEN>
				<TOKEN end_char="2166" id="token-10-44" start_char="2162">taken</TOKEN>
				<TOKEN end_char="2170" id="token-10-45" start_char="2168">the</TOKEN>
				<TOKEN end_char="2175" id="token-10-46" start_char="2172">boat</TOKEN>
				<TOKEN end_char="2179" id="token-10-47" start_char="2177">out</TOKEN>
				<TOKEN end_char="2180" id="token-10-48" start_char="2180">.</TOKEN>
			</SEG>
			<SEG end_char="2274" id="20120408_WAPO_27f0be72-81a2-11e1-bc36-069277cb6efc-11" start_char="2182">
				<ORIGINAL_TEXT>Investigators are looking into whether alcohol played a role in the incident, Windemuth said.</ORIGINAL_TEXT>
				<TOKEN end_char="2194" id="token-11-0" start_char="2182">Investigators</TOKEN>
				<TOKEN end_char="2198" id="token-11-1" start_char="2196">are</TOKEN>
				<TOKEN end_char="2206" id="token-11-2" start_char="2200">looking</TOKEN>
				<TOKEN end_char="2211" id="token-11-3" start_char="2208">into</TOKEN>
				<TOKEN end_char="2219" id="token-11-4" start_char="2213">whether</TOKEN>
				<TOKEN end_char="2227" id="token-11-5" start_char="2221">alcohol</TOKEN>
				<TOKEN end_char="2234" id="token-11-6" start_char="2229">played</TOKEN>
				<TOKEN end_char="2236" id="token-11-7" start_char="2236">a</TOKEN>
				<TOKEN end_char="2241" id="token-11-8" start_char="2238">role</TOKEN>
				<TOKEN end_char="2244" id="token-11-9" start_char="2243">in</TOKEN>
				<TOKEN end_char="2248" id="token-11-10" start_char="2246">the</TOKEN>
				<TOKEN end_char="2257" id="token-11-11" start_char="2250">incident</TOKEN>
				<TOKEN end_char="2258" id="token-11-12" start_char="2258">,</TOKEN>
				<TOKEN end_char="2268" id="token-11-13" start_char="2260">Windemuth</TOKEN>
				<TOKEN end_char="2273" id="token-11-14" start_char="2270">said</TOKEN>
				<TOKEN end_char="2274" id="token-11-15" start_char="2274">.</TOKEN>
			</SEG>
			<SEG end_char="2330" id="20120408_WAPO_27f0be72-81a2-11e1-bc36-069277cb6efc-12" start_char="2276">
				<ORIGINAL_TEXT>A relative of Lundvall’s declined to comment on Sunday.</ORIGINAL_TEXT>
				<TOKEN end_char="2276" id="token-12-0" start_char="2276">A</TOKEN>
				<TOKEN end_char="2285" id="token-12-1" start_char="2278">relative</TOKEN>
				<TOKEN end_char="2288" id="token-12-2" start_char="2287">of</TOKEN>
				<TOKEN end_char="2297" id="token-12-3" start_char="2290">Lundvall</TOKEN>
				<TOKEN end_char="2298" id="token-12-4" start_char="2298">’</TOKEN>
				<TOKEN end_char="2299" id="token-12-5" start_char="2299">s</TOKEN>
				<TOKEN end_char="2308" id="token-12-6" start_char="2301">declined</TOKEN>
				<TOKEN end_char="2311" id="token-12-7" start_char="2310">to</TOKEN>
				<TOKEN end_char="2319" id="token-12-8" start_char="2313">comment</TOKEN>
				<TOKEN end_char="2322" id="token-12-9" start_char="2321">on</TOKEN>
				<TOKEN end_char="2329" id="token-12-10" start_char="2324">Sunday</TOKEN>
				<TOKEN end_char="2330" id="token-12-11" start_char="2330">.</TOKEN>
			</SEG>
			<SEG end_char="2665" id="20120408_WAPO_27f0be72-81a2-11e1-bc36-069277cb6efc-13" start_char="2332">
				<ORIGINAL_TEXT>Windemuth said that Maryland had an unusually high 25 boating deaths last year, up from an annual average of 12. He added that although there have been no fatalities in the state so far this year, incidents such as Lundvall’s should remind mariners about the need to tell others where they are going and carry communication equipment.</ORIGINAL_TEXT>
				<TOKEN end_char="2340" id="token-13-0" start_char="2332">Windemuth</TOKEN>
				<TOKEN end_char="2345" id="token-13-1" start_char="2342">said</TOKEN>
				<TOKEN end_char="2350" id="token-13-2" start_char="2347">that</TOKEN>
				<TOKEN end_char="2359" id="token-13-3" start_char="2352">Maryland</TOKEN>
				<TOKEN end_char="2363" id="token-13-4" start_char="2361">had</TOKEN>
				<TOKEN end_char="2366" id="token-13-5" start_char="2365">an</TOKEN>
				<TOKEN end_char="2376" id="token-13-6" start_char="2368">unusually</TOKEN>
				<TOKEN end_char="2381" id="token-13-7" start_char="2378">high</TOKEN>
				<TOKEN end_char="2384" id="token-13-8" start_char="2383">25</TOKEN>
				<TOKEN end_char="2392" id="token-13-9" start_char="2386">boating</TOKEN>
				<TOKEN end_char="2399" id="token-13-10" start_char="2394">deaths</TOKEN>
				<TOKEN end_char="2404" id="token-13-11" start_char="2401">last</TOKEN>
				<TOKEN end_char="2409" id="token-13-12" start_char="2406">year</TOKEN>
				<TOKEN end_char="2410" id="token-13-13" start_char="2410">,</TOKEN>
				<TOKEN end_char="2413" id="token-13-14" start_char="2412">up</TOKEN>
				<TOKEN end_char="2418" id="token-13-15" start_char="2415">from</TOKEN>
				<TOKEN end_char="2421" id="token-13-16" start_char="2420">an</TOKEN>
				<TOKEN end_char="2428" id="token-13-17" start_char="2423">annual</TOKEN>
				<TOKEN end_char="2436" id="token-13-18" start_char="2430">average</TOKEN>
				<TOKEN end_char="2439" id="token-13-19" start_char="2438">of</TOKEN>
				<TOKEN end_char="2442" id="token-13-20" start_char="2441">12</TOKEN>
				<TOKEN end_char="2443" id="token-13-21" start_char="2443">.</TOKEN>
				<TOKEN end_char="2446" id="token-13-22" start_char="2445">He</TOKEN>
				<TOKEN end_char="2452" id="token-13-23" start_char="2448">added</TOKEN>
				<TOKEN end_char="2457" id="token-13-24" start_char="2454">that</TOKEN>
				<TOKEN end_char="2466" id="token-13-25" start_char="2459">although</TOKEN>
				<TOKEN end_char="2472" id="token-13-26" start_char="2468">there</TOKEN>
				<TOKEN end_char="2477" id="token-13-27" start_char="2474">have</TOKEN>
				<TOKEN end_char="2482" id="token-13-28" start_char="2479">been</TOKEN>
				<TOKEN end_char="2485" id="token-13-29" start_char="2484">no</TOKEN>
				<TOKEN end_char="2496" id="token-13-30" start_char="2487">fatalities</TOKEN>
				<TOKEN end_char="2499" id="token-13-31" start_char="2498">in</TOKEN>
				<TOKEN end_char="2503" id="token-13-32" start_char="2501">the</TOKEN>
				<TOKEN end_char="2509" id="token-13-33" start_char="2505">state</TOKEN>
				<TOKEN end_char="2512" id="token-13-34" start_char="2511">so</TOKEN>
				<TOKEN end_char="2516" id="token-13-35" start_char="2514">far</TOKEN>
				<TOKEN end_char="2521" id="token-13-36" start_char="2518">this</TOKEN>
				<TOKEN end_char="2526" id="token-13-37" start_char="2523">year</TOKEN>
				<TOKEN end_char="2527" id="token-13-38" start_char="2527">,</TOKEN>
				<TOKEN end_char="2537" id="token-13-39" start_char="2529">incidents</TOKEN>
				<TOKEN end_char="2542" id="token-13-40" start_char="2539">such</TOKEN>
				<TOKEN end_char="2545" id="token-13-41" start_char="2544">as</TOKEN>
				<TOKEN end_char="2554" id="token-13-42" start_char="2547">Lundvall</TOKEN>
				<TOKEN end_char="2555" id="token-13-43" start_char="2555">’</TOKEN>
				<TOKEN end_char="2556" id="token-13-44" start_char="2556">s</TOKEN>
				<TOKEN end_char="2563" id="token-13-45" start_char="2558">should</TOKEN>
				<TOKEN end_char="2570" id="token-13-46" start_char="2565">remind</TOKEN>
				<TOKEN end_char="2579" id="token-13-47" start_char="2572">mariners</TOKEN>
				<TOKEN end_char="2585" id="token-13-48" start_char="2581">about</TOKEN>
				<TOKEN end_char="2589" id="token-13-49" start_char="2587">the</TOKEN>
				<TOKEN end_char="2594" id="token-13-50" start_char="2591">need</TOKEN>
				<TOKEN end_char="2597" id="token-13-51" start_char="2596">to</TOKEN>
				<TOKEN end_char="2602" id="token-13-52" start_char="2599">tell</TOKEN>
				<TOKEN end_char="2609" id="token-13-53" start_char="2604">others</TOKEN>
				<TOKEN end_char="2615" id="token-13-54" start_char="2611">where</TOKEN>
				<TOKEN end_char="2620" id="token-13-55" start_char="2617">they</TOKEN>
				<TOKEN end_char="2624" id="token-13-56" start_char="2622">are</TOKEN>
				<TOKEN end_char="2630" id="token-13-57" start_char="2626">going</TOKEN>
				<TOKEN end_char="2634" id="token-13-58" start_char="2632">and</TOKEN>
				<TOKEN end_char="2640" id="token-13-59" start_char="2636">carry</TOKEN>
				<TOKEN end_char="2654" id="token-13-60" start_char="2642">communication</TOKEN>
				<TOKEN end_char="2664" id="token-13-61" start_char="2656">equipment</TOKEN>
				<TOKEN end_char="2665" id="token-13-62" start_char="2665">.</TOKEN>
			</SEG>
			<SEG end_char="2713" id="20120408_WAPO_27f0be72-81a2-11e1-bc36-069277cb6efc-14" start_char="2667">
				<ORIGINAL_TEXT>Dec. 19: Two die, one missing in boat accidents</ORIGINAL_TEXT>
				<TOKEN end_char="2669" id="token-14-0" start_char="2667">Dec</TOKEN>
				<TOKEN end_char="2670" id="token-14-1" start_char="2670">.</TOKEN>
				<TOKEN end_char="2673" id="token-14-2" start_char="2672">19</TOKEN>
				<TOKEN end_char="2674" id="token-14-3" start_char="2674">:</TOKEN>
				<TOKEN end_char="2678" id="token-14-4" start_char="2676">Two</TOKEN>
				<TOKEN end_char="2682" id="token-14-5" start_char="2680">die</TOKEN>
				<TOKEN end_char="2683" id="token-14-6" start_char="2683">,</TOKEN>
				<TOKEN end_char="2687" id="token-14-7" start_char="2685">one</TOKEN>
				<TOKEN end_char="2695" id="token-14-8" start_char="2689">missing</TOKEN>
				<TOKEN end_char="2698" id="token-14-9" start_char="2697">in</TOKEN>
				<TOKEN end_char="2703" id="token-14-10" start_char="2700">boat</TOKEN>
				<TOKEN end_char="2713" id="token-14-11" start_char="2705">accidents</TOKEN>
			</SEG>
			<SEG end_char="2778" id="20120408_WAPO_27f0be72-81a2-11e1-bc36-069277cb6efc-15" start_char="2715">
				<ORIGINAL_TEXT>April 22, 2011: Fishing boat capsizes on Chesapeake, killing two</ORIGINAL_TEXT>
				<TOKEN end_char="2719" id="token-15-0" start_char="2715">April</TOKEN>
				<TOKEN end_char="2722" id="token-15-1" start_char="2721">22</TOKEN>
				<TOKEN end_char="2723" id="token-15-2" start_char="2723">,</TOKEN>
				<TOKEN end_char="2728" id="token-15-3" start_char="2725">2011</TOKEN>
				<TOKEN end_char="2729" id="token-15-4" start_char="2729">:</TOKEN>
				<TOKEN end_char="2737" id="token-15-5" start_char="2731">Fishing</TOKEN>
				<TOKEN end_char="2742" id="token-15-6" start_char="2739">boat</TOKEN>
				<TOKEN end_char="2751" id="token-15-7" start_char="2744">capsizes</TOKEN>
				<TOKEN end_char="2754" id="token-15-8" start_char="2753">on</TOKEN>
				<TOKEN end_char="2765" id="token-15-9" start_char="2756">Chesapeake</TOKEN>
				<TOKEN end_char="2766" id="token-15-10" start_char="2766">,</TOKEN>
				<TOKEN end_char="2774" id="token-15-11" start_char="2768">killing</TOKEN>
				<TOKEN end_char="2778" id="token-15-12" start_char="2776">two</TOKEN>
			</SEG>
		</TEXT>
	</DOC>
</LCTL_TEXT>
