<?xml version="1.0" encoding="utf-8"?>
<LCTL_TEXT>
	<DOC id="20130112_WAPO_f3c85d52-5785-11e2-8a12-5dfdfa9ea795">
		<TEXT>
			<SEG end_char="67" id="20130112_WAPO_f3c85d52-5785-11e2-8a12-5dfdfa9ea795-0" start_char="0">
				<ORIGINAL_TEXT>Expanded Panama Canal sparks race to be ready for bigger cargo ships</ORIGINAL_TEXT>
				<TOKEN end_char="7" id="token-0-0" start_char="0">Expanded</TOKEN>
				<TOKEN end_char="14" id="token-0-1" start_char="9">Panama</TOKEN>
				<TOKEN end_char="20" id="token-0-2" start_char="16">Canal</TOKEN>
				<TOKEN end_char="27" id="token-0-3" start_char="22">sparks</TOKEN>
				<TOKEN end_char="32" id="token-0-4" start_char="29">race</TOKEN>
				<TOKEN end_char="35" id="token-0-5" start_char="34">to</TOKEN>
				<TOKEN end_char="38" id="token-0-6" start_char="37">be</TOKEN>
				<TOKEN end_char="44" id="token-0-7" start_char="40">ready</TOKEN>
				<TOKEN end_char="48" id="token-0-8" start_char="46">for</TOKEN>
				<TOKEN end_char="55" id="token-0-9" start_char="50">bigger</TOKEN>
				<TOKEN end_char="61" id="token-0-10" start_char="57">cargo</TOKEN>
				<TOKEN end_char="67" id="token-0-11" start_char="63">ships</TOKEN>
			</SEG>
			<SEG end_char="113" id="20130112_WAPO_f3c85d52-5785-11e2-8a12-5dfdfa9ea795-1" start_char="69">
				<ORIGINAL_TEXT>Saturday, January 12, 2013 17:05:00 GMT-05:00</ORIGINAL_TEXT>
				<TOKEN end_char="76" id="token-1-0" start_char="69">Saturday</TOKEN>
				<TOKEN end_char="77" id="token-1-1" start_char="77">,</TOKEN>
				<TOKEN end_char="85" id="token-1-2" start_char="79">January</TOKEN>
				<TOKEN end_char="88" id="token-1-3" start_char="87">12</TOKEN>
				<TOKEN end_char="89" id="token-1-4" start_char="89">,</TOKEN>
				<TOKEN end_char="94" id="token-1-5" start_char="91">2013</TOKEN>
				<TOKEN end_char="97" id="token-1-6" start_char="96">17</TOKEN>
				<TOKEN end_char="98" id="token-1-7" start_char="98">:</TOKEN>
				<TOKEN end_char="100" id="token-1-8" start_char="99">05</TOKEN>
				<TOKEN end_char="101" id="token-1-9" start_char="101">:</TOKEN>
				<TOKEN end_char="103" id="token-1-10" start_char="102">00</TOKEN>
				<TOKEN end_char="107" id="token-1-11" start_char="105">GMT</TOKEN>
				<TOKEN end_char="108" id="token-1-12" start_char="108">-</TOKEN>
				<TOKEN end_char="110" id="token-1-13" start_char="109">05</TOKEN>
				<TOKEN end_char="111" id="token-1-14" start_char="111">:</TOKEN>
				<TOKEN end_char="113" id="token-1-15" start_char="112">00</TOKEN>
			</SEG>
			<SEG end_char="624" id="20130112_WAPO_f3c85d52-5785-11e2-8a12-5dfdfa9ea795-2" start_char="116">
				<ORIGINAL_TEXT>Editor’s Note: An earlier version of this article included material borrowed and duplicated, without attribution, from Environmental Health Perspectives, a monthly scientific journal. In that earlier version, four sentences were copied in whole or in substantial part from “Progress and Pollution: Port Cities Prepare for the Panama Canal Expansion,’’ published on Dec. 3 and written by Andrea Hricko, a professor of preventive medicine at the Keck School of Medicine of the University of Southern California.</ORIGINAL_TEXT>
				<TOKEN end_char="121" id="token-2-0" start_char="116">Editor</TOKEN>
				<TOKEN end_char="122" id="token-2-1" start_char="122">’</TOKEN>
				<TOKEN end_char="123" id="token-2-2" start_char="123">s</TOKEN>
				<TOKEN end_char="128" id="token-2-3" start_char="125">Note</TOKEN>
				<TOKEN end_char="129" id="token-2-4" start_char="129">:</TOKEN>
				<TOKEN end_char="132" id="token-2-5" start_char="131">An</TOKEN>
				<TOKEN end_char="140" id="token-2-6" start_char="134">earlier</TOKEN>
				<TOKEN end_char="148" id="token-2-7" start_char="142">version</TOKEN>
				<TOKEN end_char="151" id="token-2-8" start_char="150">of</TOKEN>
				<TOKEN end_char="156" id="token-2-9" start_char="153">this</TOKEN>
				<TOKEN end_char="164" id="token-2-10" start_char="158">article</TOKEN>
				<TOKEN end_char="173" id="token-2-11" start_char="166">included</TOKEN>
				<TOKEN end_char="182" id="token-2-12" start_char="175">material</TOKEN>
				<TOKEN end_char="191" id="token-2-13" start_char="184">borrowed</TOKEN>
				<TOKEN end_char="195" id="token-2-14" start_char="193">and</TOKEN>
				<TOKEN end_char="206" id="token-2-15" start_char="197">duplicated</TOKEN>
				<TOKEN end_char="207" id="token-2-16" start_char="207">,</TOKEN>
				<TOKEN end_char="215" id="token-2-17" start_char="209">without</TOKEN>
				<TOKEN end_char="227" id="token-2-18" start_char="217">attribution</TOKEN>
				<TOKEN end_char="228" id="token-2-19" start_char="228">,</TOKEN>
				<TOKEN end_char="233" id="token-2-20" start_char="230">from</TOKEN>
				<TOKEN end_char="247" id="token-2-21" start_char="235">Environmental</TOKEN>
				<TOKEN end_char="254" id="token-2-22" start_char="249">Health</TOKEN>
				<TOKEN end_char="267" id="token-2-23" start_char="256">Perspectives</TOKEN>
				<TOKEN end_char="268" id="token-2-24" start_char="268">,</TOKEN>
				<TOKEN end_char="270" id="token-2-25" start_char="270">a</TOKEN>
				<TOKEN end_char="278" id="token-2-26" start_char="272">monthly</TOKEN>
				<TOKEN end_char="289" id="token-2-27" start_char="280">scientific</TOKEN>
				<TOKEN end_char="297" id="token-2-28" start_char="291">journal</TOKEN>
				<TOKEN end_char="298" id="token-2-29" start_char="298">.</TOKEN>
				<TOKEN end_char="301" id="token-2-30" start_char="300">In</TOKEN>
				<TOKEN end_char="306" id="token-2-31" start_char="303">that</TOKEN>
				<TOKEN end_char="314" id="token-2-32" start_char="308">earlier</TOKEN>
				<TOKEN end_char="322" id="token-2-33" start_char="316">version</TOKEN>
				<TOKEN end_char="323" id="token-2-34" start_char="323">,</TOKEN>
				<TOKEN end_char="328" id="token-2-35" start_char="325">four</TOKEN>
				<TOKEN end_char="338" id="token-2-36" start_char="330">sentences</TOKEN>
				<TOKEN end_char="343" id="token-2-37" start_char="340">were</TOKEN>
				<TOKEN end_char="350" id="token-2-38" start_char="345">copied</TOKEN>
				<TOKEN end_char="353" id="token-2-39" start_char="352">in</TOKEN>
				<TOKEN end_char="359" id="token-2-40" start_char="355">whole</TOKEN>
				<TOKEN end_char="362" id="token-2-41" start_char="361">or</TOKEN>
				<TOKEN end_char="365" id="token-2-42" start_char="364">in</TOKEN>
				<TOKEN end_char="377" id="token-2-43" start_char="367">substantial</TOKEN>
				<TOKEN end_char="382" id="token-2-44" start_char="379">part</TOKEN>
				<TOKEN end_char="387" id="token-2-45" start_char="384">from</TOKEN>
				<TOKEN end_char="389" id="token-2-46" start_char="389">“</TOKEN>
				<TOKEN end_char="397" id="token-2-47" start_char="390">Progress</TOKEN>
				<TOKEN end_char="401" id="token-2-48" start_char="399">and</TOKEN>
				<TOKEN end_char="411" id="token-2-49" start_char="403">Pollution</TOKEN>
				<TOKEN end_char="412" id="token-2-50" start_char="412">:</TOKEN>
				<TOKEN end_char="417" id="token-2-51" start_char="414">Port</TOKEN>
				<TOKEN end_char="424" id="token-2-52" start_char="419">Cities</TOKEN>
				<TOKEN end_char="432" id="token-2-53" start_char="426">Prepare</TOKEN>
				<TOKEN end_char="436" id="token-2-54" start_char="434">for</TOKEN>
				<TOKEN end_char="440" id="token-2-55" start_char="438">the</TOKEN>
				<TOKEN end_char="447" id="token-2-56" start_char="442">Panama</TOKEN>
				<TOKEN end_char="453" id="token-2-57" start_char="449">Canal</TOKEN>
				<TOKEN end_char="463" id="token-2-58" start_char="455">Expansion</TOKEN>
				<TOKEN end_char="466" id="token-2-59" start_char="464">,’’</TOKEN>
				<TOKEN end_char="476" id="token-2-60" start_char="468">published</TOKEN>
				<TOKEN end_char="479" id="token-2-61" start_char="478">on</TOKEN>
				<TOKEN end_char="483" id="token-2-62" start_char="481">Dec</TOKEN>
				<TOKEN end_char="484" id="token-2-63" start_char="484">.</TOKEN>
				<TOKEN end_char="486" id="token-2-64" start_char="486">3</TOKEN>
				<TOKEN end_char="490" id="token-2-65" start_char="488">and</TOKEN>
				<TOKEN end_char="498" id="token-2-66" start_char="492">written</TOKEN>
				<TOKEN end_char="501" id="token-2-67" start_char="500">by</TOKEN>
				<TOKEN end_char="508" id="token-2-68" start_char="503">Andrea</TOKEN>
				<TOKEN end_char="515" id="token-2-69" start_char="510">Hricko</TOKEN>
				<TOKEN end_char="516" id="token-2-70" start_char="516">,</TOKEN>
				<TOKEN end_char="518" id="token-2-71" start_char="518">a</TOKEN>
				<TOKEN end_char="528" id="token-2-72" start_char="520">professor</TOKEN>
				<TOKEN end_char="531" id="token-2-73" start_char="530">of</TOKEN>
				<TOKEN end_char="542" id="token-2-74" start_char="533">preventive</TOKEN>
				<TOKEN end_char="551" id="token-2-75" start_char="544">medicine</TOKEN>
				<TOKEN end_char="554" id="token-2-76" start_char="553">at</TOKEN>
				<TOKEN end_char="558" id="token-2-77" start_char="556">the</TOKEN>
				<TOKEN end_char="563" id="token-2-78" start_char="560">Keck</TOKEN>
				<TOKEN end_char="570" id="token-2-79" start_char="565">School</TOKEN>
				<TOKEN end_char="573" id="token-2-80" start_char="572">of</TOKEN>
				<TOKEN end_char="582" id="token-2-81" start_char="575">Medicine</TOKEN>
				<TOKEN end_char="585" id="token-2-82" start_char="584">of</TOKEN>
				<TOKEN end_char="589" id="token-2-83" start_char="587">the</TOKEN>
				<TOKEN end_char="600" id="token-2-84" start_char="591">University</TOKEN>
				<TOKEN end_char="603" id="token-2-85" start_char="602">of</TOKEN>
				<TOKEN end_char="612" id="token-2-86" start_char="605">Southern</TOKEN>
				<TOKEN end_char="623" id="token-2-87" start_char="614">California</TOKEN>
				<TOKEN end_char="624" id="token-2-88" start_char="624">.</TOKEN>
			</SEG>
			<SEG end_char="854" id="20130112_WAPO_f3c85d52-5785-11e2-8a12-5dfdfa9ea795-3" start_char="626">
				<ORIGINAL_TEXT>It is The Post’s policy that the use of material from other newspapers or sources must be properly attributed. The Post apologizes to Andrea Hricko, to Environmental Health Perspectives, and to its readers for this serious lapse.</ORIGINAL_TEXT>
				<TOKEN end_char="627" id="token-3-0" start_char="626">It</TOKEN>
				<TOKEN end_char="630" id="token-3-1" start_char="629">is</TOKEN>
				<TOKEN end_char="634" id="token-3-2" start_char="632">The</TOKEN>
				<TOKEN end_char="639" id="token-3-3" start_char="636">Post</TOKEN>
				<TOKEN end_char="640" id="token-3-4" start_char="640">’</TOKEN>
				<TOKEN end_char="641" id="token-3-5" start_char="641">s</TOKEN>
				<TOKEN end_char="648" id="token-3-6" start_char="643">policy</TOKEN>
				<TOKEN end_char="653" id="token-3-7" start_char="650">that</TOKEN>
				<TOKEN end_char="657" id="token-3-8" start_char="655">the</TOKEN>
				<TOKEN end_char="661" id="token-3-9" start_char="659">use</TOKEN>
				<TOKEN end_char="664" id="token-3-10" start_char="663">of</TOKEN>
				<TOKEN end_char="673" id="token-3-11" start_char="666">material</TOKEN>
				<TOKEN end_char="678" id="token-3-12" start_char="675">from</TOKEN>
				<TOKEN end_char="684" id="token-3-13" start_char="680">other</TOKEN>
				<TOKEN end_char="695" id="token-3-14" start_char="686">newspapers</TOKEN>
				<TOKEN end_char="698" id="token-3-15" start_char="697">or</TOKEN>
				<TOKEN end_char="706" id="token-3-16" start_char="700">sources</TOKEN>
				<TOKEN end_char="711" id="token-3-17" start_char="708">must</TOKEN>
				<TOKEN end_char="714" id="token-3-18" start_char="713">be</TOKEN>
				<TOKEN end_char="723" id="token-3-19" start_char="716">properly</TOKEN>
				<TOKEN end_char="734" id="token-3-20" start_char="725">attributed</TOKEN>
				<TOKEN end_char="735" id="token-3-21" start_char="735">.</TOKEN>
				<TOKEN end_char="739" id="token-3-22" start_char="737">The</TOKEN>
				<TOKEN end_char="744" id="token-3-23" start_char="741">Post</TOKEN>
				<TOKEN end_char="755" id="token-3-24" start_char="746">apologizes</TOKEN>
				<TOKEN end_char="758" id="token-3-25" start_char="757">to</TOKEN>
				<TOKEN end_char="765" id="token-3-26" start_char="760">Andrea</TOKEN>
				<TOKEN end_char="772" id="token-3-27" start_char="767">Hricko</TOKEN>
				<TOKEN end_char="773" id="token-3-28" start_char="773">,</TOKEN>
				<TOKEN end_char="776" id="token-3-29" start_char="775">to</TOKEN>
				<TOKEN end_char="790" id="token-3-30" start_char="778">Environmental</TOKEN>
				<TOKEN end_char="797" id="token-3-31" start_char="792">Health</TOKEN>
				<TOKEN end_char="810" id="token-3-32" start_char="799">Perspectives</TOKEN>
				<TOKEN end_char="811" id="token-3-33" start_char="811">,</TOKEN>
				<TOKEN end_char="815" id="token-3-34" start_char="813">and</TOKEN>
				<TOKEN end_char="818" id="token-3-35" start_char="817">to</TOKEN>
				<TOKEN end_char="822" id="token-3-36" start_char="820">its</TOKEN>
				<TOKEN end_char="830" id="token-3-37" start_char="824">readers</TOKEN>
				<TOKEN end_char="834" id="token-3-38" start_char="832">for</TOKEN>
				<TOKEN end_char="839" id="token-3-39" start_char="836">this</TOKEN>
				<TOKEN end_char="847" id="token-3-40" start_char="841">serious</TOKEN>
				<TOKEN end_char="853" id="token-3-41" start_char="849">lapse</TOKEN>
				<TOKEN end_char="854" id="token-3-42" start_char="854">.</TOKEN>
			</SEG>
			<SEG end_char="1210" id="20130112_WAPO_f3c85d52-5785-11e2-8a12-5dfdfa9ea795-4" start_char="856">
				<ORIGINAL_TEXT>PANAMA CITY — This is a story about big, and how one of the biggest construction projects in the world, the remaking of the Panama Canal, will let bigger boats sail into deeper harbors, where authorities are spending billions dredging channels, blasting tunnels and buying cranes from China the size of 14-story buildings to accommodate super-sized cargo.</ORIGINAL_TEXT>
				<TOKEN end_char="861" id="token-4-0" start_char="856">PANAMA</TOKEN>
				<TOKEN end_char="866" id="token-4-1" start_char="863">CITY</TOKEN>
				<TOKEN end_char="868" id="token-4-2" start_char="868">—</TOKEN>
				<TOKEN end_char="873" id="token-4-3" start_char="870">This</TOKEN>
				<TOKEN end_char="876" id="token-4-4" start_char="875">is</TOKEN>
				<TOKEN end_char="878" id="token-4-5" start_char="878">a</TOKEN>
				<TOKEN end_char="884" id="token-4-6" start_char="880">story</TOKEN>
				<TOKEN end_char="890" id="token-4-7" start_char="886">about</TOKEN>
				<TOKEN end_char="894" id="token-4-8" start_char="892">big</TOKEN>
				<TOKEN end_char="895" id="token-4-9" start_char="895">,</TOKEN>
				<TOKEN end_char="899" id="token-4-10" start_char="897">and</TOKEN>
				<TOKEN end_char="903" id="token-4-11" start_char="901">how</TOKEN>
				<TOKEN end_char="907" id="token-4-12" start_char="905">one</TOKEN>
				<TOKEN end_char="910" id="token-4-13" start_char="909">of</TOKEN>
				<TOKEN end_char="914" id="token-4-14" start_char="912">the</TOKEN>
				<TOKEN end_char="922" id="token-4-15" start_char="916">biggest</TOKEN>
				<TOKEN end_char="935" id="token-4-16" start_char="924">construction</TOKEN>
				<TOKEN end_char="944" id="token-4-17" start_char="937">projects</TOKEN>
				<TOKEN end_char="947" id="token-4-18" start_char="946">in</TOKEN>
				<TOKEN end_char="951" id="token-4-19" start_char="949">the</TOKEN>
				<TOKEN end_char="957" id="token-4-20" start_char="953">world</TOKEN>
				<TOKEN end_char="958" id="token-4-21" start_char="958">,</TOKEN>
				<TOKEN end_char="962" id="token-4-22" start_char="960">the</TOKEN>
				<TOKEN end_char="971" id="token-4-23" start_char="964">remaking</TOKEN>
				<TOKEN end_char="974" id="token-4-24" start_char="973">of</TOKEN>
				<TOKEN end_char="978" id="token-4-25" start_char="976">the</TOKEN>
				<TOKEN end_char="985" id="token-4-26" start_char="980">Panama</TOKEN>
				<TOKEN end_char="991" id="token-4-27" start_char="987">Canal</TOKEN>
				<TOKEN end_char="992" id="token-4-28" start_char="992">,</TOKEN>
				<TOKEN end_char="997" id="token-4-29" start_char="994">will</TOKEN>
				<TOKEN end_char="1001" id="token-4-30" start_char="999">let</TOKEN>
				<TOKEN end_char="1008" id="token-4-31" start_char="1003">bigger</TOKEN>
				<TOKEN end_char="1014" id="token-4-32" start_char="1010">boats</TOKEN>
				<TOKEN end_char="1019" id="token-4-33" start_char="1016">sail</TOKEN>
				<TOKEN end_char="1024" id="token-4-34" start_char="1021">into</TOKEN>
				<TOKEN end_char="1031" id="token-4-35" start_char="1026">deeper</TOKEN>
				<TOKEN end_char="1039" id="token-4-36" start_char="1033">harbors</TOKEN>
				<TOKEN end_char="1040" id="token-4-37" start_char="1040">,</TOKEN>
				<TOKEN end_char="1046" id="token-4-38" start_char="1042">where</TOKEN>
				<TOKEN end_char="1058" id="token-4-39" start_char="1048">authorities</TOKEN>
				<TOKEN end_char="1062" id="token-4-40" start_char="1060">are</TOKEN>
				<TOKEN end_char="1071" id="token-4-41" start_char="1064">spending</TOKEN>
				<TOKEN end_char="1080" id="token-4-42" start_char="1073">billions</TOKEN>
				<TOKEN end_char="1089" id="token-4-43" start_char="1082">dredging</TOKEN>
				<TOKEN end_char="1098" id="token-4-44" start_char="1091">channels</TOKEN>
				<TOKEN end_char="1099" id="token-4-45" start_char="1099">,</TOKEN>
				<TOKEN end_char="1108" id="token-4-46" start_char="1101">blasting</TOKEN>
				<TOKEN end_char="1116" id="token-4-47" start_char="1110">tunnels</TOKEN>
				<TOKEN end_char="1120" id="token-4-48" start_char="1118">and</TOKEN>
				<TOKEN end_char="1127" id="token-4-49" start_char="1122">buying</TOKEN>
				<TOKEN end_char="1134" id="token-4-50" start_char="1129">cranes</TOKEN>
				<TOKEN end_char="1139" id="token-4-51" start_char="1136">from</TOKEN>
				<TOKEN end_char="1145" id="token-4-52" start_char="1141">China</TOKEN>
				<TOKEN end_char="1149" id="token-4-53" start_char="1147">the</TOKEN>
				<TOKEN end_char="1154" id="token-4-54" start_char="1151">size</TOKEN>
				<TOKEN end_char="1157" id="token-4-55" start_char="1156">of</TOKEN>
				<TOKEN end_char="1160" id="token-4-56" start_char="1159">14</TOKEN>
				<TOKEN end_char="1161" id="token-4-57" start_char="1161">-</TOKEN>
				<TOKEN end_char="1166" id="token-4-58" start_char="1162">story</TOKEN>
				<TOKEN end_char="1176" id="token-4-59" start_char="1168">buildings</TOKEN>
				<TOKEN end_char="1179" id="token-4-60" start_char="1178">to</TOKEN>
				<TOKEN end_char="1191" id="token-4-61" start_char="1181">accommodate</TOKEN>
				<TOKEN end_char="1197" id="token-4-62" start_char="1193">super</TOKEN>
				<TOKEN end_char="1198" id="token-4-63" start_char="1198">-</TOKEN>
				<TOKEN end_char="1203" id="token-4-64" start_char="1199">sized</TOKEN>
				<TOKEN end_char="1209" id="token-4-65" start_char="1205">cargo</TOKEN>
				<TOKEN end_char="1210" id="token-4-66" start_char="1210">.</TOKEN>
			</SEG>
			<SEG end_char="1500" id="20130112_WAPO_f3c85d52-5785-11e2-8a12-5dfdfa9ea795-5" start_char="1212">
				<ORIGINAL_TEXT>All this might knock a couple of dollars off the price of a smartphone shipped from Shanghai — or alleviate poverty in Panama, where the government plans to make a fortune in tolls — or create a windfall for the ports ready to receive the big ships, such as those in Baltimore and Norfolk.</ORIGINAL_TEXT>
				<TOKEN end_char="1214" id="token-5-0" start_char="1212">All</TOKEN>
				<TOKEN end_char="1219" id="token-5-1" start_char="1216">this</TOKEN>
				<TOKEN end_char="1225" id="token-5-2" start_char="1221">might</TOKEN>
				<TOKEN end_char="1231" id="token-5-3" start_char="1227">knock</TOKEN>
				<TOKEN end_char="1233" id="token-5-4" start_char="1233">a</TOKEN>
				<TOKEN end_char="1240" id="token-5-5" start_char="1235">couple</TOKEN>
				<TOKEN end_char="1243" id="token-5-6" start_char="1242">of</TOKEN>
				<TOKEN end_char="1251" id="token-5-7" start_char="1245">dollars</TOKEN>
				<TOKEN end_char="1255" id="token-5-8" start_char="1253">off</TOKEN>
				<TOKEN end_char="1259" id="token-5-9" start_char="1257">the</TOKEN>
				<TOKEN end_char="1265" id="token-5-10" start_char="1261">price</TOKEN>
				<TOKEN end_char="1268" id="token-5-11" start_char="1267">of</TOKEN>
				<TOKEN end_char="1270" id="token-5-12" start_char="1270">a</TOKEN>
				<TOKEN end_char="1281" id="token-5-13" start_char="1272">smartphone</TOKEN>
				<TOKEN end_char="1289" id="token-5-14" start_char="1283">shipped</TOKEN>
				<TOKEN end_char="1294" id="token-5-15" start_char="1291">from</TOKEN>
				<TOKEN end_char="1303" id="token-5-16" start_char="1296">Shanghai</TOKEN>
				<TOKEN end_char="1305" id="token-5-17" start_char="1305">—</TOKEN>
				<TOKEN end_char="1308" id="token-5-18" start_char="1307">or</TOKEN>
				<TOKEN end_char="1318" id="token-5-19" start_char="1310">alleviate</TOKEN>
				<TOKEN end_char="1326" id="token-5-20" start_char="1320">poverty</TOKEN>
				<TOKEN end_char="1329" id="token-5-21" start_char="1328">in</TOKEN>
				<TOKEN end_char="1336" id="token-5-22" start_char="1331">Panama</TOKEN>
				<TOKEN end_char="1337" id="token-5-23" start_char="1337">,</TOKEN>
				<TOKEN end_char="1343" id="token-5-24" start_char="1339">where</TOKEN>
				<TOKEN end_char="1347" id="token-5-25" start_char="1345">the</TOKEN>
				<TOKEN end_char="1358" id="token-5-26" start_char="1349">government</TOKEN>
				<TOKEN end_char="1364" id="token-5-27" start_char="1360">plans</TOKEN>
				<TOKEN end_char="1367" id="token-5-28" start_char="1366">to</TOKEN>
				<TOKEN end_char="1372" id="token-5-29" start_char="1369">make</TOKEN>
				<TOKEN end_char="1374" id="token-5-30" start_char="1374">a</TOKEN>
				<TOKEN end_char="1382" id="token-5-31" start_char="1376">fortune</TOKEN>
				<TOKEN end_char="1385" id="token-5-32" start_char="1384">in</TOKEN>
				<TOKEN end_char="1391" id="token-5-33" start_char="1387">tolls</TOKEN>
				<TOKEN end_char="1393" id="token-5-34" start_char="1393">—</TOKEN>
				<TOKEN end_char="1396" id="token-5-35" start_char="1395">or</TOKEN>
				<TOKEN end_char="1403" id="token-5-36" start_char="1398">create</TOKEN>
				<TOKEN end_char="1405" id="token-5-37" start_char="1405">a</TOKEN>
				<TOKEN end_char="1414" id="token-5-38" start_char="1407">windfall</TOKEN>
				<TOKEN end_char="1418" id="token-5-39" start_char="1416">for</TOKEN>
				<TOKEN end_char="1422" id="token-5-40" start_char="1420">the</TOKEN>
				<TOKEN end_char="1428" id="token-5-41" start_char="1424">ports</TOKEN>
				<TOKEN end_char="1434" id="token-5-42" start_char="1430">ready</TOKEN>
				<TOKEN end_char="1437" id="token-5-43" start_char="1436">to</TOKEN>
				<TOKEN end_char="1445" id="token-5-44" start_char="1439">receive</TOKEN>
				<TOKEN end_char="1449" id="token-5-45" start_char="1447">the</TOKEN>
				<TOKEN end_char="1453" id="token-5-46" start_char="1451">big</TOKEN>
				<TOKEN end_char="1459" id="token-5-47" start_char="1455">ships</TOKEN>
				<TOKEN end_char="1460" id="token-5-48" start_char="1460">,</TOKEN>
				<TOKEN end_char="1465" id="token-5-49" start_char="1462">such</TOKEN>
				<TOKEN end_char="1468" id="token-5-50" start_char="1467">as</TOKEN>
				<TOKEN end_char="1474" id="token-5-51" start_char="1470">those</TOKEN>
				<TOKEN end_char="1477" id="token-5-52" start_char="1476">in</TOKEN>
				<TOKEN end_char="1487" id="token-5-53" start_char="1479">Baltimore</TOKEN>
				<TOKEN end_char="1491" id="token-5-54" start_char="1489">and</TOKEN>
				<TOKEN end_char="1499" id="token-5-55" start_char="1493">Norfolk</TOKEN>
				<TOKEN end_char="1500" id="token-5-56" start_char="1500">.</TOKEN>
			</SEG>
			<SEG end_char="1665" id="20130112_WAPO_f3c85d52-5785-11e2-8a12-5dfdfa9ea795-6" start_char="1502">
				<ORIGINAL_TEXT>Or not. Nobody’s sure, because no expert can predict with any certainty how the web of global trade routes will be redrawn, and who the winners and losers might be.</ORIGINAL_TEXT>
				<TOKEN end_char="1503" id="token-6-0" start_char="1502">Or</TOKEN>
				<TOKEN end_char="1507" id="token-6-1" start_char="1505">not</TOKEN>
				<TOKEN end_char="1508" id="token-6-2" start_char="1508">.</TOKEN>
				<TOKEN end_char="1515" id="token-6-3" start_char="1510">Nobody</TOKEN>
				<TOKEN end_char="1516" id="token-6-4" start_char="1516">’</TOKEN>
				<TOKEN end_char="1517" id="token-6-5" start_char="1517">s</TOKEN>
				<TOKEN end_char="1522" id="token-6-6" start_char="1519">sure</TOKEN>
				<TOKEN end_char="1523" id="token-6-7" start_char="1523">,</TOKEN>
				<TOKEN end_char="1531" id="token-6-8" start_char="1525">because</TOKEN>
				<TOKEN end_char="1534" id="token-6-9" start_char="1533">no</TOKEN>
				<TOKEN end_char="1541" id="token-6-10" start_char="1536">expert</TOKEN>
				<TOKEN end_char="1545" id="token-6-11" start_char="1543">can</TOKEN>
				<TOKEN end_char="1553" id="token-6-12" start_char="1547">predict</TOKEN>
				<TOKEN end_char="1558" id="token-6-13" start_char="1555">with</TOKEN>
				<TOKEN end_char="1562" id="token-6-14" start_char="1560">any</TOKEN>
				<TOKEN end_char="1572" id="token-6-15" start_char="1564">certainty</TOKEN>
				<TOKEN end_char="1576" id="token-6-16" start_char="1574">how</TOKEN>
				<TOKEN end_char="1580" id="token-6-17" start_char="1578">the</TOKEN>
				<TOKEN end_char="1584" id="token-6-18" start_char="1582">web</TOKEN>
				<TOKEN end_char="1587" id="token-6-19" start_char="1586">of</TOKEN>
				<TOKEN end_char="1594" id="token-6-20" start_char="1589">global</TOKEN>
				<TOKEN end_char="1600" id="token-6-21" start_char="1596">trade</TOKEN>
				<TOKEN end_char="1607" id="token-6-22" start_char="1602">routes</TOKEN>
				<TOKEN end_char="1612" id="token-6-23" start_char="1609">will</TOKEN>
				<TOKEN end_char="1615" id="token-6-24" start_char="1614">be</TOKEN>
				<TOKEN end_char="1623" id="token-6-25" start_char="1617">redrawn</TOKEN>
				<TOKEN end_char="1624" id="token-6-26" start_char="1624">,</TOKEN>
				<TOKEN end_char="1628" id="token-6-27" start_char="1626">and</TOKEN>
				<TOKEN end_char="1632" id="token-6-28" start_char="1630">who</TOKEN>
				<TOKEN end_char="1636" id="token-6-29" start_char="1634">the</TOKEN>
				<TOKEN end_char="1644" id="token-6-30" start_char="1638">winners</TOKEN>
				<TOKEN end_char="1648" id="token-6-31" start_char="1646">and</TOKEN>
				<TOKEN end_char="1655" id="token-6-32" start_char="1650">losers</TOKEN>
				<TOKEN end_char="1661" id="token-6-33" start_char="1657">might</TOKEN>
				<TOKEN end_char="1664" id="token-6-34" start_char="1663">be</TOKEN>
				<TOKEN end_char="1665" id="token-6-35" start_char="1665">.</TOKEN>
			</SEG>
			<SEG end_char="1948" id="20130112_WAPO_f3c85d52-5785-11e2-8a12-5dfdfa9ea795-7" start_char="1667">
				<ORIGINAL_TEXT>But with the $5.25 billion expansion of the Panama Canal now officially half complete, a scramble is on among the hemisphere’s ports to lure a new generation of elephantine cargo ships, bulk carriers and automobile haulers to their harbors, where boosters envision an economic boom.</ORIGINAL_TEXT>
				<TOKEN end_char="1669" id="token-7-0" start_char="1667">But</TOKEN>
				<TOKEN end_char="1674" id="token-7-1" start_char="1671">with</TOKEN>
				<TOKEN end_char="1678" id="token-7-2" start_char="1676">the</TOKEN>
				<TOKEN end_char="1680" id="token-7-3" start_char="1680">$</TOKEN>
				<TOKEN end_char="1681" id="token-7-4" start_char="1681">5</TOKEN>
				<TOKEN end_char="1682" id="token-7-5" start_char="1682">.</TOKEN>
				<TOKEN end_char="1684" id="token-7-6" start_char="1683">25</TOKEN>
				<TOKEN end_char="1692" id="token-7-7" start_char="1686">billion</TOKEN>
				<TOKEN end_char="1702" id="token-7-8" start_char="1694">expansion</TOKEN>
				<TOKEN end_char="1705" id="token-7-9" start_char="1704">of</TOKEN>
				<TOKEN end_char="1709" id="token-7-10" start_char="1707">the</TOKEN>
				<TOKEN end_char="1716" id="token-7-11" start_char="1711">Panama</TOKEN>
				<TOKEN end_char="1722" id="token-7-12" start_char="1718">Canal</TOKEN>
				<TOKEN end_char="1726" id="token-7-13" start_char="1724">now</TOKEN>
				<TOKEN end_char="1737" id="token-7-14" start_char="1728">officially</TOKEN>
				<TOKEN end_char="1742" id="token-7-15" start_char="1739">half</TOKEN>
				<TOKEN end_char="1751" id="token-7-16" start_char="1744">complete</TOKEN>
				<TOKEN end_char="1752" id="token-7-17" start_char="1752">,</TOKEN>
				<TOKEN end_char="1754" id="token-7-18" start_char="1754">a</TOKEN>
				<TOKEN end_char="1763" id="token-7-19" start_char="1756">scramble</TOKEN>
				<TOKEN end_char="1766" id="token-7-20" start_char="1765">is</TOKEN>
				<TOKEN end_char="1769" id="token-7-21" start_char="1768">on</TOKEN>
				<TOKEN end_char="1775" id="token-7-22" start_char="1771">among</TOKEN>
				<TOKEN end_char="1779" id="token-7-23" start_char="1777">the</TOKEN>
				<TOKEN end_char="1790" id="token-7-24" start_char="1781">hemisphere</TOKEN>
				<TOKEN end_char="1791" id="token-7-25" start_char="1791">’</TOKEN>
				<TOKEN end_char="1792" id="token-7-26" start_char="1792">s</TOKEN>
				<TOKEN end_char="1798" id="token-7-27" start_char="1794">ports</TOKEN>
				<TOKEN end_char="1801" id="token-7-28" start_char="1800">to</TOKEN>
				<TOKEN end_char="1806" id="token-7-29" start_char="1803">lure</TOKEN>
				<TOKEN end_char="1808" id="token-7-30" start_char="1808">a</TOKEN>
				<TOKEN end_char="1812" id="token-7-31" start_char="1810">new</TOKEN>
				<TOKEN end_char="1823" id="token-7-32" start_char="1814">generation</TOKEN>
				<TOKEN end_char="1826" id="token-7-33" start_char="1825">of</TOKEN>
				<TOKEN end_char="1838" id="token-7-34" start_char="1828">elephantine</TOKEN>
				<TOKEN end_char="1844" id="token-7-35" start_char="1840">cargo</TOKEN>
				<TOKEN end_char="1850" id="token-7-36" start_char="1846">ships</TOKEN>
				<TOKEN end_char="1851" id="token-7-37" start_char="1851">,</TOKEN>
				<TOKEN end_char="1856" id="token-7-38" start_char="1853">bulk</TOKEN>
				<TOKEN end_char="1865" id="token-7-39" start_char="1858">carriers</TOKEN>
				<TOKEN end_char="1869" id="token-7-40" start_char="1867">and</TOKEN>
				<TOKEN end_char="1880" id="token-7-41" start_char="1871">automobile</TOKEN>
				<TOKEN end_char="1888" id="token-7-42" start_char="1882">haulers</TOKEN>
				<TOKEN end_char="1891" id="token-7-43" start_char="1890">to</TOKEN>
				<TOKEN end_char="1897" id="token-7-44" start_char="1893">their</TOKEN>
				<TOKEN end_char="1905" id="token-7-45" start_char="1899">harbors</TOKEN>
				<TOKEN end_char="1906" id="token-7-46" start_char="1906">,</TOKEN>
				<TOKEN end_char="1912" id="token-7-47" start_char="1908">where</TOKEN>
				<TOKEN end_char="1921" id="token-7-48" start_char="1914">boosters</TOKEN>
				<TOKEN end_char="1930" id="token-7-49" start_char="1923">envision</TOKEN>
				<TOKEN end_char="1933" id="token-7-50" start_char="1932">an</TOKEN>
				<TOKEN end_char="1942" id="token-7-51" start_char="1935">economic</TOKEN>
				<TOKEN end_char="1947" id="token-7-52" start_char="1944">boom</TOKEN>
				<TOKEN end_char="1948" id="token-7-53" start_char="1948">.</TOKEN>
			</SEG>
			<SEG end_char="2197" id="20130112_WAPO_f3c85d52-5785-11e2-8a12-5dfdfa9ea795-8" start_char="1950">
				<ORIGINAL_TEXT>These new “post-Panamax” ships are the length of aircraft carriers. From the waterline, they’re 190 feet tall, or nearly twice the height of the Lincoln Memorial. The ships can carry as many as 12,000 containers, or about a million flat-screen TVs.</ORIGINAL_TEXT>
				<TOKEN end_char="1954" id="token-8-0" start_char="1950">These</TOKEN>
				<TOKEN end_char="1958" id="token-8-1" start_char="1956">new</TOKEN>
				<TOKEN end_char="1960" id="token-8-2" start_char="1960">“</TOKEN>
				<TOKEN end_char="1964" id="token-8-3" start_char="1961">post</TOKEN>
				<TOKEN end_char="1965" id="token-8-4" start_char="1965">-</TOKEN>
				<TOKEN end_char="1972" id="token-8-5" start_char="1966">Panamax</TOKEN>
				<TOKEN end_char="1973" id="token-8-6" start_char="1973">”</TOKEN>
				<TOKEN end_char="1979" id="token-8-7" start_char="1975">ships</TOKEN>
				<TOKEN end_char="1983" id="token-8-8" start_char="1981">are</TOKEN>
				<TOKEN end_char="1987" id="token-8-9" start_char="1985">the</TOKEN>
				<TOKEN end_char="1994" id="token-8-10" start_char="1989">length</TOKEN>
				<TOKEN end_char="1997" id="token-8-11" start_char="1996">of</TOKEN>
				<TOKEN end_char="2006" id="token-8-12" start_char="1999">aircraft</TOKEN>
				<TOKEN end_char="2015" id="token-8-13" start_char="2008">carriers</TOKEN>
				<TOKEN end_char="2016" id="token-8-14" start_char="2016">.</TOKEN>
				<TOKEN end_char="2021" id="token-8-15" start_char="2018">From</TOKEN>
				<TOKEN end_char="2025" id="token-8-16" start_char="2023">the</TOKEN>
				<TOKEN end_char="2035" id="token-8-17" start_char="2027">waterline</TOKEN>
				<TOKEN end_char="2036" id="token-8-18" start_char="2036">,</TOKEN>
				<TOKEN end_char="2041" id="token-8-19" start_char="2038">they</TOKEN>
				<TOKEN end_char="2042" id="token-8-20" start_char="2042">’</TOKEN>
				<TOKEN end_char="2044" id="token-8-21" start_char="2043">re</TOKEN>
				<TOKEN end_char="2048" id="token-8-22" start_char="2046">190</TOKEN>
				<TOKEN end_char="2053" id="token-8-23" start_char="2050">feet</TOKEN>
				<TOKEN end_char="2058" id="token-8-24" start_char="2055">tall</TOKEN>
				<TOKEN end_char="2059" id="token-8-25" start_char="2059">,</TOKEN>
				<TOKEN end_char="2062" id="token-8-26" start_char="2061">or</TOKEN>
				<TOKEN end_char="2069" id="token-8-27" start_char="2064">nearly</TOKEN>
				<TOKEN end_char="2075" id="token-8-28" start_char="2071">twice</TOKEN>
				<TOKEN end_char="2079" id="token-8-29" start_char="2077">the</TOKEN>
				<TOKEN end_char="2086" id="token-8-30" start_char="2081">height</TOKEN>
				<TOKEN end_char="2089" id="token-8-31" start_char="2088">of</TOKEN>
				<TOKEN end_char="2093" id="token-8-32" start_char="2091">the</TOKEN>
				<TOKEN end_char="2101" id="token-8-33" start_char="2095">Lincoln</TOKEN>
				<TOKEN end_char="2110" id="token-8-34" start_char="2103">Memorial</TOKEN>
				<TOKEN end_char="2111" id="token-8-35" start_char="2111">.</TOKEN>
				<TOKEN end_char="2115" id="token-8-36" start_char="2113">The</TOKEN>
				<TOKEN end_char="2121" id="token-8-37" start_char="2117">ships</TOKEN>
				<TOKEN end_char="2125" id="token-8-38" start_char="2123">can</TOKEN>
				<TOKEN end_char="2131" id="token-8-39" start_char="2127">carry</TOKEN>
				<TOKEN end_char="2134" id="token-8-40" start_char="2133">as</TOKEN>
				<TOKEN end_char="2139" id="token-8-41" start_char="2136">many</TOKEN>
				<TOKEN end_char="2142" id="token-8-42" start_char="2141">as</TOKEN>
				<TOKEN end_char="2145" id="token-8-43" start_char="2144">12</TOKEN>
				<TOKEN end_char="2146" id="token-8-44" start_char="2146">,</TOKEN>
				<TOKEN end_char="2149" id="token-8-45" start_char="2147">000</TOKEN>
				<TOKEN end_char="2160" id="token-8-46" start_char="2151">containers</TOKEN>
				<TOKEN end_char="2161" id="token-8-47" start_char="2161">,</TOKEN>
				<TOKEN end_char="2164" id="token-8-48" start_char="2163">or</TOKEN>
				<TOKEN end_char="2170" id="token-8-49" start_char="2166">about</TOKEN>
				<TOKEN end_char="2172" id="token-8-50" start_char="2172">a</TOKEN>
				<TOKEN end_char="2180" id="token-8-51" start_char="2174">million</TOKEN>
				<TOKEN end_char="2185" id="token-8-52" start_char="2182">flat</TOKEN>
				<TOKEN end_char="2186" id="token-8-53" start_char="2186">-</TOKEN>
				<TOKEN end_char="2192" id="token-8-54" start_char="2187">screen</TOKEN>
				<TOKEN end_char="2196" id="token-8-55" start_char="2194">TVs</TOKEN>
				<TOKEN end_char="2197" id="token-8-56" start_char="2197">.</TOKEN>
			</SEG>
			<SEG end_char="2220" id="20130112_WAPO_f3c85d52-5785-11e2-8a12-5dfdfa9ea795-9" start_char="2199">
				<ORIGINAL_TEXT>The crew? A dozen men.</ORIGINAL_TEXT>
				<TOKEN end_char="2201" id="token-9-0" start_char="2199">The</TOKEN>
				<TOKEN end_char="2206" id="token-9-1" start_char="2203">crew</TOKEN>
				<TOKEN end_char="2207" id="token-9-2" start_char="2207">?</TOKEN>
				<TOKEN end_char="2209" id="token-9-3" start_char="2209">A</TOKEN>
				<TOKEN end_char="2215" id="token-9-4" start_char="2211">dozen</TOKEN>
				<TOKEN end_char="2219" id="token-9-5" start_char="2217">men</TOKEN>
				<TOKEN end_char="2220" id="token-9-6" start_char="2220">.</TOKEN>
			</SEG>
			<SEG end_char="2446" id="20130112_WAPO_f3c85d52-5785-11e2-8a12-5dfdfa9ea795-10" start_char="2222">
				<ORIGINAL_TEXT>A deeper, wider Panama Canal with its two new flights of triple locks will double existing canal capacity and allow transit for vessels with three times the cargo when the upgraded passageway opens for business in early 2015.</ORIGINAL_TEXT>
				<TOKEN end_char="2222" id="token-10-0" start_char="2222">A</TOKEN>
				<TOKEN end_char="2229" id="token-10-1" start_char="2224">deeper</TOKEN>
				<TOKEN end_char="2230" id="token-10-2" start_char="2230">,</TOKEN>
				<TOKEN end_char="2236" id="token-10-3" start_char="2232">wider</TOKEN>
				<TOKEN end_char="2243" id="token-10-4" start_char="2238">Panama</TOKEN>
				<TOKEN end_char="2249" id="token-10-5" start_char="2245">Canal</TOKEN>
				<TOKEN end_char="2254" id="token-10-6" start_char="2251">with</TOKEN>
				<TOKEN end_char="2258" id="token-10-7" start_char="2256">its</TOKEN>
				<TOKEN end_char="2262" id="token-10-8" start_char="2260">two</TOKEN>
				<TOKEN end_char="2266" id="token-10-9" start_char="2264">new</TOKEN>
				<TOKEN end_char="2274" id="token-10-10" start_char="2268">flights</TOKEN>
				<TOKEN end_char="2277" id="token-10-11" start_char="2276">of</TOKEN>
				<TOKEN end_char="2284" id="token-10-12" start_char="2279">triple</TOKEN>
				<TOKEN end_char="2290" id="token-10-13" start_char="2286">locks</TOKEN>
				<TOKEN end_char="2295" id="token-10-14" start_char="2292">will</TOKEN>
				<TOKEN end_char="2302" id="token-10-15" start_char="2297">double</TOKEN>
				<TOKEN end_char="2311" id="token-10-16" start_char="2304">existing</TOKEN>
				<TOKEN end_char="2317" id="token-10-17" start_char="2313">canal</TOKEN>
				<TOKEN end_char="2326" id="token-10-18" start_char="2319">capacity</TOKEN>
				<TOKEN end_char="2330" id="token-10-19" start_char="2328">and</TOKEN>
				<TOKEN end_char="2336" id="token-10-20" start_char="2332">allow</TOKEN>
				<TOKEN end_char="2344" id="token-10-21" start_char="2338">transit</TOKEN>
				<TOKEN end_char="2348" id="token-10-22" start_char="2346">for</TOKEN>
				<TOKEN end_char="2356" id="token-10-23" start_char="2350">vessels</TOKEN>
				<TOKEN end_char="2361" id="token-10-24" start_char="2358">with</TOKEN>
				<TOKEN end_char="2367" id="token-10-25" start_char="2363">three</TOKEN>
				<TOKEN end_char="2373" id="token-10-26" start_char="2369">times</TOKEN>
				<TOKEN end_char="2377" id="token-10-27" start_char="2375">the</TOKEN>
				<TOKEN end_char="2383" id="token-10-28" start_char="2379">cargo</TOKEN>
				<TOKEN end_char="2388" id="token-10-29" start_char="2385">when</TOKEN>
				<TOKEN end_char="2392" id="token-10-30" start_char="2390">the</TOKEN>
				<TOKEN end_char="2401" id="token-10-31" start_char="2394">upgraded</TOKEN>
				<TOKEN end_char="2412" id="token-10-32" start_char="2403">passageway</TOKEN>
				<TOKEN end_char="2418" id="token-10-33" start_char="2414">opens</TOKEN>
				<TOKEN end_char="2422" id="token-10-34" start_char="2420">for</TOKEN>
				<TOKEN end_char="2431" id="token-10-35" start_char="2424">business</TOKEN>
				<TOKEN end_char="2434" id="token-10-36" start_char="2433">in</TOKEN>
				<TOKEN end_char="2440" id="token-10-37" start_char="2436">early</TOKEN>
				<TOKEN end_char="2445" id="token-10-38" start_char="2442">2015</TOKEN>
				<TOKEN end_char="2446" id="token-10-39" start_char="2446">.</TOKEN>
			</SEG>
			<SEG end_char="2655" id="20130112_WAPO_f3c85d52-5785-11e2-8a12-5dfdfa9ea795-11" start_char="2448">
				<ORIGINAL_TEXT>So important is the race to be ready for the more voluminous ships that the Port Authority of New York and New Jersey is spending $1 billion to raise the Bayonne Bridge to let the taller vessels pass through.</ORIGINAL_TEXT>
				<TOKEN end_char="2449" id="token-11-0" start_char="2448">So</TOKEN>
				<TOKEN end_char="2459" id="token-11-1" start_char="2451">important</TOKEN>
				<TOKEN end_char="2462" id="token-11-2" start_char="2461">is</TOKEN>
				<TOKEN end_char="2466" id="token-11-3" start_char="2464">the</TOKEN>
				<TOKEN end_char="2471" id="token-11-4" start_char="2468">race</TOKEN>
				<TOKEN end_char="2474" id="token-11-5" start_char="2473">to</TOKEN>
				<TOKEN end_char="2477" id="token-11-6" start_char="2476">be</TOKEN>
				<TOKEN end_char="2483" id="token-11-7" start_char="2479">ready</TOKEN>
				<TOKEN end_char="2487" id="token-11-8" start_char="2485">for</TOKEN>
				<TOKEN end_char="2491" id="token-11-9" start_char="2489">the</TOKEN>
				<TOKEN end_char="2496" id="token-11-10" start_char="2493">more</TOKEN>
				<TOKEN end_char="2507" id="token-11-11" start_char="2498">voluminous</TOKEN>
				<TOKEN end_char="2513" id="token-11-12" start_char="2509">ships</TOKEN>
				<TOKEN end_char="2518" id="token-11-13" start_char="2515">that</TOKEN>
				<TOKEN end_char="2522" id="token-11-14" start_char="2520">the</TOKEN>
				<TOKEN end_char="2527" id="token-11-15" start_char="2524">Port</TOKEN>
				<TOKEN end_char="2537" id="token-11-16" start_char="2529">Authority</TOKEN>
				<TOKEN end_char="2540" id="token-11-17" start_char="2539">of</TOKEN>
				<TOKEN end_char="2544" id="token-11-18" start_char="2542">New</TOKEN>
				<TOKEN end_char="2549" id="token-11-19" start_char="2546">York</TOKEN>
				<TOKEN end_char="2553" id="token-11-20" start_char="2551">and</TOKEN>
				<TOKEN end_char="2557" id="token-11-21" start_char="2555">New</TOKEN>
				<TOKEN end_char="2564" id="token-11-22" start_char="2559">Jersey</TOKEN>
				<TOKEN end_char="2567" id="token-11-23" start_char="2566">is</TOKEN>
				<TOKEN end_char="2576" id="token-11-24" start_char="2569">spending</TOKEN>
				<TOKEN end_char="2578" id="token-11-25" start_char="2578">$</TOKEN>
				<TOKEN end_char="2579" id="token-11-26" start_char="2579">1</TOKEN>
				<TOKEN end_char="2587" id="token-11-27" start_char="2581">billion</TOKEN>
				<TOKEN end_char="2590" id="token-11-28" start_char="2589">to</TOKEN>
				<TOKEN end_char="2596" id="token-11-29" start_char="2592">raise</TOKEN>
				<TOKEN end_char="2600" id="token-11-30" start_char="2598">the</TOKEN>
				<TOKEN end_char="2608" id="token-11-31" start_char="2602">Bayonne</TOKEN>
				<TOKEN end_char="2615" id="token-11-32" start_char="2610">Bridge</TOKEN>
				<TOKEN end_char="2618" id="token-11-33" start_char="2617">to</TOKEN>
				<TOKEN end_char="2622" id="token-11-34" start_char="2620">let</TOKEN>
				<TOKEN end_char="2626" id="token-11-35" start_char="2624">the</TOKEN>
				<TOKEN end_char="2633" id="token-11-36" start_char="2628">taller</TOKEN>
				<TOKEN end_char="2641" id="token-11-37" start_char="2635">vessels</TOKEN>
				<TOKEN end_char="2646" id="token-11-38" start_char="2643">pass</TOKEN>
				<TOKEN end_char="2654" id="token-11-39" start_char="2648">through</TOKEN>
				<TOKEN end_char="2655" id="token-11-40" start_char="2655">.</TOKEN>
			</SEG>
			<SEG end_char="2844" id="20130112_WAPO_f3c85d52-5785-11e2-8a12-5dfdfa9ea795-12" start_char="2657">
				<ORIGINAL_TEXT>Nobody wants to miss the boat. The U.S. Army Corps of Engineers estimates that U.S. ports are now spending $6 billion to $8 billion a year in federal, local and private money to modernize.</ORIGINAL_TEXT>
				<TOKEN end_char="2662" id="token-12-0" start_char="2657">Nobody</TOKEN>
				<TOKEN end_char="2668" id="token-12-1" start_char="2664">wants</TOKEN>
				<TOKEN end_char="2671" id="token-12-2" start_char="2670">to</TOKEN>
				<TOKEN end_char="2676" id="token-12-3" start_char="2673">miss</TOKEN>
				<TOKEN end_char="2680" id="token-12-4" start_char="2678">the</TOKEN>
				<TOKEN end_char="2685" id="token-12-5" start_char="2682">boat</TOKEN>
				<TOKEN end_char="2686" id="token-12-6" start_char="2686">.</TOKEN>
				<TOKEN end_char="2690" id="token-12-7" start_char="2688">The</TOKEN>
				<TOKEN end_char="2692" id="token-12-8" start_char="2692">U</TOKEN>
				<TOKEN end_char="2693" id="token-12-9" start_char="2693">.</TOKEN>
				<TOKEN end_char="2694" id="token-12-10" start_char="2694">S</TOKEN>
				<TOKEN end_char="2695" id="token-12-11" start_char="2695">.</TOKEN>
				<TOKEN end_char="2700" id="token-12-12" start_char="2697">Army</TOKEN>
				<TOKEN end_char="2706" id="token-12-13" start_char="2702">Corps</TOKEN>
				<TOKEN end_char="2709" id="token-12-14" start_char="2708">of</TOKEN>
				<TOKEN end_char="2719" id="token-12-15" start_char="2711">Engineers</TOKEN>
				<TOKEN end_char="2729" id="token-12-16" start_char="2721">estimates</TOKEN>
				<TOKEN end_char="2734" id="token-12-17" start_char="2731">that</TOKEN>
				<TOKEN end_char="2736" id="token-12-18" start_char="2736">U</TOKEN>
				<TOKEN end_char="2737" id="token-12-19" start_char="2737">.</TOKEN>
				<TOKEN end_char="2738" id="token-12-20" start_char="2738">S</TOKEN>
				<TOKEN end_char="2739" id="token-12-21" start_char="2739">.</TOKEN>
				<TOKEN end_char="2745" id="token-12-22" start_char="2741">ports</TOKEN>
				<TOKEN end_char="2749" id="token-12-23" start_char="2747">are</TOKEN>
				<TOKEN end_char="2753" id="token-12-24" start_char="2751">now</TOKEN>
				<TOKEN end_char="2762" id="token-12-25" start_char="2755">spending</TOKEN>
				<TOKEN end_char="2764" id="token-12-26" start_char="2764">$</TOKEN>
				<TOKEN end_char="2765" id="token-12-27" start_char="2765">6</TOKEN>
				<TOKEN end_char="2773" id="token-12-28" start_char="2767">billion</TOKEN>
				<TOKEN end_char="2776" id="token-12-29" start_char="2775">to</TOKEN>
				<TOKEN end_char="2778" id="token-12-30" start_char="2778">$</TOKEN>
				<TOKEN end_char="2779" id="token-12-31" start_char="2779">8</TOKEN>
				<TOKEN end_char="2787" id="token-12-32" start_char="2781">billion</TOKEN>
				<TOKEN end_char="2789" id="token-12-33" start_char="2789">a</TOKEN>
				<TOKEN end_char="2794" id="token-12-34" start_char="2791">year</TOKEN>
				<TOKEN end_char="2797" id="token-12-35" start_char="2796">in</TOKEN>
				<TOKEN end_char="2805" id="token-12-36" start_char="2799">federal</TOKEN>
				<TOKEN end_char="2806" id="token-12-37" start_char="2806">,</TOKEN>
				<TOKEN end_char="2812" id="token-12-38" start_char="2808">local</TOKEN>
				<TOKEN end_char="2816" id="token-12-39" start_char="2814">and</TOKEN>
				<TOKEN end_char="2824" id="token-12-40" start_char="2818">private</TOKEN>
				<TOKEN end_char="2830" id="token-12-41" start_char="2826">money</TOKEN>
				<TOKEN end_char="2833" id="token-12-42" start_char="2832">to</TOKEN>
				<TOKEN end_char="2843" id="token-12-43" start_char="2835">modernize</TOKEN>
				<TOKEN end_char="2844" id="token-12-44" start_char="2844">.</TOKEN>
			</SEG>
			<SEG end_char="3052" id="20130112_WAPO_f3c85d52-5785-11e2-8a12-5dfdfa9ea795-13" start_char="2846">
				<ORIGINAL_TEXT>The ships are coming at a time when many experts say U.S. infrastructure — in ports, highways, bridges, railroads and tunnels — has suffered from delayed maintenance that has undermined U.S. competitiveness.</ORIGINAL_TEXT>
				<TOKEN end_char="2848" id="token-13-0" start_char="2846">The</TOKEN>
				<TOKEN end_char="2854" id="token-13-1" start_char="2850">ships</TOKEN>
				<TOKEN end_char="2858" id="token-13-2" start_char="2856">are</TOKEN>
				<TOKEN end_char="2865" id="token-13-3" start_char="2860">coming</TOKEN>
				<TOKEN end_char="2868" id="token-13-4" start_char="2867">at</TOKEN>
				<TOKEN end_char="2870" id="token-13-5" start_char="2870">a</TOKEN>
				<TOKEN end_char="2875" id="token-13-6" start_char="2872">time</TOKEN>
				<TOKEN end_char="2880" id="token-13-7" start_char="2877">when</TOKEN>
				<TOKEN end_char="2885" id="token-13-8" start_char="2882">many</TOKEN>
				<TOKEN end_char="2893" id="token-13-9" start_char="2887">experts</TOKEN>
				<TOKEN end_char="2897" id="token-13-10" start_char="2895">say</TOKEN>
				<TOKEN end_char="2899" id="token-13-11" start_char="2899">U</TOKEN>
				<TOKEN end_char="2900" id="token-13-12" start_char="2900">.</TOKEN>
				<TOKEN end_char="2901" id="token-13-13" start_char="2901">S</TOKEN>
				<TOKEN end_char="2902" id="token-13-14" start_char="2902">.</TOKEN>
				<TOKEN end_char="2917" id="token-13-15" start_char="2904">infrastructure</TOKEN>
				<TOKEN end_char="2919" id="token-13-16" start_char="2919">—</TOKEN>
				<TOKEN end_char="2922" id="token-13-17" start_char="2921">in</TOKEN>
				<TOKEN end_char="2928" id="token-13-18" start_char="2924">ports</TOKEN>
				<TOKEN end_char="2929" id="token-13-19" start_char="2929">,</TOKEN>
				<TOKEN end_char="2938" id="token-13-20" start_char="2931">highways</TOKEN>
				<TOKEN end_char="2939" id="token-13-21" start_char="2939">,</TOKEN>
				<TOKEN end_char="2947" id="token-13-22" start_char="2941">bridges</TOKEN>
				<TOKEN end_char="2948" id="token-13-23" start_char="2948">,</TOKEN>
				<TOKEN end_char="2958" id="token-13-24" start_char="2950">railroads</TOKEN>
				<TOKEN end_char="2962" id="token-13-25" start_char="2960">and</TOKEN>
				<TOKEN end_char="2970" id="token-13-26" start_char="2964">tunnels</TOKEN>
				<TOKEN end_char="2972" id="token-13-27" start_char="2972">—</TOKEN>
				<TOKEN end_char="2976" id="token-13-28" start_char="2974">has</TOKEN>
				<TOKEN end_char="2985" id="token-13-29" start_char="2978">suffered</TOKEN>
				<TOKEN end_char="2990" id="token-13-30" start_char="2987">from</TOKEN>
				<TOKEN end_char="2998" id="token-13-31" start_char="2992">delayed</TOKEN>
				<TOKEN end_char="3010" id="token-13-32" start_char="3000">maintenance</TOKEN>
				<TOKEN end_char="3015" id="token-13-33" start_char="3012">that</TOKEN>
				<TOKEN end_char="3019" id="token-13-34" start_char="3017">has</TOKEN>
				<TOKEN end_char="3030" id="token-13-35" start_char="3021">undermined</TOKEN>
				<TOKEN end_char="3032" id="token-13-36" start_char="3032">U</TOKEN>
				<TOKEN end_char="3033" id="token-13-37" start_char="3033">.</TOKEN>
				<TOKEN end_char="3034" id="token-13-38" start_char="3034">S</TOKEN>
				<TOKEN end_char="3035" id="token-13-39" start_char="3035">.</TOKEN>
				<TOKEN end_char="3051" id="token-13-40" start_char="3037">competitiveness</TOKEN>
				<TOKEN end_char="3052" id="token-13-41" start_char="3052">.</TOKEN>
			</SEG>
			<SEG end_char="3396" id="20130112_WAPO_f3c85d52-5785-11e2-8a12-5dfdfa9ea795-14" start_char="3054">
				<ORIGINAL_TEXT>“Maryland’s Port of Baltimore has a deep harbor, but its old railroad tunnel exiting the port terminals is not tall enough for today’s double-stacked trains to pass through,” wrote Andrea Hricko, a professor of preventive medicine at the University of Southern Califrnia, in the Dec. 3 edition of the journal Environmental Health Perspectives.</ORIGINAL_TEXT>
				<TOKEN end_char="3054" id="token-14-0" start_char="3054">“</TOKEN>
				<TOKEN end_char="3062" id="token-14-1" start_char="3055">Maryland</TOKEN>
				<TOKEN end_char="3063" id="token-14-2" start_char="3063">’</TOKEN>
				<TOKEN end_char="3064" id="token-14-3" start_char="3064">s</TOKEN>
				<TOKEN end_char="3069" id="token-14-4" start_char="3066">Port</TOKEN>
				<TOKEN end_char="3072" id="token-14-5" start_char="3071">of</TOKEN>
				<TOKEN end_char="3082" id="token-14-6" start_char="3074">Baltimore</TOKEN>
				<TOKEN end_char="3086" id="token-14-7" start_char="3084">has</TOKEN>
				<TOKEN end_char="3088" id="token-14-8" start_char="3088">a</TOKEN>
				<TOKEN end_char="3093" id="token-14-9" start_char="3090">deep</TOKEN>
				<TOKEN end_char="3100" id="token-14-10" start_char="3095">harbor</TOKEN>
				<TOKEN end_char="3101" id="token-14-11" start_char="3101">,</TOKEN>
				<TOKEN end_char="3105" id="token-14-12" start_char="3103">but</TOKEN>
				<TOKEN end_char="3109" id="token-14-13" start_char="3107">its</TOKEN>
				<TOKEN end_char="3113" id="token-14-14" start_char="3111">old</TOKEN>
				<TOKEN end_char="3122" id="token-14-15" start_char="3115">railroad</TOKEN>
				<TOKEN end_char="3129" id="token-14-16" start_char="3124">tunnel</TOKEN>
				<TOKEN end_char="3137" id="token-14-17" start_char="3131">exiting</TOKEN>
				<TOKEN end_char="3141" id="token-14-18" start_char="3139">the</TOKEN>
				<TOKEN end_char="3146" id="token-14-19" start_char="3143">port</TOKEN>
				<TOKEN end_char="3156" id="token-14-20" start_char="3148">terminals</TOKEN>
				<TOKEN end_char="3159" id="token-14-21" start_char="3158">is</TOKEN>
				<TOKEN end_char="3163" id="token-14-22" start_char="3161">not</TOKEN>
				<TOKEN end_char="3168" id="token-14-23" start_char="3165">tall</TOKEN>
				<TOKEN end_char="3175" id="token-14-24" start_char="3170">enough</TOKEN>
				<TOKEN end_char="3179" id="token-14-25" start_char="3177">for</TOKEN>
				<TOKEN end_char="3185" id="token-14-26" start_char="3181">today</TOKEN>
				<TOKEN end_char="3186" id="token-14-27" start_char="3186">’</TOKEN>
				<TOKEN end_char="3187" id="token-14-28" start_char="3187">s</TOKEN>
				<TOKEN end_char="3194" id="token-14-29" start_char="3189">double</TOKEN>
				<TOKEN end_char="3195" id="token-14-30" start_char="3195">-</TOKEN>
				<TOKEN end_char="3202" id="token-14-31" start_char="3196">stacked</TOKEN>
				<TOKEN end_char="3209" id="token-14-32" start_char="3204">trains</TOKEN>
				<TOKEN end_char="3212" id="token-14-33" start_char="3211">to</TOKEN>
				<TOKEN end_char="3217" id="token-14-34" start_char="3214">pass</TOKEN>
				<TOKEN end_char="3225" id="token-14-35" start_char="3219">through</TOKEN>
				<TOKEN end_char="3227" id="token-14-36" start_char="3226">,”</TOKEN>
				<TOKEN end_char="3233" id="token-14-37" start_char="3229">wrote</TOKEN>
				<TOKEN end_char="3240" id="token-14-38" start_char="3235">Andrea</TOKEN>
				<TOKEN end_char="3247" id="token-14-39" start_char="3242">Hricko</TOKEN>
				<TOKEN end_char="3248" id="token-14-40" start_char="3248">,</TOKEN>
				<TOKEN end_char="3250" id="token-14-41" start_char="3250">a</TOKEN>
				<TOKEN end_char="3260" id="token-14-42" start_char="3252">professor</TOKEN>
				<TOKEN end_char="3263" id="token-14-43" start_char="3262">of</TOKEN>
				<TOKEN end_char="3274" id="token-14-44" start_char="3265">preventive</TOKEN>
				<TOKEN end_char="3283" id="token-14-45" start_char="3276">medicine</TOKEN>
				<TOKEN end_char="3286" id="token-14-46" start_char="3285">at</TOKEN>
				<TOKEN end_char="3290" id="token-14-47" start_char="3288">the</TOKEN>
				<TOKEN end_char="3301" id="token-14-48" start_char="3292">University</TOKEN>
				<TOKEN end_char="3304" id="token-14-49" start_char="3303">of</TOKEN>
				<TOKEN end_char="3313" id="token-14-50" start_char="3306">Southern</TOKEN>
				<TOKEN end_char="3323" id="token-14-51" start_char="3315">Califrnia</TOKEN>
				<TOKEN end_char="3324" id="token-14-52" start_char="3324">,</TOKEN>
				<TOKEN end_char="3327" id="token-14-53" start_char="3326">in</TOKEN>
				<TOKEN end_char="3331" id="token-14-54" start_char="3329">the</TOKEN>
				<TOKEN end_char="3335" id="token-14-55" start_char="3333">Dec</TOKEN>
				<TOKEN end_char="3336" id="token-14-56" start_char="3336">.</TOKEN>
				<TOKEN end_char="3338" id="token-14-57" start_char="3338">3</TOKEN>
				<TOKEN end_char="3346" id="token-14-58" start_char="3340">edition</TOKEN>
				<TOKEN end_char="3349" id="token-14-59" start_char="3348">of</TOKEN>
				<TOKEN end_char="3353" id="token-14-60" start_char="3351">the</TOKEN>
				<TOKEN end_char="3361" id="token-14-61" start_char="3355">journal</TOKEN>
				<TOKEN end_char="3375" id="token-14-62" start_char="3363">Environmental</TOKEN>
				<TOKEN end_char="3382" id="token-14-63" start_char="3377">Health</TOKEN>
				<TOKEN end_char="3395" id="token-14-64" start_char="3384">Perspectives</TOKEN>
				<TOKEN end_char="3396" id="token-14-65" start_char="3396">.</TOKEN>
			</SEG>
			<SEG end_char="3759" id="20130112_WAPO_f3c85d52-5785-11e2-8a12-5dfdfa9ea795-15" start_char="3398">
				<ORIGINAL_TEXT>“As a solution, the major railroad company CSX is planning to build a new intermodal railtransfer facility that will facilitate moving double-stacked trains away from the port. The Port of Miami, in Florida, has started boring twin tunnels that would allow big-rig trucks entering or leaving the port to bypass downtown Miami streets, at a cost of $607 million.”</ORIGINAL_TEXT>
				<TOKEN end_char="3398" id="token-15-0" start_char="3398">“</TOKEN>
				<TOKEN end_char="3400" id="token-15-1" start_char="3399">As</TOKEN>
				<TOKEN end_char="3402" id="token-15-2" start_char="3402">a</TOKEN>
				<TOKEN end_char="3411" id="token-15-3" start_char="3404">solution</TOKEN>
				<TOKEN end_char="3412" id="token-15-4" start_char="3412">,</TOKEN>
				<TOKEN end_char="3416" id="token-15-5" start_char="3414">the</TOKEN>
				<TOKEN end_char="3422" id="token-15-6" start_char="3418">major</TOKEN>
				<TOKEN end_char="3431" id="token-15-7" start_char="3424">railroad</TOKEN>
				<TOKEN end_char="3439" id="token-15-8" start_char="3433">company</TOKEN>
				<TOKEN end_char="3443" id="token-15-9" start_char="3441">CSX</TOKEN>
				<TOKEN end_char="3446" id="token-15-10" start_char="3445">is</TOKEN>
				<TOKEN end_char="3455" id="token-15-11" start_char="3448">planning</TOKEN>
				<TOKEN end_char="3458" id="token-15-12" start_char="3457">to</TOKEN>
				<TOKEN end_char="3464" id="token-15-13" start_char="3460">build</TOKEN>
				<TOKEN end_char="3466" id="token-15-14" start_char="3466">a</TOKEN>
				<TOKEN end_char="3470" id="token-15-15" start_char="3468">new</TOKEN>
				<TOKEN end_char="3481" id="token-15-16" start_char="3472">intermodal</TOKEN>
				<TOKEN end_char="3494" id="token-15-17" start_char="3483">railtransfer</TOKEN>
				<TOKEN end_char="3503" id="token-15-18" start_char="3496">facility</TOKEN>
				<TOKEN end_char="3508" id="token-15-19" start_char="3505">that</TOKEN>
				<TOKEN end_char="3513" id="token-15-20" start_char="3510">will</TOKEN>
				<TOKEN end_char="3524" id="token-15-21" start_char="3515">facilitate</TOKEN>
				<TOKEN end_char="3531" id="token-15-22" start_char="3526">moving</TOKEN>
				<TOKEN end_char="3538" id="token-15-23" start_char="3533">double</TOKEN>
				<TOKEN end_char="3539" id="token-15-24" start_char="3539">-</TOKEN>
				<TOKEN end_char="3546" id="token-15-25" start_char="3540">stacked</TOKEN>
				<TOKEN end_char="3553" id="token-15-26" start_char="3548">trains</TOKEN>
				<TOKEN end_char="3558" id="token-15-27" start_char="3555">away</TOKEN>
				<TOKEN end_char="3563" id="token-15-28" start_char="3560">from</TOKEN>
				<TOKEN end_char="3567" id="token-15-29" start_char="3565">the</TOKEN>
				<TOKEN end_char="3572" id="token-15-30" start_char="3569">port</TOKEN>
				<TOKEN end_char="3573" id="token-15-31" start_char="3573">.</TOKEN>
				<TOKEN end_char="3577" id="token-15-32" start_char="3575">The</TOKEN>
				<TOKEN end_char="3582" id="token-15-33" start_char="3579">Port</TOKEN>
				<TOKEN end_char="3585" id="token-15-34" start_char="3584">of</TOKEN>
				<TOKEN end_char="3591" id="token-15-35" start_char="3587">Miami</TOKEN>
				<TOKEN end_char="3592" id="token-15-36" start_char="3592">,</TOKEN>
				<TOKEN end_char="3595" id="token-15-37" start_char="3594">in</TOKEN>
				<TOKEN end_char="3603" id="token-15-38" start_char="3597">Florida</TOKEN>
				<TOKEN end_char="3604" id="token-15-39" start_char="3604">,</TOKEN>
				<TOKEN end_char="3608" id="token-15-40" start_char="3606">has</TOKEN>
				<TOKEN end_char="3616" id="token-15-41" start_char="3610">started</TOKEN>
				<TOKEN end_char="3623" id="token-15-42" start_char="3618">boring</TOKEN>
				<TOKEN end_char="3628" id="token-15-43" start_char="3625">twin</TOKEN>
				<TOKEN end_char="3636" id="token-15-44" start_char="3630">tunnels</TOKEN>
				<TOKEN end_char="3641" id="token-15-45" start_char="3638">that</TOKEN>
				<TOKEN end_char="3647" id="token-15-46" start_char="3643">would</TOKEN>
				<TOKEN end_char="3653" id="token-15-47" start_char="3649">allow</TOKEN>
				<TOKEN end_char="3657" id="token-15-48" start_char="3655">big</TOKEN>
				<TOKEN end_char="3658" id="token-15-49" start_char="3658">-</TOKEN>
				<TOKEN end_char="3661" id="token-15-50" start_char="3659">rig</TOKEN>
				<TOKEN end_char="3668" id="token-15-51" start_char="3663">trucks</TOKEN>
				<TOKEN end_char="3677" id="token-15-52" start_char="3670">entering</TOKEN>
				<TOKEN end_char="3680" id="token-15-53" start_char="3679">or</TOKEN>
				<TOKEN end_char="3688" id="token-15-54" start_char="3682">leaving</TOKEN>
				<TOKEN end_char="3692" id="token-15-55" start_char="3690">the</TOKEN>
				<TOKEN end_char="3697" id="token-15-56" start_char="3694">port</TOKEN>
				<TOKEN end_char="3700" id="token-15-57" start_char="3699">to</TOKEN>
				<TOKEN end_char="3707" id="token-15-58" start_char="3702">bypass</TOKEN>
				<TOKEN end_char="3716" id="token-15-59" start_char="3709">downtown</TOKEN>
				<TOKEN end_char="3722" id="token-15-60" start_char="3718">Miami</TOKEN>
				<TOKEN end_char="3730" id="token-15-61" start_char="3724">streets</TOKEN>
				<TOKEN end_char="3731" id="token-15-62" start_char="3731">,</TOKEN>
				<TOKEN end_char="3734" id="token-15-63" start_char="3733">at</TOKEN>
				<TOKEN end_char="3736" id="token-15-64" start_char="3736">a</TOKEN>
				<TOKEN end_char="3741" id="token-15-65" start_char="3738">cost</TOKEN>
				<TOKEN end_char="3744" id="token-15-66" start_char="3743">of</TOKEN>
				<TOKEN end_char="3746" id="token-15-67" start_char="3746">$</TOKEN>
				<TOKEN end_char="3749" id="token-15-68" start_char="3747">607</TOKEN>
				<TOKEN end_char="3757" id="token-15-69" start_char="3751">million</TOKEN>
				<TOKEN end_char="3759" id="token-15-70" start_char="3758">.”</TOKEN>
			</SEG>
		</TEXT>
	</DOC>
</LCTL_TEXT>
