<?xml version="1.0" encoding="utf-8"?>
<LCTL_TEXT>
	<DOC id="20130602_WAPO_24c2919c-c3f2-11e2-9fe2-6ee52d0eb7c1">
		<TEXT>
			<SEG end_char="54" id="20130602_WAPO_24c2919c-c3f2-11e2-9fe2-6ee52d0eb7c1-0" start_char="0">
				<ORIGINAL_TEXT>Prince William County hopes logo will improve marketing</ORIGINAL_TEXT>
				<TOKEN end_char="5" id="token-0-0" start_char="0">Prince</TOKEN>
				<TOKEN end_char="13" id="token-0-1" start_char="7">William</TOKEN>
				<TOKEN end_char="20" id="token-0-2" start_char="15">County</TOKEN>
				<TOKEN end_char="26" id="token-0-3" start_char="22">hopes</TOKEN>
				<TOKEN end_char="31" id="token-0-4" start_char="28">logo</TOKEN>
				<TOKEN end_char="36" id="token-0-5" start_char="33">will</TOKEN>
				<TOKEN end_char="44" id="token-0-6" start_char="38">improve</TOKEN>
				<TOKEN end_char="54" id="token-0-7" start_char="46">marketing</TOKEN>
			</SEG>
			<SEG end_char="94" id="20130602_WAPO_24c2919c-c3f2-11e2-9fe2-6ee52d0eb7c1-1" start_char="56">
				<ORIGINAL_TEXT>Sunday, June 2, 2013 19:33:17 GMT-05:00</ORIGINAL_TEXT>
				<TOKEN end_char="61" id="token-1-0" start_char="56">Sunday</TOKEN>
				<TOKEN end_char="62" id="token-1-1" start_char="62">,</TOKEN>
				<TOKEN end_char="67" id="token-1-2" start_char="64">June</TOKEN>
				<TOKEN end_char="69" id="token-1-3" start_char="69">2</TOKEN>
				<TOKEN end_char="70" id="token-1-4" start_char="70">,</TOKEN>
				<TOKEN end_char="75" id="token-1-5" start_char="72">2013</TOKEN>
				<TOKEN end_char="78" id="token-1-6" start_char="77">19</TOKEN>
				<TOKEN end_char="79" id="token-1-7" start_char="79">:</TOKEN>
				<TOKEN end_char="81" id="token-1-8" start_char="80">33</TOKEN>
				<TOKEN end_char="82" id="token-1-9" start_char="82">:</TOKEN>
				<TOKEN end_char="84" id="token-1-10" start_char="83">17</TOKEN>
				<TOKEN end_char="88" id="token-1-11" start_char="86">GMT</TOKEN>
				<TOKEN end_char="89" id="token-1-12" start_char="89">-</TOKEN>
				<TOKEN end_char="91" id="token-1-13" start_char="90">05</TOKEN>
				<TOKEN end_char="92" id="token-1-14" start_char="92">:</TOKEN>
				<TOKEN end_char="94" id="token-1-15" start_char="93">00</TOKEN>
			</SEG>
			<SEG end_char="278" id="20130602_WAPO_24c2919c-c3f2-11e2-9fe2-6ee52d0eb7c1-2" start_char="96">
				<ORIGINAL_TEXT>You can’t drink, surf or lace up Prince William County. But that doesn’t mean county officials can’t learn a thing or two about branding from companies such as Pepsi, Google and Nike.</ORIGINAL_TEXT>
				<TOKEN end_char="98" id="token-2-0" start_char="96">You</TOKEN>
				<TOKEN end_char="102" id="token-2-1" start_char="100">can</TOKEN>
				<TOKEN end_char="103" id="token-2-2" start_char="103">’</TOKEN>
				<TOKEN end_char="104" id="token-2-3" start_char="104">t</TOKEN>
				<TOKEN end_char="110" id="token-2-4" start_char="106">drink</TOKEN>
				<TOKEN end_char="111" id="token-2-5" start_char="111">,</TOKEN>
				<TOKEN end_char="116" id="token-2-6" start_char="113">surf</TOKEN>
				<TOKEN end_char="119" id="token-2-7" start_char="118">or</TOKEN>
				<TOKEN end_char="124" id="token-2-8" start_char="121">lace</TOKEN>
				<TOKEN end_char="127" id="token-2-9" start_char="126">up</TOKEN>
				<TOKEN end_char="134" id="token-2-10" start_char="129">Prince</TOKEN>
				<TOKEN end_char="142" id="token-2-11" start_char="136">William</TOKEN>
				<TOKEN end_char="149" id="token-2-12" start_char="144">County</TOKEN>
				<TOKEN end_char="150" id="token-2-13" start_char="150">.</TOKEN>
				<TOKEN end_char="154" id="token-2-14" start_char="152">But</TOKEN>
				<TOKEN end_char="159" id="token-2-15" start_char="156">that</TOKEN>
				<TOKEN end_char="165" id="token-2-16" start_char="161">doesn</TOKEN>
				<TOKEN end_char="166" id="token-2-17" start_char="166">’</TOKEN>
				<TOKEN end_char="167" id="token-2-18" start_char="167">t</TOKEN>
				<TOKEN end_char="172" id="token-2-19" start_char="169">mean</TOKEN>
				<TOKEN end_char="179" id="token-2-20" start_char="174">county</TOKEN>
				<TOKEN end_char="189" id="token-2-21" start_char="181">officials</TOKEN>
				<TOKEN end_char="193" id="token-2-22" start_char="191">can</TOKEN>
				<TOKEN end_char="194" id="token-2-23" start_char="194">’</TOKEN>
				<TOKEN end_char="195" id="token-2-24" start_char="195">t</TOKEN>
				<TOKEN end_char="201" id="token-2-25" start_char="197">learn</TOKEN>
				<TOKEN end_char="203" id="token-2-26" start_char="203">a</TOKEN>
				<TOKEN end_char="209" id="token-2-27" start_char="205">thing</TOKEN>
				<TOKEN end_char="212" id="token-2-28" start_char="211">or</TOKEN>
				<TOKEN end_char="216" id="token-2-29" start_char="214">two</TOKEN>
				<TOKEN end_char="222" id="token-2-30" start_char="218">about</TOKEN>
				<TOKEN end_char="231" id="token-2-31" start_char="224">branding</TOKEN>
				<TOKEN end_char="236" id="token-2-32" start_char="233">from</TOKEN>
				<TOKEN end_char="246" id="token-2-33" start_char="238">companies</TOKEN>
				<TOKEN end_char="251" id="token-2-34" start_char="248">such</TOKEN>
				<TOKEN end_char="254" id="token-2-35" start_char="253">as</TOKEN>
				<TOKEN end_char="260" id="token-2-36" start_char="256">Pepsi</TOKEN>
				<TOKEN end_char="261" id="token-2-37" start_char="261">,</TOKEN>
				<TOKEN end_char="268" id="token-2-38" start_char="263">Google</TOKEN>
				<TOKEN end_char="272" id="token-2-39" start_char="270">and</TOKEN>
				<TOKEN end_char="277" id="token-2-40" start_char="274">Nike</TOKEN>
				<TOKEN end_char="278" id="token-2-41" start_char="278">.</TOKEN>
			</SEG>
			<SEG end_char="639" id="20130602_WAPO_24c2919c-c3f2-11e2-9fe2-6ee52d0eb7c1-3" start_char="280">
				<ORIGINAL_TEXT>Prince William officials want to standardize the logos used across departments to help the county become a consistent brand, especially to companies that might want to relocate here. To that end, officials chose a dark blue square inside a light blue square and the words “Prince William County, Virginia.” The county paid a contractor $750 to design the logo.</ORIGINAL_TEXT>
				<TOKEN end_char="285" id="token-3-0" start_char="280">Prince</TOKEN>
				<TOKEN end_char="293" id="token-3-1" start_char="287">William</TOKEN>
				<TOKEN end_char="303" id="token-3-2" start_char="295">officials</TOKEN>
				<TOKEN end_char="308" id="token-3-3" start_char="305">want</TOKEN>
				<TOKEN end_char="311" id="token-3-4" start_char="310">to</TOKEN>
				<TOKEN end_char="323" id="token-3-5" start_char="313">standardize</TOKEN>
				<TOKEN end_char="327" id="token-3-6" start_char="325">the</TOKEN>
				<TOKEN end_char="333" id="token-3-7" start_char="329">logos</TOKEN>
				<TOKEN end_char="338" id="token-3-8" start_char="335">used</TOKEN>
				<TOKEN end_char="345" id="token-3-9" start_char="340">across</TOKEN>
				<TOKEN end_char="357" id="token-3-10" start_char="347">departments</TOKEN>
				<TOKEN end_char="360" id="token-3-11" start_char="359">to</TOKEN>
				<TOKEN end_char="365" id="token-3-12" start_char="362">help</TOKEN>
				<TOKEN end_char="369" id="token-3-13" start_char="367">the</TOKEN>
				<TOKEN end_char="376" id="token-3-14" start_char="371">county</TOKEN>
				<TOKEN end_char="383" id="token-3-15" start_char="378">become</TOKEN>
				<TOKEN end_char="385" id="token-3-16" start_char="385">a</TOKEN>
				<TOKEN end_char="396" id="token-3-17" start_char="387">consistent</TOKEN>
				<TOKEN end_char="402" id="token-3-18" start_char="398">brand</TOKEN>
				<TOKEN end_char="403" id="token-3-19" start_char="403">,</TOKEN>
				<TOKEN end_char="414" id="token-3-20" start_char="405">especially</TOKEN>
				<TOKEN end_char="417" id="token-3-21" start_char="416">to</TOKEN>
				<TOKEN end_char="427" id="token-3-22" start_char="419">companies</TOKEN>
				<TOKEN end_char="432" id="token-3-23" start_char="429">that</TOKEN>
				<TOKEN end_char="438" id="token-3-24" start_char="434">might</TOKEN>
				<TOKEN end_char="443" id="token-3-25" start_char="440">want</TOKEN>
				<TOKEN end_char="446" id="token-3-26" start_char="445">to</TOKEN>
				<TOKEN end_char="455" id="token-3-27" start_char="448">relocate</TOKEN>
				<TOKEN end_char="460" id="token-3-28" start_char="457">here</TOKEN>
				<TOKEN end_char="461" id="token-3-29" start_char="461">.</TOKEN>
				<TOKEN end_char="464" id="token-3-30" start_char="463">To</TOKEN>
				<TOKEN end_char="469" id="token-3-31" start_char="466">that</TOKEN>
				<TOKEN end_char="473" id="token-3-32" start_char="471">end</TOKEN>
				<TOKEN end_char="474" id="token-3-33" start_char="474">,</TOKEN>
				<TOKEN end_char="484" id="token-3-34" start_char="476">officials</TOKEN>
				<TOKEN end_char="490" id="token-3-35" start_char="486">chose</TOKEN>
				<TOKEN end_char="492" id="token-3-36" start_char="492">a</TOKEN>
				<TOKEN end_char="497" id="token-3-37" start_char="494">dark</TOKEN>
				<TOKEN end_char="502" id="token-3-38" start_char="499">blue</TOKEN>
				<TOKEN end_char="509" id="token-3-39" start_char="504">square</TOKEN>
				<TOKEN end_char="516" id="token-3-40" start_char="511">inside</TOKEN>
				<TOKEN end_char="518" id="token-3-41" start_char="518">a</TOKEN>
				<TOKEN end_char="524" id="token-3-42" start_char="520">light</TOKEN>
				<TOKEN end_char="529" id="token-3-43" start_char="526">blue</TOKEN>
				<TOKEN end_char="536" id="token-3-44" start_char="531">square</TOKEN>
				<TOKEN end_char="540" id="token-3-45" start_char="538">and</TOKEN>
				<TOKEN end_char="544" id="token-3-46" start_char="542">the</TOKEN>
				<TOKEN end_char="550" id="token-3-47" start_char="546">words</TOKEN>
				<TOKEN end_char="552" id="token-3-48" start_char="552">“</TOKEN>
				<TOKEN end_char="558" id="token-3-49" start_char="553">Prince</TOKEN>
				<TOKEN end_char="566" id="token-3-50" start_char="560">William</TOKEN>
				<TOKEN end_char="573" id="token-3-51" start_char="568">County</TOKEN>
				<TOKEN end_char="574" id="token-3-52" start_char="574">,</TOKEN>
				<TOKEN end_char="583" id="token-3-53" start_char="576">Virginia</TOKEN>
				<TOKEN end_char="585" id="token-3-54" start_char="584">.”</TOKEN>
				<TOKEN end_char="589" id="token-3-55" start_char="587">The</TOKEN>
				<TOKEN end_char="596" id="token-3-56" start_char="591">county</TOKEN>
				<TOKEN end_char="601" id="token-3-57" start_char="598">paid</TOKEN>
				<TOKEN end_char="603" id="token-3-58" start_char="603">a</TOKEN>
				<TOKEN end_char="614" id="token-3-59" start_char="605">contractor</TOKEN>
				<TOKEN end_char="616" id="token-3-60" start_char="616">$</TOKEN>
				<TOKEN end_char="619" id="token-3-61" start_char="617">750</TOKEN>
				<TOKEN end_char="622" id="token-3-62" start_char="621">to</TOKEN>
				<TOKEN end_char="629" id="token-3-63" start_char="624">design</TOKEN>
				<TOKEN end_char="633" id="token-3-64" start_char="631">the</TOKEN>
				<TOKEN end_char="638" id="token-3-65" start_char="635">logo</TOKEN>
				<TOKEN end_char="639" id="token-3-66" start_char="639">.</TOKEN>
			</SEG>
			<SEG end_char="885" id="20130602_WAPO_24c2919c-c3f2-11e2-9fe2-6ee52d0eb7c1-4" start_char="641">
				<ORIGINAL_TEXT>The county uses 22 logos across its agencies. Officials hope that the single logo will come to represent Prince William. It will not, they said, replace the county seal, which appears on the Prince William flag and other official correspondence.</ORIGINAL_TEXT>
				<TOKEN end_char="643" id="token-4-0" start_char="641">The</TOKEN>
				<TOKEN end_char="650" id="token-4-1" start_char="645">county</TOKEN>
				<TOKEN end_char="655" id="token-4-2" start_char="652">uses</TOKEN>
				<TOKEN end_char="658" id="token-4-3" start_char="657">22</TOKEN>
				<TOKEN end_char="664" id="token-4-4" start_char="660">logos</TOKEN>
				<TOKEN end_char="671" id="token-4-5" start_char="666">across</TOKEN>
				<TOKEN end_char="675" id="token-4-6" start_char="673">its</TOKEN>
				<TOKEN end_char="684" id="token-4-7" start_char="677">agencies</TOKEN>
				<TOKEN end_char="685" id="token-4-8" start_char="685">.</TOKEN>
				<TOKEN end_char="695" id="token-4-9" start_char="687">Officials</TOKEN>
				<TOKEN end_char="700" id="token-4-10" start_char="697">hope</TOKEN>
				<TOKEN end_char="705" id="token-4-11" start_char="702">that</TOKEN>
				<TOKEN end_char="709" id="token-4-12" start_char="707">the</TOKEN>
				<TOKEN end_char="716" id="token-4-13" start_char="711">single</TOKEN>
				<TOKEN end_char="721" id="token-4-14" start_char="718">logo</TOKEN>
				<TOKEN end_char="726" id="token-4-15" start_char="723">will</TOKEN>
				<TOKEN end_char="731" id="token-4-16" start_char="728">come</TOKEN>
				<TOKEN end_char="734" id="token-4-17" start_char="733">to</TOKEN>
				<TOKEN end_char="744" id="token-4-18" start_char="736">represent</TOKEN>
				<TOKEN end_char="751" id="token-4-19" start_char="746">Prince</TOKEN>
				<TOKEN end_char="759" id="token-4-20" start_char="753">William</TOKEN>
				<TOKEN end_char="760" id="token-4-21" start_char="760">.</TOKEN>
				<TOKEN end_char="763" id="token-4-22" start_char="762">It</TOKEN>
				<TOKEN end_char="768" id="token-4-23" start_char="765">will</TOKEN>
				<TOKEN end_char="772" id="token-4-24" start_char="770">not</TOKEN>
				<TOKEN end_char="773" id="token-4-25" start_char="773">,</TOKEN>
				<TOKEN end_char="778" id="token-4-26" start_char="775">they</TOKEN>
				<TOKEN end_char="783" id="token-4-27" start_char="780">said</TOKEN>
				<TOKEN end_char="784" id="token-4-28" start_char="784">,</TOKEN>
				<TOKEN end_char="792" id="token-4-29" start_char="786">replace</TOKEN>
				<TOKEN end_char="796" id="token-4-30" start_char="794">the</TOKEN>
				<TOKEN end_char="803" id="token-4-31" start_char="798">county</TOKEN>
				<TOKEN end_char="808" id="token-4-32" start_char="805">seal</TOKEN>
				<TOKEN end_char="809" id="token-4-33" start_char="809">,</TOKEN>
				<TOKEN end_char="815" id="token-4-34" start_char="811">which</TOKEN>
				<TOKEN end_char="823" id="token-4-35" start_char="817">appears</TOKEN>
				<TOKEN end_char="826" id="token-4-36" start_char="825">on</TOKEN>
				<TOKEN end_char="830" id="token-4-37" start_char="828">the</TOKEN>
				<TOKEN end_char="837" id="token-4-38" start_char="832">Prince</TOKEN>
				<TOKEN end_char="845" id="token-4-39" start_char="839">William</TOKEN>
				<TOKEN end_char="850" id="token-4-40" start_char="847">flag</TOKEN>
				<TOKEN end_char="854" id="token-4-41" start_char="852">and</TOKEN>
				<TOKEN end_char="860" id="token-4-42" start_char="856">other</TOKEN>
				<TOKEN end_char="869" id="token-4-43" start_char="862">official</TOKEN>
				<TOKEN end_char="884" id="token-4-44" start_char="871">correspondence</TOKEN>
				<TOKEN end_char="885" id="token-4-45" start_char="885">.</TOKEN>
			</SEG>
			<SEG end_char="1116" id="20130602_WAPO_24c2919c-c3f2-11e2-9fe2-6ee52d0eb7c1-5" start_char="887">
				<ORIGINAL_TEXT>During a recent meeting, county spokesman Jason Grant noted that Google Chrome, Nike and Pepsi have logos that don’t physically represent anything but came to represent the strength of a brand after people become familiar with it.</ORIGINAL_TEXT>
				<TOKEN end_char="892" id="token-5-0" start_char="887">During</TOKEN>
				<TOKEN end_char="894" id="token-5-1" start_char="894">a</TOKEN>
				<TOKEN end_char="901" id="token-5-2" start_char="896">recent</TOKEN>
				<TOKEN end_char="909" id="token-5-3" start_char="903">meeting</TOKEN>
				<TOKEN end_char="910" id="token-5-4" start_char="910">,</TOKEN>
				<TOKEN end_char="917" id="token-5-5" start_char="912">county</TOKEN>
				<TOKEN end_char="927" id="token-5-6" start_char="919">spokesman</TOKEN>
				<TOKEN end_char="933" id="token-5-7" start_char="929">Jason</TOKEN>
				<TOKEN end_char="939" id="token-5-8" start_char="935">Grant</TOKEN>
				<TOKEN end_char="945" id="token-5-9" start_char="941">noted</TOKEN>
				<TOKEN end_char="950" id="token-5-10" start_char="947">that</TOKEN>
				<TOKEN end_char="957" id="token-5-11" start_char="952">Google</TOKEN>
				<TOKEN end_char="964" id="token-5-12" start_char="959">Chrome</TOKEN>
				<TOKEN end_char="965" id="token-5-13" start_char="965">,</TOKEN>
				<TOKEN end_char="970" id="token-5-14" start_char="967">Nike</TOKEN>
				<TOKEN end_char="974" id="token-5-15" start_char="972">and</TOKEN>
				<TOKEN end_char="980" id="token-5-16" start_char="976">Pepsi</TOKEN>
				<TOKEN end_char="985" id="token-5-17" start_char="982">have</TOKEN>
				<TOKEN end_char="991" id="token-5-18" start_char="987">logos</TOKEN>
				<TOKEN end_char="996" id="token-5-19" start_char="993">that</TOKEN>
				<TOKEN end_char="1000" id="token-5-20" start_char="998">don</TOKEN>
				<TOKEN end_char="1001" id="token-5-21" start_char="1001">’</TOKEN>
				<TOKEN end_char="1002" id="token-5-22" start_char="1002">t</TOKEN>
				<TOKEN end_char="1013" id="token-5-23" start_char="1004">physically</TOKEN>
				<TOKEN end_char="1023" id="token-5-24" start_char="1015">represent</TOKEN>
				<TOKEN end_char="1032" id="token-5-25" start_char="1025">anything</TOKEN>
				<TOKEN end_char="1036" id="token-5-26" start_char="1034">but</TOKEN>
				<TOKEN end_char="1041" id="token-5-27" start_char="1038">came</TOKEN>
				<TOKEN end_char="1044" id="token-5-28" start_char="1043">to</TOKEN>
				<TOKEN end_char="1054" id="token-5-29" start_char="1046">represent</TOKEN>
				<TOKEN end_char="1058" id="token-5-30" start_char="1056">the</TOKEN>
				<TOKEN end_char="1067" id="token-5-31" start_char="1060">strength</TOKEN>
				<TOKEN end_char="1070" id="token-5-32" start_char="1069">of</TOKEN>
				<TOKEN end_char="1072" id="token-5-33" start_char="1072">a</TOKEN>
				<TOKEN end_char="1078" id="token-5-34" start_char="1074">brand</TOKEN>
				<TOKEN end_char="1084" id="token-5-35" start_char="1080">after</TOKEN>
				<TOKEN end_char="1091" id="token-5-36" start_char="1086">people</TOKEN>
				<TOKEN end_char="1098" id="token-5-37" start_char="1093">become</TOKEN>
				<TOKEN end_char="1107" id="token-5-38" start_char="1100">familiar</TOKEN>
				<TOKEN end_char="1112" id="token-5-39" start_char="1109">with</TOKEN>
				<TOKEN end_char="1115" id="token-5-40" start_char="1114">it</TOKEN>
				<TOKEN end_char="1116" id="token-5-41" start_char="1116">.</TOKEN>
			</SEG>
			<SEG end_char="1396" id="20130602_WAPO_24c2919c-c3f2-11e2-9fe2-6ee52d0eb7c1-6" start_char="1118">
				<ORIGINAL_TEXT>The logo is “not meant to do anything in and of itself other than to be clear and identifiable . . . and it means something down the road,” Grant said in an interview. “That’s the type of logo we chose to go with as opposed to something that literally represents Prince William.”</ORIGINAL_TEXT>
				<TOKEN end_char="1120" id="token-6-0" start_char="1118">The</TOKEN>
				<TOKEN end_char="1125" id="token-6-1" start_char="1122">logo</TOKEN>
				<TOKEN end_char="1128" id="token-6-2" start_char="1127">is</TOKEN>
				<TOKEN end_char="1130" id="token-6-3" start_char="1130">“</TOKEN>
				<TOKEN end_char="1133" id="token-6-4" start_char="1131">not</TOKEN>
				<TOKEN end_char="1139" id="token-6-5" start_char="1135">meant</TOKEN>
				<TOKEN end_char="1142" id="token-6-6" start_char="1141">to</TOKEN>
				<TOKEN end_char="1145" id="token-6-7" start_char="1144">do</TOKEN>
				<TOKEN end_char="1154" id="token-6-8" start_char="1147">anything</TOKEN>
				<TOKEN end_char="1157" id="token-6-9" start_char="1156">in</TOKEN>
				<TOKEN end_char="1161" id="token-6-10" start_char="1159">and</TOKEN>
				<TOKEN end_char="1164" id="token-6-11" start_char="1163">of</TOKEN>
				<TOKEN end_char="1171" id="token-6-12" start_char="1166">itself</TOKEN>
				<TOKEN end_char="1177" id="token-6-13" start_char="1173">other</TOKEN>
				<TOKEN end_char="1182" id="token-6-14" start_char="1179">than</TOKEN>
				<TOKEN end_char="1185" id="token-6-15" start_char="1184">to</TOKEN>
				<TOKEN end_char="1188" id="token-6-16" start_char="1187">be</TOKEN>
				<TOKEN end_char="1194" id="token-6-17" start_char="1190">clear</TOKEN>
				<TOKEN end_char="1198" id="token-6-18" start_char="1196">and</TOKEN>
				<TOKEN end_char="1211" id="token-6-19" start_char="1200">identifiable</TOKEN>
				<TOKEN end_char="1213" id="token-6-20" start_char="1213">.</TOKEN>
				<TOKEN end_char="1215" id="token-6-21" start_char="1215">.</TOKEN>
				<TOKEN end_char="1217" id="token-6-22" start_char="1217">.</TOKEN>
				<TOKEN end_char="1221" id="token-6-23" start_char="1219">and</TOKEN>
				<TOKEN end_char="1224" id="token-6-24" start_char="1223">it</TOKEN>
				<TOKEN end_char="1230" id="token-6-25" start_char="1226">means</TOKEN>
				<TOKEN end_char="1240" id="token-6-26" start_char="1232">something</TOKEN>
				<TOKEN end_char="1245" id="token-6-27" start_char="1242">down</TOKEN>
				<TOKEN end_char="1249" id="token-6-28" start_char="1247">the</TOKEN>
				<TOKEN end_char="1254" id="token-6-29" start_char="1251">road</TOKEN>
				<TOKEN end_char="1256" id="token-6-30" start_char="1255">,”</TOKEN>
				<TOKEN end_char="1262" id="token-6-31" start_char="1258">Grant</TOKEN>
				<TOKEN end_char="1267" id="token-6-32" start_char="1264">said</TOKEN>
				<TOKEN end_char="1270" id="token-6-33" start_char="1269">in</TOKEN>
				<TOKEN end_char="1273" id="token-6-34" start_char="1272">an</TOKEN>
				<TOKEN end_char="1283" id="token-6-35" start_char="1275">interview</TOKEN>
				<TOKEN end_char="1284" id="token-6-36" start_char="1284">.</TOKEN>
				<TOKEN end_char="1286" id="token-6-37" start_char="1286">“</TOKEN>
				<TOKEN end_char="1290" id="token-6-38" start_char="1287">That</TOKEN>
				<TOKEN end_char="1291" id="token-6-39" start_char="1291">’</TOKEN>
				<TOKEN end_char="1292" id="token-6-40" start_char="1292">s</TOKEN>
				<TOKEN end_char="1296" id="token-6-41" start_char="1294">the</TOKEN>
				<TOKEN end_char="1301" id="token-6-42" start_char="1298">type</TOKEN>
				<TOKEN end_char="1304" id="token-6-43" start_char="1303">of</TOKEN>
				<TOKEN end_char="1309" id="token-6-44" start_char="1306">logo</TOKEN>
				<TOKEN end_char="1312" id="token-6-45" start_char="1311">we</TOKEN>
				<TOKEN end_char="1318" id="token-6-46" start_char="1314">chose</TOKEN>
				<TOKEN end_char="1321" id="token-6-47" start_char="1320">to</TOKEN>
				<TOKEN end_char="1324" id="token-6-48" start_char="1323">go</TOKEN>
				<TOKEN end_char="1329" id="token-6-49" start_char="1326">with</TOKEN>
				<TOKEN end_char="1332" id="token-6-50" start_char="1331">as</TOKEN>
				<TOKEN end_char="1340" id="token-6-51" start_char="1334">opposed</TOKEN>
				<TOKEN end_char="1343" id="token-6-52" start_char="1342">to</TOKEN>
				<TOKEN end_char="1353" id="token-6-53" start_char="1345">something</TOKEN>
				<TOKEN end_char="1358" id="token-6-54" start_char="1355">that</TOKEN>
				<TOKEN end_char="1368" id="token-6-55" start_char="1360">literally</TOKEN>
				<TOKEN end_char="1379" id="token-6-56" start_char="1370">represents</TOKEN>
				<TOKEN end_char="1386" id="token-6-57" start_char="1381">Prince</TOKEN>
				<TOKEN end_char="1394" id="token-6-58" start_char="1388">William</TOKEN>
				<TOKEN end_char="1396" id="token-6-59" start_char="1395">.”</TOKEN>
			</SEG>
			<SEG end_char="1635" id="20130602_WAPO_24c2919c-c3f2-11e2-9fe2-6ee52d0eb7c1-7" start_char="1398">
				<ORIGINAL_TEXT>The logo will be used primarily for marketing. For enforcement actions, such as correspondence from the Department of Social Services, and all Board of County Supervisors correspondence, the county seal will remain in use, officials said.</ORIGINAL_TEXT>
				<TOKEN end_char="1400" id="token-7-0" start_char="1398">The</TOKEN>
				<TOKEN end_char="1405" id="token-7-1" start_char="1402">logo</TOKEN>
				<TOKEN end_char="1410" id="token-7-2" start_char="1407">will</TOKEN>
				<TOKEN end_char="1413" id="token-7-3" start_char="1412">be</TOKEN>
				<TOKEN end_char="1418" id="token-7-4" start_char="1415">used</TOKEN>
				<TOKEN end_char="1428" id="token-7-5" start_char="1420">primarily</TOKEN>
				<TOKEN end_char="1432" id="token-7-6" start_char="1430">for</TOKEN>
				<TOKEN end_char="1442" id="token-7-7" start_char="1434">marketing</TOKEN>
				<TOKEN end_char="1443" id="token-7-8" start_char="1443">.</TOKEN>
				<TOKEN end_char="1447" id="token-7-9" start_char="1445">For</TOKEN>
				<TOKEN end_char="1459" id="token-7-10" start_char="1449">enforcement</TOKEN>
				<TOKEN end_char="1467" id="token-7-11" start_char="1461">actions</TOKEN>
				<TOKEN end_char="1468" id="token-7-12" start_char="1468">,</TOKEN>
				<TOKEN end_char="1473" id="token-7-13" start_char="1470">such</TOKEN>
				<TOKEN end_char="1476" id="token-7-14" start_char="1475">as</TOKEN>
				<TOKEN end_char="1491" id="token-7-15" start_char="1478">correspondence</TOKEN>
				<TOKEN end_char="1496" id="token-7-16" start_char="1493">from</TOKEN>
				<TOKEN end_char="1500" id="token-7-17" start_char="1498">the</TOKEN>
				<TOKEN end_char="1511" id="token-7-18" start_char="1502">Department</TOKEN>
				<TOKEN end_char="1514" id="token-7-19" start_char="1513">of</TOKEN>
				<TOKEN end_char="1521" id="token-7-20" start_char="1516">Social</TOKEN>
				<TOKEN end_char="1530" id="token-7-21" start_char="1523">Services</TOKEN>
				<TOKEN end_char="1531" id="token-7-22" start_char="1531">,</TOKEN>
				<TOKEN end_char="1535" id="token-7-23" start_char="1533">and</TOKEN>
				<TOKEN end_char="1539" id="token-7-24" start_char="1537">all</TOKEN>
				<TOKEN end_char="1545" id="token-7-25" start_char="1541">Board</TOKEN>
				<TOKEN end_char="1548" id="token-7-26" start_char="1547">of</TOKEN>
				<TOKEN end_char="1555" id="token-7-27" start_char="1550">County</TOKEN>
				<TOKEN end_char="1567" id="token-7-28" start_char="1557">Supervisors</TOKEN>
				<TOKEN end_char="1582" id="token-7-29" start_char="1569">correspondence</TOKEN>
				<TOKEN end_char="1583" id="token-7-30" start_char="1583">,</TOKEN>
				<TOKEN end_char="1587" id="token-7-31" start_char="1585">the</TOKEN>
				<TOKEN end_char="1594" id="token-7-32" start_char="1589">county</TOKEN>
				<TOKEN end_char="1599" id="token-7-33" start_char="1596">seal</TOKEN>
				<TOKEN end_char="1604" id="token-7-34" start_char="1601">will</TOKEN>
				<TOKEN end_char="1611" id="token-7-35" start_char="1606">remain</TOKEN>
				<TOKEN end_char="1614" id="token-7-36" start_char="1613">in</TOKEN>
				<TOKEN end_char="1618" id="token-7-37" start_char="1616">use</TOKEN>
				<TOKEN end_char="1619" id="token-7-38" start_char="1619">,</TOKEN>
				<TOKEN end_char="1629" id="token-7-39" start_char="1621">officials</TOKEN>
				<TOKEN end_char="1634" id="token-7-40" start_char="1631">said</TOKEN>
				<TOKEN end_char="1635" id="token-7-41" start_char="1635">.</TOKEN>
			</SEG>
			<SEG end_char="1911" id="20130602_WAPO_24c2919c-c3f2-11e2-9fe2-6ee52d0eb7c1-8" start_char="1637">
				<ORIGINAL_TEXT>The design is not necessarily a done deal. Supervisor John D. Jenkins (D-Neabsco) said that county officials should not have moved forward with the logo, which has already been put on some county letterhead and used for marketing, without express permission from supervisors.</ORIGINAL_TEXT>
				<TOKEN end_char="1639" id="token-8-0" start_char="1637">The</TOKEN>
				<TOKEN end_char="1646" id="token-8-1" start_char="1641">design</TOKEN>
				<TOKEN end_char="1649" id="token-8-2" start_char="1648">is</TOKEN>
				<TOKEN end_char="1653" id="token-8-3" start_char="1651">not</TOKEN>
				<TOKEN end_char="1665" id="token-8-4" start_char="1655">necessarily</TOKEN>
				<TOKEN end_char="1667" id="token-8-5" start_char="1667">a</TOKEN>
				<TOKEN end_char="1672" id="token-8-6" start_char="1669">done</TOKEN>
				<TOKEN end_char="1677" id="token-8-7" start_char="1674">deal</TOKEN>
				<TOKEN end_char="1678" id="token-8-8" start_char="1678">.</TOKEN>
				<TOKEN end_char="1689" id="token-8-9" start_char="1680">Supervisor</TOKEN>
				<TOKEN end_char="1694" id="token-8-10" start_char="1691">John</TOKEN>
				<TOKEN end_char="1696" id="token-8-11" start_char="1696">D</TOKEN>
				<TOKEN end_char="1697" id="token-8-12" start_char="1697">.</TOKEN>
				<TOKEN end_char="1705" id="token-8-13" start_char="1699">Jenkins</TOKEN>
				<TOKEN end_char="1707" id="token-8-14" start_char="1707">(</TOKEN>
				<TOKEN end_char="1708" id="token-8-15" start_char="1708">D</TOKEN>
				<TOKEN end_char="1709" id="token-8-16" start_char="1709">-</TOKEN>
				<TOKEN end_char="1716" id="token-8-17" start_char="1710">Neabsco</TOKEN>
				<TOKEN end_char="1717" id="token-8-18" start_char="1717">)</TOKEN>
				<TOKEN end_char="1722" id="token-8-19" start_char="1719">said</TOKEN>
				<TOKEN end_char="1727" id="token-8-20" start_char="1724">that</TOKEN>
				<TOKEN end_char="1734" id="token-8-21" start_char="1729">county</TOKEN>
				<TOKEN end_char="1744" id="token-8-22" start_char="1736">officials</TOKEN>
				<TOKEN end_char="1751" id="token-8-23" start_char="1746">should</TOKEN>
				<TOKEN end_char="1755" id="token-8-24" start_char="1753">not</TOKEN>
				<TOKEN end_char="1760" id="token-8-25" start_char="1757">have</TOKEN>
				<TOKEN end_char="1766" id="token-8-26" start_char="1762">moved</TOKEN>
				<TOKEN end_char="1774" id="token-8-27" start_char="1768">forward</TOKEN>
				<TOKEN end_char="1779" id="token-8-28" start_char="1776">with</TOKEN>
				<TOKEN end_char="1783" id="token-8-29" start_char="1781">the</TOKEN>
				<TOKEN end_char="1788" id="token-8-30" start_char="1785">logo</TOKEN>
				<TOKEN end_char="1789" id="token-8-31" start_char="1789">,</TOKEN>
				<TOKEN end_char="1795" id="token-8-32" start_char="1791">which</TOKEN>
				<TOKEN end_char="1799" id="token-8-33" start_char="1797">has</TOKEN>
				<TOKEN end_char="1807" id="token-8-34" start_char="1801">already</TOKEN>
				<TOKEN end_char="1812" id="token-8-35" start_char="1809">been</TOKEN>
				<TOKEN end_char="1816" id="token-8-36" start_char="1814">put</TOKEN>
				<TOKEN end_char="1819" id="token-8-37" start_char="1818">on</TOKEN>
				<TOKEN end_char="1824" id="token-8-38" start_char="1821">some</TOKEN>
				<TOKEN end_char="1831" id="token-8-39" start_char="1826">county</TOKEN>
				<TOKEN end_char="1842" id="token-8-40" start_char="1833">letterhead</TOKEN>
				<TOKEN end_char="1846" id="token-8-41" start_char="1844">and</TOKEN>
				<TOKEN end_char="1851" id="token-8-42" start_char="1848">used</TOKEN>
				<TOKEN end_char="1855" id="token-8-43" start_char="1853">for</TOKEN>
				<TOKEN end_char="1865" id="token-8-44" start_char="1857">marketing</TOKEN>
				<TOKEN end_char="1866" id="token-8-45" start_char="1866">,</TOKEN>
				<TOKEN end_char="1874" id="token-8-46" start_char="1868">without</TOKEN>
				<TOKEN end_char="1882" id="token-8-47" start_char="1876">express</TOKEN>
				<TOKEN end_char="1893" id="token-8-48" start_char="1884">permission</TOKEN>
				<TOKEN end_char="1898" id="token-8-49" start_char="1895">from</TOKEN>
				<TOKEN end_char="1910" id="token-8-50" start_char="1900">supervisors</TOKEN>
				<TOKEN end_char="1911" id="token-8-51" start_char="1911">.</TOKEN>
			</SEG>
			<SEG end_char="2039" id="20130602_WAPO_24c2919c-c3f2-11e2-9fe2-6ee52d0eb7c1-9" start_char="1913">
				<ORIGINAL_TEXT>“I’m not saying I object to the use of the logo,” Jenkins said. “But I object to the way this went around to getting approved.”</ORIGINAL_TEXT>
				<TOKEN end_char="1913" id="token-9-0" start_char="1913">“</TOKEN>
				<TOKEN end_char="1914" id="token-9-1" start_char="1914">I</TOKEN>
				<TOKEN end_char="1915" id="token-9-2" start_char="1915">’</TOKEN>
				<TOKEN end_char="1916" id="token-9-3" start_char="1916">m</TOKEN>
				<TOKEN end_char="1920" id="token-9-4" start_char="1918">not</TOKEN>
				<TOKEN end_char="1927" id="token-9-5" start_char="1922">saying</TOKEN>
				<TOKEN end_char="1929" id="token-9-6" start_char="1929">I</TOKEN>
				<TOKEN end_char="1936" id="token-9-7" start_char="1931">object</TOKEN>
				<TOKEN end_char="1939" id="token-9-8" start_char="1938">to</TOKEN>
				<TOKEN end_char="1943" id="token-9-9" start_char="1941">the</TOKEN>
				<TOKEN end_char="1947" id="token-9-10" start_char="1945">use</TOKEN>
				<TOKEN end_char="1950" id="token-9-11" start_char="1949">of</TOKEN>
				<TOKEN end_char="1954" id="token-9-12" start_char="1952">the</TOKEN>
				<TOKEN end_char="1959" id="token-9-13" start_char="1956">logo</TOKEN>
				<TOKEN end_char="1961" id="token-9-14" start_char="1960">,”</TOKEN>
				<TOKEN end_char="1969" id="token-9-15" start_char="1963">Jenkins</TOKEN>
				<TOKEN end_char="1974" id="token-9-16" start_char="1971">said</TOKEN>
				<TOKEN end_char="1975" id="token-9-17" start_char="1975">.</TOKEN>
				<TOKEN end_char="1977" id="token-9-18" start_char="1977">“</TOKEN>
				<TOKEN end_char="1980" id="token-9-19" start_char="1978">But</TOKEN>
				<TOKEN end_char="1982" id="token-9-20" start_char="1982">I</TOKEN>
				<TOKEN end_char="1989" id="token-9-21" start_char="1984">object</TOKEN>
				<TOKEN end_char="1992" id="token-9-22" start_char="1991">to</TOKEN>
				<TOKEN end_char="1996" id="token-9-23" start_char="1994">the</TOKEN>
				<TOKEN end_char="2000" id="token-9-24" start_char="1998">way</TOKEN>
				<TOKEN end_char="2005" id="token-9-25" start_char="2002">this</TOKEN>
				<TOKEN end_char="2010" id="token-9-26" start_char="2007">went</TOKEN>
				<TOKEN end_char="2017" id="token-9-27" start_char="2012">around</TOKEN>
				<TOKEN end_char="2020" id="token-9-28" start_char="2019">to</TOKEN>
				<TOKEN end_char="2028" id="token-9-29" start_char="2022">getting</TOKEN>
				<TOKEN end_char="2037" id="token-9-30" start_char="2030">approved</TOKEN>
				<TOKEN end_char="2039" id="token-9-31" start_char="2038">.”</TOKEN>
			</SEG>
			<SEG end_char="2234" id="20130602_WAPO_24c2919c-c3f2-11e2-9fe2-6ee52d0eb7c1-10" start_char="2041">
				<ORIGINAL_TEXT>Board Chairman Corey A. Stewart (R-At Large) said supervisors should examine the issue. “I think we ought to take a look at this before we start scraping [the logo] off wherever it is,” he said.</ORIGINAL_TEXT>
				<TOKEN end_char="2045" id="token-10-0" start_char="2041">Board</TOKEN>
				<TOKEN end_char="2054" id="token-10-1" start_char="2047">Chairman</TOKEN>
				<TOKEN end_char="2060" id="token-10-2" start_char="2056">Corey</TOKEN>
				<TOKEN end_char="2062" id="token-10-3" start_char="2062">A</TOKEN>
				<TOKEN end_char="2063" id="token-10-4" start_char="2063">.</TOKEN>
				<TOKEN end_char="2071" id="token-10-5" start_char="2065">Stewart</TOKEN>
				<TOKEN end_char="2073" id="token-10-6" start_char="2073">(</TOKEN>
				<TOKEN end_char="2074" id="token-10-7" start_char="2074">R</TOKEN>
				<TOKEN end_char="2075" id="token-10-8" start_char="2075">-</TOKEN>
				<TOKEN end_char="2077" id="token-10-9" start_char="2076">At</TOKEN>
				<TOKEN end_char="2083" id="token-10-10" start_char="2079">Large</TOKEN>
				<TOKEN end_char="2084" id="token-10-11" start_char="2084">)</TOKEN>
				<TOKEN end_char="2089" id="token-10-12" start_char="2086">said</TOKEN>
				<TOKEN end_char="2101" id="token-10-13" start_char="2091">supervisors</TOKEN>
				<TOKEN end_char="2108" id="token-10-14" start_char="2103">should</TOKEN>
				<TOKEN end_char="2116" id="token-10-15" start_char="2110">examine</TOKEN>
				<TOKEN end_char="2120" id="token-10-16" start_char="2118">the</TOKEN>
				<TOKEN end_char="2126" id="token-10-17" start_char="2122">issue</TOKEN>
				<TOKEN end_char="2127" id="token-10-18" start_char="2127">.</TOKEN>
				<TOKEN end_char="2129" id="token-10-19" start_char="2129">“</TOKEN>
				<TOKEN end_char="2130" id="token-10-20" start_char="2130">I</TOKEN>
				<TOKEN end_char="2136" id="token-10-21" start_char="2132">think</TOKEN>
				<TOKEN end_char="2139" id="token-10-22" start_char="2138">we</TOKEN>
				<TOKEN end_char="2145" id="token-10-23" start_char="2141">ought</TOKEN>
				<TOKEN end_char="2148" id="token-10-24" start_char="2147">to</TOKEN>
				<TOKEN end_char="2153" id="token-10-25" start_char="2150">take</TOKEN>
				<TOKEN end_char="2155" id="token-10-26" start_char="2155">a</TOKEN>
				<TOKEN end_char="2160" id="token-10-27" start_char="2157">look</TOKEN>
				<TOKEN end_char="2163" id="token-10-28" start_char="2162">at</TOKEN>
				<TOKEN end_char="2168" id="token-10-29" start_char="2165">this</TOKEN>
				<TOKEN end_char="2175" id="token-10-30" start_char="2170">before</TOKEN>
				<TOKEN end_char="2178" id="token-10-31" start_char="2177">we</TOKEN>
				<TOKEN end_char="2184" id="token-10-32" start_char="2180">start</TOKEN>
				<TOKEN end_char="2193" id="token-10-33" start_char="2186">scraping</TOKEN>
				<TOKEN end_char="2195" id="token-10-34" start_char="2195">[</TOKEN>
				<TOKEN end_char="2198" id="token-10-35" start_char="2196">the</TOKEN>
				<TOKEN end_char="2203" id="token-10-36" start_char="2200">logo</TOKEN>
				<TOKEN end_char="2204" id="token-10-37" start_char="2204">]</TOKEN>
				<TOKEN end_char="2208" id="token-10-38" start_char="2206">off</TOKEN>
				<TOKEN end_char="2217" id="token-10-39" start_char="2210">wherever</TOKEN>
				<TOKEN end_char="2220" id="token-10-40" start_char="2219">it</TOKEN>
				<TOKEN end_char="2223" id="token-10-41" start_char="2222">is</TOKEN>
				<TOKEN end_char="2225" id="token-10-42" start_char="2224">,”</TOKEN>
				<TOKEN end_char="2228" id="token-10-43" start_char="2227">he</TOKEN>
				<TOKEN end_char="2233" id="token-10-44" start_char="2230">said</TOKEN>
				<TOKEN end_char="2234" id="token-10-45" start_char="2234">.</TOKEN>
			</SEG>
			<SEG end_char="2473" id="20130602_WAPO_24c2919c-c3f2-11e2-9fe2-6ee52d0eb7c1-11" start_char="2236">
				<ORIGINAL_TEXT>Grant said county officials were following a 2010 board resolution and report that directed them to implement a marketing plan. The report charges Grant with promulgating and implementing “a unified communications and marketing strategy.”</ORIGINAL_TEXT>
				<TOKEN end_char="2240" id="token-11-0" start_char="2236">Grant</TOKEN>
				<TOKEN end_char="2245" id="token-11-1" start_char="2242">said</TOKEN>
				<TOKEN end_char="2252" id="token-11-2" start_char="2247">county</TOKEN>
				<TOKEN end_char="2262" id="token-11-3" start_char="2254">officials</TOKEN>
				<TOKEN end_char="2267" id="token-11-4" start_char="2264">were</TOKEN>
				<TOKEN end_char="2277" id="token-11-5" start_char="2269">following</TOKEN>
				<TOKEN end_char="2279" id="token-11-6" start_char="2279">a</TOKEN>
				<TOKEN end_char="2284" id="token-11-7" start_char="2281">2010</TOKEN>
				<TOKEN end_char="2290" id="token-11-8" start_char="2286">board</TOKEN>
				<TOKEN end_char="2301" id="token-11-9" start_char="2292">resolution</TOKEN>
				<TOKEN end_char="2305" id="token-11-10" start_char="2303">and</TOKEN>
				<TOKEN end_char="2312" id="token-11-11" start_char="2307">report</TOKEN>
				<TOKEN end_char="2317" id="token-11-12" start_char="2314">that</TOKEN>
				<TOKEN end_char="2326" id="token-11-13" start_char="2319">directed</TOKEN>
				<TOKEN end_char="2331" id="token-11-14" start_char="2328">them</TOKEN>
				<TOKEN end_char="2334" id="token-11-15" start_char="2333">to</TOKEN>
				<TOKEN end_char="2344" id="token-11-16" start_char="2336">implement</TOKEN>
				<TOKEN end_char="2346" id="token-11-17" start_char="2346">a</TOKEN>
				<TOKEN end_char="2356" id="token-11-18" start_char="2348">marketing</TOKEN>
				<TOKEN end_char="2361" id="token-11-19" start_char="2358">plan</TOKEN>
				<TOKEN end_char="2362" id="token-11-20" start_char="2362">.</TOKEN>
				<TOKEN end_char="2366" id="token-11-21" start_char="2364">The</TOKEN>
				<TOKEN end_char="2373" id="token-11-22" start_char="2368">report</TOKEN>
				<TOKEN end_char="2381" id="token-11-23" start_char="2375">charges</TOKEN>
				<TOKEN end_char="2387" id="token-11-24" start_char="2383">Grant</TOKEN>
				<TOKEN end_char="2392" id="token-11-25" start_char="2389">with</TOKEN>
				<TOKEN end_char="2405" id="token-11-26" start_char="2394">promulgating</TOKEN>
				<TOKEN end_char="2409" id="token-11-27" start_char="2407">and</TOKEN>
				<TOKEN end_char="2422" id="token-11-28" start_char="2411">implementing</TOKEN>
				<TOKEN end_char="2424" id="token-11-29" start_char="2424">“</TOKEN>
				<TOKEN end_char="2425" id="token-11-30" start_char="2425">a</TOKEN>
				<TOKEN end_char="2433" id="token-11-31" start_char="2427">unified</TOKEN>
				<TOKEN end_char="2448" id="token-11-32" start_char="2435">communications</TOKEN>
				<TOKEN end_char="2452" id="token-11-33" start_char="2450">and</TOKEN>
				<TOKEN end_char="2462" id="token-11-34" start_char="2454">marketing</TOKEN>
				<TOKEN end_char="2471" id="token-11-35" start_char="2464">strategy</TOKEN>
				<TOKEN end_char="2473" id="token-11-36" start_char="2472">.”</TOKEN>
			</SEG>
			<SEG end_char="2573" id="20130602_WAPO_24c2919c-c3f2-11e2-9fe2-6ee52d0eb7c1-12" start_char="2475">
				<ORIGINAL_TEXT>The logo has worked well so far, said Jeffrey Kaczmarek, the county’s head of economic development.</ORIGINAL_TEXT>
				<TOKEN end_char="2477" id="token-12-0" start_char="2475">The</TOKEN>
				<TOKEN end_char="2482" id="token-12-1" start_char="2479">logo</TOKEN>
				<TOKEN end_char="2486" id="token-12-2" start_char="2484">has</TOKEN>
				<TOKEN end_char="2493" id="token-12-3" start_char="2488">worked</TOKEN>
				<TOKEN end_char="2498" id="token-12-4" start_char="2495">well</TOKEN>
				<TOKEN end_char="2501" id="token-12-5" start_char="2500">so</TOKEN>
				<TOKEN end_char="2505" id="token-12-6" start_char="2503">far</TOKEN>
				<TOKEN end_char="2506" id="token-12-7" start_char="2506">,</TOKEN>
				<TOKEN end_char="2511" id="token-12-8" start_char="2508">said</TOKEN>
				<TOKEN end_char="2519" id="token-12-9" start_char="2513">Jeffrey</TOKEN>
				<TOKEN end_char="2529" id="token-12-10" start_char="2521">Kaczmarek</TOKEN>
				<TOKEN end_char="2530" id="token-12-11" start_char="2530">,</TOKEN>
				<TOKEN end_char="2534" id="token-12-12" start_char="2532">the</TOKEN>
				<TOKEN end_char="2541" id="token-12-13" start_char="2536">county</TOKEN>
				<TOKEN end_char="2542" id="token-12-14" start_char="2542">’</TOKEN>
				<TOKEN end_char="2543" id="token-12-15" start_char="2543">s</TOKEN>
				<TOKEN end_char="2548" id="token-12-16" start_char="2545">head</TOKEN>
				<TOKEN end_char="2551" id="token-12-17" start_char="2550">of</TOKEN>
				<TOKEN end_char="2560" id="token-12-18" start_char="2553">economic</TOKEN>
				<TOKEN end_char="2572" id="token-12-19" start_char="2562">development</TOKEN>
				<TOKEN end_char="2573" id="token-12-20" start_char="2573">.</TOKEN>
			</SEG>
			<SEG end_char="2853" id="20130602_WAPO_24c2919c-c3f2-11e2-9fe2-6ee52d0eb7c1-13" start_char="2575">
				<ORIGINAL_TEXT>“We think it’s clean, crisp. It’s adaptable in a lot of different things we do,” Kaczmarek said. “It’s great, and it’s worked very well for us. We’ve gotten very good feedback from those who have seen it. We think ours stands up very well against what our competitors are doing.”</ORIGINAL_TEXT>
				<TOKEN end_char="2575" id="token-13-0" start_char="2575">“</TOKEN>
				<TOKEN end_char="2577" id="token-13-1" start_char="2576">We</TOKEN>
				<TOKEN end_char="2583" id="token-13-2" start_char="2579">think</TOKEN>
				<TOKEN end_char="2586" id="token-13-3" start_char="2585">it</TOKEN>
				<TOKEN end_char="2587" id="token-13-4" start_char="2587">’</TOKEN>
				<TOKEN end_char="2588" id="token-13-5" start_char="2588">s</TOKEN>
				<TOKEN end_char="2594" id="token-13-6" start_char="2590">clean</TOKEN>
				<TOKEN end_char="2595" id="token-13-7" start_char="2595">,</TOKEN>
				<TOKEN end_char="2601" id="token-13-8" start_char="2597">crisp</TOKEN>
				<TOKEN end_char="2602" id="token-13-9" start_char="2602">.</TOKEN>
				<TOKEN end_char="2605" id="token-13-10" start_char="2604">It</TOKEN>
				<TOKEN end_char="2606" id="token-13-11" start_char="2606">’</TOKEN>
				<TOKEN end_char="2607" id="token-13-12" start_char="2607">s</TOKEN>
				<TOKEN end_char="2617" id="token-13-13" start_char="2609">adaptable</TOKEN>
				<TOKEN end_char="2620" id="token-13-14" start_char="2619">in</TOKEN>
				<TOKEN end_char="2622" id="token-13-15" start_char="2622">a</TOKEN>
				<TOKEN end_char="2626" id="token-13-16" start_char="2624">lot</TOKEN>
				<TOKEN end_char="2629" id="token-13-17" start_char="2628">of</TOKEN>
				<TOKEN end_char="2639" id="token-13-18" start_char="2631">different</TOKEN>
				<TOKEN end_char="2646" id="token-13-19" start_char="2641">things</TOKEN>
				<TOKEN end_char="2649" id="token-13-20" start_char="2648">we</TOKEN>
				<TOKEN end_char="2652" id="token-13-21" start_char="2651">do</TOKEN>
				<TOKEN end_char="2654" id="token-13-22" start_char="2653">,”</TOKEN>
				<TOKEN end_char="2664" id="token-13-23" start_char="2656">Kaczmarek</TOKEN>
				<TOKEN end_char="2669" id="token-13-24" start_char="2666">said</TOKEN>
				<TOKEN end_char="2670" id="token-13-25" start_char="2670">.</TOKEN>
				<TOKEN end_char="2672" id="token-13-26" start_char="2672">“</TOKEN>
				<TOKEN end_char="2674" id="token-13-27" start_char="2673">It</TOKEN>
				<TOKEN end_char="2675" id="token-13-28" start_char="2675">’</TOKEN>
				<TOKEN end_char="2676" id="token-13-29" start_char="2676">s</TOKEN>
				<TOKEN end_char="2682" id="token-13-30" start_char="2678">great</TOKEN>
				<TOKEN end_char="2683" id="token-13-31" start_char="2683">,</TOKEN>
				<TOKEN end_char="2687" id="token-13-32" start_char="2685">and</TOKEN>
				<TOKEN end_char="2690" id="token-13-33" start_char="2689">it</TOKEN>
				<TOKEN end_char="2691" id="token-13-34" start_char="2691">’</TOKEN>
				<TOKEN end_char="2692" id="token-13-35" start_char="2692">s</TOKEN>
				<TOKEN end_char="2699" id="token-13-36" start_char="2694">worked</TOKEN>
				<TOKEN end_char="2704" id="token-13-37" start_char="2701">very</TOKEN>
				<TOKEN end_char="2709" id="token-13-38" start_char="2706">well</TOKEN>
				<TOKEN end_char="2713" id="token-13-39" start_char="2711">for</TOKEN>
				<TOKEN end_char="2716" id="token-13-40" start_char="2715">us</TOKEN>
				<TOKEN end_char="2717" id="token-13-41" start_char="2717">.</TOKEN>
				<TOKEN end_char="2720" id="token-13-42" start_char="2719">We</TOKEN>
				<TOKEN end_char="2721" id="token-13-43" start_char="2721">’</TOKEN>
				<TOKEN end_char="2723" id="token-13-44" start_char="2722">ve</TOKEN>
				<TOKEN end_char="2730" id="token-13-45" start_char="2725">gotten</TOKEN>
				<TOKEN end_char="2735" id="token-13-46" start_char="2732">very</TOKEN>
				<TOKEN end_char="2740" id="token-13-47" start_char="2737">good</TOKEN>
				<TOKEN end_char="2749" id="token-13-48" start_char="2742">feedback</TOKEN>
				<TOKEN end_char="2754" id="token-13-49" start_char="2751">from</TOKEN>
				<TOKEN end_char="2760" id="token-13-50" start_char="2756">those</TOKEN>
				<TOKEN end_char="2764" id="token-13-51" start_char="2762">who</TOKEN>
				<TOKEN end_char="2769" id="token-13-52" start_char="2766">have</TOKEN>
				<TOKEN end_char="2774" id="token-13-53" start_char="2771">seen</TOKEN>
				<TOKEN end_char="2777" id="token-13-54" start_char="2776">it</TOKEN>
				<TOKEN end_char="2778" id="token-13-55" start_char="2778">.</TOKEN>
				<TOKEN end_char="2781" id="token-13-56" start_char="2780">We</TOKEN>
				<TOKEN end_char="2787" id="token-13-57" start_char="2783">think</TOKEN>
				<TOKEN end_char="2792" id="token-13-58" start_char="2789">ours</TOKEN>
				<TOKEN end_char="2799" id="token-13-59" start_char="2794">stands</TOKEN>
				<TOKEN end_char="2802" id="token-13-60" start_char="2801">up</TOKEN>
				<TOKEN end_char="2807" id="token-13-61" start_char="2804">very</TOKEN>
				<TOKEN end_char="2812" id="token-13-62" start_char="2809">well</TOKEN>
				<TOKEN end_char="2820" id="token-13-63" start_char="2814">against</TOKEN>
				<TOKEN end_char="2825" id="token-13-64" start_char="2822">what</TOKEN>
				<TOKEN end_char="2829" id="token-13-65" start_char="2827">our</TOKEN>
				<TOKEN end_char="2841" id="token-13-66" start_char="2831">competitors</TOKEN>
				<TOKEN end_char="2845" id="token-13-67" start_char="2843">are</TOKEN>
				<TOKEN end_char="2851" id="token-13-68" start_char="2847">doing</TOKEN>
				<TOKEN end_char="2853" id="token-13-69" start_char="2852">.”</TOKEN>
			</SEG>
			<SEG end_char="2926" id="20130602_WAPO_24c2919c-c3f2-11e2-9fe2-6ee52d0eb7c1-14" start_char="2855">
				<ORIGINAL_TEXT>Supervisors plan to take up the marketing plan at their meeting Tuesday.</ORIGINAL_TEXT>
				<TOKEN end_char="2865" id="token-14-0" start_char="2855">Supervisors</TOKEN>
				<TOKEN end_char="2870" id="token-14-1" start_char="2867">plan</TOKEN>
				<TOKEN end_char="2873" id="token-14-2" start_char="2872">to</TOKEN>
				<TOKEN end_char="2878" id="token-14-3" start_char="2875">take</TOKEN>
				<TOKEN end_char="2881" id="token-14-4" start_char="2880">up</TOKEN>
				<TOKEN end_char="2885" id="token-14-5" start_char="2883">the</TOKEN>
				<TOKEN end_char="2895" id="token-14-6" start_char="2887">marketing</TOKEN>
				<TOKEN end_char="2900" id="token-14-7" start_char="2897">plan</TOKEN>
				<TOKEN end_char="2903" id="token-14-8" start_char="2902">at</TOKEN>
				<TOKEN end_char="2909" id="token-14-9" start_char="2905">their</TOKEN>
				<TOKEN end_char="2917" id="token-14-10" start_char="2911">meeting</TOKEN>
				<TOKEN end_char="2925" id="token-14-11" start_char="2919">Tuesday</TOKEN>
				<TOKEN end_char="2926" id="token-14-12" start_char="2926">.</TOKEN>
			</SEG>
		</TEXT>
	</DOC>
</LCTL_TEXT>
