<?xml version="1.0" encoding="utf-8"?>
<LCTL_TEXT>
	<DOC id="20130327_WAPO_152a70f6-96cf-11e2-814b-063623d80a60">
		<TEXT>
			<SEG end_char="56" id="20130327_WAPO_152a70f6-96cf-11e2-814b-063623d80a60-0" start_char="0">
				<ORIGINAL_TEXT>Chinese military denies damaging Vietnamese boat in clash</ORIGINAL_TEXT>
				<TOKEN end_char="6" id="token-0-0" start_char="0">Chinese</TOKEN>
				<TOKEN end_char="15" id="token-0-1" start_char="8">military</TOKEN>
				<TOKEN end_char="22" id="token-0-2" start_char="17">denies</TOKEN>
				<TOKEN end_char="31" id="token-0-3" start_char="24">damaging</TOKEN>
				<TOKEN end_char="42" id="token-0-4" start_char="33">Vietnamese</TOKEN>
				<TOKEN end_char="47" id="token-0-5" start_char="44">boat</TOKEN>
				<TOKEN end_char="50" id="token-0-6" start_char="49">in</TOKEN>
				<TOKEN end_char="56" id="token-0-7" start_char="52">clash</TOKEN>
			</SEG>
			<SEG end_char="101" id="20130327_WAPO_152a70f6-96cf-11e2-814b-063623d80a60-1" start_char="58">
				<ORIGINAL_TEXT>Wednesday, March 27, 2013 07:38:00 GMT-05:00</ORIGINAL_TEXT>
				<TOKEN end_char="66" id="token-1-0" start_char="58">Wednesday</TOKEN>
				<TOKEN end_char="67" id="token-1-1" start_char="67">,</TOKEN>
				<TOKEN end_char="73" id="token-1-2" start_char="69">March</TOKEN>
				<TOKEN end_char="76" id="token-1-3" start_char="75">27</TOKEN>
				<TOKEN end_char="77" id="token-1-4" start_char="77">,</TOKEN>
				<TOKEN end_char="82" id="token-1-5" start_char="79">2013</TOKEN>
				<TOKEN end_char="85" id="token-1-6" start_char="84">07</TOKEN>
				<TOKEN end_char="86" id="token-1-7" start_char="86">:</TOKEN>
				<TOKEN end_char="88" id="token-1-8" start_char="87">38</TOKEN>
				<TOKEN end_char="89" id="token-1-9" start_char="89">:</TOKEN>
				<TOKEN end_char="91" id="token-1-10" start_char="90">00</TOKEN>
				<TOKEN end_char="95" id="token-1-11" start_char="93">GMT</TOKEN>
				<TOKEN end_char="96" id="token-1-12" start_char="96">-</TOKEN>
				<TOKEN end_char="98" id="token-1-13" start_char="97">05</TOKEN>
				<TOKEN end_char="99" id="token-1-14" start_char="99">:</TOKEN>
				<TOKEN end_char="101" id="token-1-15" start_char="100">00</TOKEN>
			</SEG>
			<SEG end_char="407" id="20130327_WAPO_152a70f6-96cf-11e2-814b-063623d80a60-2" start_char="103">
				<ORIGINAL_TEXT>BEIJING — After a week of acrimonious accusations between China and Vietnam, the Chinese military has admitted that one of its ships fired at a Vietnamese fishing boat, although it insisted that only flares were shot and that Vietnam’s claims of fire damage to the fishing boat were a “sheer fabrication.”</ORIGINAL_TEXT>
				<TOKEN end_char="109" id="token-2-0" start_char="103">BEIJING</TOKEN>
				<TOKEN end_char="111" id="token-2-1" start_char="111">—</TOKEN>
				<TOKEN end_char="117" id="token-2-2" start_char="113">After</TOKEN>
				<TOKEN end_char="119" id="token-2-3" start_char="119">a</TOKEN>
				<TOKEN end_char="124" id="token-2-4" start_char="121">week</TOKEN>
				<TOKEN end_char="127" id="token-2-5" start_char="126">of</TOKEN>
				<TOKEN end_char="139" id="token-2-6" start_char="129">acrimonious</TOKEN>
				<TOKEN end_char="151" id="token-2-7" start_char="141">accusations</TOKEN>
				<TOKEN end_char="159" id="token-2-8" start_char="153">between</TOKEN>
				<TOKEN end_char="165" id="token-2-9" start_char="161">China</TOKEN>
				<TOKEN end_char="169" id="token-2-10" start_char="167">and</TOKEN>
				<TOKEN end_char="177" id="token-2-11" start_char="171">Vietnam</TOKEN>
				<TOKEN end_char="178" id="token-2-12" start_char="178">,</TOKEN>
				<TOKEN end_char="182" id="token-2-13" start_char="180">the</TOKEN>
				<TOKEN end_char="190" id="token-2-14" start_char="184">Chinese</TOKEN>
				<TOKEN end_char="199" id="token-2-15" start_char="192">military</TOKEN>
				<TOKEN end_char="203" id="token-2-16" start_char="201">has</TOKEN>
				<TOKEN end_char="212" id="token-2-17" start_char="205">admitted</TOKEN>
				<TOKEN end_char="217" id="token-2-18" start_char="214">that</TOKEN>
				<TOKEN end_char="221" id="token-2-19" start_char="219">one</TOKEN>
				<TOKEN end_char="224" id="token-2-20" start_char="223">of</TOKEN>
				<TOKEN end_char="228" id="token-2-21" start_char="226">its</TOKEN>
				<TOKEN end_char="234" id="token-2-22" start_char="230">ships</TOKEN>
				<TOKEN end_char="240" id="token-2-23" start_char="236">fired</TOKEN>
				<TOKEN end_char="243" id="token-2-24" start_char="242">at</TOKEN>
				<TOKEN end_char="245" id="token-2-25" start_char="245">a</TOKEN>
				<TOKEN end_char="256" id="token-2-26" start_char="247">Vietnamese</TOKEN>
				<TOKEN end_char="264" id="token-2-27" start_char="258">fishing</TOKEN>
				<TOKEN end_char="269" id="token-2-28" start_char="266">boat</TOKEN>
				<TOKEN end_char="270" id="token-2-29" start_char="270">,</TOKEN>
				<TOKEN end_char="279" id="token-2-30" start_char="272">although</TOKEN>
				<TOKEN end_char="282" id="token-2-31" start_char="281">it</TOKEN>
				<TOKEN end_char="291" id="token-2-32" start_char="284">insisted</TOKEN>
				<TOKEN end_char="296" id="token-2-33" start_char="293">that</TOKEN>
				<TOKEN end_char="301" id="token-2-34" start_char="298">only</TOKEN>
				<TOKEN end_char="308" id="token-2-35" start_char="303">flares</TOKEN>
				<TOKEN end_char="313" id="token-2-36" start_char="310">were</TOKEN>
				<TOKEN end_char="318" id="token-2-37" start_char="315">shot</TOKEN>
				<TOKEN end_char="322" id="token-2-38" start_char="320">and</TOKEN>
				<TOKEN end_char="327" id="token-2-39" start_char="324">that</TOKEN>
				<TOKEN end_char="335" id="token-2-40" start_char="329">Vietnam</TOKEN>
				<TOKEN end_char="336" id="token-2-41" start_char="336">’</TOKEN>
				<TOKEN end_char="337" id="token-2-42" start_char="337">s</TOKEN>
				<TOKEN end_char="344" id="token-2-43" start_char="339">claims</TOKEN>
				<TOKEN end_char="347" id="token-2-44" start_char="346">of</TOKEN>
				<TOKEN end_char="352" id="token-2-45" start_char="349">fire</TOKEN>
				<TOKEN end_char="359" id="token-2-46" start_char="354">damage</TOKEN>
				<TOKEN end_char="362" id="token-2-47" start_char="361">to</TOKEN>
				<TOKEN end_char="366" id="token-2-48" start_char="364">the</TOKEN>
				<TOKEN end_char="374" id="token-2-49" start_char="368">fishing</TOKEN>
				<TOKEN end_char="379" id="token-2-50" start_char="376">boat</TOKEN>
				<TOKEN end_char="384" id="token-2-51" start_char="381">were</TOKEN>
				<TOKEN end_char="386" id="token-2-52" start_char="386">a</TOKEN>
				<TOKEN end_char="388" id="token-2-53" start_char="388">“</TOKEN>
				<TOKEN end_char="393" id="token-2-54" start_char="389">sheer</TOKEN>
				<TOKEN end_char="405" id="token-2-55" start_char="395">fabrication</TOKEN>
				<TOKEN end_char="407" id="token-2-56" start_char="406">.”</TOKEN>
			</SEG>
			<SEG end_char="864" id="20130327_WAPO_152a70f6-96cf-11e2-814b-063623d80a60-3" start_char="409">
				<ORIGINAL_TEXT>The altercation and angry rhetoric are just the latest in a string of maritime clashes over territory between China and many of its neighbors. But at their worst, such run-ins have consisted of boats ramming each other, the use of water cannons and the arrests of fishermen, and they have rarely escalated to the firing of shots. The clash and the prolonged trading of barbs for days afterward point to a worsening rift between the two communist countries.</ORIGINAL_TEXT>
				<TOKEN end_char="411" id="token-3-0" start_char="409">The</TOKEN>
				<TOKEN end_char="423" id="token-3-1" start_char="413">altercation</TOKEN>
				<TOKEN end_char="427" id="token-3-2" start_char="425">and</TOKEN>
				<TOKEN end_char="433" id="token-3-3" start_char="429">angry</TOKEN>
				<TOKEN end_char="442" id="token-3-4" start_char="435">rhetoric</TOKEN>
				<TOKEN end_char="446" id="token-3-5" start_char="444">are</TOKEN>
				<TOKEN end_char="451" id="token-3-6" start_char="448">just</TOKEN>
				<TOKEN end_char="455" id="token-3-7" start_char="453">the</TOKEN>
				<TOKEN end_char="462" id="token-3-8" start_char="457">latest</TOKEN>
				<TOKEN end_char="465" id="token-3-9" start_char="464">in</TOKEN>
				<TOKEN end_char="467" id="token-3-10" start_char="467">a</TOKEN>
				<TOKEN end_char="474" id="token-3-11" start_char="469">string</TOKEN>
				<TOKEN end_char="477" id="token-3-12" start_char="476">of</TOKEN>
				<TOKEN end_char="486" id="token-3-13" start_char="479">maritime</TOKEN>
				<TOKEN end_char="494" id="token-3-14" start_char="488">clashes</TOKEN>
				<TOKEN end_char="499" id="token-3-15" start_char="496">over</TOKEN>
				<TOKEN end_char="509" id="token-3-16" start_char="501">territory</TOKEN>
				<TOKEN end_char="517" id="token-3-17" start_char="511">between</TOKEN>
				<TOKEN end_char="523" id="token-3-18" start_char="519">China</TOKEN>
				<TOKEN end_char="527" id="token-3-19" start_char="525">and</TOKEN>
				<TOKEN end_char="532" id="token-3-20" start_char="529">many</TOKEN>
				<TOKEN end_char="535" id="token-3-21" start_char="534">of</TOKEN>
				<TOKEN end_char="539" id="token-3-22" start_char="537">its</TOKEN>
				<TOKEN end_char="549" id="token-3-23" start_char="541">neighbors</TOKEN>
				<TOKEN end_char="550" id="token-3-24" start_char="550">.</TOKEN>
				<TOKEN end_char="554" id="token-3-25" start_char="552">But</TOKEN>
				<TOKEN end_char="557" id="token-3-26" start_char="556">at</TOKEN>
				<TOKEN end_char="563" id="token-3-27" start_char="559">their</TOKEN>
				<TOKEN end_char="569" id="token-3-28" start_char="565">worst</TOKEN>
				<TOKEN end_char="570" id="token-3-29" start_char="570">,</TOKEN>
				<TOKEN end_char="575" id="token-3-30" start_char="572">such</TOKEN>
				<TOKEN end_char="579" id="token-3-31" start_char="577">run</TOKEN>
				<TOKEN end_char="580" id="token-3-32" start_char="580">-</TOKEN>
				<TOKEN end_char="583" id="token-3-33" start_char="581">ins</TOKEN>
				<TOKEN end_char="588" id="token-3-34" start_char="585">have</TOKEN>
				<TOKEN end_char="598" id="token-3-35" start_char="590">consisted</TOKEN>
				<TOKEN end_char="601" id="token-3-36" start_char="600">of</TOKEN>
				<TOKEN end_char="607" id="token-3-37" start_char="603">boats</TOKEN>
				<TOKEN end_char="615" id="token-3-38" start_char="609">ramming</TOKEN>
				<TOKEN end_char="620" id="token-3-39" start_char="617">each</TOKEN>
				<TOKEN end_char="626" id="token-3-40" start_char="622">other</TOKEN>
				<TOKEN end_char="627" id="token-3-41" start_char="627">,</TOKEN>
				<TOKEN end_char="631" id="token-3-42" start_char="629">the</TOKEN>
				<TOKEN end_char="635" id="token-3-43" start_char="633">use</TOKEN>
				<TOKEN end_char="638" id="token-3-44" start_char="637">of</TOKEN>
				<TOKEN end_char="644" id="token-3-45" start_char="640">water</TOKEN>
				<TOKEN end_char="652" id="token-3-46" start_char="646">cannons</TOKEN>
				<TOKEN end_char="656" id="token-3-47" start_char="654">and</TOKEN>
				<TOKEN end_char="660" id="token-3-48" start_char="658">the</TOKEN>
				<TOKEN end_char="668" id="token-3-49" start_char="662">arrests</TOKEN>
				<TOKEN end_char="671" id="token-3-50" start_char="670">of</TOKEN>
				<TOKEN end_char="681" id="token-3-51" start_char="673">fishermen</TOKEN>
				<TOKEN end_char="682" id="token-3-52" start_char="682">,</TOKEN>
				<TOKEN end_char="686" id="token-3-53" start_char="684">and</TOKEN>
				<TOKEN end_char="691" id="token-3-54" start_char="688">they</TOKEN>
				<TOKEN end_char="696" id="token-3-55" start_char="693">have</TOKEN>
				<TOKEN end_char="703" id="token-3-56" start_char="698">rarely</TOKEN>
				<TOKEN end_char="713" id="token-3-57" start_char="705">escalated</TOKEN>
				<TOKEN end_char="716" id="token-3-58" start_char="715">to</TOKEN>
				<TOKEN end_char="720" id="token-3-59" start_char="718">the</TOKEN>
				<TOKEN end_char="727" id="token-3-60" start_char="722">firing</TOKEN>
				<TOKEN end_char="730" id="token-3-61" start_char="729">of</TOKEN>
				<TOKEN end_char="736" id="token-3-62" start_char="732">shots</TOKEN>
				<TOKEN end_char="737" id="token-3-63" start_char="737">.</TOKEN>
				<TOKEN end_char="741" id="token-3-64" start_char="739">The</TOKEN>
				<TOKEN end_char="747" id="token-3-65" start_char="743">clash</TOKEN>
				<TOKEN end_char="751" id="token-3-66" start_char="749">and</TOKEN>
				<TOKEN end_char="755" id="token-3-67" start_char="753">the</TOKEN>
				<TOKEN end_char="765" id="token-3-68" start_char="757">prolonged</TOKEN>
				<TOKEN end_char="773" id="token-3-69" start_char="767">trading</TOKEN>
				<TOKEN end_char="776" id="token-3-70" start_char="775">of</TOKEN>
				<TOKEN end_char="782" id="token-3-71" start_char="778">barbs</TOKEN>
				<TOKEN end_char="786" id="token-3-72" start_char="784">for</TOKEN>
				<TOKEN end_char="791" id="token-3-73" start_char="788">days</TOKEN>
				<TOKEN end_char="801" id="token-3-74" start_char="793">afterward</TOKEN>
				<TOKEN end_char="807" id="token-3-75" start_char="803">point</TOKEN>
				<TOKEN end_char="810" id="token-3-76" start_char="809">to</TOKEN>
				<TOKEN end_char="812" id="token-3-77" start_char="812">a</TOKEN>
				<TOKEN end_char="822" id="token-3-78" start_char="814">worsening</TOKEN>
				<TOKEN end_char="827" id="token-3-79" start_char="824">rift</TOKEN>
				<TOKEN end_char="835" id="token-3-80" start_char="829">between</TOKEN>
				<TOKEN end_char="839" id="token-3-81" start_char="837">the</TOKEN>
				<TOKEN end_char="843" id="token-3-82" start_char="841">two</TOKEN>
				<TOKEN end_char="853" id="token-3-83" start_char="845">communist</TOKEN>
				<TOKEN end_char="863" id="token-3-84" start_char="855">countries</TOKEN>
				<TOKEN end_char="864" id="token-3-85" start_char="864">.</TOKEN>
			</SEG>
			<SEG end_char="1138" id="20130327_WAPO_152a70f6-96cf-11e2-814b-063623d80a60-4" start_char="866">
				<ORIGINAL_TEXT>Vietnamese leaders say the fishing boat was near the disputed Paracel Islands on March 20 when the Chinese vessel began to chase it. The crew of the Vietnamese boat told local news media that the Chinese ship fired at their boat four to five times and set its cabin ablaze.</ORIGINAL_TEXT>
				<TOKEN end_char="875" id="token-4-0" start_char="866">Vietnamese</TOKEN>
				<TOKEN end_char="883" id="token-4-1" start_char="877">leaders</TOKEN>
				<TOKEN end_char="887" id="token-4-2" start_char="885">say</TOKEN>
				<TOKEN end_char="891" id="token-4-3" start_char="889">the</TOKEN>
				<TOKEN end_char="899" id="token-4-4" start_char="893">fishing</TOKEN>
				<TOKEN end_char="904" id="token-4-5" start_char="901">boat</TOKEN>
				<TOKEN end_char="908" id="token-4-6" start_char="906">was</TOKEN>
				<TOKEN end_char="913" id="token-4-7" start_char="910">near</TOKEN>
				<TOKEN end_char="917" id="token-4-8" start_char="915">the</TOKEN>
				<TOKEN end_char="926" id="token-4-9" start_char="919">disputed</TOKEN>
				<TOKEN end_char="934" id="token-4-10" start_char="928">Paracel</TOKEN>
				<TOKEN end_char="942" id="token-4-11" start_char="936">Islands</TOKEN>
				<TOKEN end_char="945" id="token-4-12" start_char="944">on</TOKEN>
				<TOKEN end_char="951" id="token-4-13" start_char="947">March</TOKEN>
				<TOKEN end_char="954" id="token-4-14" start_char="953">20</TOKEN>
				<TOKEN end_char="959" id="token-4-15" start_char="956">when</TOKEN>
				<TOKEN end_char="963" id="token-4-16" start_char="961">the</TOKEN>
				<TOKEN end_char="971" id="token-4-17" start_char="965">Chinese</TOKEN>
				<TOKEN end_char="978" id="token-4-18" start_char="973">vessel</TOKEN>
				<TOKEN end_char="984" id="token-4-19" start_char="980">began</TOKEN>
				<TOKEN end_char="987" id="token-4-20" start_char="986">to</TOKEN>
				<TOKEN end_char="993" id="token-4-21" start_char="989">chase</TOKEN>
				<TOKEN end_char="996" id="token-4-22" start_char="995">it</TOKEN>
				<TOKEN end_char="997" id="token-4-23" start_char="997">.</TOKEN>
				<TOKEN end_char="1001" id="token-4-24" start_char="999">The</TOKEN>
				<TOKEN end_char="1006" id="token-4-25" start_char="1003">crew</TOKEN>
				<TOKEN end_char="1009" id="token-4-26" start_char="1008">of</TOKEN>
				<TOKEN end_char="1013" id="token-4-27" start_char="1011">the</TOKEN>
				<TOKEN end_char="1024" id="token-4-28" start_char="1015">Vietnamese</TOKEN>
				<TOKEN end_char="1029" id="token-4-29" start_char="1026">boat</TOKEN>
				<TOKEN end_char="1034" id="token-4-30" start_char="1031">told</TOKEN>
				<TOKEN end_char="1040" id="token-4-31" start_char="1036">local</TOKEN>
				<TOKEN end_char="1045" id="token-4-32" start_char="1042">news</TOKEN>
				<TOKEN end_char="1051" id="token-4-33" start_char="1047">media</TOKEN>
				<TOKEN end_char="1056" id="token-4-34" start_char="1053">that</TOKEN>
				<TOKEN end_char="1060" id="token-4-35" start_char="1058">the</TOKEN>
				<TOKEN end_char="1068" id="token-4-36" start_char="1062">Chinese</TOKEN>
				<TOKEN end_char="1073" id="token-4-37" start_char="1070">ship</TOKEN>
				<TOKEN end_char="1079" id="token-4-38" start_char="1075">fired</TOKEN>
				<TOKEN end_char="1082" id="token-4-39" start_char="1081">at</TOKEN>
				<TOKEN end_char="1088" id="token-4-40" start_char="1084">their</TOKEN>
				<TOKEN end_char="1093" id="token-4-41" start_char="1090">boat</TOKEN>
				<TOKEN end_char="1098" id="token-4-42" start_char="1095">four</TOKEN>
				<TOKEN end_char="1101" id="token-4-43" start_char="1100">to</TOKEN>
				<TOKEN end_char="1106" id="token-4-44" start_char="1103">five</TOKEN>
				<TOKEN end_char="1112" id="token-4-45" start_char="1108">times</TOKEN>
				<TOKEN end_char="1116" id="token-4-46" start_char="1114">and</TOKEN>
				<TOKEN end_char="1120" id="token-4-47" start_char="1118">set</TOKEN>
				<TOKEN end_char="1124" id="token-4-48" start_char="1122">its</TOKEN>
				<TOKEN end_char="1130" id="token-4-49" start_char="1126">cabin</TOKEN>
				<TOKEN end_char="1137" id="token-4-50" start_char="1132">ablaze</TOKEN>
				<TOKEN end_char="1138" id="token-4-51" start_char="1138">.</TOKEN>
			</SEG>
			<SEG end_char="1328" id="20130327_WAPO_152a70f6-96cf-11e2-814b-063623d80a60-5" start_char="1140">
				<ORIGINAL_TEXT>Vietnamese officials called the incident serious and life-threatening. Vietnam lodged a complaint with the Chinese Embassy in Hanoi and insisted that China pay reparations to the fishermen.</ORIGINAL_TEXT>
				<TOKEN end_char="1149" id="token-5-0" start_char="1140">Vietnamese</TOKEN>
				<TOKEN end_char="1159" id="token-5-1" start_char="1151">officials</TOKEN>
				<TOKEN end_char="1166" id="token-5-2" start_char="1161">called</TOKEN>
				<TOKEN end_char="1170" id="token-5-3" start_char="1168">the</TOKEN>
				<TOKEN end_char="1179" id="token-5-4" start_char="1172">incident</TOKEN>
				<TOKEN end_char="1187" id="token-5-5" start_char="1181">serious</TOKEN>
				<TOKEN end_char="1191" id="token-5-6" start_char="1189">and</TOKEN>
				<TOKEN end_char="1196" id="token-5-7" start_char="1193">life</TOKEN>
				<TOKEN end_char="1197" id="token-5-8" start_char="1197">-</TOKEN>
				<TOKEN end_char="1208" id="token-5-9" start_char="1198">threatening</TOKEN>
				<TOKEN end_char="1209" id="token-5-10" start_char="1209">.</TOKEN>
				<TOKEN end_char="1217" id="token-5-11" start_char="1211">Vietnam</TOKEN>
				<TOKEN end_char="1224" id="token-5-12" start_char="1219">lodged</TOKEN>
				<TOKEN end_char="1226" id="token-5-13" start_char="1226">a</TOKEN>
				<TOKEN end_char="1236" id="token-5-14" start_char="1228">complaint</TOKEN>
				<TOKEN end_char="1241" id="token-5-15" start_char="1238">with</TOKEN>
				<TOKEN end_char="1245" id="token-5-16" start_char="1243">the</TOKEN>
				<TOKEN end_char="1253" id="token-5-17" start_char="1247">Chinese</TOKEN>
				<TOKEN end_char="1261" id="token-5-18" start_char="1255">Embassy</TOKEN>
				<TOKEN end_char="1264" id="token-5-19" start_char="1263">in</TOKEN>
				<TOKEN end_char="1270" id="token-5-20" start_char="1266">Hanoi</TOKEN>
				<TOKEN end_char="1274" id="token-5-21" start_char="1272">and</TOKEN>
				<TOKEN end_char="1283" id="token-5-22" start_char="1276">insisted</TOKEN>
				<TOKEN end_char="1288" id="token-5-23" start_char="1285">that</TOKEN>
				<TOKEN end_char="1294" id="token-5-24" start_char="1290">China</TOKEN>
				<TOKEN end_char="1298" id="token-5-25" start_char="1296">pay</TOKEN>
				<TOKEN end_char="1310" id="token-5-26" start_char="1300">reparations</TOKEN>
				<TOKEN end_char="1313" id="token-5-27" start_char="1312">to</TOKEN>
				<TOKEN end_char="1317" id="token-5-28" start_char="1315">the</TOKEN>
				<TOKEN end_char="1327" id="token-5-29" start_char="1319">fishermen</TOKEN>
				<TOKEN end_char="1328" id="token-5-30" start_char="1328">.</TOKEN>
			</SEG>
			<SEG end_char="1766" id="20130327_WAPO_152a70f6-96cf-11e2-814b-063623d80a60-6" start_char="1330">
				<ORIGINAL_TEXT>After a week of silence, China’s Defense Ministry posted a statement late Tuesday on its Web site justifying the Chinese actions. The ministry said that the Vietnamese boats “illegally” entered Chinese waters and that a Chinese patrol vessel tried to warn the fishing boat with whistles, shouts and hand-flag signals. When those failed, the Chinese naval crew fired two red flares, both of which burned out in the air, the ministry said.</ORIGINAL_TEXT>
				<TOKEN end_char="1334" id="token-6-0" start_char="1330">After</TOKEN>
				<TOKEN end_char="1336" id="token-6-1" start_char="1336">a</TOKEN>
				<TOKEN end_char="1341" id="token-6-2" start_char="1338">week</TOKEN>
				<TOKEN end_char="1344" id="token-6-3" start_char="1343">of</TOKEN>
				<TOKEN end_char="1352" id="token-6-4" start_char="1346">silence</TOKEN>
				<TOKEN end_char="1353" id="token-6-5" start_char="1353">,</TOKEN>
				<TOKEN end_char="1359" id="token-6-6" start_char="1355">China</TOKEN>
				<TOKEN end_char="1360" id="token-6-7" start_char="1360">’</TOKEN>
				<TOKEN end_char="1361" id="token-6-8" start_char="1361">s</TOKEN>
				<TOKEN end_char="1369" id="token-6-9" start_char="1363">Defense</TOKEN>
				<TOKEN end_char="1378" id="token-6-10" start_char="1371">Ministry</TOKEN>
				<TOKEN end_char="1385" id="token-6-11" start_char="1380">posted</TOKEN>
				<TOKEN end_char="1387" id="token-6-12" start_char="1387">a</TOKEN>
				<TOKEN end_char="1397" id="token-6-13" start_char="1389">statement</TOKEN>
				<TOKEN end_char="1402" id="token-6-14" start_char="1399">late</TOKEN>
				<TOKEN end_char="1410" id="token-6-15" start_char="1404">Tuesday</TOKEN>
				<TOKEN end_char="1413" id="token-6-16" start_char="1412">on</TOKEN>
				<TOKEN end_char="1417" id="token-6-17" start_char="1415">its</TOKEN>
				<TOKEN end_char="1421" id="token-6-18" start_char="1419">Web</TOKEN>
				<TOKEN end_char="1426" id="token-6-19" start_char="1423">site</TOKEN>
				<TOKEN end_char="1437" id="token-6-20" start_char="1428">justifying</TOKEN>
				<TOKEN end_char="1441" id="token-6-21" start_char="1439">the</TOKEN>
				<TOKEN end_char="1449" id="token-6-22" start_char="1443">Chinese</TOKEN>
				<TOKEN end_char="1457" id="token-6-23" start_char="1451">actions</TOKEN>
				<TOKEN end_char="1458" id="token-6-24" start_char="1458">.</TOKEN>
				<TOKEN end_char="1462" id="token-6-25" start_char="1460">The</TOKEN>
				<TOKEN end_char="1471" id="token-6-26" start_char="1464">ministry</TOKEN>
				<TOKEN end_char="1476" id="token-6-27" start_char="1473">said</TOKEN>
				<TOKEN end_char="1481" id="token-6-28" start_char="1478">that</TOKEN>
				<TOKEN end_char="1485" id="token-6-29" start_char="1483">the</TOKEN>
				<TOKEN end_char="1496" id="token-6-30" start_char="1487">Vietnamese</TOKEN>
				<TOKEN end_char="1502" id="token-6-31" start_char="1498">boats</TOKEN>
				<TOKEN end_char="1504" id="token-6-32" start_char="1504">“</TOKEN>
				<TOKEN end_char="1513" id="token-6-33" start_char="1505">illegally</TOKEN>
				<TOKEN end_char="1514" id="token-6-34" start_char="1514">”</TOKEN>
				<TOKEN end_char="1522" id="token-6-35" start_char="1516">entered</TOKEN>
				<TOKEN end_char="1530" id="token-6-36" start_char="1524">Chinese</TOKEN>
				<TOKEN end_char="1537" id="token-6-37" start_char="1532">waters</TOKEN>
				<TOKEN end_char="1541" id="token-6-38" start_char="1539">and</TOKEN>
				<TOKEN end_char="1546" id="token-6-39" start_char="1543">that</TOKEN>
				<TOKEN end_char="1548" id="token-6-40" start_char="1548">a</TOKEN>
				<TOKEN end_char="1556" id="token-6-41" start_char="1550">Chinese</TOKEN>
				<TOKEN end_char="1563" id="token-6-42" start_char="1558">patrol</TOKEN>
				<TOKEN end_char="1570" id="token-6-43" start_char="1565">vessel</TOKEN>
				<TOKEN end_char="1576" id="token-6-44" start_char="1572">tried</TOKEN>
				<TOKEN end_char="1579" id="token-6-45" start_char="1578">to</TOKEN>
				<TOKEN end_char="1584" id="token-6-46" start_char="1581">warn</TOKEN>
				<TOKEN end_char="1588" id="token-6-47" start_char="1586">the</TOKEN>
				<TOKEN end_char="1596" id="token-6-48" start_char="1590">fishing</TOKEN>
				<TOKEN end_char="1601" id="token-6-49" start_char="1598">boat</TOKEN>
				<TOKEN end_char="1606" id="token-6-50" start_char="1603">with</TOKEN>
				<TOKEN end_char="1615" id="token-6-51" start_char="1608">whistles</TOKEN>
				<TOKEN end_char="1616" id="token-6-52" start_char="1616">,</TOKEN>
				<TOKEN end_char="1623" id="token-6-53" start_char="1618">shouts</TOKEN>
				<TOKEN end_char="1627" id="token-6-54" start_char="1625">and</TOKEN>
				<TOKEN end_char="1632" id="token-6-55" start_char="1629">hand</TOKEN>
				<TOKEN end_char="1633" id="token-6-56" start_char="1633">-</TOKEN>
				<TOKEN end_char="1637" id="token-6-57" start_char="1634">flag</TOKEN>
				<TOKEN end_char="1645" id="token-6-58" start_char="1639">signals</TOKEN>
				<TOKEN end_char="1646" id="token-6-59" start_char="1646">.</TOKEN>
				<TOKEN end_char="1651" id="token-6-60" start_char="1648">When</TOKEN>
				<TOKEN end_char="1657" id="token-6-61" start_char="1653">those</TOKEN>
				<TOKEN end_char="1664" id="token-6-62" start_char="1659">failed</TOKEN>
				<TOKEN end_char="1665" id="token-6-63" start_char="1665">,</TOKEN>
				<TOKEN end_char="1669" id="token-6-64" start_char="1667">the</TOKEN>
				<TOKEN end_char="1677" id="token-6-65" start_char="1671">Chinese</TOKEN>
				<TOKEN end_char="1683" id="token-6-66" start_char="1679">naval</TOKEN>
				<TOKEN end_char="1688" id="token-6-67" start_char="1685">crew</TOKEN>
				<TOKEN end_char="1694" id="token-6-68" start_char="1690">fired</TOKEN>
				<TOKEN end_char="1698" id="token-6-69" start_char="1696">two</TOKEN>
				<TOKEN end_char="1702" id="token-6-70" start_char="1700">red</TOKEN>
				<TOKEN end_char="1709" id="token-6-71" start_char="1704">flares</TOKEN>
				<TOKEN end_char="1710" id="token-6-72" start_char="1710">,</TOKEN>
				<TOKEN end_char="1715" id="token-6-73" start_char="1712">both</TOKEN>
				<TOKEN end_char="1718" id="token-6-74" start_char="1717">of</TOKEN>
				<TOKEN end_char="1724" id="token-6-75" start_char="1720">which</TOKEN>
				<TOKEN end_char="1731" id="token-6-76" start_char="1726">burned</TOKEN>
				<TOKEN end_char="1735" id="token-6-77" start_char="1733">out</TOKEN>
				<TOKEN end_char="1738" id="token-6-78" start_char="1737">in</TOKEN>
				<TOKEN end_char="1742" id="token-6-79" start_char="1740">the</TOKEN>
				<TOKEN end_char="1746" id="token-6-80" start_char="1744">air</TOKEN>
				<TOKEN end_char="1747" id="token-6-81" start_char="1747">,</TOKEN>
				<TOKEN end_char="1751" id="token-6-82" start_char="1749">the</TOKEN>
				<TOKEN end_char="1760" id="token-6-83" start_char="1753">ministry</TOKEN>
				<TOKEN end_char="1765" id="token-6-84" start_char="1762">said</TOKEN>
				<TOKEN end_char="1766" id="token-6-85" start_char="1766">.</TOKEN>
			</SEG>
			<SEG end_char="2061" id="20130327_WAPO_152a70f6-96cf-11e2-814b-063623d80a60-7" start_char="1768">
				<ORIGINAL_TEXT>In its statement, the Chinese military also portrayed itself as a model of restraint. It said that since last year, at least 303 Vietnamese fishing boats have entered the disputed waters but that China has refrained from capturing such boats “out of concerns of maintaining military relations.”</ORIGINAL_TEXT>
				<TOKEN end_char="1769" id="token-7-0" start_char="1768">In</TOKEN>
				<TOKEN end_char="1773" id="token-7-1" start_char="1771">its</TOKEN>
				<TOKEN end_char="1783" id="token-7-2" start_char="1775">statement</TOKEN>
				<TOKEN end_char="1784" id="token-7-3" start_char="1784">,</TOKEN>
				<TOKEN end_char="1788" id="token-7-4" start_char="1786">the</TOKEN>
				<TOKEN end_char="1796" id="token-7-5" start_char="1790">Chinese</TOKEN>
				<TOKEN end_char="1805" id="token-7-6" start_char="1798">military</TOKEN>
				<TOKEN end_char="1810" id="token-7-7" start_char="1807">also</TOKEN>
				<TOKEN end_char="1820" id="token-7-8" start_char="1812">portrayed</TOKEN>
				<TOKEN end_char="1827" id="token-7-9" start_char="1822">itself</TOKEN>
				<TOKEN end_char="1830" id="token-7-10" start_char="1829">as</TOKEN>
				<TOKEN end_char="1832" id="token-7-11" start_char="1832">a</TOKEN>
				<TOKEN end_char="1838" id="token-7-12" start_char="1834">model</TOKEN>
				<TOKEN end_char="1841" id="token-7-13" start_char="1840">of</TOKEN>
				<TOKEN end_char="1851" id="token-7-14" start_char="1843">restraint</TOKEN>
				<TOKEN end_char="1852" id="token-7-15" start_char="1852">.</TOKEN>
				<TOKEN end_char="1855" id="token-7-16" start_char="1854">It</TOKEN>
				<TOKEN end_char="1860" id="token-7-17" start_char="1857">said</TOKEN>
				<TOKEN end_char="1865" id="token-7-18" start_char="1862">that</TOKEN>
				<TOKEN end_char="1871" id="token-7-19" start_char="1867">since</TOKEN>
				<TOKEN end_char="1876" id="token-7-20" start_char="1873">last</TOKEN>
				<TOKEN end_char="1881" id="token-7-21" start_char="1878">year</TOKEN>
				<TOKEN end_char="1882" id="token-7-22" start_char="1882">,</TOKEN>
				<TOKEN end_char="1885" id="token-7-23" start_char="1884">at</TOKEN>
				<TOKEN end_char="1891" id="token-7-24" start_char="1887">least</TOKEN>
				<TOKEN end_char="1895" id="token-7-25" start_char="1893">303</TOKEN>
				<TOKEN end_char="1906" id="token-7-26" start_char="1897">Vietnamese</TOKEN>
				<TOKEN end_char="1914" id="token-7-27" start_char="1908">fishing</TOKEN>
				<TOKEN end_char="1920" id="token-7-28" start_char="1916">boats</TOKEN>
				<TOKEN end_char="1925" id="token-7-29" start_char="1922">have</TOKEN>
				<TOKEN end_char="1933" id="token-7-30" start_char="1927">entered</TOKEN>
				<TOKEN end_char="1937" id="token-7-31" start_char="1935">the</TOKEN>
				<TOKEN end_char="1946" id="token-7-32" start_char="1939">disputed</TOKEN>
				<TOKEN end_char="1953" id="token-7-33" start_char="1948">waters</TOKEN>
				<TOKEN end_char="1957" id="token-7-34" start_char="1955">but</TOKEN>
				<TOKEN end_char="1962" id="token-7-35" start_char="1959">that</TOKEN>
				<TOKEN end_char="1968" id="token-7-36" start_char="1964">China</TOKEN>
				<TOKEN end_char="1972" id="token-7-37" start_char="1970">has</TOKEN>
				<TOKEN end_char="1982" id="token-7-38" start_char="1974">refrained</TOKEN>
				<TOKEN end_char="1987" id="token-7-39" start_char="1984">from</TOKEN>
				<TOKEN end_char="1997" id="token-7-40" start_char="1989">capturing</TOKEN>
				<TOKEN end_char="2002" id="token-7-41" start_char="1999">such</TOKEN>
				<TOKEN end_char="2008" id="token-7-42" start_char="2004">boats</TOKEN>
				<TOKEN end_char="2010" id="token-7-43" start_char="2010">“</TOKEN>
				<TOKEN end_char="2013" id="token-7-44" start_char="2011">out</TOKEN>
				<TOKEN end_char="2016" id="token-7-45" start_char="2015">of</TOKEN>
				<TOKEN end_char="2025" id="token-7-46" start_char="2018">concerns</TOKEN>
				<TOKEN end_char="2028" id="token-7-47" start_char="2027">of</TOKEN>
				<TOKEN end_char="2040" id="token-7-48" start_char="2030">maintaining</TOKEN>
				<TOKEN end_char="2049" id="token-7-49" start_char="2042">military</TOKEN>
				<TOKEN end_char="2059" id="token-7-50" start_char="2051">relations</TOKEN>
				<TOKEN end_char="2061" id="token-7-51" start_char="2060">.”</TOKEN>
			</SEG>
			<SEG end_char="2250" id="20130327_WAPO_152a70f6-96cf-11e2-814b-063623d80a60-8" start_char="2063">
				<ORIGINAL_TEXT>Vietnam is just one of many countries now feuding with China. The tensions have escalated as China’s military has grown stronger and Chinese leaders have asserted their claims more boldly.</ORIGINAL_TEXT>
				<TOKEN end_char="2069" id="token-8-0" start_char="2063">Vietnam</TOKEN>
				<TOKEN end_char="2072" id="token-8-1" start_char="2071">is</TOKEN>
				<TOKEN end_char="2077" id="token-8-2" start_char="2074">just</TOKEN>
				<TOKEN end_char="2081" id="token-8-3" start_char="2079">one</TOKEN>
				<TOKEN end_char="2084" id="token-8-4" start_char="2083">of</TOKEN>
				<TOKEN end_char="2089" id="token-8-5" start_char="2086">many</TOKEN>
				<TOKEN end_char="2099" id="token-8-6" start_char="2091">countries</TOKEN>
				<TOKEN end_char="2103" id="token-8-7" start_char="2101">now</TOKEN>
				<TOKEN end_char="2111" id="token-8-8" start_char="2105">feuding</TOKEN>
				<TOKEN end_char="2116" id="token-8-9" start_char="2113">with</TOKEN>
				<TOKEN end_char="2122" id="token-8-10" start_char="2118">China</TOKEN>
				<TOKEN end_char="2123" id="token-8-11" start_char="2123">.</TOKEN>
				<TOKEN end_char="2127" id="token-8-12" start_char="2125">The</TOKEN>
				<TOKEN end_char="2136" id="token-8-13" start_char="2129">tensions</TOKEN>
				<TOKEN end_char="2141" id="token-8-14" start_char="2138">have</TOKEN>
				<TOKEN end_char="2151" id="token-8-15" start_char="2143">escalated</TOKEN>
				<TOKEN end_char="2154" id="token-8-16" start_char="2153">as</TOKEN>
				<TOKEN end_char="2160" id="token-8-17" start_char="2156">China</TOKEN>
				<TOKEN end_char="2161" id="token-8-18" start_char="2161">’</TOKEN>
				<TOKEN end_char="2162" id="token-8-19" start_char="2162">s</TOKEN>
				<TOKEN end_char="2171" id="token-8-20" start_char="2164">military</TOKEN>
				<TOKEN end_char="2175" id="token-8-21" start_char="2173">has</TOKEN>
				<TOKEN end_char="2181" id="token-8-22" start_char="2177">grown</TOKEN>
				<TOKEN end_char="2190" id="token-8-23" start_char="2183">stronger</TOKEN>
				<TOKEN end_char="2194" id="token-8-24" start_char="2192">and</TOKEN>
				<TOKEN end_char="2202" id="token-8-25" start_char="2196">Chinese</TOKEN>
				<TOKEN end_char="2210" id="token-8-26" start_char="2204">leaders</TOKEN>
				<TOKEN end_char="2215" id="token-8-27" start_char="2212">have</TOKEN>
				<TOKEN end_char="2224" id="token-8-28" start_char="2217">asserted</TOKEN>
				<TOKEN end_char="2230" id="token-8-29" start_char="2226">their</TOKEN>
				<TOKEN end_char="2237" id="token-8-30" start_char="2232">claims</TOKEN>
				<TOKEN end_char="2242" id="token-8-31" start_char="2239">more</TOKEN>
				<TOKEN end_char="2249" id="token-8-32" start_char="2244">boldly</TOKEN>
				<TOKEN end_char="2250" id="token-8-33" start_char="2250">.</TOKEN>
			</SEG>
			<SEG end_char="2448" id="20130327_WAPO_152a70f6-96cf-11e2-814b-063623d80a60-9" start_char="2252">
				<ORIGINAL_TEXT>In the South China Sea, where the clash with Vietnam took place, China is vying with six other sovereign states. Of them all, China has laid claim to the largest portion — virtually the entire sea.</ORIGINAL_TEXT>
				<TOKEN end_char="2253" id="token-9-0" start_char="2252">In</TOKEN>
				<TOKEN end_char="2257" id="token-9-1" start_char="2255">the</TOKEN>
				<TOKEN end_char="2263" id="token-9-2" start_char="2259">South</TOKEN>
				<TOKEN end_char="2269" id="token-9-3" start_char="2265">China</TOKEN>
				<TOKEN end_char="2273" id="token-9-4" start_char="2271">Sea</TOKEN>
				<TOKEN end_char="2274" id="token-9-5" start_char="2274">,</TOKEN>
				<TOKEN end_char="2280" id="token-9-6" start_char="2276">where</TOKEN>
				<TOKEN end_char="2284" id="token-9-7" start_char="2282">the</TOKEN>
				<TOKEN end_char="2290" id="token-9-8" start_char="2286">clash</TOKEN>
				<TOKEN end_char="2295" id="token-9-9" start_char="2292">with</TOKEN>
				<TOKEN end_char="2303" id="token-9-10" start_char="2297">Vietnam</TOKEN>
				<TOKEN end_char="2308" id="token-9-11" start_char="2305">took</TOKEN>
				<TOKEN end_char="2314" id="token-9-12" start_char="2310">place</TOKEN>
				<TOKEN end_char="2315" id="token-9-13" start_char="2315">,</TOKEN>
				<TOKEN end_char="2321" id="token-9-14" start_char="2317">China</TOKEN>
				<TOKEN end_char="2324" id="token-9-15" start_char="2323">is</TOKEN>
				<TOKEN end_char="2330" id="token-9-16" start_char="2326">vying</TOKEN>
				<TOKEN end_char="2335" id="token-9-17" start_char="2332">with</TOKEN>
				<TOKEN end_char="2339" id="token-9-18" start_char="2337">six</TOKEN>
				<TOKEN end_char="2345" id="token-9-19" start_char="2341">other</TOKEN>
				<TOKEN end_char="2355" id="token-9-20" start_char="2347">sovereign</TOKEN>
				<TOKEN end_char="2362" id="token-9-21" start_char="2357">states</TOKEN>
				<TOKEN end_char="2363" id="token-9-22" start_char="2363">.</TOKEN>
				<TOKEN end_char="2366" id="token-9-23" start_char="2365">Of</TOKEN>
				<TOKEN end_char="2371" id="token-9-24" start_char="2368">them</TOKEN>
				<TOKEN end_char="2375" id="token-9-25" start_char="2373">all</TOKEN>
				<TOKEN end_char="2376" id="token-9-26" start_char="2376">,</TOKEN>
				<TOKEN end_char="2382" id="token-9-27" start_char="2378">China</TOKEN>
				<TOKEN end_char="2386" id="token-9-28" start_char="2384">has</TOKEN>
				<TOKEN end_char="2391" id="token-9-29" start_char="2388">laid</TOKEN>
				<TOKEN end_char="2397" id="token-9-30" start_char="2393">claim</TOKEN>
				<TOKEN end_char="2400" id="token-9-31" start_char="2399">to</TOKEN>
				<TOKEN end_char="2404" id="token-9-32" start_char="2402">the</TOKEN>
				<TOKEN end_char="2412" id="token-9-33" start_char="2406">largest</TOKEN>
				<TOKEN end_char="2420" id="token-9-34" start_char="2414">portion</TOKEN>
				<TOKEN end_char="2422" id="token-9-35" start_char="2422">—</TOKEN>
				<TOKEN end_char="2432" id="token-9-36" start_char="2424">virtually</TOKEN>
				<TOKEN end_char="2436" id="token-9-37" start_char="2434">the</TOKEN>
				<TOKEN end_char="2443" id="token-9-38" start_char="2438">entire</TOKEN>
				<TOKEN end_char="2447" id="token-9-39" start_char="2445">sea</TOKEN>
				<TOKEN end_char="2448" id="token-9-40" start_char="2448">.</TOKEN>
			</SEG>
			<SEG end_char="2777" id="20130327_WAPO_152a70f6-96cf-11e2-814b-063623d80a60-10" start_char="2450">
				<ORIGINAL_TEXT>The region is believed to hold much untapped oil and natural gas — energy resources that China is desperate to acquire to continue fueling its economic growth. The clashes resulting from its stance have been especially fierce with the Philippines, which claims islands off its coasts, notably the Spratlys and Scarborough Shoal.</ORIGINAL_TEXT>
				<TOKEN end_char="2452" id="token-10-0" start_char="2450">The</TOKEN>
				<TOKEN end_char="2459" id="token-10-1" start_char="2454">region</TOKEN>
				<TOKEN end_char="2462" id="token-10-2" start_char="2461">is</TOKEN>
				<TOKEN end_char="2471" id="token-10-3" start_char="2464">believed</TOKEN>
				<TOKEN end_char="2474" id="token-10-4" start_char="2473">to</TOKEN>
				<TOKEN end_char="2479" id="token-10-5" start_char="2476">hold</TOKEN>
				<TOKEN end_char="2484" id="token-10-6" start_char="2481">much</TOKEN>
				<TOKEN end_char="2493" id="token-10-7" start_char="2486">untapped</TOKEN>
				<TOKEN end_char="2497" id="token-10-8" start_char="2495">oil</TOKEN>
				<TOKEN end_char="2501" id="token-10-9" start_char="2499">and</TOKEN>
				<TOKEN end_char="2509" id="token-10-10" start_char="2503">natural</TOKEN>
				<TOKEN end_char="2513" id="token-10-11" start_char="2511">gas</TOKEN>
				<TOKEN end_char="2515" id="token-10-12" start_char="2515">—</TOKEN>
				<TOKEN end_char="2522" id="token-10-13" start_char="2517">energy</TOKEN>
				<TOKEN end_char="2532" id="token-10-14" start_char="2524">resources</TOKEN>
				<TOKEN end_char="2537" id="token-10-15" start_char="2534">that</TOKEN>
				<TOKEN end_char="2543" id="token-10-16" start_char="2539">China</TOKEN>
				<TOKEN end_char="2546" id="token-10-17" start_char="2545">is</TOKEN>
				<TOKEN end_char="2556" id="token-10-18" start_char="2548">desperate</TOKEN>
				<TOKEN end_char="2559" id="token-10-19" start_char="2558">to</TOKEN>
				<TOKEN end_char="2567" id="token-10-20" start_char="2561">acquire</TOKEN>
				<TOKEN end_char="2570" id="token-10-21" start_char="2569">to</TOKEN>
				<TOKEN end_char="2579" id="token-10-22" start_char="2572">continue</TOKEN>
				<TOKEN end_char="2587" id="token-10-23" start_char="2581">fueling</TOKEN>
				<TOKEN end_char="2591" id="token-10-24" start_char="2589">its</TOKEN>
				<TOKEN end_char="2600" id="token-10-25" start_char="2593">economic</TOKEN>
				<TOKEN end_char="2607" id="token-10-26" start_char="2602">growth</TOKEN>
				<TOKEN end_char="2608" id="token-10-27" start_char="2608">.</TOKEN>
				<TOKEN end_char="2612" id="token-10-28" start_char="2610">The</TOKEN>
				<TOKEN end_char="2620" id="token-10-29" start_char="2614">clashes</TOKEN>
				<TOKEN end_char="2630" id="token-10-30" start_char="2622">resulting</TOKEN>
				<TOKEN end_char="2635" id="token-10-31" start_char="2632">from</TOKEN>
				<TOKEN end_char="2639" id="token-10-32" start_char="2637">its</TOKEN>
				<TOKEN end_char="2646" id="token-10-33" start_char="2641">stance</TOKEN>
				<TOKEN end_char="2651" id="token-10-34" start_char="2648">have</TOKEN>
				<TOKEN end_char="2656" id="token-10-35" start_char="2653">been</TOKEN>
				<TOKEN end_char="2667" id="token-10-36" start_char="2658">especially</TOKEN>
				<TOKEN end_char="2674" id="token-10-37" start_char="2669">fierce</TOKEN>
				<TOKEN end_char="2679" id="token-10-38" start_char="2676">with</TOKEN>
				<TOKEN end_char="2683" id="token-10-39" start_char="2681">the</TOKEN>
				<TOKEN end_char="2695" id="token-10-40" start_char="2685">Philippines</TOKEN>
				<TOKEN end_char="2696" id="token-10-41" start_char="2696">,</TOKEN>
				<TOKEN end_char="2702" id="token-10-42" start_char="2698">which</TOKEN>
				<TOKEN end_char="2709" id="token-10-43" start_char="2704">claims</TOKEN>
				<TOKEN end_char="2717" id="token-10-44" start_char="2711">islands</TOKEN>
				<TOKEN end_char="2721" id="token-10-45" start_char="2719">off</TOKEN>
				<TOKEN end_char="2725" id="token-10-46" start_char="2723">its</TOKEN>
				<TOKEN end_char="2732" id="token-10-47" start_char="2727">coasts</TOKEN>
				<TOKEN end_char="2733" id="token-10-48" start_char="2733">,</TOKEN>
				<TOKEN end_char="2741" id="token-10-49" start_char="2735">notably</TOKEN>
				<TOKEN end_char="2745" id="token-10-50" start_char="2743">the</TOKEN>
				<TOKEN end_char="2754" id="token-10-51" start_char="2747">Spratlys</TOKEN>
				<TOKEN end_char="2758" id="token-10-52" start_char="2756">and</TOKEN>
				<TOKEN end_char="2770" id="token-10-53" start_char="2760">Scarborough</TOKEN>
				<TOKEN end_char="2776" id="token-10-54" start_char="2772">Shoal</TOKEN>
				<TOKEN end_char="2777" id="token-10-55" start_char="2777">.</TOKEN>
			</SEG>
			<SEG end_char="3062" id="20130327_WAPO_152a70f6-96cf-11e2-814b-063623d80a60-11" start_char="2779">
				<ORIGINAL_TEXT>At the same time, Beijing’s dispute with Tokyo over maritime territories to China’s east has also heated up. In the latest skirmish, Japanese officials said a Chinese naval vessel locked a weapons-guiding radar onto a Japanese ship in the disputed area. Beijing denied the accusation.</ORIGINAL_TEXT>
				<TOKEN end_char="2780" id="token-11-0" start_char="2779">At</TOKEN>
				<TOKEN end_char="2784" id="token-11-1" start_char="2782">the</TOKEN>
				<TOKEN end_char="2789" id="token-11-2" start_char="2786">same</TOKEN>
				<TOKEN end_char="2794" id="token-11-3" start_char="2791">time</TOKEN>
				<TOKEN end_char="2795" id="token-11-4" start_char="2795">,</TOKEN>
				<TOKEN end_char="2803" id="token-11-5" start_char="2797">Beijing</TOKEN>
				<TOKEN end_char="2804" id="token-11-6" start_char="2804">’</TOKEN>
				<TOKEN end_char="2805" id="token-11-7" start_char="2805">s</TOKEN>
				<TOKEN end_char="2813" id="token-11-8" start_char="2807">dispute</TOKEN>
				<TOKEN end_char="2818" id="token-11-9" start_char="2815">with</TOKEN>
				<TOKEN end_char="2824" id="token-11-10" start_char="2820">Tokyo</TOKEN>
				<TOKEN end_char="2829" id="token-11-11" start_char="2826">over</TOKEN>
				<TOKEN end_char="2838" id="token-11-12" start_char="2831">maritime</TOKEN>
				<TOKEN end_char="2850" id="token-11-13" start_char="2840">territories</TOKEN>
				<TOKEN end_char="2853" id="token-11-14" start_char="2852">to</TOKEN>
				<TOKEN end_char="2859" id="token-11-15" start_char="2855">China</TOKEN>
				<TOKEN end_char="2860" id="token-11-16" start_char="2860">’</TOKEN>
				<TOKEN end_char="2861" id="token-11-17" start_char="2861">s</TOKEN>
				<TOKEN end_char="2866" id="token-11-18" start_char="2863">east</TOKEN>
				<TOKEN end_char="2870" id="token-11-19" start_char="2868">has</TOKEN>
				<TOKEN end_char="2875" id="token-11-20" start_char="2872">also</TOKEN>
				<TOKEN end_char="2882" id="token-11-21" start_char="2877">heated</TOKEN>
				<TOKEN end_char="2885" id="token-11-22" start_char="2884">up</TOKEN>
				<TOKEN end_char="2886" id="token-11-23" start_char="2886">.</TOKEN>
				<TOKEN end_char="2889" id="token-11-24" start_char="2888">In</TOKEN>
				<TOKEN end_char="2893" id="token-11-25" start_char="2891">the</TOKEN>
				<TOKEN end_char="2900" id="token-11-26" start_char="2895">latest</TOKEN>
				<TOKEN end_char="2909" id="token-11-27" start_char="2902">skirmish</TOKEN>
				<TOKEN end_char="2910" id="token-11-28" start_char="2910">,</TOKEN>
				<TOKEN end_char="2919" id="token-11-29" start_char="2912">Japanese</TOKEN>
				<TOKEN end_char="2929" id="token-11-30" start_char="2921">officials</TOKEN>
				<TOKEN end_char="2934" id="token-11-31" start_char="2931">said</TOKEN>
				<TOKEN end_char="2936" id="token-11-32" start_char="2936">a</TOKEN>
				<TOKEN end_char="2944" id="token-11-33" start_char="2938">Chinese</TOKEN>
				<TOKEN end_char="2950" id="token-11-34" start_char="2946">naval</TOKEN>
				<TOKEN end_char="2957" id="token-11-35" start_char="2952">vessel</TOKEN>
				<TOKEN end_char="2964" id="token-11-36" start_char="2959">locked</TOKEN>
				<TOKEN end_char="2966" id="token-11-37" start_char="2966">a</TOKEN>
				<TOKEN end_char="2974" id="token-11-38" start_char="2968">weapons</TOKEN>
				<TOKEN end_char="2975" id="token-11-39" start_char="2975">-</TOKEN>
				<TOKEN end_char="2982" id="token-11-40" start_char="2976">guiding</TOKEN>
				<TOKEN end_char="2988" id="token-11-41" start_char="2984">radar</TOKEN>
				<TOKEN end_char="2993" id="token-11-42" start_char="2990">onto</TOKEN>
				<TOKEN end_char="2995" id="token-11-43" start_char="2995">a</TOKEN>
				<TOKEN end_char="3004" id="token-11-44" start_char="2997">Japanese</TOKEN>
				<TOKEN end_char="3009" id="token-11-45" start_char="3006">ship</TOKEN>
				<TOKEN end_char="3012" id="token-11-46" start_char="3011">in</TOKEN>
				<TOKEN end_char="3016" id="token-11-47" start_char="3014">the</TOKEN>
				<TOKEN end_char="3025" id="token-11-48" start_char="3018">disputed</TOKEN>
				<TOKEN end_char="3030" id="token-11-49" start_char="3027">area</TOKEN>
				<TOKEN end_char="3031" id="token-11-50" start_char="3031">.</TOKEN>
				<TOKEN end_char="3039" id="token-11-51" start_char="3033">Beijing</TOKEN>
				<TOKEN end_char="3046" id="token-11-52" start_char="3041">denied</TOKEN>
				<TOKEN end_char="3050" id="token-11-53" start_char="3048">the</TOKEN>
				<TOKEN end_char="3061" id="token-11-54" start_char="3052">accusation</TOKEN>
				<TOKEN end_char="3062" id="token-11-55" start_char="3062">.</TOKEN>
			</SEG>
			<SEG end_char="3233" id="20130327_WAPO_152a70f6-96cf-11e2-814b-063623d80a60-12" start_char="3064">
				<ORIGINAL_TEXT>The United States has moved carefully to support longtime allies such as Japan and the Philippines, as well as regional partners such as Vietnam, without offending China.</ORIGINAL_TEXT>
				<TOKEN end_char="3066" id="token-12-0" start_char="3064">The</TOKEN>
				<TOKEN end_char="3073" id="token-12-1" start_char="3068">United</TOKEN>
				<TOKEN end_char="3080" id="token-12-2" start_char="3075">States</TOKEN>
				<TOKEN end_char="3084" id="token-12-3" start_char="3082">has</TOKEN>
				<TOKEN end_char="3090" id="token-12-4" start_char="3086">moved</TOKEN>
				<TOKEN end_char="3100" id="token-12-5" start_char="3092">carefully</TOKEN>
				<TOKEN end_char="3103" id="token-12-6" start_char="3102">to</TOKEN>
				<TOKEN end_char="3111" id="token-12-7" start_char="3105">support</TOKEN>
				<TOKEN end_char="3120" id="token-12-8" start_char="3113">longtime</TOKEN>
				<TOKEN end_char="3127" id="token-12-9" start_char="3122">allies</TOKEN>
				<TOKEN end_char="3132" id="token-12-10" start_char="3129">such</TOKEN>
				<TOKEN end_char="3135" id="token-12-11" start_char="3134">as</TOKEN>
				<TOKEN end_char="3141" id="token-12-12" start_char="3137">Japan</TOKEN>
				<TOKEN end_char="3145" id="token-12-13" start_char="3143">and</TOKEN>
				<TOKEN end_char="3149" id="token-12-14" start_char="3147">the</TOKEN>
				<TOKEN end_char="3161" id="token-12-15" start_char="3151">Philippines</TOKEN>
				<TOKEN end_char="3162" id="token-12-16" start_char="3162">,</TOKEN>
				<TOKEN end_char="3165" id="token-12-17" start_char="3164">as</TOKEN>
				<TOKEN end_char="3170" id="token-12-18" start_char="3167">well</TOKEN>
				<TOKEN end_char="3173" id="token-12-19" start_char="3172">as</TOKEN>
				<TOKEN end_char="3182" id="token-12-20" start_char="3175">regional</TOKEN>
				<TOKEN end_char="3191" id="token-12-21" start_char="3184">partners</TOKEN>
				<TOKEN end_char="3196" id="token-12-22" start_char="3193">such</TOKEN>
				<TOKEN end_char="3199" id="token-12-23" start_char="3198">as</TOKEN>
				<TOKEN end_char="3207" id="token-12-24" start_char="3201">Vietnam</TOKEN>
				<TOKEN end_char="3208" id="token-12-25" start_char="3208">,</TOKEN>
				<TOKEN end_char="3216" id="token-12-26" start_char="3210">without</TOKEN>
				<TOKEN end_char="3226" id="token-12-27" start_char="3218">offending</TOKEN>
				<TOKEN end_char="3232" id="token-12-28" start_char="3228">China</TOKEN>
				<TOKEN end_char="3233" id="token-12-29" start_char="3233">.</TOKEN>
			</SEG>
			<SEG end_char="3393" id="20130327_WAPO_152a70f6-96cf-11e2-814b-063623d80a60-13" start_char="3235">
				<ORIGINAL_TEXT>Even as the clashes have increased neighbors’ perceptions of China as a threat, Beijing has signaled recently that it will maintain its more aggressive stance.</ORIGINAL_TEXT>
				<TOKEN end_char="3238" id="token-13-0" start_char="3235">Even</TOKEN>
				<TOKEN end_char="3241" id="token-13-1" start_char="3240">as</TOKEN>
				<TOKEN end_char="3245" id="token-13-2" start_char="3243">the</TOKEN>
				<TOKEN end_char="3253" id="token-13-3" start_char="3247">clashes</TOKEN>
				<TOKEN end_char="3258" id="token-13-4" start_char="3255">have</TOKEN>
				<TOKEN end_char="3268" id="token-13-5" start_char="3260">increased</TOKEN>
				<TOKEN end_char="3278" id="token-13-6" start_char="3270">neighbors</TOKEN>
				<TOKEN end_char="3279" id="token-13-7" start_char="3279">’</TOKEN>
				<TOKEN end_char="3291" id="token-13-8" start_char="3281">perceptions</TOKEN>
				<TOKEN end_char="3294" id="token-13-9" start_char="3293">of</TOKEN>
				<TOKEN end_char="3300" id="token-13-10" start_char="3296">China</TOKEN>
				<TOKEN end_char="3303" id="token-13-11" start_char="3302">as</TOKEN>
				<TOKEN end_char="3305" id="token-13-12" start_char="3305">a</TOKEN>
				<TOKEN end_char="3312" id="token-13-13" start_char="3307">threat</TOKEN>
				<TOKEN end_char="3313" id="token-13-14" start_char="3313">,</TOKEN>
				<TOKEN end_char="3321" id="token-13-15" start_char="3315">Beijing</TOKEN>
				<TOKEN end_char="3325" id="token-13-16" start_char="3323">has</TOKEN>
				<TOKEN end_char="3334" id="token-13-17" start_char="3327">signaled</TOKEN>
				<TOKEN end_char="3343" id="token-13-18" start_char="3336">recently</TOKEN>
				<TOKEN end_char="3348" id="token-13-19" start_char="3345">that</TOKEN>
				<TOKEN end_char="3351" id="token-13-20" start_char="3350">it</TOKEN>
				<TOKEN end_char="3356" id="token-13-21" start_char="3353">will</TOKEN>
				<TOKEN end_char="3365" id="token-13-22" start_char="3358">maintain</TOKEN>
				<TOKEN end_char="3369" id="token-13-23" start_char="3367">its</TOKEN>
				<TOKEN end_char="3374" id="token-13-24" start_char="3371">more</TOKEN>
				<TOKEN end_char="3385" id="token-13-25" start_char="3376">aggressive</TOKEN>
				<TOKEN end_char="3392" id="token-13-26" start_char="3387">stance</TOKEN>
				<TOKEN end_char="3393" id="token-13-27" start_char="3393">.</TOKEN>
			</SEG>
			<SEG end_char="3866" id="20130327_WAPO_152a70f6-96cf-11e2-814b-063623d80a60-14" start_char="3395">
				<ORIGINAL_TEXT>“For a long time, China was restrained and conciliatory in the territory disputes with neighbor countries. Some countries took this to mean China was weak and could be bullied anytime,” Maj. Gen. Luo Yuan, executive director of the China Military Science Society, said in a telephone interview. “China tries to use peaceful measures to resolve the disputes. But if all the diplomatic measures and the administrative measures don’t work, China will take military measures.”</ORIGINAL_TEXT>
				<TOKEN end_char="3395" id="token-14-0" start_char="3395">“</TOKEN>
				<TOKEN end_char="3398" id="token-14-1" start_char="3396">For</TOKEN>
				<TOKEN end_char="3400" id="token-14-2" start_char="3400">a</TOKEN>
				<TOKEN end_char="3405" id="token-14-3" start_char="3402">long</TOKEN>
				<TOKEN end_char="3410" id="token-14-4" start_char="3407">time</TOKEN>
				<TOKEN end_char="3411" id="token-14-5" start_char="3411">,</TOKEN>
				<TOKEN end_char="3417" id="token-14-6" start_char="3413">China</TOKEN>
				<TOKEN end_char="3421" id="token-14-7" start_char="3419">was</TOKEN>
				<TOKEN end_char="3432" id="token-14-8" start_char="3423">restrained</TOKEN>
				<TOKEN end_char="3436" id="token-14-9" start_char="3434">and</TOKEN>
				<TOKEN end_char="3449" id="token-14-10" start_char="3438">conciliatory</TOKEN>
				<TOKEN end_char="3452" id="token-14-11" start_char="3451">in</TOKEN>
				<TOKEN end_char="3456" id="token-14-12" start_char="3454">the</TOKEN>
				<TOKEN end_char="3466" id="token-14-13" start_char="3458">territory</TOKEN>
				<TOKEN end_char="3475" id="token-14-14" start_char="3468">disputes</TOKEN>
				<TOKEN end_char="3480" id="token-14-15" start_char="3477">with</TOKEN>
				<TOKEN end_char="3489" id="token-14-16" start_char="3482">neighbor</TOKEN>
				<TOKEN end_char="3499" id="token-14-17" start_char="3491">countries</TOKEN>
				<TOKEN end_char="3500" id="token-14-18" start_char="3500">.</TOKEN>
				<TOKEN end_char="3505" id="token-14-19" start_char="3502">Some</TOKEN>
				<TOKEN end_char="3515" id="token-14-20" start_char="3507">countries</TOKEN>
				<TOKEN end_char="3520" id="token-14-21" start_char="3517">took</TOKEN>
				<TOKEN end_char="3525" id="token-14-22" start_char="3522">this</TOKEN>
				<TOKEN end_char="3528" id="token-14-23" start_char="3527">to</TOKEN>
				<TOKEN end_char="3533" id="token-14-24" start_char="3530">mean</TOKEN>
				<TOKEN end_char="3539" id="token-14-25" start_char="3535">China</TOKEN>
				<TOKEN end_char="3543" id="token-14-26" start_char="3541">was</TOKEN>
				<TOKEN end_char="3548" id="token-14-27" start_char="3545">weak</TOKEN>
				<TOKEN end_char="3552" id="token-14-28" start_char="3550">and</TOKEN>
				<TOKEN end_char="3558" id="token-14-29" start_char="3554">could</TOKEN>
				<TOKEN end_char="3561" id="token-14-30" start_char="3560">be</TOKEN>
				<TOKEN end_char="3569" id="token-14-31" start_char="3563">bullied</TOKEN>
				<TOKEN end_char="3577" id="token-14-32" start_char="3571">anytime</TOKEN>
				<TOKEN end_char="3579" id="token-14-33" start_char="3578">,”</TOKEN>
				<TOKEN end_char="3583" id="token-14-34" start_char="3581">Maj</TOKEN>
				<TOKEN end_char="3584" id="token-14-35" start_char="3584">.</TOKEN>
				<TOKEN end_char="3588" id="token-14-36" start_char="3586">Gen</TOKEN>
				<TOKEN end_char="3589" id="token-14-37" start_char="3589">.</TOKEN>
				<TOKEN end_char="3593" id="token-14-38" start_char="3591">Luo</TOKEN>
				<TOKEN end_char="3598" id="token-14-39" start_char="3595">Yuan</TOKEN>
				<TOKEN end_char="3599" id="token-14-40" start_char="3599">,</TOKEN>
				<TOKEN end_char="3609" id="token-14-41" start_char="3601">executive</TOKEN>
				<TOKEN end_char="3618" id="token-14-42" start_char="3611">director</TOKEN>
				<TOKEN end_char="3621" id="token-14-43" start_char="3620">of</TOKEN>
				<TOKEN end_char="3625" id="token-14-44" start_char="3623">the</TOKEN>
				<TOKEN end_char="3631" id="token-14-45" start_char="3627">China</TOKEN>
				<TOKEN end_char="3640" id="token-14-46" start_char="3633">Military</TOKEN>
				<TOKEN end_char="3648" id="token-14-47" start_char="3642">Science</TOKEN>
				<TOKEN end_char="3656" id="token-14-48" start_char="3650">Society</TOKEN>
				<TOKEN end_char="3657" id="token-14-49" start_char="3657">,</TOKEN>
				<TOKEN end_char="3662" id="token-14-50" start_char="3659">said</TOKEN>
				<TOKEN end_char="3665" id="token-14-51" start_char="3664">in</TOKEN>
				<TOKEN end_char="3667" id="token-14-52" start_char="3667">a</TOKEN>
				<TOKEN end_char="3677" id="token-14-53" start_char="3669">telephone</TOKEN>
				<TOKEN end_char="3687" id="token-14-54" start_char="3679">interview</TOKEN>
				<TOKEN end_char="3688" id="token-14-55" start_char="3688">.</TOKEN>
				<TOKEN end_char="3690" id="token-14-56" start_char="3690">“</TOKEN>
				<TOKEN end_char="3695" id="token-14-57" start_char="3691">China</TOKEN>
				<TOKEN end_char="3701" id="token-14-58" start_char="3697">tries</TOKEN>
				<TOKEN end_char="3704" id="token-14-59" start_char="3703">to</TOKEN>
				<TOKEN end_char="3708" id="token-14-60" start_char="3706">use</TOKEN>
				<TOKEN end_char="3717" id="token-14-61" start_char="3710">peaceful</TOKEN>
				<TOKEN end_char="3726" id="token-14-62" start_char="3719">measures</TOKEN>
				<TOKEN end_char="3729" id="token-14-63" start_char="3728">to</TOKEN>
				<TOKEN end_char="3737" id="token-14-64" start_char="3731">resolve</TOKEN>
				<TOKEN end_char="3741" id="token-14-65" start_char="3739">the</TOKEN>
				<TOKEN end_char="3750" id="token-14-66" start_char="3743">disputes</TOKEN>
				<TOKEN end_char="3751" id="token-14-67" start_char="3751">.</TOKEN>
				<TOKEN end_char="3755" id="token-14-68" start_char="3753">But</TOKEN>
				<TOKEN end_char="3758" id="token-14-69" start_char="3757">if</TOKEN>
				<TOKEN end_char="3762" id="token-14-70" start_char="3760">all</TOKEN>
				<TOKEN end_char="3766" id="token-14-71" start_char="3764">the</TOKEN>
				<TOKEN end_char="3777" id="token-14-72" start_char="3768">diplomatic</TOKEN>
				<TOKEN end_char="3786" id="token-14-73" start_char="3779">measures</TOKEN>
				<TOKEN end_char="3790" id="token-14-74" start_char="3788">and</TOKEN>
				<TOKEN end_char="3794" id="token-14-75" start_char="3792">the</TOKEN>
				<TOKEN end_char="3809" id="token-14-76" start_char="3796">administrative</TOKEN>
				<TOKEN end_char="3818" id="token-14-77" start_char="3811">measures</TOKEN>
				<TOKEN end_char="3822" id="token-14-78" start_char="3820">don</TOKEN>
				<TOKEN end_char="3823" id="token-14-79" start_char="3823">’</TOKEN>
				<TOKEN end_char="3824" id="token-14-80" start_char="3824">t</TOKEN>
				<TOKEN end_char="3829" id="token-14-81" start_char="3826">work</TOKEN>
				<TOKEN end_char="3830" id="token-14-82" start_char="3830">,</TOKEN>
				<TOKEN end_char="3836" id="token-14-83" start_char="3832">China</TOKEN>
				<TOKEN end_char="3841" id="token-14-84" start_char="3838">will</TOKEN>
				<TOKEN end_char="3846" id="token-14-85" start_char="3843">take</TOKEN>
				<TOKEN end_char="3855" id="token-14-86" start_char="3848">military</TOKEN>
				<TOKEN end_char="3864" id="token-14-87" start_char="3857">measures</TOKEN>
				<TOKEN end_char="3866" id="token-14-88" start_char="3865">.”</TOKEN>
			</SEG>
		</TEXT>
	</DOC>
</LCTL_TEXT>
