<?xml version="1.0" encoding="utf-8"?>
<LCTL_TEXT>
	<DOC id="20130308_WAPO_a4f0a7f59f80dfb3ef0f7f9860945d93">
		<TEXT>
			<SEG end_char="44" id="20130308_WAPO_a4f0a7f59f80dfb3ef0f7f9860945d93-0" start_char="0">
				<ORIGINAL_TEXT>In India, Syrian regime courts BRIC countries</ORIGINAL_TEXT>
				<TOKEN end_char="1" id="token-0-0" start_char="0">In</TOKEN>
				<TOKEN end_char="7" id="token-0-1" start_char="3">India</TOKEN>
				<TOKEN end_char="8" id="token-0-2" start_char="8">,</TOKEN>
				<TOKEN end_char="15" id="token-0-3" start_char="10">Syrian</TOKEN>
				<TOKEN end_char="22" id="token-0-4" start_char="17">regime</TOKEN>
				<TOKEN end_char="29" id="token-0-5" start_char="24">courts</TOKEN>
				<TOKEN end_char="34" id="token-0-6" start_char="31">BRIC</TOKEN>
				<TOKEN end_char="44" id="token-0-7" start_char="36">countries</TOKEN>
			</SEG>
			<SEG end_char="85" id="20130308_WAPO_a4f0a7f59f80dfb3ef0f7f9860945d93-1" start_char="46">
				<ORIGINAL_TEXT>Friday, March 8, 2013 14:05:43 GMT-05:00</ORIGINAL_TEXT>
				<TOKEN end_char="51" id="token-1-0" start_char="46">Friday</TOKEN>
				<TOKEN end_char="52" id="token-1-1" start_char="52">,</TOKEN>
				<TOKEN end_char="58" id="token-1-2" start_char="54">March</TOKEN>
				<TOKEN end_char="60" id="token-1-3" start_char="60">8</TOKEN>
				<TOKEN end_char="61" id="token-1-4" start_char="61">,</TOKEN>
				<TOKEN end_char="66" id="token-1-5" start_char="63">2013</TOKEN>
				<TOKEN end_char="69" id="token-1-6" start_char="68">14</TOKEN>
				<TOKEN end_char="70" id="token-1-7" start_char="70">:</TOKEN>
				<TOKEN end_char="72" id="token-1-8" start_char="71">05</TOKEN>
				<TOKEN end_char="73" id="token-1-9" start_char="73">:</TOKEN>
				<TOKEN end_char="75" id="token-1-10" start_char="74">43</TOKEN>
				<TOKEN end_char="79" id="token-1-11" start_char="77">GMT</TOKEN>
				<TOKEN end_char="80" id="token-1-12" start_char="80">-</TOKEN>
				<TOKEN end_char="82" id="token-1-13" start_char="81">05</TOKEN>
				<TOKEN end_char="83" id="token-1-14" start_char="83">:</TOKEN>
				<TOKEN end_char="85" id="token-1-15" start_char="84">00</TOKEN>
			</SEG>
			<SEG end_char="268" id="20130308_WAPO_a4f0a7f59f80dfb3ef0f7f9860945d93-2" start_char="87">
				<ORIGINAL_TEXT>The bloc of the five emerging economies called BRICS may have lost some of its sheen recently, but it is being wooed as an important lobbying group by the besieged Syrian government.</ORIGINAL_TEXT>
				<TOKEN end_char="89" id="token-2-0" start_char="87">The</TOKEN>
				<TOKEN end_char="94" id="token-2-1" start_char="91">bloc</TOKEN>
				<TOKEN end_char="97" id="token-2-2" start_char="96">of</TOKEN>
				<TOKEN end_char="101" id="token-2-3" start_char="99">the</TOKEN>
				<TOKEN end_char="106" id="token-2-4" start_char="103">five</TOKEN>
				<TOKEN end_char="115" id="token-2-5" start_char="108">emerging</TOKEN>
				<TOKEN end_char="125" id="token-2-6" start_char="117">economies</TOKEN>
				<TOKEN end_char="132" id="token-2-7" start_char="127">called</TOKEN>
				<TOKEN end_char="138" id="token-2-8" start_char="134">BRICS</TOKEN>
				<TOKEN end_char="142" id="token-2-9" start_char="140">may</TOKEN>
				<TOKEN end_char="147" id="token-2-10" start_char="144">have</TOKEN>
				<TOKEN end_char="152" id="token-2-11" start_char="149">lost</TOKEN>
				<TOKEN end_char="157" id="token-2-12" start_char="154">some</TOKEN>
				<TOKEN end_char="160" id="token-2-13" start_char="159">of</TOKEN>
				<TOKEN end_char="164" id="token-2-14" start_char="162">its</TOKEN>
				<TOKEN end_char="170" id="token-2-15" start_char="166">sheen</TOKEN>
				<TOKEN end_char="179" id="token-2-16" start_char="172">recently</TOKEN>
				<TOKEN end_char="180" id="token-2-17" start_char="180">,</TOKEN>
				<TOKEN end_char="184" id="token-2-18" start_char="182">but</TOKEN>
				<TOKEN end_char="187" id="token-2-19" start_char="186">it</TOKEN>
				<TOKEN end_char="190" id="token-2-20" start_char="189">is</TOKEN>
				<TOKEN end_char="196" id="token-2-21" start_char="192">being</TOKEN>
				<TOKEN end_char="202" id="token-2-22" start_char="198">wooed</TOKEN>
				<TOKEN end_char="205" id="token-2-23" start_char="204">as</TOKEN>
				<TOKEN end_char="208" id="token-2-24" start_char="207">an</TOKEN>
				<TOKEN end_char="218" id="token-2-25" start_char="210">important</TOKEN>
				<TOKEN end_char="227" id="token-2-26" start_char="220">lobbying</TOKEN>
				<TOKEN end_char="233" id="token-2-27" start_char="229">group</TOKEN>
				<TOKEN end_char="236" id="token-2-28" start_char="235">by</TOKEN>
				<TOKEN end_char="240" id="token-2-29" start_char="238">the</TOKEN>
				<TOKEN end_char="249" id="token-2-30" start_char="242">besieged</TOKEN>
				<TOKEN end_char="256" id="token-2-31" start_char="251">Syrian</TOKEN>
				<TOKEN end_char="267" id="token-2-32" start_char="258">government</TOKEN>
				<TOKEN end_char="268" id="token-2-33" start_char="268">.</TOKEN>
			</SEG>
			<SEG end_char="557" id="20130308_WAPO_a4f0a7f59f80dfb3ef0f7f9860945d93-3" start_char="270">
				<ORIGINAL_TEXT>During her three-day visit to India, senior Syrian minister Bouthaina Shaaban asked New Delhi to take the lead in drafting a strong statement in support of Syria, when the five nations -- comprised of Brazil, Russia, India, China and South Africa -- meet at a conference later this month.</ORIGINAL_TEXT>
				<TOKEN end_char="275" id="token-3-0" start_char="270">During</TOKEN>
				<TOKEN end_char="279" id="token-3-1" start_char="277">her</TOKEN>
				<TOKEN end_char="285" id="token-3-2" start_char="281">three</TOKEN>
				<TOKEN end_char="286" id="token-3-3" start_char="286">-</TOKEN>
				<TOKEN end_char="289" id="token-3-4" start_char="287">day</TOKEN>
				<TOKEN end_char="295" id="token-3-5" start_char="291">visit</TOKEN>
				<TOKEN end_char="298" id="token-3-6" start_char="297">to</TOKEN>
				<TOKEN end_char="304" id="token-3-7" start_char="300">India</TOKEN>
				<TOKEN end_char="305" id="token-3-8" start_char="305">,</TOKEN>
				<TOKEN end_char="312" id="token-3-9" start_char="307">senior</TOKEN>
				<TOKEN end_char="319" id="token-3-10" start_char="314">Syrian</TOKEN>
				<TOKEN end_char="328" id="token-3-11" start_char="321">minister</TOKEN>
				<TOKEN end_char="338" id="token-3-12" start_char="330">Bouthaina</TOKEN>
				<TOKEN end_char="346" id="token-3-13" start_char="340">Shaaban</TOKEN>
				<TOKEN end_char="352" id="token-3-14" start_char="348">asked</TOKEN>
				<TOKEN end_char="356" id="token-3-15" start_char="354">New</TOKEN>
				<TOKEN end_char="362" id="token-3-16" start_char="358">Delhi</TOKEN>
				<TOKEN end_char="365" id="token-3-17" start_char="364">to</TOKEN>
				<TOKEN end_char="370" id="token-3-18" start_char="367">take</TOKEN>
				<TOKEN end_char="374" id="token-3-19" start_char="372">the</TOKEN>
				<TOKEN end_char="379" id="token-3-20" start_char="376">lead</TOKEN>
				<TOKEN end_char="382" id="token-3-21" start_char="381">in</TOKEN>
				<TOKEN end_char="391" id="token-3-22" start_char="384">drafting</TOKEN>
				<TOKEN end_char="393" id="token-3-23" start_char="393">a</TOKEN>
				<TOKEN end_char="400" id="token-3-24" start_char="395">strong</TOKEN>
				<TOKEN end_char="410" id="token-3-25" start_char="402">statement</TOKEN>
				<TOKEN end_char="413" id="token-3-26" start_char="412">in</TOKEN>
				<TOKEN end_char="421" id="token-3-27" start_char="415">support</TOKEN>
				<TOKEN end_char="424" id="token-3-28" start_char="423">of</TOKEN>
				<TOKEN end_char="430" id="token-3-29" start_char="426">Syria</TOKEN>
				<TOKEN end_char="431" id="token-3-30" start_char="431">,</TOKEN>
				<TOKEN end_char="436" id="token-3-31" start_char="433">when</TOKEN>
				<TOKEN end_char="440" id="token-3-32" start_char="438">the</TOKEN>
				<TOKEN end_char="445" id="token-3-33" start_char="442">five</TOKEN>
				<TOKEN end_char="453" id="token-3-34" start_char="447">nations</TOKEN>
				<TOKEN end_char="456" id="token-3-35" start_char="455">--</TOKEN>
				<TOKEN end_char="466" id="token-3-36" start_char="458">comprised</TOKEN>
				<TOKEN end_char="469" id="token-3-37" start_char="468">of</TOKEN>
				<TOKEN end_char="476" id="token-3-38" start_char="471">Brazil</TOKEN>
				<TOKEN end_char="477" id="token-3-39" start_char="477">,</TOKEN>
				<TOKEN end_char="484" id="token-3-40" start_char="479">Russia</TOKEN>
				<TOKEN end_char="485" id="token-3-41" start_char="485">,</TOKEN>
				<TOKEN end_char="491" id="token-3-42" start_char="487">India</TOKEN>
				<TOKEN end_char="492" id="token-3-43" start_char="492">,</TOKEN>
				<TOKEN end_char="498" id="token-3-44" start_char="494">China</TOKEN>
				<TOKEN end_char="502" id="token-3-45" start_char="500">and</TOKEN>
				<TOKEN end_char="508" id="token-3-46" start_char="504">South</TOKEN>
				<TOKEN end_char="515" id="token-3-47" start_char="510">Africa</TOKEN>
				<TOKEN end_char="518" id="token-3-48" start_char="517">--</TOKEN>
				<TOKEN end_char="523" id="token-3-49" start_char="520">meet</TOKEN>
				<TOKEN end_char="526" id="token-3-50" start_char="525">at</TOKEN>
				<TOKEN end_char="528" id="token-3-51" start_char="528">a</TOKEN>
				<TOKEN end_char="539" id="token-3-52" start_char="530">conference</TOKEN>
				<TOKEN end_char="545" id="token-3-53" start_char="541">later</TOKEN>
				<TOKEN end_char="550" id="token-3-54" start_char="547">this</TOKEN>
				<TOKEN end_char="556" id="token-3-55" start_char="552">month</TOKEN>
				<TOKEN end_char="557" id="token-3-56" start_char="557">.</TOKEN>
			</SEG>
			<SEG end_char="817" id="20130308_WAPO_a4f0a7f59f80dfb3ef0f7f9860945d93-4" start_char="559">
				<ORIGINAL_TEXT>Shaaban said she had handed Indian officials a letter from the Syrian President Bashar al-Assad addressed to Indian Prime Minister Manmohan Singh. The letter, she said, asked India to call for a peaceful resolution that did not impinge on Syria’s sovereignty.</ORIGINAL_TEXT>
				<TOKEN end_char="565" id="token-4-0" start_char="559">Shaaban</TOKEN>
				<TOKEN end_char="570" id="token-4-1" start_char="567">said</TOKEN>
				<TOKEN end_char="574" id="token-4-2" start_char="572">she</TOKEN>
				<TOKEN end_char="578" id="token-4-3" start_char="576">had</TOKEN>
				<TOKEN end_char="585" id="token-4-4" start_char="580">handed</TOKEN>
				<TOKEN end_char="592" id="token-4-5" start_char="587">Indian</TOKEN>
				<TOKEN end_char="602" id="token-4-6" start_char="594">officials</TOKEN>
				<TOKEN end_char="604" id="token-4-7" start_char="604">a</TOKEN>
				<TOKEN end_char="611" id="token-4-8" start_char="606">letter</TOKEN>
				<TOKEN end_char="616" id="token-4-9" start_char="613">from</TOKEN>
				<TOKEN end_char="620" id="token-4-10" start_char="618">the</TOKEN>
				<TOKEN end_char="627" id="token-4-11" start_char="622">Syrian</TOKEN>
				<TOKEN end_char="637" id="token-4-12" start_char="629">President</TOKEN>
				<TOKEN end_char="644" id="token-4-13" start_char="639">Bashar</TOKEN>
				<TOKEN end_char="647" id="token-4-14" start_char="646">al</TOKEN>
				<TOKEN end_char="648" id="token-4-15" start_char="648">-</TOKEN>
				<TOKEN end_char="653" id="token-4-16" start_char="649">Assad</TOKEN>
				<TOKEN end_char="663" id="token-4-17" start_char="655">addressed</TOKEN>
				<TOKEN end_char="666" id="token-4-18" start_char="665">to</TOKEN>
				<TOKEN end_char="673" id="token-4-19" start_char="668">Indian</TOKEN>
				<TOKEN end_char="679" id="token-4-20" start_char="675">Prime</TOKEN>
				<TOKEN end_char="688" id="token-4-21" start_char="681">Minister</TOKEN>
				<TOKEN end_char="697" id="token-4-22" start_char="690">Manmohan</TOKEN>
				<TOKEN end_char="703" id="token-4-23" start_char="699">Singh</TOKEN>
				<TOKEN end_char="704" id="token-4-24" start_char="704">.</TOKEN>
				<TOKEN end_char="708" id="token-4-25" start_char="706">The</TOKEN>
				<TOKEN end_char="715" id="token-4-26" start_char="710">letter</TOKEN>
				<TOKEN end_char="716" id="token-4-27" start_char="716">,</TOKEN>
				<TOKEN end_char="720" id="token-4-28" start_char="718">she</TOKEN>
				<TOKEN end_char="725" id="token-4-29" start_char="722">said</TOKEN>
				<TOKEN end_char="726" id="token-4-30" start_char="726">,</TOKEN>
				<TOKEN end_char="732" id="token-4-31" start_char="728">asked</TOKEN>
				<TOKEN end_char="738" id="token-4-32" start_char="734">India</TOKEN>
				<TOKEN end_char="741" id="token-4-33" start_char="740">to</TOKEN>
				<TOKEN end_char="746" id="token-4-34" start_char="743">call</TOKEN>
				<TOKEN end_char="750" id="token-4-35" start_char="748">for</TOKEN>
				<TOKEN end_char="752" id="token-4-36" start_char="752">a</TOKEN>
				<TOKEN end_char="761" id="token-4-37" start_char="754">peaceful</TOKEN>
				<TOKEN end_char="772" id="token-4-38" start_char="763">resolution</TOKEN>
				<TOKEN end_char="777" id="token-4-39" start_char="774">that</TOKEN>
				<TOKEN end_char="781" id="token-4-40" start_char="779">did</TOKEN>
				<TOKEN end_char="785" id="token-4-41" start_char="783">not</TOKEN>
				<TOKEN end_char="793" id="token-4-42" start_char="787">impinge</TOKEN>
				<TOKEN end_char="796" id="token-4-43" start_char="795">on</TOKEN>
				<TOKEN end_char="802" id="token-4-44" start_char="798">Syria</TOKEN>
				<TOKEN end_char="803" id="token-4-45" start_char="803">’</TOKEN>
				<TOKEN end_char="804" id="token-4-46" start_char="804">s</TOKEN>
				<TOKEN end_char="816" id="token-4-47" start_char="806">sovereignty</TOKEN>
				<TOKEN end_char="817" id="token-4-48" start_char="817">.</TOKEN>
			</SEG>
			<SEG end_char="1113" id="20130308_WAPO_a4f0a7f59f80dfb3ef0f7f9860945d93-5" start_char="819">
				<ORIGINAL_TEXT>“We want India, Brazil, Russia, China and South Africa to make a very strong decision to support a political solution in Syria, to support the right of the Syrian people to decide a future for themselves,” Shaaban, the political and media advisor to Assad, told reporters in New Delhi on Friday.</ORIGINAL_TEXT>
				<TOKEN end_char="819" id="token-5-0" start_char="819">“</TOKEN>
				<TOKEN end_char="821" id="token-5-1" start_char="820">We</TOKEN>
				<TOKEN end_char="826" id="token-5-2" start_char="823">want</TOKEN>
				<TOKEN end_char="832" id="token-5-3" start_char="828">India</TOKEN>
				<TOKEN end_char="833" id="token-5-4" start_char="833">,</TOKEN>
				<TOKEN end_char="840" id="token-5-5" start_char="835">Brazil</TOKEN>
				<TOKEN end_char="841" id="token-5-6" start_char="841">,</TOKEN>
				<TOKEN end_char="848" id="token-5-7" start_char="843">Russia</TOKEN>
				<TOKEN end_char="849" id="token-5-8" start_char="849">,</TOKEN>
				<TOKEN end_char="855" id="token-5-9" start_char="851">China</TOKEN>
				<TOKEN end_char="859" id="token-5-10" start_char="857">and</TOKEN>
				<TOKEN end_char="865" id="token-5-11" start_char="861">South</TOKEN>
				<TOKEN end_char="872" id="token-5-12" start_char="867">Africa</TOKEN>
				<TOKEN end_char="875" id="token-5-13" start_char="874">to</TOKEN>
				<TOKEN end_char="880" id="token-5-14" start_char="877">make</TOKEN>
				<TOKEN end_char="882" id="token-5-15" start_char="882">a</TOKEN>
				<TOKEN end_char="887" id="token-5-16" start_char="884">very</TOKEN>
				<TOKEN end_char="894" id="token-5-17" start_char="889">strong</TOKEN>
				<TOKEN end_char="903" id="token-5-18" start_char="896">decision</TOKEN>
				<TOKEN end_char="906" id="token-5-19" start_char="905">to</TOKEN>
				<TOKEN end_char="914" id="token-5-20" start_char="908">support</TOKEN>
				<TOKEN end_char="916" id="token-5-21" start_char="916">a</TOKEN>
				<TOKEN end_char="926" id="token-5-22" start_char="918">political</TOKEN>
				<TOKEN end_char="935" id="token-5-23" start_char="928">solution</TOKEN>
				<TOKEN end_char="938" id="token-5-24" start_char="937">in</TOKEN>
				<TOKEN end_char="944" id="token-5-25" start_char="940">Syria</TOKEN>
				<TOKEN end_char="945" id="token-5-26" start_char="945">,</TOKEN>
				<TOKEN end_char="948" id="token-5-27" start_char="947">to</TOKEN>
				<TOKEN end_char="956" id="token-5-28" start_char="950">support</TOKEN>
				<TOKEN end_char="960" id="token-5-29" start_char="958">the</TOKEN>
				<TOKEN end_char="966" id="token-5-30" start_char="962">right</TOKEN>
				<TOKEN end_char="969" id="token-5-31" start_char="968">of</TOKEN>
				<TOKEN end_char="973" id="token-5-32" start_char="971">the</TOKEN>
				<TOKEN end_char="980" id="token-5-33" start_char="975">Syrian</TOKEN>
				<TOKEN end_char="987" id="token-5-34" start_char="982">people</TOKEN>
				<TOKEN end_char="990" id="token-5-35" start_char="989">to</TOKEN>
				<TOKEN end_char="997" id="token-5-36" start_char="992">decide</TOKEN>
				<TOKEN end_char="999" id="token-5-37" start_char="999">a</TOKEN>
				<TOKEN end_char="1006" id="token-5-38" start_char="1001">future</TOKEN>
				<TOKEN end_char="1010" id="token-5-39" start_char="1008">for</TOKEN>
				<TOKEN end_char="1021" id="token-5-40" start_char="1012">themselves</TOKEN>
				<TOKEN end_char="1023" id="token-5-41" start_char="1022">,”</TOKEN>
				<TOKEN end_char="1031" id="token-5-42" start_char="1025">Shaaban</TOKEN>
				<TOKEN end_char="1032" id="token-5-43" start_char="1032">,</TOKEN>
				<TOKEN end_char="1036" id="token-5-44" start_char="1034">the</TOKEN>
				<TOKEN end_char="1046" id="token-5-45" start_char="1038">political</TOKEN>
				<TOKEN end_char="1050" id="token-5-46" start_char="1048">and</TOKEN>
				<TOKEN end_char="1056" id="token-5-47" start_char="1052">media</TOKEN>
				<TOKEN end_char="1064" id="token-5-48" start_char="1058">advisor</TOKEN>
				<TOKEN end_char="1067" id="token-5-49" start_char="1066">to</TOKEN>
				<TOKEN end_char="1073" id="token-5-50" start_char="1069">Assad</TOKEN>
				<TOKEN end_char="1074" id="token-5-51" start_char="1074">,</TOKEN>
				<TOKEN end_char="1079" id="token-5-52" start_char="1076">told</TOKEN>
				<TOKEN end_char="1089" id="token-5-53" start_char="1081">reporters</TOKEN>
				<TOKEN end_char="1092" id="token-5-54" start_char="1091">in</TOKEN>
				<TOKEN end_char="1096" id="token-5-55" start_char="1094">New</TOKEN>
				<TOKEN end_char="1102" id="token-5-56" start_char="1098">Delhi</TOKEN>
				<TOKEN end_char="1105" id="token-5-57" start_char="1104">on</TOKEN>
				<TOKEN end_char="1112" id="token-5-58" start_char="1107">Friday</TOKEN>
				<TOKEN end_char="1113" id="token-5-59" start_char="1113">.</TOKEN>
			</SEG>
			<SEG end_char="1255" id="20130308_WAPO_a4f0a7f59f80dfb3ef0f7f9860945d93-6" start_char="1115">
				<ORIGINAL_TEXT>Shaabansaid that the armed anti-government rebels were religious fundamentalists, and criticized Western nations for supporting the fighters.</ORIGINAL_TEXT>
				<TOKEN end_char="1125" id="token-6-0" start_char="1115">Shaabansaid</TOKEN>
				<TOKEN end_char="1130" id="token-6-1" start_char="1127">that</TOKEN>
				<TOKEN end_char="1134" id="token-6-2" start_char="1132">the</TOKEN>
				<TOKEN end_char="1140" id="token-6-3" start_char="1136">armed</TOKEN>
				<TOKEN end_char="1145" id="token-6-4" start_char="1142">anti</TOKEN>
				<TOKEN end_char="1146" id="token-6-5" start_char="1146">-</TOKEN>
				<TOKEN end_char="1156" id="token-6-6" start_char="1147">government</TOKEN>
				<TOKEN end_char="1163" id="token-6-7" start_char="1158">rebels</TOKEN>
				<TOKEN end_char="1168" id="token-6-8" start_char="1165">were</TOKEN>
				<TOKEN end_char="1178" id="token-6-9" start_char="1170">religious</TOKEN>
				<TOKEN end_char="1194" id="token-6-10" start_char="1180">fundamentalists</TOKEN>
				<TOKEN end_char="1195" id="token-6-11" start_char="1195">,</TOKEN>
				<TOKEN end_char="1199" id="token-6-12" start_char="1197">and</TOKEN>
				<TOKEN end_char="1210" id="token-6-13" start_char="1201">criticized</TOKEN>
				<TOKEN end_char="1218" id="token-6-14" start_char="1212">Western</TOKEN>
				<TOKEN end_char="1226" id="token-6-15" start_char="1220">nations</TOKEN>
				<TOKEN end_char="1230" id="token-6-16" start_char="1228">for</TOKEN>
				<TOKEN end_char="1241" id="token-6-17" start_char="1232">supporting</TOKEN>
				<TOKEN end_char="1245" id="token-6-18" start_char="1243">the</TOKEN>
				<TOKEN end_char="1254" id="token-6-19" start_char="1247">fighters</TOKEN>
				<TOKEN end_char="1255" id="token-6-20" start_char="1255">.</TOKEN>
			</SEG>
			<SEG end_char="1516" id="20130308_WAPO_a4f0a7f59f80dfb3ef0f7f9860945d93-7" start_char="1257">
				<ORIGINAL_TEXT>“Thank God, there are countries like the BRICS… to introduce reason into what is happening in the international community,” Shabaan said. “Otherwise we would have faced what Libya is facing today. BRICS have been taking a very honest and very balanced stance.”</ORIGINAL_TEXT>
				<TOKEN end_char="1257" id="token-7-0" start_char="1257">“</TOKEN>
				<TOKEN end_char="1262" id="token-7-1" start_char="1258">Thank</TOKEN>
				<TOKEN end_char="1266" id="token-7-2" start_char="1264">God</TOKEN>
				<TOKEN end_char="1267" id="token-7-3" start_char="1267">,</TOKEN>
				<TOKEN end_char="1273" id="token-7-4" start_char="1269">there</TOKEN>
				<TOKEN end_char="1277" id="token-7-5" start_char="1275">are</TOKEN>
				<TOKEN end_char="1287" id="token-7-6" start_char="1279">countries</TOKEN>
				<TOKEN end_char="1292" id="token-7-7" start_char="1289">like</TOKEN>
				<TOKEN end_char="1296" id="token-7-8" start_char="1294">the</TOKEN>
				<TOKEN end_char="1302" id="token-7-9" start_char="1298">BRICS</TOKEN>
				<TOKEN end_char="1303" id="token-7-10" start_char="1303">…</TOKEN>
				<TOKEN end_char="1306" id="token-7-11" start_char="1305">to</TOKEN>
				<TOKEN end_char="1316" id="token-7-12" start_char="1308">introduce</TOKEN>
				<TOKEN end_char="1323" id="token-7-13" start_char="1318">reason</TOKEN>
				<TOKEN end_char="1328" id="token-7-14" start_char="1325">into</TOKEN>
				<TOKEN end_char="1333" id="token-7-15" start_char="1330">what</TOKEN>
				<TOKEN end_char="1336" id="token-7-16" start_char="1335">is</TOKEN>
				<TOKEN end_char="1346" id="token-7-17" start_char="1338">happening</TOKEN>
				<TOKEN end_char="1349" id="token-7-18" start_char="1348">in</TOKEN>
				<TOKEN end_char="1353" id="token-7-19" start_char="1351">the</TOKEN>
				<TOKEN end_char="1367" id="token-7-20" start_char="1355">international</TOKEN>
				<TOKEN end_char="1377" id="token-7-21" start_char="1369">community</TOKEN>
				<TOKEN end_char="1379" id="token-7-22" start_char="1378">,”</TOKEN>
				<TOKEN end_char="1387" id="token-7-23" start_char="1381">Shabaan</TOKEN>
				<TOKEN end_char="1392" id="token-7-24" start_char="1389">said</TOKEN>
				<TOKEN end_char="1393" id="token-7-25" start_char="1393">.</TOKEN>
				<TOKEN end_char="1395" id="token-7-26" start_char="1395">“</TOKEN>
				<TOKEN end_char="1404" id="token-7-27" start_char="1396">Otherwise</TOKEN>
				<TOKEN end_char="1407" id="token-7-28" start_char="1406">we</TOKEN>
				<TOKEN end_char="1413" id="token-7-29" start_char="1409">would</TOKEN>
				<TOKEN end_char="1418" id="token-7-30" start_char="1415">have</TOKEN>
				<TOKEN end_char="1424" id="token-7-31" start_char="1420">faced</TOKEN>
				<TOKEN end_char="1429" id="token-7-32" start_char="1426">what</TOKEN>
				<TOKEN end_char="1435" id="token-7-33" start_char="1431">Libya</TOKEN>
				<TOKEN end_char="1438" id="token-7-34" start_char="1437">is</TOKEN>
				<TOKEN end_char="1445" id="token-7-35" start_char="1440">facing</TOKEN>
				<TOKEN end_char="1451" id="token-7-36" start_char="1447">today</TOKEN>
				<TOKEN end_char="1452" id="token-7-37" start_char="1452">.</TOKEN>
				<TOKEN end_char="1458" id="token-7-38" start_char="1454">BRICS</TOKEN>
				<TOKEN end_char="1463" id="token-7-39" start_char="1460">have</TOKEN>
				<TOKEN end_char="1468" id="token-7-40" start_char="1465">been</TOKEN>
				<TOKEN end_char="1475" id="token-7-41" start_char="1470">taking</TOKEN>
				<TOKEN end_char="1477" id="token-7-42" start_char="1477">a</TOKEN>
				<TOKEN end_char="1482" id="token-7-43" start_char="1479">very</TOKEN>
				<TOKEN end_char="1489" id="token-7-44" start_char="1484">honest</TOKEN>
				<TOKEN end_char="1493" id="token-7-45" start_char="1491">and</TOKEN>
				<TOKEN end_char="1498" id="token-7-46" start_char="1495">very</TOKEN>
				<TOKEN end_char="1507" id="token-7-47" start_char="1500">balanced</TOKEN>
				<TOKEN end_char="1514" id="token-7-48" start_char="1509">stance</TOKEN>
				<TOKEN end_char="1516" id="token-7-49" start_char="1515">.”</TOKEN>
			</SEG>
			<SEG end_char="1864" id="20130308_WAPO_a4f0a7f59f80dfb3ef0f7f9860945d93-8" start_char="1518">
				<ORIGINAL_TEXT>In the past two years, Syria has been rocked by a bloody revolt that has killed tens of thousands of people. China and Russia have opposed moves by the the United States and other western nations to impose sanctions to pressure the Syrian government. Last year, the BRICS nations called for an end to the rhetoric of military action against Syria.</ORIGINAL_TEXT>
				<TOKEN end_char="1519" id="token-8-0" start_char="1518">In</TOKEN>
				<TOKEN end_char="1523" id="token-8-1" start_char="1521">the</TOKEN>
				<TOKEN end_char="1528" id="token-8-2" start_char="1525">past</TOKEN>
				<TOKEN end_char="1532" id="token-8-3" start_char="1530">two</TOKEN>
				<TOKEN end_char="1538" id="token-8-4" start_char="1534">years</TOKEN>
				<TOKEN end_char="1539" id="token-8-5" start_char="1539">,</TOKEN>
				<TOKEN end_char="1545" id="token-8-6" start_char="1541">Syria</TOKEN>
				<TOKEN end_char="1549" id="token-8-7" start_char="1547">has</TOKEN>
				<TOKEN end_char="1554" id="token-8-8" start_char="1551">been</TOKEN>
				<TOKEN end_char="1561" id="token-8-9" start_char="1556">rocked</TOKEN>
				<TOKEN end_char="1564" id="token-8-10" start_char="1563">by</TOKEN>
				<TOKEN end_char="1566" id="token-8-11" start_char="1566">a</TOKEN>
				<TOKEN end_char="1573" id="token-8-12" start_char="1568">bloody</TOKEN>
				<TOKEN end_char="1580" id="token-8-13" start_char="1575">revolt</TOKEN>
				<TOKEN end_char="1585" id="token-8-14" start_char="1582">that</TOKEN>
				<TOKEN end_char="1589" id="token-8-15" start_char="1587">has</TOKEN>
				<TOKEN end_char="1596" id="token-8-16" start_char="1591">killed</TOKEN>
				<TOKEN end_char="1601" id="token-8-17" start_char="1598">tens</TOKEN>
				<TOKEN end_char="1604" id="token-8-18" start_char="1603">of</TOKEN>
				<TOKEN end_char="1614" id="token-8-19" start_char="1606">thousands</TOKEN>
				<TOKEN end_char="1617" id="token-8-20" start_char="1616">of</TOKEN>
				<TOKEN end_char="1624" id="token-8-21" start_char="1619">people</TOKEN>
				<TOKEN end_char="1625" id="token-8-22" start_char="1625">.</TOKEN>
				<TOKEN end_char="1631" id="token-8-23" start_char="1627">China</TOKEN>
				<TOKEN end_char="1635" id="token-8-24" start_char="1633">and</TOKEN>
				<TOKEN end_char="1642" id="token-8-25" start_char="1637">Russia</TOKEN>
				<TOKEN end_char="1647" id="token-8-26" start_char="1644">have</TOKEN>
				<TOKEN end_char="1655" id="token-8-27" start_char="1649">opposed</TOKEN>
				<TOKEN end_char="1661" id="token-8-28" start_char="1657">moves</TOKEN>
				<TOKEN end_char="1664" id="token-8-29" start_char="1663">by</TOKEN>
				<TOKEN end_char="1668" id="token-8-30" start_char="1666">the</TOKEN>
				<TOKEN end_char="1672" id="token-8-31" start_char="1670">the</TOKEN>
				<TOKEN end_char="1679" id="token-8-32" start_char="1674">United</TOKEN>
				<TOKEN end_char="1686" id="token-8-33" start_char="1681">States</TOKEN>
				<TOKEN end_char="1690" id="token-8-34" start_char="1688">and</TOKEN>
				<TOKEN end_char="1696" id="token-8-35" start_char="1692">other</TOKEN>
				<TOKEN end_char="1704" id="token-8-36" start_char="1698">western</TOKEN>
				<TOKEN end_char="1712" id="token-8-37" start_char="1706">nations</TOKEN>
				<TOKEN end_char="1715" id="token-8-38" start_char="1714">to</TOKEN>
				<TOKEN end_char="1722" id="token-8-39" start_char="1717">impose</TOKEN>
				<TOKEN end_char="1732" id="token-8-40" start_char="1724">sanctions</TOKEN>
				<TOKEN end_char="1735" id="token-8-41" start_char="1734">to</TOKEN>
				<TOKEN end_char="1744" id="token-8-42" start_char="1737">pressure</TOKEN>
				<TOKEN end_char="1748" id="token-8-43" start_char="1746">the</TOKEN>
				<TOKEN end_char="1755" id="token-8-44" start_char="1750">Syrian</TOKEN>
				<TOKEN end_char="1766" id="token-8-45" start_char="1757">government</TOKEN>
				<TOKEN end_char="1767" id="token-8-46" start_char="1767">.</TOKEN>
				<TOKEN end_char="1772" id="token-8-47" start_char="1769">Last</TOKEN>
				<TOKEN end_char="1777" id="token-8-48" start_char="1774">year</TOKEN>
				<TOKEN end_char="1778" id="token-8-49" start_char="1778">,</TOKEN>
				<TOKEN end_char="1782" id="token-8-50" start_char="1780">the</TOKEN>
				<TOKEN end_char="1788" id="token-8-51" start_char="1784">BRICS</TOKEN>
				<TOKEN end_char="1796" id="token-8-52" start_char="1790">nations</TOKEN>
				<TOKEN end_char="1803" id="token-8-53" start_char="1798">called</TOKEN>
				<TOKEN end_char="1807" id="token-8-54" start_char="1805">for</TOKEN>
				<TOKEN end_char="1810" id="token-8-55" start_char="1809">an</TOKEN>
				<TOKEN end_char="1814" id="token-8-56" start_char="1812">end</TOKEN>
				<TOKEN end_char="1817" id="token-8-57" start_char="1816">to</TOKEN>
				<TOKEN end_char="1821" id="token-8-58" start_char="1819">the</TOKEN>
				<TOKEN end_char="1830" id="token-8-59" start_char="1823">rhetoric</TOKEN>
				<TOKEN end_char="1833" id="token-8-60" start_char="1832">of</TOKEN>
				<TOKEN end_char="1842" id="token-8-61" start_char="1835">military</TOKEN>
				<TOKEN end_char="1849" id="token-8-62" start_char="1844">action</TOKEN>
				<TOKEN end_char="1857" id="token-8-63" start_char="1851">against</TOKEN>
				<TOKEN end_char="1863" id="token-8-64" start_char="1859">Syria</TOKEN>
				<TOKEN end_char="1864" id="token-8-65" start_char="1864">.</TOKEN>
			</SEG>
			<SEG end_char="2116" id="20130308_WAPO_a4f0a7f59f80dfb3ef0f7f9860945d93-9" start_char="1866">
				<ORIGINAL_TEXT>India has until now walked the tightrope between the United States and Syria. It voted in favor of sanctions, but later abstained from another vote in the United Nations General Assembly, saying it opposed acts that aimed at change of regime in Syria.</ORIGINAL_TEXT>
				<TOKEN end_char="1870" id="token-9-0" start_char="1866">India</TOKEN>
				<TOKEN end_char="1874" id="token-9-1" start_char="1872">has</TOKEN>
				<TOKEN end_char="1880" id="token-9-2" start_char="1876">until</TOKEN>
				<TOKEN end_char="1884" id="token-9-3" start_char="1882">now</TOKEN>
				<TOKEN end_char="1891" id="token-9-4" start_char="1886">walked</TOKEN>
				<TOKEN end_char="1895" id="token-9-5" start_char="1893">the</TOKEN>
				<TOKEN end_char="1905" id="token-9-6" start_char="1897">tightrope</TOKEN>
				<TOKEN end_char="1913" id="token-9-7" start_char="1907">between</TOKEN>
				<TOKEN end_char="1917" id="token-9-8" start_char="1915">the</TOKEN>
				<TOKEN end_char="1924" id="token-9-9" start_char="1919">United</TOKEN>
				<TOKEN end_char="1931" id="token-9-10" start_char="1926">States</TOKEN>
				<TOKEN end_char="1935" id="token-9-11" start_char="1933">and</TOKEN>
				<TOKEN end_char="1941" id="token-9-12" start_char="1937">Syria</TOKEN>
				<TOKEN end_char="1942" id="token-9-13" start_char="1942">.</TOKEN>
				<TOKEN end_char="1945" id="token-9-14" start_char="1944">It</TOKEN>
				<TOKEN end_char="1951" id="token-9-15" start_char="1947">voted</TOKEN>
				<TOKEN end_char="1954" id="token-9-16" start_char="1953">in</TOKEN>
				<TOKEN end_char="1960" id="token-9-17" start_char="1956">favor</TOKEN>
				<TOKEN end_char="1963" id="token-9-18" start_char="1962">of</TOKEN>
				<TOKEN end_char="1973" id="token-9-19" start_char="1965">sanctions</TOKEN>
				<TOKEN end_char="1974" id="token-9-20" start_char="1974">,</TOKEN>
				<TOKEN end_char="1978" id="token-9-21" start_char="1976">but</TOKEN>
				<TOKEN end_char="1984" id="token-9-22" start_char="1980">later</TOKEN>
				<TOKEN end_char="1994" id="token-9-23" start_char="1986">abstained</TOKEN>
				<TOKEN end_char="1999" id="token-9-24" start_char="1996">from</TOKEN>
				<TOKEN end_char="2007" id="token-9-25" start_char="2001">another</TOKEN>
				<TOKEN end_char="2012" id="token-9-26" start_char="2009">vote</TOKEN>
				<TOKEN end_char="2015" id="token-9-27" start_char="2014">in</TOKEN>
				<TOKEN end_char="2019" id="token-9-28" start_char="2017">the</TOKEN>
				<TOKEN end_char="2026" id="token-9-29" start_char="2021">United</TOKEN>
				<TOKEN end_char="2034" id="token-9-30" start_char="2028">Nations</TOKEN>
				<TOKEN end_char="2042" id="token-9-31" start_char="2036">General</TOKEN>
				<TOKEN end_char="2051" id="token-9-32" start_char="2044">Assembly</TOKEN>
				<TOKEN end_char="2052" id="token-9-33" start_char="2052">,</TOKEN>
				<TOKEN end_char="2059" id="token-9-34" start_char="2054">saying</TOKEN>
				<TOKEN end_char="2062" id="token-9-35" start_char="2061">it</TOKEN>
				<TOKEN end_char="2070" id="token-9-36" start_char="2064">opposed</TOKEN>
				<TOKEN end_char="2075" id="token-9-37" start_char="2072">acts</TOKEN>
				<TOKEN end_char="2080" id="token-9-38" start_char="2077">that</TOKEN>
				<TOKEN end_char="2086" id="token-9-39" start_char="2082">aimed</TOKEN>
				<TOKEN end_char="2089" id="token-9-40" start_char="2088">at</TOKEN>
				<TOKEN end_char="2096" id="token-9-41" start_char="2091">change</TOKEN>
				<TOKEN end_char="2099" id="token-9-42" start_char="2098">of</TOKEN>
				<TOKEN end_char="2106" id="token-9-43" start_char="2101">regime</TOKEN>
				<TOKEN end_char="2109" id="token-9-44" start_char="2108">in</TOKEN>
				<TOKEN end_char="2115" id="token-9-45" start_char="2111">Syria</TOKEN>
				<TOKEN end_char="2116" id="token-9-46" start_char="2116">.</TOKEN>
			</SEG>
			<SEG end_char="2343" id="20130308_WAPO_a4f0a7f59f80dfb3ef0f7f9860945d93-10" start_char="2118">
				<ORIGINAL_TEXT>On Wednesday, India’s foreign office expressed its “deep concern on the security situation in Syria” and said that the Geneva Communique, which had called for respecting Syria’s sovereignty, must form the basis for a solution.</ORIGINAL_TEXT>
				<TOKEN end_char="2119" id="token-10-0" start_char="2118">On</TOKEN>
				<TOKEN end_char="2129" id="token-10-1" start_char="2121">Wednesday</TOKEN>
				<TOKEN end_char="2130" id="token-10-2" start_char="2130">,</TOKEN>
				<TOKEN end_char="2136" id="token-10-3" start_char="2132">India</TOKEN>
				<TOKEN end_char="2137" id="token-10-4" start_char="2137">’</TOKEN>
				<TOKEN end_char="2138" id="token-10-5" start_char="2138">s</TOKEN>
				<TOKEN end_char="2146" id="token-10-6" start_char="2140">foreign</TOKEN>
				<TOKEN end_char="2153" id="token-10-7" start_char="2148">office</TOKEN>
				<TOKEN end_char="2163" id="token-10-8" start_char="2155">expressed</TOKEN>
				<TOKEN end_char="2167" id="token-10-9" start_char="2165">its</TOKEN>
				<TOKEN end_char="2169" id="token-10-10" start_char="2169">“</TOKEN>
				<TOKEN end_char="2173" id="token-10-11" start_char="2170">deep</TOKEN>
				<TOKEN end_char="2181" id="token-10-12" start_char="2175">concern</TOKEN>
				<TOKEN end_char="2184" id="token-10-13" start_char="2183">on</TOKEN>
				<TOKEN end_char="2188" id="token-10-14" start_char="2186">the</TOKEN>
				<TOKEN end_char="2197" id="token-10-15" start_char="2190">security</TOKEN>
				<TOKEN end_char="2207" id="token-10-16" start_char="2199">situation</TOKEN>
				<TOKEN end_char="2210" id="token-10-17" start_char="2209">in</TOKEN>
				<TOKEN end_char="2216" id="token-10-18" start_char="2212">Syria</TOKEN>
				<TOKEN end_char="2217" id="token-10-19" start_char="2217">”</TOKEN>
				<TOKEN end_char="2221" id="token-10-20" start_char="2219">and</TOKEN>
				<TOKEN end_char="2226" id="token-10-21" start_char="2223">said</TOKEN>
				<TOKEN end_char="2231" id="token-10-22" start_char="2228">that</TOKEN>
				<TOKEN end_char="2235" id="token-10-23" start_char="2233">the</TOKEN>
				<TOKEN end_char="2242" id="token-10-24" start_char="2237">Geneva</TOKEN>
				<TOKEN end_char="2253" id="token-10-25" start_char="2244">Communique</TOKEN>
				<TOKEN end_char="2254" id="token-10-26" start_char="2254">,</TOKEN>
				<TOKEN end_char="2260" id="token-10-27" start_char="2256">which</TOKEN>
				<TOKEN end_char="2264" id="token-10-28" start_char="2262">had</TOKEN>
				<TOKEN end_char="2271" id="token-10-29" start_char="2266">called</TOKEN>
				<TOKEN end_char="2275" id="token-10-30" start_char="2273">for</TOKEN>
				<TOKEN end_char="2286" id="token-10-31" start_char="2277">respecting</TOKEN>
				<TOKEN end_char="2292" id="token-10-32" start_char="2288">Syria</TOKEN>
				<TOKEN end_char="2293" id="token-10-33" start_char="2293">’</TOKEN>
				<TOKEN end_char="2294" id="token-10-34" start_char="2294">s</TOKEN>
				<TOKEN end_char="2306" id="token-10-35" start_char="2296">sovereignty</TOKEN>
				<TOKEN end_char="2307" id="token-10-36" start_char="2307">,</TOKEN>
				<TOKEN end_char="2312" id="token-10-37" start_char="2309">must</TOKEN>
				<TOKEN end_char="2317" id="token-10-38" start_char="2314">form</TOKEN>
				<TOKEN end_char="2321" id="token-10-39" start_char="2319">the</TOKEN>
				<TOKEN end_char="2327" id="token-10-40" start_char="2323">basis</TOKEN>
				<TOKEN end_char="2331" id="token-10-41" start_char="2329">for</TOKEN>
				<TOKEN end_char="2333" id="token-10-42" start_char="2333">a</TOKEN>
				<TOKEN end_char="2342" id="token-10-43" start_char="2335">solution</TOKEN>
				<TOKEN end_char="2343" id="token-10-44" start_char="2343">.</TOKEN>
			</SEG>
			<SEG end_char="2439" id="20130308_WAPO_a4f0a7f59f80dfb3ef0f7f9860945d93-11" start_char="2345">
				<ORIGINAL_TEXT>On Friday, Shaaban also urged reporters to use the term “international community” with caution.</ORIGINAL_TEXT>
				<TOKEN end_char="2346" id="token-11-0" start_char="2345">On</TOKEN>
				<TOKEN end_char="2353" id="token-11-1" start_char="2348">Friday</TOKEN>
				<TOKEN end_char="2354" id="token-11-2" start_char="2354">,</TOKEN>
				<TOKEN end_char="2362" id="token-11-3" start_char="2356">Shaaban</TOKEN>
				<TOKEN end_char="2367" id="token-11-4" start_char="2364">also</TOKEN>
				<TOKEN end_char="2373" id="token-11-5" start_char="2369">urged</TOKEN>
				<TOKEN end_char="2383" id="token-11-6" start_char="2375">reporters</TOKEN>
				<TOKEN end_char="2386" id="token-11-7" start_char="2385">to</TOKEN>
				<TOKEN end_char="2390" id="token-11-8" start_char="2388">use</TOKEN>
				<TOKEN end_char="2394" id="token-11-9" start_char="2392">the</TOKEN>
				<TOKEN end_char="2399" id="token-11-10" start_char="2396">term</TOKEN>
				<TOKEN end_char="2401" id="token-11-11" start_char="2401">“</TOKEN>
				<TOKEN end_char="2414" id="token-11-12" start_char="2402">international</TOKEN>
				<TOKEN end_char="2424" id="token-11-13" start_char="2416">community</TOKEN>
				<TOKEN end_char="2425" id="token-11-14" start_char="2425">”</TOKEN>
				<TOKEN end_char="2430" id="token-11-15" start_char="2427">with</TOKEN>
				<TOKEN end_char="2438" id="token-11-16" start_char="2432">caution</TOKEN>
				<TOKEN end_char="2439" id="token-11-17" start_char="2439">.</TOKEN>
			</SEG>
			<SEG end_char="2657" id="20130308_WAPO_a4f0a7f59f80dfb3ef0f7f9860945d93-12" start_char="2441">
				<ORIGINAL_TEXT>“The BRICS is also a big part of the international community, so please stop using the term when you are referring to Western forces,” Shaaban said. Then she added, “It is very difficult to counter Western narrative.”</ORIGINAL_TEXT>
				<TOKEN end_char="2441" id="token-12-0" start_char="2441">“</TOKEN>
				<TOKEN end_char="2444" id="token-12-1" start_char="2442">The</TOKEN>
				<TOKEN end_char="2450" id="token-12-2" start_char="2446">BRICS</TOKEN>
				<TOKEN end_char="2453" id="token-12-3" start_char="2452">is</TOKEN>
				<TOKEN end_char="2458" id="token-12-4" start_char="2455">also</TOKEN>
				<TOKEN end_char="2460" id="token-12-5" start_char="2460">a</TOKEN>
				<TOKEN end_char="2464" id="token-12-6" start_char="2462">big</TOKEN>
				<TOKEN end_char="2469" id="token-12-7" start_char="2466">part</TOKEN>
				<TOKEN end_char="2472" id="token-12-8" start_char="2471">of</TOKEN>
				<TOKEN end_char="2476" id="token-12-9" start_char="2474">the</TOKEN>
				<TOKEN end_char="2490" id="token-12-10" start_char="2478">international</TOKEN>
				<TOKEN end_char="2500" id="token-12-11" start_char="2492">community</TOKEN>
				<TOKEN end_char="2501" id="token-12-12" start_char="2501">,</TOKEN>
				<TOKEN end_char="2504" id="token-12-13" start_char="2503">so</TOKEN>
				<TOKEN end_char="2511" id="token-12-14" start_char="2506">please</TOKEN>
				<TOKEN end_char="2516" id="token-12-15" start_char="2513">stop</TOKEN>
				<TOKEN end_char="2522" id="token-12-16" start_char="2518">using</TOKEN>
				<TOKEN end_char="2526" id="token-12-17" start_char="2524">the</TOKEN>
				<TOKEN end_char="2531" id="token-12-18" start_char="2528">term</TOKEN>
				<TOKEN end_char="2536" id="token-12-19" start_char="2533">when</TOKEN>
				<TOKEN end_char="2540" id="token-12-20" start_char="2538">you</TOKEN>
				<TOKEN end_char="2544" id="token-12-21" start_char="2542">are</TOKEN>
				<TOKEN end_char="2554" id="token-12-22" start_char="2546">referring</TOKEN>
				<TOKEN end_char="2557" id="token-12-23" start_char="2556">to</TOKEN>
				<TOKEN end_char="2565" id="token-12-24" start_char="2559">Western</TOKEN>
				<TOKEN end_char="2572" id="token-12-25" start_char="2567">forces</TOKEN>
				<TOKEN end_char="2574" id="token-12-26" start_char="2573">,”</TOKEN>
				<TOKEN end_char="2582" id="token-12-27" start_char="2576">Shaaban</TOKEN>
				<TOKEN end_char="2587" id="token-12-28" start_char="2584">said</TOKEN>
				<TOKEN end_char="2588" id="token-12-29" start_char="2588">.</TOKEN>
				<TOKEN end_char="2593" id="token-12-30" start_char="2590">Then</TOKEN>
				<TOKEN end_char="2597" id="token-12-31" start_char="2595">she</TOKEN>
				<TOKEN end_char="2603" id="token-12-32" start_char="2599">added</TOKEN>
				<TOKEN end_char="2604" id="token-12-33" start_char="2604">,</TOKEN>
				<TOKEN end_char="2606" id="token-12-34" start_char="2606">“</TOKEN>
				<TOKEN end_char="2608" id="token-12-35" start_char="2607">It</TOKEN>
				<TOKEN end_char="2611" id="token-12-36" start_char="2610">is</TOKEN>
				<TOKEN end_char="2616" id="token-12-37" start_char="2613">very</TOKEN>
				<TOKEN end_char="2626" id="token-12-38" start_char="2618">difficult</TOKEN>
				<TOKEN end_char="2629" id="token-12-39" start_char="2628">to</TOKEN>
				<TOKEN end_char="2637" id="token-12-40" start_char="2631">counter</TOKEN>
				<TOKEN end_char="2645" id="token-12-41" start_char="2639">Western</TOKEN>
				<TOKEN end_char="2655" id="token-12-42" start_char="2647">narrative</TOKEN>
				<TOKEN end_char="2657" id="token-12-43" start_char="2656">.”</TOKEN>
			</SEG>
		</TEXT>
	</DOC>
</LCTL_TEXT>
