<?xml version="1.0" encoding="utf-8"?>
<LCTL_TEXT>
	<DOC id="20130425_WAPO_8cda547c-ad27-11e2-b6fd-ba6f5f26d70e">
		<TEXT>
			<SEG end_char="79" id="20130425_WAPO_8cda547c-ad27-11e2-b6fd-ba6f5f26d70e-0" start_char="0">
				<ORIGINAL_TEXT>Finally, D.C. Nordstrom Rack offers aid for office fashion emergencies — sort of</ORIGINAL_TEXT>
				<TOKEN end_char="6" id="token-0-0" start_char="0">Finally</TOKEN>
				<TOKEN end_char="7" id="token-0-1" start_char="7">,</TOKEN>
				<TOKEN end_char="9" id="token-0-2" start_char="9">D</TOKEN>
				<TOKEN end_char="10" id="token-0-3" start_char="10">.</TOKEN>
				<TOKEN end_char="11" id="token-0-4" start_char="11">C</TOKEN>
				<TOKEN end_char="12" id="token-0-5" start_char="12">.</TOKEN>
				<TOKEN end_char="22" id="token-0-6" start_char="14">Nordstrom</TOKEN>
				<TOKEN end_char="27" id="token-0-7" start_char="24">Rack</TOKEN>
				<TOKEN end_char="34" id="token-0-8" start_char="29">offers</TOKEN>
				<TOKEN end_char="38" id="token-0-9" start_char="36">aid</TOKEN>
				<TOKEN end_char="42" id="token-0-10" start_char="40">for</TOKEN>
				<TOKEN end_char="49" id="token-0-11" start_char="44">office</TOKEN>
				<TOKEN end_char="57" id="token-0-12" start_char="51">fashion</TOKEN>
				<TOKEN end_char="69" id="token-0-13" start_char="59">emergencies</TOKEN>
				<TOKEN end_char="71" id="token-0-14" start_char="71">—</TOKEN>
				<TOKEN end_char="76" id="token-0-15" start_char="73">sort</TOKEN>
				<TOKEN end_char="79" id="token-0-16" start_char="78">of</TOKEN>
			</SEG>
			<SEG end_char="123" id="20130425_WAPO_8cda547c-ad27-11e2-b6fd-ba6f5f26d70e-1" start_char="81">
				<ORIGINAL_TEXT>Thursday, April 25, 2013 19:42:00 GMT-05:00</ORIGINAL_TEXT>
				<TOKEN end_char="88" id="token-1-0" start_char="81">Thursday</TOKEN>
				<TOKEN end_char="89" id="token-1-1" start_char="89">,</TOKEN>
				<TOKEN end_char="95" id="token-1-2" start_char="91">April</TOKEN>
				<TOKEN end_char="98" id="token-1-3" start_char="97">25</TOKEN>
				<TOKEN end_char="99" id="token-1-4" start_char="99">,</TOKEN>
				<TOKEN end_char="104" id="token-1-5" start_char="101">2013</TOKEN>
				<TOKEN end_char="107" id="token-1-6" start_char="106">19</TOKEN>
				<TOKEN end_char="108" id="token-1-7" start_char="108">:</TOKEN>
				<TOKEN end_char="110" id="token-1-8" start_char="109">42</TOKEN>
				<TOKEN end_char="111" id="token-1-9" start_char="111">:</TOKEN>
				<TOKEN end_char="113" id="token-1-10" start_char="112">00</TOKEN>
				<TOKEN end_char="117" id="token-1-11" start_char="115">GMT</TOKEN>
				<TOKEN end_char="118" id="token-1-12" start_char="118">-</TOKEN>
				<TOKEN end_char="120" id="token-1-13" start_char="119">05</TOKEN>
				<TOKEN end_char="121" id="token-1-14" start_char="121">:</TOKEN>
				<TOKEN end_char="123" id="token-1-15" start_char="122">00</TOKEN>
			</SEG>
			<SEG end_char="392" id="20130425_WAPO_8cda547c-ad27-11e2-b6fd-ba6f5f26d70e-2" start_char="125">
				<ORIGINAL_TEXT>The Nordstrom Rack on 18th and L streets NW launched last week, and the heavens opened and the angels sang and there were 300 people waiting in line — some of whom arrived at 5:30 in the morning — for the 9 a.m. opening, because now there was a place to buy pantyhose.</ORIGINAL_TEXT>
				<TOKEN end_char="127" id="token-2-0" start_char="125">The</TOKEN>
				<TOKEN end_char="137" id="token-2-1" start_char="129">Nordstrom</TOKEN>
				<TOKEN end_char="142" id="token-2-2" start_char="139">Rack</TOKEN>
				<TOKEN end_char="145" id="token-2-3" start_char="144">on</TOKEN>
				<TOKEN end_char="150" id="token-2-4" start_char="147">18th</TOKEN>
				<TOKEN end_char="154" id="token-2-5" start_char="152">and</TOKEN>
				<TOKEN end_char="156" id="token-2-6" start_char="156">L</TOKEN>
				<TOKEN end_char="164" id="token-2-7" start_char="158">streets</TOKEN>
				<TOKEN end_char="167" id="token-2-8" start_char="166">NW</TOKEN>
				<TOKEN end_char="176" id="token-2-9" start_char="169">launched</TOKEN>
				<TOKEN end_char="181" id="token-2-10" start_char="178">last</TOKEN>
				<TOKEN end_char="186" id="token-2-11" start_char="183">week</TOKEN>
				<TOKEN end_char="187" id="token-2-12" start_char="187">,</TOKEN>
				<TOKEN end_char="191" id="token-2-13" start_char="189">and</TOKEN>
				<TOKEN end_char="195" id="token-2-14" start_char="193">the</TOKEN>
				<TOKEN end_char="203" id="token-2-15" start_char="197">heavens</TOKEN>
				<TOKEN end_char="210" id="token-2-16" start_char="205">opened</TOKEN>
				<TOKEN end_char="214" id="token-2-17" start_char="212">and</TOKEN>
				<TOKEN end_char="218" id="token-2-18" start_char="216">the</TOKEN>
				<TOKEN end_char="225" id="token-2-19" start_char="220">angels</TOKEN>
				<TOKEN end_char="230" id="token-2-20" start_char="227">sang</TOKEN>
				<TOKEN end_char="234" id="token-2-21" start_char="232">and</TOKEN>
				<TOKEN end_char="240" id="token-2-22" start_char="236">there</TOKEN>
				<TOKEN end_char="245" id="token-2-23" start_char="242">were</TOKEN>
				<TOKEN end_char="249" id="token-2-24" start_char="247">300</TOKEN>
				<TOKEN end_char="256" id="token-2-25" start_char="251">people</TOKEN>
				<TOKEN end_char="264" id="token-2-26" start_char="258">waiting</TOKEN>
				<TOKEN end_char="267" id="token-2-27" start_char="266">in</TOKEN>
				<TOKEN end_char="272" id="token-2-28" start_char="269">line</TOKEN>
				<TOKEN end_char="274" id="token-2-29" start_char="274">—</TOKEN>
				<TOKEN end_char="279" id="token-2-30" start_char="276">some</TOKEN>
				<TOKEN end_char="282" id="token-2-31" start_char="281">of</TOKEN>
				<TOKEN end_char="287" id="token-2-32" start_char="284">whom</TOKEN>
				<TOKEN end_char="295" id="token-2-33" start_char="289">arrived</TOKEN>
				<TOKEN end_char="298" id="token-2-34" start_char="297">at</TOKEN>
				<TOKEN end_char="300" id="token-2-35" start_char="300">5</TOKEN>
				<TOKEN end_char="301" id="token-2-36" start_char="301">:</TOKEN>
				<TOKEN end_char="303" id="token-2-37" start_char="302">30</TOKEN>
				<TOKEN end_char="306" id="token-2-38" start_char="305">in</TOKEN>
				<TOKEN end_char="310" id="token-2-39" start_char="308">the</TOKEN>
				<TOKEN end_char="318" id="token-2-40" start_char="312">morning</TOKEN>
				<TOKEN end_char="320" id="token-2-41" start_char="320">—</TOKEN>
				<TOKEN end_char="324" id="token-2-42" start_char="322">for</TOKEN>
				<TOKEN end_char="328" id="token-2-43" start_char="326">the</TOKEN>
				<TOKEN end_char="330" id="token-2-44" start_char="330">9</TOKEN>
				<TOKEN end_char="332" id="token-2-45" start_char="332">a</TOKEN>
				<TOKEN end_char="333" id="token-2-46" start_char="333">.</TOKEN>
				<TOKEN end_char="334" id="token-2-47" start_char="334">m</TOKEN>
				<TOKEN end_char="335" id="token-2-48" start_char="335">.</TOKEN>
				<TOKEN end_char="343" id="token-2-49" start_char="337">opening</TOKEN>
				<TOKEN end_char="344" id="token-2-50" start_char="344">,</TOKEN>
				<TOKEN end_char="352" id="token-2-51" start_char="346">because</TOKEN>
				<TOKEN end_char="356" id="token-2-52" start_char="354">now</TOKEN>
				<TOKEN end_char="362" id="token-2-53" start_char="358">there</TOKEN>
				<TOKEN end_char="366" id="token-2-54" start_char="364">was</TOKEN>
				<TOKEN end_char="368" id="token-2-55" start_char="368">a</TOKEN>
				<TOKEN end_char="374" id="token-2-56" start_char="370">place</TOKEN>
				<TOKEN end_char="377" id="token-2-57" start_char="376">to</TOKEN>
				<TOKEN end_char="381" id="token-2-58" start_char="379">buy</TOKEN>
				<TOKEN end_char="391" id="token-2-59" start_char="383">pantyhose</TOKEN>
				<TOKEN end_char="392" id="token-2-60" start_char="392">.</TOKEN>
			</SEG>
			<SEG end_char="473" id="20130425_WAPO_8cda547c-ad27-11e2-b6fd-ba6f5f26d70e-3" start_char="394">
				<ORIGINAL_TEXT>Emergency pantyhose. The “there’s a giant run on my knee” replacement-pantyhose.</ORIGINAL_TEXT>
				<TOKEN end_char="402" id="token-3-0" start_char="394">Emergency</TOKEN>
				<TOKEN end_char="412" id="token-3-1" start_char="404">pantyhose</TOKEN>
				<TOKEN end_char="413" id="token-3-2" start_char="413">.</TOKEN>
				<TOKEN end_char="417" id="token-3-3" start_char="415">The</TOKEN>
				<TOKEN end_char="419" id="token-3-4" start_char="419">“</TOKEN>
				<TOKEN end_char="424" id="token-3-5" start_char="420">there</TOKEN>
				<TOKEN end_char="425" id="token-3-6" start_char="425">’</TOKEN>
				<TOKEN end_char="426" id="token-3-7" start_char="426">s</TOKEN>
				<TOKEN end_char="428" id="token-3-8" start_char="428">a</TOKEN>
				<TOKEN end_char="434" id="token-3-9" start_char="430">giant</TOKEN>
				<TOKEN end_char="438" id="token-3-10" start_char="436">run</TOKEN>
				<TOKEN end_char="441" id="token-3-11" start_char="440">on</TOKEN>
				<TOKEN end_char="444" id="token-3-12" start_char="443">my</TOKEN>
				<TOKEN end_char="449" id="token-3-13" start_char="446">knee</TOKEN>
				<TOKEN end_char="450" id="token-3-14" start_char="450">”</TOKEN>
				<TOKEN end_char="462" id="token-3-15" start_char="452">replacement</TOKEN>
				<TOKEN end_char="463" id="token-3-16" start_char="463">-</TOKEN>
				<TOKEN end_char="472" id="token-3-17" start_char="464">pantyhose</TOKEN>
				<TOKEN end_char="473" id="token-3-18" start_char="473">.</TOKEN>
			</SEG>
			<SEG end_char="658" id="20130425_WAPO_8cda547c-ad27-11e2-b6fd-ba6f5f26d70e-4" start_char="475">
				<ORIGINAL_TEXT>The store also sells “I spilled coffee on my other sweater” sweaters, “I forgot today was my performance review” blazers, and “Why did no one tell me this shirt was see-through?” bras.</ORIGINAL_TEXT>
				<TOKEN end_char="477" id="token-4-0" start_char="475">The</TOKEN>
				<TOKEN end_char="483" id="token-4-1" start_char="479">store</TOKEN>
				<TOKEN end_char="488" id="token-4-2" start_char="485">also</TOKEN>
				<TOKEN end_char="494" id="token-4-3" start_char="490">sells</TOKEN>
				<TOKEN end_char="496" id="token-4-4" start_char="496">“</TOKEN>
				<TOKEN end_char="497" id="token-4-5" start_char="497">I</TOKEN>
				<TOKEN end_char="505" id="token-4-6" start_char="499">spilled</TOKEN>
				<TOKEN end_char="512" id="token-4-7" start_char="507">coffee</TOKEN>
				<TOKEN end_char="515" id="token-4-8" start_char="514">on</TOKEN>
				<TOKEN end_char="518" id="token-4-9" start_char="517">my</TOKEN>
				<TOKEN end_char="524" id="token-4-10" start_char="520">other</TOKEN>
				<TOKEN end_char="532" id="token-4-11" start_char="526">sweater</TOKEN>
				<TOKEN end_char="533" id="token-4-12" start_char="533">”</TOKEN>
				<TOKEN end_char="542" id="token-4-13" start_char="535">sweaters</TOKEN>
				<TOKEN end_char="543" id="token-4-14" start_char="543">,</TOKEN>
				<TOKEN end_char="545" id="token-4-15" start_char="545">“</TOKEN>
				<TOKEN end_char="546" id="token-4-16" start_char="546">I</TOKEN>
				<TOKEN end_char="553" id="token-4-17" start_char="548">forgot</TOKEN>
				<TOKEN end_char="559" id="token-4-18" start_char="555">today</TOKEN>
				<TOKEN end_char="563" id="token-4-19" start_char="561">was</TOKEN>
				<TOKEN end_char="566" id="token-4-20" start_char="565">my</TOKEN>
				<TOKEN end_char="578" id="token-4-21" start_char="568">performance</TOKEN>
				<TOKEN end_char="585" id="token-4-22" start_char="580">review</TOKEN>
				<TOKEN end_char="586" id="token-4-23" start_char="586">”</TOKEN>
				<TOKEN end_char="594" id="token-4-24" start_char="588">blazers</TOKEN>
				<TOKEN end_char="595" id="token-4-25" start_char="595">,</TOKEN>
				<TOKEN end_char="599" id="token-4-26" start_char="597">and</TOKEN>
				<TOKEN end_char="601" id="token-4-27" start_char="601">“</TOKEN>
				<TOKEN end_char="604" id="token-4-28" start_char="602">Why</TOKEN>
				<TOKEN end_char="608" id="token-4-29" start_char="606">did</TOKEN>
				<TOKEN end_char="611" id="token-4-30" start_char="610">no</TOKEN>
				<TOKEN end_char="615" id="token-4-31" start_char="613">one</TOKEN>
				<TOKEN end_char="620" id="token-4-32" start_char="617">tell</TOKEN>
				<TOKEN end_char="623" id="token-4-33" start_char="622">me</TOKEN>
				<TOKEN end_char="628" id="token-4-34" start_char="625">this</TOKEN>
				<TOKEN end_char="634" id="token-4-35" start_char="630">shirt</TOKEN>
				<TOKEN end_char="638" id="token-4-36" start_char="636">was</TOKEN>
				<TOKEN end_char="642" id="token-4-37" start_char="640">see</TOKEN>
				<TOKEN end_char="643" id="token-4-38" start_char="643">-</TOKEN>
				<TOKEN end_char="650" id="token-4-39" start_char="644">through</TOKEN>
				<TOKEN end_char="652" id="token-4-40" start_char="651">?”</TOKEN>
				<TOKEN end_char="657" id="token-4-41" start_char="654">bras</TOKEN>
				<TOKEN end_char="658" id="token-4-42" start_char="658">.</TOKEN>
			</SEG>
			<SEG end_char="751" id="20130425_WAPO_8cda547c-ad27-11e2-b6fd-ba6f5f26d70e-5" start_char="660">
				<ORIGINAL_TEXT>Artifacts, all of them, of the perilous expedition known as the Urgent Lunchtime Shop (ULS).</ORIGINAL_TEXT>
				<TOKEN end_char="668" id="token-5-0" start_char="660">Artifacts</TOKEN>
				<TOKEN end_char="669" id="token-5-1" start_char="669">,</TOKEN>
				<TOKEN end_char="673" id="token-5-2" start_char="671">all</TOKEN>
				<TOKEN end_char="676" id="token-5-3" start_char="675">of</TOKEN>
				<TOKEN end_char="681" id="token-5-4" start_char="678">them</TOKEN>
				<TOKEN end_char="682" id="token-5-5" start_char="682">,</TOKEN>
				<TOKEN end_char="685" id="token-5-6" start_char="684">of</TOKEN>
				<TOKEN end_char="689" id="token-5-7" start_char="687">the</TOKEN>
				<TOKEN end_char="698" id="token-5-8" start_char="691">perilous</TOKEN>
				<TOKEN end_char="709" id="token-5-9" start_char="700">expedition</TOKEN>
				<TOKEN end_char="715" id="token-5-10" start_char="711">known</TOKEN>
				<TOKEN end_char="718" id="token-5-11" start_char="717">as</TOKEN>
				<TOKEN end_char="722" id="token-5-12" start_char="720">the</TOKEN>
				<TOKEN end_char="729" id="token-5-13" start_char="724">Urgent</TOKEN>
				<TOKEN end_char="739" id="token-5-14" start_char="731">Lunchtime</TOKEN>
				<TOKEN end_char="744" id="token-5-15" start_char="741">Shop</TOKEN>
				<TOKEN end_char="746" id="token-5-16" start_char="746">(</TOKEN>
				<TOKEN end_char="749" id="token-5-17" start_char="747">ULS</TOKEN>
				<TOKEN end_char="751" id="token-5-18" start_char="750">).</TOKEN>
			</SEG>
			<SEG end_char="1014" id="20130425_WAPO_8cda547c-ad27-11e2-b6fd-ba6f5f26d70e-6" start_char="753">
				<ORIGINAL_TEXT>At noon on a weekday afternoon, a week after the grand opening, the store — which used to be a Borders, but that’s a lament for another time — was still bums-to-tums customers, shambling through the metal racks and grayish carpet squares that define such stores.</ORIGINAL_TEXT>
				<TOKEN end_char="754" id="token-6-0" start_char="753">At</TOKEN>
				<TOKEN end_char="759" id="token-6-1" start_char="756">noon</TOKEN>
				<TOKEN end_char="762" id="token-6-2" start_char="761">on</TOKEN>
				<TOKEN end_char="764" id="token-6-3" start_char="764">a</TOKEN>
				<TOKEN end_char="772" id="token-6-4" start_char="766">weekday</TOKEN>
				<TOKEN end_char="782" id="token-6-5" start_char="774">afternoon</TOKEN>
				<TOKEN end_char="783" id="token-6-6" start_char="783">,</TOKEN>
				<TOKEN end_char="785" id="token-6-7" start_char="785">a</TOKEN>
				<TOKEN end_char="790" id="token-6-8" start_char="787">week</TOKEN>
				<TOKEN end_char="796" id="token-6-9" start_char="792">after</TOKEN>
				<TOKEN end_char="800" id="token-6-10" start_char="798">the</TOKEN>
				<TOKEN end_char="806" id="token-6-11" start_char="802">grand</TOKEN>
				<TOKEN end_char="814" id="token-6-12" start_char="808">opening</TOKEN>
				<TOKEN end_char="815" id="token-6-13" start_char="815">,</TOKEN>
				<TOKEN end_char="819" id="token-6-14" start_char="817">the</TOKEN>
				<TOKEN end_char="825" id="token-6-15" start_char="821">store</TOKEN>
				<TOKEN end_char="827" id="token-6-16" start_char="827">—</TOKEN>
				<TOKEN end_char="833" id="token-6-17" start_char="829">which</TOKEN>
				<TOKEN end_char="838" id="token-6-18" start_char="835">used</TOKEN>
				<TOKEN end_char="841" id="token-6-19" start_char="840">to</TOKEN>
				<TOKEN end_char="844" id="token-6-20" start_char="843">be</TOKEN>
				<TOKEN end_char="846" id="token-6-21" start_char="846">a</TOKEN>
				<TOKEN end_char="854" id="token-6-22" start_char="848">Borders</TOKEN>
				<TOKEN end_char="855" id="token-6-23" start_char="855">,</TOKEN>
				<TOKEN end_char="859" id="token-6-24" start_char="857">but</TOKEN>
				<TOKEN end_char="864" id="token-6-25" start_char="861">that</TOKEN>
				<TOKEN end_char="865" id="token-6-26" start_char="865">’</TOKEN>
				<TOKEN end_char="866" id="token-6-27" start_char="866">s</TOKEN>
				<TOKEN end_char="868" id="token-6-28" start_char="868">a</TOKEN>
				<TOKEN end_char="875" id="token-6-29" start_char="870">lament</TOKEN>
				<TOKEN end_char="879" id="token-6-30" start_char="877">for</TOKEN>
				<TOKEN end_char="887" id="token-6-31" start_char="881">another</TOKEN>
				<TOKEN end_char="892" id="token-6-32" start_char="889">time</TOKEN>
				<TOKEN end_char="894" id="token-6-33" start_char="894">—</TOKEN>
				<TOKEN end_char="898" id="token-6-34" start_char="896">was</TOKEN>
				<TOKEN end_char="904" id="token-6-35" start_char="900">still</TOKEN>
				<TOKEN end_char="909" id="token-6-36" start_char="906">bums</TOKEN>
				<TOKEN end_char="910" id="token-6-37" start_char="910">-</TOKEN>
				<TOKEN end_char="912" id="token-6-38" start_char="911">to</TOKEN>
				<TOKEN end_char="913" id="token-6-39" start_char="913">-</TOKEN>
				<TOKEN end_char="917" id="token-6-40" start_char="914">tums</TOKEN>
				<TOKEN end_char="927" id="token-6-41" start_char="919">customers</TOKEN>
				<TOKEN end_char="928" id="token-6-42" start_char="928">,</TOKEN>
				<TOKEN end_char="938" id="token-6-43" start_char="930">shambling</TOKEN>
				<TOKEN end_char="946" id="token-6-44" start_char="940">through</TOKEN>
				<TOKEN end_char="950" id="token-6-45" start_char="948">the</TOKEN>
				<TOKEN end_char="956" id="token-6-46" start_char="952">metal</TOKEN>
				<TOKEN end_char="962" id="token-6-47" start_char="958">racks</TOKEN>
				<TOKEN end_char="966" id="token-6-48" start_char="964">and</TOKEN>
				<TOKEN end_char="974" id="token-6-49" start_char="968">grayish</TOKEN>
				<TOKEN end_char="981" id="token-6-50" start_char="976">carpet</TOKEN>
				<TOKEN end_char="989" id="token-6-51" start_char="983">squares</TOKEN>
				<TOKEN end_char="994" id="token-6-52" start_char="991">that</TOKEN>
				<TOKEN end_char="1001" id="token-6-53" start_char="996">define</TOKEN>
				<TOKEN end_char="1006" id="token-6-54" start_char="1003">such</TOKEN>
				<TOKEN end_char="1013" id="token-6-55" start_char="1008">stores</TOKEN>
				<TOKEN end_char="1014" id="token-6-56" start_char="1014">.</TOKEN>
			</SEG>
			<SEG end_char="1139" id="20130425_WAPO_8cda547c-ad27-11e2-b6fd-ba6f5f26d70e-7" start_char="1016">
				<ORIGINAL_TEXT>Near the checkout line, a beaming employee herds women toward open registers; there is a frenzied, dazed quality to the air.</ORIGINAL_TEXT>
				<TOKEN end_char="1019" id="token-7-0" start_char="1016">Near</TOKEN>
				<TOKEN end_char="1023" id="token-7-1" start_char="1021">the</TOKEN>
				<TOKEN end_char="1032" id="token-7-2" start_char="1025">checkout</TOKEN>
				<TOKEN end_char="1037" id="token-7-3" start_char="1034">line</TOKEN>
				<TOKEN end_char="1038" id="token-7-4" start_char="1038">,</TOKEN>
				<TOKEN end_char="1040" id="token-7-5" start_char="1040">a</TOKEN>
				<TOKEN end_char="1048" id="token-7-6" start_char="1042">beaming</TOKEN>
				<TOKEN end_char="1057" id="token-7-7" start_char="1050">employee</TOKEN>
				<TOKEN end_char="1063" id="token-7-8" start_char="1059">herds</TOKEN>
				<TOKEN end_char="1069" id="token-7-9" start_char="1065">women</TOKEN>
				<TOKEN end_char="1076" id="token-7-10" start_char="1071">toward</TOKEN>
				<TOKEN end_char="1081" id="token-7-11" start_char="1078">open</TOKEN>
				<TOKEN end_char="1091" id="token-7-12" start_char="1083">registers</TOKEN>
				<TOKEN end_char="1092" id="token-7-13" start_char="1092">;</TOKEN>
				<TOKEN end_char="1098" id="token-7-14" start_char="1094">there</TOKEN>
				<TOKEN end_char="1101" id="token-7-15" start_char="1100">is</TOKEN>
				<TOKEN end_char="1103" id="token-7-16" start_char="1103">a</TOKEN>
				<TOKEN end_char="1112" id="token-7-17" start_char="1105">frenzied</TOKEN>
				<TOKEN end_char="1113" id="token-7-18" start_char="1113">,</TOKEN>
				<TOKEN end_char="1119" id="token-7-19" start_char="1115">dazed</TOKEN>
				<TOKEN end_char="1127" id="token-7-20" start_char="1121">quality</TOKEN>
				<TOKEN end_char="1130" id="token-7-21" start_char="1129">to</TOKEN>
				<TOKEN end_char="1134" id="token-7-22" start_char="1132">the</TOKEN>
				<TOKEN end_char="1138" id="token-7-23" start_char="1136">air</TOKEN>
				<TOKEN end_char="1139" id="token-7-24" start_char="1139">.</TOKEN>
			</SEG>
			<SEG end_char="1250" id="20130425_WAPO_8cda547c-ad27-11e2-b6fd-ba6f5f26d70e-8" start_char="1141">
				<ORIGINAL_TEXT>“There really hasn’t been anywhere,” says Pam Davis, perusing the store with her friend. “Not since Filene’s.”</ORIGINAL_TEXT>
				<TOKEN end_char="1141" id="token-8-0" start_char="1141">“</TOKEN>
				<TOKEN end_char="1146" id="token-8-1" start_char="1142">There</TOKEN>
				<TOKEN end_char="1153" id="token-8-2" start_char="1148">really</TOKEN>
				<TOKEN end_char="1158" id="token-8-3" start_char="1155">hasn</TOKEN>
				<TOKEN end_char="1159" id="token-8-4" start_char="1159">’</TOKEN>
				<TOKEN end_char="1160" id="token-8-5" start_char="1160">t</TOKEN>
				<TOKEN end_char="1165" id="token-8-6" start_char="1162">been</TOKEN>
				<TOKEN end_char="1174" id="token-8-7" start_char="1167">anywhere</TOKEN>
				<TOKEN end_char="1176" id="token-8-8" start_char="1175">,”</TOKEN>
				<TOKEN end_char="1181" id="token-8-9" start_char="1178">says</TOKEN>
				<TOKEN end_char="1185" id="token-8-10" start_char="1183">Pam</TOKEN>
				<TOKEN end_char="1191" id="token-8-11" start_char="1187">Davis</TOKEN>
				<TOKEN end_char="1192" id="token-8-12" start_char="1192">,</TOKEN>
				<TOKEN end_char="1201" id="token-8-13" start_char="1194">perusing</TOKEN>
				<TOKEN end_char="1205" id="token-8-14" start_char="1203">the</TOKEN>
				<TOKEN end_char="1211" id="token-8-15" start_char="1207">store</TOKEN>
				<TOKEN end_char="1216" id="token-8-16" start_char="1213">with</TOKEN>
				<TOKEN end_char="1220" id="token-8-17" start_char="1218">her</TOKEN>
				<TOKEN end_char="1227" id="token-8-18" start_char="1222">friend</TOKEN>
				<TOKEN end_char="1228" id="token-8-19" start_char="1228">.</TOKEN>
				<TOKEN end_char="1230" id="token-8-20" start_char="1230">“</TOKEN>
				<TOKEN end_char="1233" id="token-8-21" start_char="1231">Not</TOKEN>
				<TOKEN end_char="1239" id="token-8-22" start_char="1235">since</TOKEN>
				<TOKEN end_char="1246" id="token-8-23" start_char="1241">Filene</TOKEN>
				<TOKEN end_char="1247" id="token-8-24" start_char="1247">’</TOKEN>
				<TOKEN end_char="1248" id="token-8-25" start_char="1248">s</TOKEN>
				<TOKEN end_char="1250" id="token-8-26" start_char="1249">.”</TOKEN>
			</SEG>
			<SEG end_char="1294" id="20130425_WAPO_8cda547c-ad27-11e2-b6fd-ba6f5f26d70e-9" start_char="1252">
				<ORIGINAL_TEXT>“Filene’s,” her friend Tina Spellman sighs.</ORIGINAL_TEXT>
				<TOKEN end_char="1252" id="token-9-0" start_char="1252">“</TOKEN>
				<TOKEN end_char="1258" id="token-9-1" start_char="1253">Filene</TOKEN>
				<TOKEN end_char="1259" id="token-9-2" start_char="1259">’</TOKEN>
				<TOKEN end_char="1260" id="token-9-3" start_char="1260">s</TOKEN>
				<TOKEN end_char="1262" id="token-9-4" start_char="1261">,”</TOKEN>
				<TOKEN end_char="1266" id="token-9-5" start_char="1264">her</TOKEN>
				<TOKEN end_char="1273" id="token-9-6" start_char="1268">friend</TOKEN>
				<TOKEN end_char="1278" id="token-9-7" start_char="1275">Tina</TOKEN>
				<TOKEN end_char="1287" id="token-9-8" start_char="1280">Spellman</TOKEN>
				<TOKEN end_char="1293" id="token-9-9" start_char="1289">sighs</TOKEN>
				<TOKEN end_char="1294" id="token-9-10" start_char="1294">.</TOKEN>
			</SEG>
			<SEG end_char="1359" id="20130425_WAPO_8cda547c-ad27-11e2-b6fd-ba6f5f26d70e-10" start_char="1296">
				<ORIGINAL_TEXT>“People,” Davis explains, “are still in recovery over Filene’s.”</ORIGINAL_TEXT>
				<TOKEN end_char="1296" id="token-10-0" start_char="1296">“</TOKEN>
				<TOKEN end_char="1302" id="token-10-1" start_char="1297">People</TOKEN>
				<TOKEN end_char="1304" id="token-10-2" start_char="1303">,”</TOKEN>
				<TOKEN end_char="1310" id="token-10-3" start_char="1306">Davis</TOKEN>
				<TOKEN end_char="1319" id="token-10-4" start_char="1312">explains</TOKEN>
				<TOKEN end_char="1320" id="token-10-5" start_char="1320">,</TOKEN>
				<TOKEN end_char="1322" id="token-10-6" start_char="1322">“</TOKEN>
				<TOKEN end_char="1325" id="token-10-7" start_char="1323">are</TOKEN>
				<TOKEN end_char="1331" id="token-10-8" start_char="1327">still</TOKEN>
				<TOKEN end_char="1334" id="token-10-9" start_char="1333">in</TOKEN>
				<TOKEN end_char="1343" id="token-10-10" start_char="1336">recovery</TOKEN>
				<TOKEN end_char="1348" id="token-10-11" start_char="1345">over</TOKEN>
				<TOKEN end_char="1355" id="token-10-12" start_char="1350">Filene</TOKEN>
				<TOKEN end_char="1356" id="token-10-13" start_char="1356">’</TOKEN>
				<TOKEN end_char="1357" id="token-10-14" start_char="1357">s</TOKEN>
				<TOKEN end_char="1359" id="token-10-15" start_char="1358">.”</TOKEN>
			</SEG>
			<SEG end_char="1759" id="20130425_WAPO_8cda547c-ad27-11e2-b6fd-ba6f5f26d70e-11" start_char="1361">
				<ORIGINAL_TEXT>Filene’s Basement was located a few blocks away, on Connecticut Avenue, before closing in 2011. Filene’s used to be the ULS run-to location in the Farragut Zip code. Its absence has required office workers in the neighborhood to make desperate calculations: 1. Risk the selection at the nearby Gap, or 2. Risk the commute to the Macy’s at Metro Center, a daring distance to complete in a lunch hour.</ORIGINAL_TEXT>
				<TOKEN end_char="1366" id="token-11-0" start_char="1361">Filene</TOKEN>
				<TOKEN end_char="1367" id="token-11-1" start_char="1367">’</TOKEN>
				<TOKEN end_char="1368" id="token-11-2" start_char="1368">s</TOKEN>
				<TOKEN end_char="1377" id="token-11-3" start_char="1370">Basement</TOKEN>
				<TOKEN end_char="1381" id="token-11-4" start_char="1379">was</TOKEN>
				<TOKEN end_char="1389" id="token-11-5" start_char="1383">located</TOKEN>
				<TOKEN end_char="1391" id="token-11-6" start_char="1391">a</TOKEN>
				<TOKEN end_char="1395" id="token-11-7" start_char="1393">few</TOKEN>
				<TOKEN end_char="1402" id="token-11-8" start_char="1397">blocks</TOKEN>
				<TOKEN end_char="1407" id="token-11-9" start_char="1404">away</TOKEN>
				<TOKEN end_char="1408" id="token-11-10" start_char="1408">,</TOKEN>
				<TOKEN end_char="1411" id="token-11-11" start_char="1410">on</TOKEN>
				<TOKEN end_char="1423" id="token-11-12" start_char="1413">Connecticut</TOKEN>
				<TOKEN end_char="1430" id="token-11-13" start_char="1425">Avenue</TOKEN>
				<TOKEN end_char="1431" id="token-11-14" start_char="1431">,</TOKEN>
				<TOKEN end_char="1438" id="token-11-15" start_char="1433">before</TOKEN>
				<TOKEN end_char="1446" id="token-11-16" start_char="1440">closing</TOKEN>
				<TOKEN end_char="1449" id="token-11-17" start_char="1448">in</TOKEN>
				<TOKEN end_char="1454" id="token-11-18" start_char="1451">2011</TOKEN>
				<TOKEN end_char="1455" id="token-11-19" start_char="1455">.</TOKEN>
				<TOKEN end_char="1462" id="token-11-20" start_char="1457">Filene</TOKEN>
				<TOKEN end_char="1463" id="token-11-21" start_char="1463">’</TOKEN>
				<TOKEN end_char="1464" id="token-11-22" start_char="1464">s</TOKEN>
				<TOKEN end_char="1469" id="token-11-23" start_char="1466">used</TOKEN>
				<TOKEN end_char="1472" id="token-11-24" start_char="1471">to</TOKEN>
				<TOKEN end_char="1475" id="token-11-25" start_char="1474">be</TOKEN>
				<TOKEN end_char="1479" id="token-11-26" start_char="1477">the</TOKEN>
				<TOKEN end_char="1483" id="token-11-27" start_char="1481">ULS</TOKEN>
				<TOKEN end_char="1487" id="token-11-28" start_char="1485">run</TOKEN>
				<TOKEN end_char="1488" id="token-11-29" start_char="1488">-</TOKEN>
				<TOKEN end_char="1490" id="token-11-30" start_char="1489">to</TOKEN>
				<TOKEN end_char="1499" id="token-11-31" start_char="1492">location</TOKEN>
				<TOKEN end_char="1502" id="token-11-32" start_char="1501">in</TOKEN>
				<TOKEN end_char="1506" id="token-11-33" start_char="1504">the</TOKEN>
				<TOKEN end_char="1515" id="token-11-34" start_char="1508">Farragut</TOKEN>
				<TOKEN end_char="1519" id="token-11-35" start_char="1517">Zip</TOKEN>
				<TOKEN end_char="1524" id="token-11-36" start_char="1521">code</TOKEN>
				<TOKEN end_char="1525" id="token-11-37" start_char="1525">.</TOKEN>
				<TOKEN end_char="1529" id="token-11-38" start_char="1527">Its</TOKEN>
				<TOKEN end_char="1537" id="token-11-39" start_char="1531">absence</TOKEN>
				<TOKEN end_char="1541" id="token-11-40" start_char="1539">has</TOKEN>
				<TOKEN end_char="1550" id="token-11-41" start_char="1543">required</TOKEN>
				<TOKEN end_char="1557" id="token-11-42" start_char="1552">office</TOKEN>
				<TOKEN end_char="1565" id="token-11-43" start_char="1559">workers</TOKEN>
				<TOKEN end_char="1568" id="token-11-44" start_char="1567">in</TOKEN>
				<TOKEN end_char="1572" id="token-11-45" start_char="1570">the</TOKEN>
				<TOKEN end_char="1585" id="token-11-46" start_char="1574">neighborhood</TOKEN>
				<TOKEN end_char="1588" id="token-11-47" start_char="1587">to</TOKEN>
				<TOKEN end_char="1593" id="token-11-48" start_char="1590">make</TOKEN>
				<TOKEN end_char="1603" id="token-11-49" start_char="1595">desperate</TOKEN>
				<TOKEN end_char="1616" id="token-11-50" start_char="1605">calculations</TOKEN>
				<TOKEN end_char="1617" id="token-11-51" start_char="1617">:</TOKEN>
				<TOKEN end_char="1619" id="token-11-52" start_char="1619">1</TOKEN>
				<TOKEN end_char="1620" id="token-11-53" start_char="1620">.</TOKEN>
				<TOKEN end_char="1625" id="token-11-54" start_char="1622">Risk</TOKEN>
				<TOKEN end_char="1629" id="token-11-55" start_char="1627">the</TOKEN>
				<TOKEN end_char="1639" id="token-11-56" start_char="1631">selection</TOKEN>
				<TOKEN end_char="1642" id="token-11-57" start_char="1641">at</TOKEN>
				<TOKEN end_char="1646" id="token-11-58" start_char="1644">the</TOKEN>
				<TOKEN end_char="1653" id="token-11-59" start_char="1648">nearby</TOKEN>
				<TOKEN end_char="1657" id="token-11-60" start_char="1655">Gap</TOKEN>
				<TOKEN end_char="1658" id="token-11-61" start_char="1658">,</TOKEN>
				<TOKEN end_char="1661" id="token-11-62" start_char="1660">or</TOKEN>
				<TOKEN end_char="1663" id="token-11-63" start_char="1663">2</TOKEN>
				<TOKEN end_char="1664" id="token-11-64" start_char="1664">.</TOKEN>
				<TOKEN end_char="1669" id="token-11-65" start_char="1666">Risk</TOKEN>
				<TOKEN end_char="1673" id="token-11-66" start_char="1671">the</TOKEN>
				<TOKEN end_char="1681" id="token-11-67" start_char="1675">commute</TOKEN>
				<TOKEN end_char="1684" id="token-11-68" start_char="1683">to</TOKEN>
				<TOKEN end_char="1688" id="token-11-69" start_char="1686">the</TOKEN>
				<TOKEN end_char="1693" id="token-11-70" start_char="1690">Macy</TOKEN>
				<TOKEN end_char="1694" id="token-11-71" start_char="1694">’</TOKEN>
				<TOKEN end_char="1695" id="token-11-72" start_char="1695">s</TOKEN>
				<TOKEN end_char="1698" id="token-11-73" start_char="1697">at</TOKEN>
				<TOKEN end_char="1704" id="token-11-74" start_char="1700">Metro</TOKEN>
				<TOKEN end_char="1711" id="token-11-75" start_char="1706">Center</TOKEN>
				<TOKEN end_char="1712" id="token-11-76" start_char="1712">,</TOKEN>
				<TOKEN end_char="1714" id="token-11-77" start_char="1714">a</TOKEN>
				<TOKEN end_char="1721" id="token-11-78" start_char="1716">daring</TOKEN>
				<TOKEN end_char="1730" id="token-11-79" start_char="1723">distance</TOKEN>
				<TOKEN end_char="1733" id="token-11-80" start_char="1732">to</TOKEN>
				<TOKEN end_char="1742" id="token-11-81" start_char="1735">complete</TOKEN>
				<TOKEN end_char="1745" id="token-11-82" start_char="1744">in</TOKEN>
				<TOKEN end_char="1747" id="token-11-83" start_char="1747">a</TOKEN>
				<TOKEN end_char="1753" id="token-11-84" start_char="1749">lunch</TOKEN>
				<TOKEN end_char="1758" id="token-11-85" start_char="1755">hour</TOKEN>
				<TOKEN end_char="1759" id="token-11-86" start_char="1759">.</TOKEN>
			</SEG>
			<SEG end_char="1950" id="20130425_WAPO_8cda547c-ad27-11e2-b6fd-ba6f5f26d70e-12" start_char="1761">
				<ORIGINAL_TEXT>Today, Spellman and Davis are seeking a white blouse. A particular white blouse. “I saw it through the window before the store opened,” Spellman says. But she is not sure if it’s still here.</ORIGINAL_TEXT>
				<TOKEN end_char="1765" id="token-12-0" start_char="1761">Today</TOKEN>
				<TOKEN end_char="1766" id="token-12-1" start_char="1766">,</TOKEN>
				<TOKEN end_char="1775" id="token-12-2" start_char="1768">Spellman</TOKEN>
				<TOKEN end_char="1779" id="token-12-3" start_char="1777">and</TOKEN>
				<TOKEN end_char="1785" id="token-12-4" start_char="1781">Davis</TOKEN>
				<TOKEN end_char="1789" id="token-12-5" start_char="1787">are</TOKEN>
				<TOKEN end_char="1797" id="token-12-6" start_char="1791">seeking</TOKEN>
				<TOKEN end_char="1799" id="token-12-7" start_char="1799">a</TOKEN>
				<TOKEN end_char="1805" id="token-12-8" start_char="1801">white</TOKEN>
				<TOKEN end_char="1812" id="token-12-9" start_char="1807">blouse</TOKEN>
				<TOKEN end_char="1813" id="token-12-10" start_char="1813">.</TOKEN>
				<TOKEN end_char="1815" id="token-12-11" start_char="1815">A</TOKEN>
				<TOKEN end_char="1826" id="token-12-12" start_char="1817">particular</TOKEN>
				<TOKEN end_char="1832" id="token-12-13" start_char="1828">white</TOKEN>
				<TOKEN end_char="1839" id="token-12-14" start_char="1834">blouse</TOKEN>
				<TOKEN end_char="1840" id="token-12-15" start_char="1840">.</TOKEN>
				<TOKEN end_char="1842" id="token-12-16" start_char="1842">“</TOKEN>
				<TOKEN end_char="1843" id="token-12-17" start_char="1843">I</TOKEN>
				<TOKEN end_char="1847" id="token-12-18" start_char="1845">saw</TOKEN>
				<TOKEN end_char="1850" id="token-12-19" start_char="1849">it</TOKEN>
				<TOKEN end_char="1858" id="token-12-20" start_char="1852">through</TOKEN>
				<TOKEN end_char="1862" id="token-12-21" start_char="1860">the</TOKEN>
				<TOKEN end_char="1869" id="token-12-22" start_char="1864">window</TOKEN>
				<TOKEN end_char="1876" id="token-12-23" start_char="1871">before</TOKEN>
				<TOKEN end_char="1880" id="token-12-24" start_char="1878">the</TOKEN>
				<TOKEN end_char="1886" id="token-12-25" start_char="1882">store</TOKEN>
				<TOKEN end_char="1893" id="token-12-26" start_char="1888">opened</TOKEN>
				<TOKEN end_char="1895" id="token-12-27" start_char="1894">,”</TOKEN>
				<TOKEN end_char="1904" id="token-12-28" start_char="1897">Spellman</TOKEN>
				<TOKEN end_char="1909" id="token-12-29" start_char="1906">says</TOKEN>
				<TOKEN end_char="1910" id="token-12-30" start_char="1910">.</TOKEN>
				<TOKEN end_char="1914" id="token-12-31" start_char="1912">But</TOKEN>
				<TOKEN end_char="1918" id="token-12-32" start_char="1916">she</TOKEN>
				<TOKEN end_char="1921" id="token-12-33" start_char="1920">is</TOKEN>
				<TOKEN end_char="1925" id="token-12-34" start_char="1923">not</TOKEN>
				<TOKEN end_char="1930" id="token-12-35" start_char="1927">sure</TOKEN>
				<TOKEN end_char="1933" id="token-12-36" start_char="1932">if</TOKEN>
				<TOKEN end_char="1936" id="token-12-37" start_char="1935">it</TOKEN>
				<TOKEN end_char="1937" id="token-12-38" start_char="1937">’</TOKEN>
				<TOKEN end_char="1938" id="token-12-39" start_char="1938">s</TOKEN>
				<TOKEN end_char="1944" id="token-12-40" start_char="1940">still</TOKEN>
				<TOKEN end_char="1949" id="token-12-41" start_char="1946">here</TOKEN>
				<TOKEN end_char="1950" id="token-12-42" start_char="1950">.</TOKEN>
			</SEG>
			<SEG end_char="2387" id="20130425_WAPO_8cda547c-ad27-11e2-b6fd-ba6f5f26d70e-13" start_char="1952">
				<ORIGINAL_TEXT>This is the trouble with a store like Nordstrom Rack, whose name brings to mind a specific and cruel torture device: She spent too much. Put her on the Nordstrom Rack. The chain — a discount alternative to the regular department store — has a whole ad campaign built around the fact that women might enter the store and spend the next 24 to 36 hours of their lives stalking the particular white blouse: “Happy Style Hunting,” signs say.</ORIGINAL_TEXT>
				<TOKEN end_char="1955" id="token-13-0" start_char="1952">This</TOKEN>
				<TOKEN end_char="1958" id="token-13-1" start_char="1957">is</TOKEN>
				<TOKEN end_char="1962" id="token-13-2" start_char="1960">the</TOKEN>
				<TOKEN end_char="1970" id="token-13-3" start_char="1964">trouble</TOKEN>
				<TOKEN end_char="1975" id="token-13-4" start_char="1972">with</TOKEN>
				<TOKEN end_char="1977" id="token-13-5" start_char="1977">a</TOKEN>
				<TOKEN end_char="1983" id="token-13-6" start_char="1979">store</TOKEN>
				<TOKEN end_char="1988" id="token-13-7" start_char="1985">like</TOKEN>
				<TOKEN end_char="1998" id="token-13-8" start_char="1990">Nordstrom</TOKEN>
				<TOKEN end_char="2003" id="token-13-9" start_char="2000">Rack</TOKEN>
				<TOKEN end_char="2004" id="token-13-10" start_char="2004">,</TOKEN>
				<TOKEN end_char="2010" id="token-13-11" start_char="2006">whose</TOKEN>
				<TOKEN end_char="2015" id="token-13-12" start_char="2012">name</TOKEN>
				<TOKEN end_char="2022" id="token-13-13" start_char="2017">brings</TOKEN>
				<TOKEN end_char="2025" id="token-13-14" start_char="2024">to</TOKEN>
				<TOKEN end_char="2030" id="token-13-15" start_char="2027">mind</TOKEN>
				<TOKEN end_char="2032" id="token-13-16" start_char="2032">a</TOKEN>
				<TOKEN end_char="2041" id="token-13-17" start_char="2034">specific</TOKEN>
				<TOKEN end_char="2045" id="token-13-18" start_char="2043">and</TOKEN>
				<TOKEN end_char="2051" id="token-13-19" start_char="2047">cruel</TOKEN>
				<TOKEN end_char="2059" id="token-13-20" start_char="2053">torture</TOKEN>
				<TOKEN end_char="2066" id="token-13-21" start_char="2061">device</TOKEN>
				<TOKEN end_char="2067" id="token-13-22" start_char="2067">:</TOKEN>
				<TOKEN end_char="2071" id="token-13-23" start_char="2069">She</TOKEN>
				<TOKEN end_char="2077" id="token-13-24" start_char="2073">spent</TOKEN>
				<TOKEN end_char="2081" id="token-13-25" start_char="2079">too</TOKEN>
				<TOKEN end_char="2086" id="token-13-26" start_char="2083">much</TOKEN>
				<TOKEN end_char="2087" id="token-13-27" start_char="2087">.</TOKEN>
				<TOKEN end_char="2091" id="token-13-28" start_char="2089">Put</TOKEN>
				<TOKEN end_char="2095" id="token-13-29" start_char="2093">her</TOKEN>
				<TOKEN end_char="2098" id="token-13-30" start_char="2097">on</TOKEN>
				<TOKEN end_char="2102" id="token-13-31" start_char="2100">the</TOKEN>
				<TOKEN end_char="2112" id="token-13-32" start_char="2104">Nordstrom</TOKEN>
				<TOKEN end_char="2117" id="token-13-33" start_char="2114">Rack</TOKEN>
				<TOKEN end_char="2118" id="token-13-34" start_char="2118">.</TOKEN>
				<TOKEN end_char="2122" id="token-13-35" start_char="2120">The</TOKEN>
				<TOKEN end_char="2128" id="token-13-36" start_char="2124">chain</TOKEN>
				<TOKEN end_char="2130" id="token-13-37" start_char="2130">—</TOKEN>
				<TOKEN end_char="2132" id="token-13-38" start_char="2132">a</TOKEN>
				<TOKEN end_char="2141" id="token-13-39" start_char="2134">discount</TOKEN>
				<TOKEN end_char="2153" id="token-13-40" start_char="2143">alternative</TOKEN>
				<TOKEN end_char="2156" id="token-13-41" start_char="2155">to</TOKEN>
				<TOKEN end_char="2160" id="token-13-42" start_char="2158">the</TOKEN>
				<TOKEN end_char="2168" id="token-13-43" start_char="2162">regular</TOKEN>
				<TOKEN end_char="2179" id="token-13-44" start_char="2170">department</TOKEN>
				<TOKEN end_char="2185" id="token-13-45" start_char="2181">store</TOKEN>
				<TOKEN end_char="2187" id="token-13-46" start_char="2187">—</TOKEN>
				<TOKEN end_char="2191" id="token-13-47" start_char="2189">has</TOKEN>
				<TOKEN end_char="2193" id="token-13-48" start_char="2193">a</TOKEN>
				<TOKEN end_char="2199" id="token-13-49" start_char="2195">whole</TOKEN>
				<TOKEN end_char="2202" id="token-13-50" start_char="2201">ad</TOKEN>
				<TOKEN end_char="2211" id="token-13-51" start_char="2204">campaign</TOKEN>
				<TOKEN end_char="2217" id="token-13-52" start_char="2213">built</TOKEN>
				<TOKEN end_char="2224" id="token-13-53" start_char="2219">around</TOKEN>
				<TOKEN end_char="2228" id="token-13-54" start_char="2226">the</TOKEN>
				<TOKEN end_char="2233" id="token-13-55" start_char="2230">fact</TOKEN>
				<TOKEN end_char="2238" id="token-13-56" start_char="2235">that</TOKEN>
				<TOKEN end_char="2244" id="token-13-57" start_char="2240">women</TOKEN>
				<TOKEN end_char="2250" id="token-13-58" start_char="2246">might</TOKEN>
				<TOKEN end_char="2256" id="token-13-59" start_char="2252">enter</TOKEN>
				<TOKEN end_char="2260" id="token-13-60" start_char="2258">the</TOKEN>
				<TOKEN end_char="2266" id="token-13-61" start_char="2262">store</TOKEN>
				<TOKEN end_char="2270" id="token-13-62" start_char="2268">and</TOKEN>
				<TOKEN end_char="2276" id="token-13-63" start_char="2272">spend</TOKEN>
				<TOKEN end_char="2280" id="token-13-64" start_char="2278">the</TOKEN>
				<TOKEN end_char="2285" id="token-13-65" start_char="2282">next</TOKEN>
				<TOKEN end_char="2288" id="token-13-66" start_char="2287">24</TOKEN>
				<TOKEN end_char="2291" id="token-13-67" start_char="2290">to</TOKEN>
				<TOKEN end_char="2294" id="token-13-68" start_char="2293">36</TOKEN>
				<TOKEN end_char="2300" id="token-13-69" start_char="2296">hours</TOKEN>
				<TOKEN end_char="2303" id="token-13-70" start_char="2302">of</TOKEN>
				<TOKEN end_char="2309" id="token-13-71" start_char="2305">their</TOKEN>
				<TOKEN end_char="2315" id="token-13-72" start_char="2311">lives</TOKEN>
				<TOKEN end_char="2324" id="token-13-73" start_char="2317">stalking</TOKEN>
				<TOKEN end_char="2328" id="token-13-74" start_char="2326">the</TOKEN>
				<TOKEN end_char="2339" id="token-13-75" start_char="2330">particular</TOKEN>
				<TOKEN end_char="2345" id="token-13-76" start_char="2341">white</TOKEN>
				<TOKEN end_char="2352" id="token-13-77" start_char="2347">blouse</TOKEN>
				<TOKEN end_char="2353" id="token-13-78" start_char="2353">:</TOKEN>
				<TOKEN end_char="2355" id="token-13-79" start_char="2355">“</TOKEN>
				<TOKEN end_char="2360" id="token-13-80" start_char="2356">Happy</TOKEN>
				<TOKEN end_char="2366" id="token-13-81" start_char="2362">Style</TOKEN>
				<TOKEN end_char="2374" id="token-13-82" start_char="2368">Hunting</TOKEN>
				<TOKEN end_char="2376" id="token-13-83" start_char="2375">,”</TOKEN>
				<TOKEN end_char="2382" id="token-13-84" start_char="2378">signs</TOKEN>
				<TOKEN end_char="2386" id="token-13-85" start_char="2384">say</TOKEN>
				<TOKEN end_char="2387" id="token-13-86" start_char="2387">.</TOKEN>
			</SEG>
			<SEG end_char="2438" id="20130425_WAPO_8cda547c-ad27-11e2-b6fd-ba6f5f26d70e-14" start_char="2389">
				<ORIGINAL_TEXT>“This one?” Davis shows her friend a white blouse.</ORIGINAL_TEXT>
				<TOKEN end_char="2389" id="token-14-0" start_char="2389">“</TOKEN>
				<TOKEN end_char="2393" id="token-14-1" start_char="2390">This</TOKEN>
				<TOKEN end_char="2397" id="token-14-2" start_char="2395">one</TOKEN>
				<TOKEN end_char="2399" id="token-14-3" start_char="2398">?”</TOKEN>
				<TOKEN end_char="2405" id="token-14-4" start_char="2401">Davis</TOKEN>
				<TOKEN end_char="2411" id="token-14-5" start_char="2407">shows</TOKEN>
				<TOKEN end_char="2415" id="token-14-6" start_char="2413">her</TOKEN>
				<TOKEN end_char="2422" id="token-14-7" start_char="2417">friend</TOKEN>
				<TOKEN end_char="2424" id="token-14-8" start_char="2424">a</TOKEN>
				<TOKEN end_char="2430" id="token-14-9" start_char="2426">white</TOKEN>
				<TOKEN end_char="2437" id="token-14-10" start_char="2432">blouse</TOKEN>
				<TOKEN end_char="2438" id="token-14-11" start_char="2438">.</TOKEN>
			</SEG>
			<SEG end_char="2456" id="20130425_WAPO_8cda547c-ad27-11e2-b6fd-ba6f5f26d70e-15" start_char="2440">
				<ORIGINAL_TEXT>No. Not that one.</ORIGINAL_TEXT>
				<TOKEN end_char="2441" id="token-15-0" start_char="2440">No</TOKEN>
				<TOKEN end_char="2442" id="token-15-1" start_char="2442">.</TOKEN>
				<TOKEN end_char="2446" id="token-15-2" start_char="2444">Not</TOKEN>
				<TOKEN end_char="2451" id="token-15-3" start_char="2448">that</TOKEN>
				<TOKEN end_char="2455" id="token-15-4" start_char="2453">one</TOKEN>
				<TOKEN end_char="2456" id="token-15-5" start_char="2456">.</TOKEN>
			</SEG>
			<SEG end_char="3075" id="20130425_WAPO_8cda547c-ad27-11e2-b6fd-ba6f5f26d70e-16" start_char="2458">
				<ORIGINAL_TEXT>Places like Nordstrom Rack never have exactly what one is looking for on one’s lunch hour. Or they do, but in the wrong size. Or they do, but in the wrong color. Useful black pumps are an endangered species here at the Rack — Happy Hunting! — but there are an abundance of pastel espadrille wedges, and one shoe that appears to be half snakeskin, half wicker chair. Shopping at a place like this on one’s lunch hour requires convincing oneself that snakeskin/chair shoes will absolutely work for the last-minute afternoon presentation that prompted the shopping expedition to begin with. It is the land of good-enough.</ORIGINAL_TEXT>
				<TOKEN end_char="2463" id="token-16-0" start_char="2458">Places</TOKEN>
				<TOKEN end_char="2468" id="token-16-1" start_char="2465">like</TOKEN>
				<TOKEN end_char="2478" id="token-16-2" start_char="2470">Nordstrom</TOKEN>
				<TOKEN end_char="2483" id="token-16-3" start_char="2480">Rack</TOKEN>
				<TOKEN end_char="2489" id="token-16-4" start_char="2485">never</TOKEN>
				<TOKEN end_char="2494" id="token-16-5" start_char="2491">have</TOKEN>
				<TOKEN end_char="2502" id="token-16-6" start_char="2496">exactly</TOKEN>
				<TOKEN end_char="2507" id="token-16-7" start_char="2504">what</TOKEN>
				<TOKEN end_char="2511" id="token-16-8" start_char="2509">one</TOKEN>
				<TOKEN end_char="2514" id="token-16-9" start_char="2513">is</TOKEN>
				<TOKEN end_char="2522" id="token-16-10" start_char="2516">looking</TOKEN>
				<TOKEN end_char="2526" id="token-16-11" start_char="2524">for</TOKEN>
				<TOKEN end_char="2529" id="token-16-12" start_char="2528">on</TOKEN>
				<TOKEN end_char="2533" id="token-16-13" start_char="2531">one</TOKEN>
				<TOKEN end_char="2534" id="token-16-14" start_char="2534">’</TOKEN>
				<TOKEN end_char="2535" id="token-16-15" start_char="2535">s</TOKEN>
				<TOKEN end_char="2541" id="token-16-16" start_char="2537">lunch</TOKEN>
				<TOKEN end_char="2546" id="token-16-17" start_char="2543">hour</TOKEN>
				<TOKEN end_char="2547" id="token-16-18" start_char="2547">.</TOKEN>
				<TOKEN end_char="2550" id="token-16-19" start_char="2549">Or</TOKEN>
				<TOKEN end_char="2555" id="token-16-20" start_char="2552">they</TOKEN>
				<TOKEN end_char="2558" id="token-16-21" start_char="2557">do</TOKEN>
				<TOKEN end_char="2559" id="token-16-22" start_char="2559">,</TOKEN>
				<TOKEN end_char="2563" id="token-16-23" start_char="2561">but</TOKEN>
				<TOKEN end_char="2566" id="token-16-24" start_char="2565">in</TOKEN>
				<TOKEN end_char="2570" id="token-16-25" start_char="2568">the</TOKEN>
				<TOKEN end_char="2576" id="token-16-26" start_char="2572">wrong</TOKEN>
				<TOKEN end_char="2581" id="token-16-27" start_char="2578">size</TOKEN>
				<TOKEN end_char="2582" id="token-16-28" start_char="2582">.</TOKEN>
				<TOKEN end_char="2585" id="token-16-29" start_char="2584">Or</TOKEN>
				<TOKEN end_char="2590" id="token-16-30" start_char="2587">they</TOKEN>
				<TOKEN end_char="2593" id="token-16-31" start_char="2592">do</TOKEN>
				<TOKEN end_char="2594" id="token-16-32" start_char="2594">,</TOKEN>
				<TOKEN end_char="2598" id="token-16-33" start_char="2596">but</TOKEN>
				<TOKEN end_char="2601" id="token-16-34" start_char="2600">in</TOKEN>
				<TOKEN end_char="2605" id="token-16-35" start_char="2603">the</TOKEN>
				<TOKEN end_char="2611" id="token-16-36" start_char="2607">wrong</TOKEN>
				<TOKEN end_char="2617" id="token-16-37" start_char="2613">color</TOKEN>
				<TOKEN end_char="2618" id="token-16-38" start_char="2618">.</TOKEN>
				<TOKEN end_char="2625" id="token-16-39" start_char="2620">Useful</TOKEN>
				<TOKEN end_char="2631" id="token-16-40" start_char="2627">black</TOKEN>
				<TOKEN end_char="2637" id="token-16-41" start_char="2633">pumps</TOKEN>
				<TOKEN end_char="2641" id="token-16-42" start_char="2639">are</TOKEN>
				<TOKEN end_char="2644" id="token-16-43" start_char="2643">an</TOKEN>
				<TOKEN end_char="2655" id="token-16-44" start_char="2646">endangered</TOKEN>
				<TOKEN end_char="2663" id="token-16-45" start_char="2657">species</TOKEN>
				<TOKEN end_char="2668" id="token-16-46" start_char="2665">here</TOKEN>
				<TOKEN end_char="2671" id="token-16-47" start_char="2670">at</TOKEN>
				<TOKEN end_char="2675" id="token-16-48" start_char="2673">the</TOKEN>
				<TOKEN end_char="2680" id="token-16-49" start_char="2677">Rack</TOKEN>
				<TOKEN end_char="2682" id="token-16-50" start_char="2682">—</TOKEN>
				<TOKEN end_char="2688" id="token-16-51" start_char="2684">Happy</TOKEN>
				<TOKEN end_char="2696" id="token-16-52" start_char="2690">Hunting</TOKEN>
				<TOKEN end_char="2697" id="token-16-53" start_char="2697">!</TOKEN>
				<TOKEN end_char="2699" id="token-16-54" start_char="2699">—</TOKEN>
				<TOKEN end_char="2703" id="token-16-55" start_char="2701">but</TOKEN>
				<TOKEN end_char="2709" id="token-16-56" start_char="2705">there</TOKEN>
				<TOKEN end_char="2713" id="token-16-57" start_char="2711">are</TOKEN>
				<TOKEN end_char="2716" id="token-16-58" start_char="2715">an</TOKEN>
				<TOKEN end_char="2726" id="token-16-59" start_char="2718">abundance</TOKEN>
				<TOKEN end_char="2729" id="token-16-60" start_char="2728">of</TOKEN>
				<TOKEN end_char="2736" id="token-16-61" start_char="2731">pastel</TOKEN>
				<TOKEN end_char="2747" id="token-16-62" start_char="2738">espadrille</TOKEN>
				<TOKEN end_char="2754" id="token-16-63" start_char="2749">wedges</TOKEN>
				<TOKEN end_char="2755" id="token-16-64" start_char="2755">,</TOKEN>
				<TOKEN end_char="2759" id="token-16-65" start_char="2757">and</TOKEN>
				<TOKEN end_char="2763" id="token-16-66" start_char="2761">one</TOKEN>
				<TOKEN end_char="2768" id="token-16-67" start_char="2765">shoe</TOKEN>
				<TOKEN end_char="2773" id="token-16-68" start_char="2770">that</TOKEN>
				<TOKEN end_char="2781" id="token-16-69" start_char="2775">appears</TOKEN>
				<TOKEN end_char="2784" id="token-16-70" start_char="2783">to</TOKEN>
				<TOKEN end_char="2787" id="token-16-71" start_char="2786">be</TOKEN>
				<TOKEN end_char="2792" id="token-16-72" start_char="2789">half</TOKEN>
				<TOKEN end_char="2802" id="token-16-73" start_char="2794">snakeskin</TOKEN>
				<TOKEN end_char="2803" id="token-16-74" start_char="2803">,</TOKEN>
				<TOKEN end_char="2808" id="token-16-75" start_char="2805">half</TOKEN>
				<TOKEN end_char="2815" id="token-16-76" start_char="2810">wicker</TOKEN>
				<TOKEN end_char="2821" id="token-16-77" start_char="2817">chair</TOKEN>
				<TOKEN end_char="2822" id="token-16-78" start_char="2822">.</TOKEN>
				<TOKEN end_char="2831" id="token-16-79" start_char="2824">Shopping</TOKEN>
				<TOKEN end_char="2834" id="token-16-80" start_char="2833">at</TOKEN>
				<TOKEN end_char="2836" id="token-16-81" start_char="2836">a</TOKEN>
				<TOKEN end_char="2842" id="token-16-82" start_char="2838">place</TOKEN>
				<TOKEN end_char="2847" id="token-16-83" start_char="2844">like</TOKEN>
				<TOKEN end_char="2852" id="token-16-84" start_char="2849">this</TOKEN>
				<TOKEN end_char="2855" id="token-16-85" start_char="2854">on</TOKEN>
				<TOKEN end_char="2859" id="token-16-86" start_char="2857">one</TOKEN>
				<TOKEN end_char="2860" id="token-16-87" start_char="2860">’</TOKEN>
				<TOKEN end_char="2861" id="token-16-88" start_char="2861">s</TOKEN>
				<TOKEN end_char="2867" id="token-16-89" start_char="2863">lunch</TOKEN>
				<TOKEN end_char="2872" id="token-16-90" start_char="2869">hour</TOKEN>
				<TOKEN end_char="2881" id="token-16-91" start_char="2874">requires</TOKEN>
				<TOKEN end_char="2892" id="token-16-92" start_char="2883">convincing</TOKEN>
				<TOKEN end_char="2900" id="token-16-93" start_char="2894">oneself</TOKEN>
				<TOKEN end_char="2905" id="token-16-94" start_char="2902">that</TOKEN>
				<TOKEN end_char="2915" id="token-16-95" start_char="2907">snakeskin</TOKEN>
				<TOKEN end_char="2916" id="token-16-96" start_char="2916">/</TOKEN>
				<TOKEN end_char="2921" id="token-16-97" start_char="2917">chair</TOKEN>
				<TOKEN end_char="2927" id="token-16-98" start_char="2923">shoes</TOKEN>
				<TOKEN end_char="2932" id="token-16-99" start_char="2929">will</TOKEN>
				<TOKEN end_char="2943" id="token-16-100" start_char="2934">absolutely</TOKEN>
				<TOKEN end_char="2948" id="token-16-101" start_char="2945">work</TOKEN>
				<TOKEN end_char="2952" id="token-16-102" start_char="2950">for</TOKEN>
				<TOKEN end_char="2956" id="token-16-103" start_char="2954">the</TOKEN>
				<TOKEN end_char="2961" id="token-16-104" start_char="2958">last</TOKEN>
				<TOKEN end_char="2962" id="token-16-105" start_char="2962">-</TOKEN>
				<TOKEN end_char="2968" id="token-16-106" start_char="2963">minute</TOKEN>
				<TOKEN end_char="2978" id="token-16-107" start_char="2970">afternoon</TOKEN>
				<TOKEN end_char="2991" id="token-16-108" start_char="2980">presentation</TOKEN>
				<TOKEN end_char="2996" id="token-16-109" start_char="2993">that</TOKEN>
				<TOKEN end_char="3005" id="token-16-110" start_char="2998">prompted</TOKEN>
				<TOKEN end_char="3009" id="token-16-111" start_char="3007">the</TOKEN>
				<TOKEN end_char="3018" id="token-16-112" start_char="3011">shopping</TOKEN>
				<TOKEN end_char="3029" id="token-16-113" start_char="3020">expedition</TOKEN>
				<TOKEN end_char="3032" id="token-16-114" start_char="3031">to</TOKEN>
				<TOKEN end_char="3038" id="token-16-115" start_char="3034">begin</TOKEN>
				<TOKEN end_char="3043" id="token-16-116" start_char="3040">with</TOKEN>
				<TOKEN end_char="3044" id="token-16-117" start_char="3044">.</TOKEN>
				<TOKEN end_char="3047" id="token-16-118" start_char="3046">It</TOKEN>
				<TOKEN end_char="3050" id="token-16-119" start_char="3049">is</TOKEN>
				<TOKEN end_char="3054" id="token-16-120" start_char="3052">the</TOKEN>
				<TOKEN end_char="3059" id="token-16-121" start_char="3056">land</TOKEN>
				<TOKEN end_char="3062" id="token-16-122" start_char="3061">of</TOKEN>
				<TOKEN end_char="3067" id="token-16-123" start_char="3064">good</TOKEN>
				<TOKEN end_char="3068" id="token-16-124" start_char="3068">-</TOKEN>
				<TOKEN end_char="3074" id="token-16-125" start_char="3069">enough</TOKEN>
				<TOKEN end_char="3075" id="token-16-126" start_char="3075">.</TOKEN>
			</SEG>
			<SEG end_char="3362" id="20130425_WAPO_8cda547c-ad27-11e2-b6fd-ba6f5f26d70e-17" start_char="3077">
				<ORIGINAL_TEXT>(Scene: A woman in a T-shirt runs into Nordstrom Rack, paws frantically through several racks and emerges with what appears to be a coral-colored blouse and an olive blazer. Would you like those in a bag? the helpful cashier offers. “No,” the woman shakes her head. She needs them now.)</ORIGINAL_TEXT>
				<TOKEN end_char="3077" id="token-17-0" start_char="3077">(</TOKEN>
				<TOKEN end_char="3082" id="token-17-1" start_char="3078">Scene</TOKEN>
				<TOKEN end_char="3083" id="token-17-2" start_char="3083">:</TOKEN>
				<TOKEN end_char="3085" id="token-17-3" start_char="3085">A</TOKEN>
				<TOKEN end_char="3091" id="token-17-4" start_char="3087">woman</TOKEN>
				<TOKEN end_char="3094" id="token-17-5" start_char="3093">in</TOKEN>
				<TOKEN end_char="3096" id="token-17-6" start_char="3096">a</TOKEN>
				<TOKEN end_char="3098" id="token-17-7" start_char="3098">T</TOKEN>
				<TOKEN end_char="3099" id="token-17-8" start_char="3099">-</TOKEN>
				<TOKEN end_char="3104" id="token-17-9" start_char="3100">shirt</TOKEN>
				<TOKEN end_char="3109" id="token-17-10" start_char="3106">runs</TOKEN>
				<TOKEN end_char="3114" id="token-17-11" start_char="3111">into</TOKEN>
				<TOKEN end_char="3124" id="token-17-12" start_char="3116">Nordstrom</TOKEN>
				<TOKEN end_char="3129" id="token-17-13" start_char="3126">Rack</TOKEN>
				<TOKEN end_char="3130" id="token-17-14" start_char="3130">,</TOKEN>
				<TOKEN end_char="3135" id="token-17-15" start_char="3132">paws</TOKEN>
				<TOKEN end_char="3147" id="token-17-16" start_char="3137">frantically</TOKEN>
				<TOKEN end_char="3155" id="token-17-17" start_char="3149">through</TOKEN>
				<TOKEN end_char="3163" id="token-17-18" start_char="3157">several</TOKEN>
				<TOKEN end_char="3169" id="token-17-19" start_char="3165">racks</TOKEN>
				<TOKEN end_char="3173" id="token-17-20" start_char="3171">and</TOKEN>
				<TOKEN end_char="3181" id="token-17-21" start_char="3175">emerges</TOKEN>
				<TOKEN end_char="3186" id="token-17-22" start_char="3183">with</TOKEN>
				<TOKEN end_char="3191" id="token-17-23" start_char="3188">what</TOKEN>
				<TOKEN end_char="3199" id="token-17-24" start_char="3193">appears</TOKEN>
				<TOKEN end_char="3202" id="token-17-25" start_char="3201">to</TOKEN>
				<TOKEN end_char="3205" id="token-17-26" start_char="3204">be</TOKEN>
				<TOKEN end_char="3207" id="token-17-27" start_char="3207">a</TOKEN>
				<TOKEN end_char="3213" id="token-17-28" start_char="3209">coral</TOKEN>
				<TOKEN end_char="3214" id="token-17-29" start_char="3214">-</TOKEN>
				<TOKEN end_char="3221" id="token-17-30" start_char="3215">colored</TOKEN>
				<TOKEN end_char="3228" id="token-17-31" start_char="3223">blouse</TOKEN>
				<TOKEN end_char="3232" id="token-17-32" start_char="3230">and</TOKEN>
				<TOKEN end_char="3235" id="token-17-33" start_char="3234">an</TOKEN>
				<TOKEN end_char="3241" id="token-17-34" start_char="3237">olive</TOKEN>
				<TOKEN end_char="3248" id="token-17-35" start_char="3243">blazer</TOKEN>
				<TOKEN end_char="3249" id="token-17-36" start_char="3249">.</TOKEN>
				<TOKEN end_char="3255" id="token-17-37" start_char="3251">Would</TOKEN>
				<TOKEN end_char="3259" id="token-17-38" start_char="3257">you</TOKEN>
				<TOKEN end_char="3264" id="token-17-39" start_char="3261">like</TOKEN>
				<TOKEN end_char="3270" id="token-17-40" start_char="3266">those</TOKEN>
				<TOKEN end_char="3273" id="token-17-41" start_char="3272">in</TOKEN>
				<TOKEN end_char="3275" id="token-17-42" start_char="3275">a</TOKEN>
				<TOKEN end_char="3279" id="token-17-43" start_char="3277">bag</TOKEN>
				<TOKEN end_char="3280" id="token-17-44" start_char="3280">?</TOKEN>
				<TOKEN end_char="3284" id="token-17-45" start_char="3282">the</TOKEN>
				<TOKEN end_char="3292" id="token-17-46" start_char="3286">helpful</TOKEN>
				<TOKEN end_char="3300" id="token-17-47" start_char="3294">cashier</TOKEN>
				<TOKEN end_char="3307" id="token-17-48" start_char="3302">offers</TOKEN>
				<TOKEN end_char="3308" id="token-17-49" start_char="3308">.</TOKEN>
				<TOKEN end_char="3310" id="token-17-50" start_char="3310">“</TOKEN>
				<TOKEN end_char="3312" id="token-17-51" start_char="3311">No</TOKEN>
				<TOKEN end_char="3314" id="token-17-52" start_char="3313">,”</TOKEN>
				<TOKEN end_char="3318" id="token-17-53" start_char="3316">the</TOKEN>
				<TOKEN end_char="3324" id="token-17-54" start_char="3320">woman</TOKEN>
				<TOKEN end_char="3331" id="token-17-55" start_char="3326">shakes</TOKEN>
				<TOKEN end_char="3335" id="token-17-56" start_char="3333">her</TOKEN>
				<TOKEN end_char="3340" id="token-17-57" start_char="3337">head</TOKEN>
				<TOKEN end_char="3341" id="token-17-58" start_char="3341">.</TOKEN>
				<TOKEN end_char="3345" id="token-17-59" start_char="3343">She</TOKEN>
				<TOKEN end_char="3351" id="token-17-60" start_char="3347">needs</TOKEN>
				<TOKEN end_char="3356" id="token-17-61" start_char="3353">them</TOKEN>
				<TOKEN end_char="3360" id="token-17-62" start_char="3358">now</TOKEN>
				<TOKEN end_char="3362" id="token-17-63" start_char="3361">.)</TOKEN>
			</SEG>
			<SEG end_char="3537" id="20130425_WAPO_8cda547c-ad27-11e2-b6fd-ba6f5f26d70e-18" start_char="3364">
				<ORIGINAL_TEXT>“These are a bunch of fun shirts I have literally no purpose for,” says Laura Payne cheerfully, brandishing the armful of clothing that she has found herself carrying around.</ORIGINAL_TEXT>
				<TOKEN end_char="3364" id="token-18-0" start_char="3364">“</TOKEN>
				<TOKEN end_char="3369" id="token-18-1" start_char="3365">These</TOKEN>
				<TOKEN end_char="3373" id="token-18-2" start_char="3371">are</TOKEN>
				<TOKEN end_char="3375" id="token-18-3" start_char="3375">a</TOKEN>
				<TOKEN end_char="3381" id="token-18-4" start_char="3377">bunch</TOKEN>
				<TOKEN end_char="3384" id="token-18-5" start_char="3383">of</TOKEN>
				<TOKEN end_char="3388" id="token-18-6" start_char="3386">fun</TOKEN>
				<TOKEN end_char="3395" id="token-18-7" start_char="3390">shirts</TOKEN>
				<TOKEN end_char="3397" id="token-18-8" start_char="3397">I</TOKEN>
				<TOKEN end_char="3402" id="token-18-9" start_char="3399">have</TOKEN>
				<TOKEN end_char="3412" id="token-18-10" start_char="3404">literally</TOKEN>
				<TOKEN end_char="3415" id="token-18-11" start_char="3414">no</TOKEN>
				<TOKEN end_char="3423" id="token-18-12" start_char="3417">purpose</TOKEN>
				<TOKEN end_char="3427" id="token-18-13" start_char="3425">for</TOKEN>
				<TOKEN end_char="3429" id="token-18-14" start_char="3428">,”</TOKEN>
				<TOKEN end_char="3434" id="token-18-15" start_char="3431">says</TOKEN>
				<TOKEN end_char="3440" id="token-18-16" start_char="3436">Laura</TOKEN>
				<TOKEN end_char="3446" id="token-18-17" start_char="3442">Payne</TOKEN>
				<TOKEN end_char="3457" id="token-18-18" start_char="3448">cheerfully</TOKEN>
				<TOKEN end_char="3458" id="token-18-19" start_char="3458">,</TOKEN>
				<TOKEN end_char="3470" id="token-18-20" start_char="3460">brandishing</TOKEN>
				<TOKEN end_char="3474" id="token-18-21" start_char="3472">the</TOKEN>
				<TOKEN end_char="3481" id="token-18-22" start_char="3476">armful</TOKEN>
				<TOKEN end_char="3484" id="token-18-23" start_char="3483">of</TOKEN>
				<TOKEN end_char="3493" id="token-18-24" start_char="3486">clothing</TOKEN>
				<TOKEN end_char="3498" id="token-18-25" start_char="3495">that</TOKEN>
				<TOKEN end_char="3502" id="token-18-26" start_char="3500">she</TOKEN>
				<TOKEN end_char="3506" id="token-18-27" start_char="3504">has</TOKEN>
				<TOKEN end_char="3512" id="token-18-28" start_char="3508">found</TOKEN>
				<TOKEN end_char="3520" id="token-18-29" start_char="3514">herself</TOKEN>
				<TOKEN end_char="3529" id="token-18-30" start_char="3522">carrying</TOKEN>
				<TOKEN end_char="3536" id="token-18-31" start_char="3531">around</TOKEN>
				<TOKEN end_char="3537" id="token-18-32" start_char="3537">.</TOKEN>
			</SEG>
			<SEG end_char="3703" id="20130425_WAPO_8cda547c-ad27-11e2-b6fd-ba6f5f26d70e-19" start_char="3539">
				<ORIGINAL_TEXT>“And these are jeans that are not the ones I was looking for,” says her friend Ashley Schmidt, who had hoped for a certain brand but is making do with another brand.</ORIGINAL_TEXT>
				<TOKEN end_char="3539" id="token-19-0" start_char="3539">“</TOKEN>
				<TOKEN end_char="3542" id="token-19-1" start_char="3540">And</TOKEN>
				<TOKEN end_char="3548" id="token-19-2" start_char="3544">these</TOKEN>
				<TOKEN end_char="3552" id="token-19-3" start_char="3550">are</TOKEN>
				<TOKEN end_char="3558" id="token-19-4" start_char="3554">jeans</TOKEN>
				<TOKEN end_char="3563" id="token-19-5" start_char="3560">that</TOKEN>
				<TOKEN end_char="3567" id="token-19-6" start_char="3565">are</TOKEN>
				<TOKEN end_char="3571" id="token-19-7" start_char="3569">not</TOKEN>
				<TOKEN end_char="3575" id="token-19-8" start_char="3573">the</TOKEN>
				<TOKEN end_char="3580" id="token-19-9" start_char="3577">ones</TOKEN>
				<TOKEN end_char="3582" id="token-19-10" start_char="3582">I</TOKEN>
				<TOKEN end_char="3586" id="token-19-11" start_char="3584">was</TOKEN>
				<TOKEN end_char="3594" id="token-19-12" start_char="3588">looking</TOKEN>
				<TOKEN end_char="3598" id="token-19-13" start_char="3596">for</TOKEN>
				<TOKEN end_char="3600" id="token-19-14" start_char="3599">,”</TOKEN>
				<TOKEN end_char="3605" id="token-19-15" start_char="3602">says</TOKEN>
				<TOKEN end_char="3609" id="token-19-16" start_char="3607">her</TOKEN>
				<TOKEN end_char="3616" id="token-19-17" start_char="3611">friend</TOKEN>
				<TOKEN end_char="3623" id="token-19-18" start_char="3618">Ashley</TOKEN>
				<TOKEN end_char="3631" id="token-19-19" start_char="3625">Schmidt</TOKEN>
				<TOKEN end_char="3632" id="token-19-20" start_char="3632">,</TOKEN>
				<TOKEN end_char="3636" id="token-19-21" start_char="3634">who</TOKEN>
				<TOKEN end_char="3640" id="token-19-22" start_char="3638">had</TOKEN>
				<TOKEN end_char="3646" id="token-19-23" start_char="3642">hoped</TOKEN>
				<TOKEN end_char="3650" id="token-19-24" start_char="3648">for</TOKEN>
				<TOKEN end_char="3652" id="token-19-25" start_char="3652">a</TOKEN>
				<TOKEN end_char="3660" id="token-19-26" start_char="3654">certain</TOKEN>
				<TOKEN end_char="3666" id="token-19-27" start_char="3662">brand</TOKEN>
				<TOKEN end_char="3670" id="token-19-28" start_char="3668">but</TOKEN>
				<TOKEN end_char="3673" id="token-19-29" start_char="3672">is</TOKEN>
				<TOKEN end_char="3680" id="token-19-30" start_char="3675">making</TOKEN>
				<TOKEN end_char="3683" id="token-19-31" start_char="3682">do</TOKEN>
				<TOKEN end_char="3688" id="token-19-32" start_char="3685">with</TOKEN>
				<TOKEN end_char="3696" id="token-19-33" start_char="3690">another</TOKEN>
				<TOKEN end_char="3702" id="token-19-34" start_char="3698">brand</TOKEN>
				<TOKEN end_char="3703" id="token-19-35" start_char="3703">.</TOKEN>
			</SEG>
		</TEXT>
	</DOC>
</LCTL_TEXT>
