<?xml version="1.0" encoding="utf-8"?>
<LCTL_TEXT>
	<DOC id="20130401_WAPO_16a2524a-85aa-11e2-999e-5f8e0410cb9d">
		<TEXT>
			<SEG end_char="58" id="20130401_WAPO_16a2524a-85aa-11e2-999e-5f8e0410cb9d-0" start_char="0">
				<ORIGINAL_TEXT>A bog yields evidence of massacre during the time of Christ</ORIGINAL_TEXT>
				<TOKEN end_char="0" id="token-0-0" start_char="0">A</TOKEN>
				<TOKEN end_char="4" id="token-0-1" start_char="2">bog</TOKEN>
				<TOKEN end_char="11" id="token-0-2" start_char="6">yields</TOKEN>
				<TOKEN end_char="20" id="token-0-3" start_char="13">evidence</TOKEN>
				<TOKEN end_char="23" id="token-0-4" start_char="22">of</TOKEN>
				<TOKEN end_char="32" id="token-0-5" start_char="25">massacre</TOKEN>
				<TOKEN end_char="39" id="token-0-6" start_char="34">during</TOKEN>
				<TOKEN end_char="43" id="token-0-7" start_char="41">the</TOKEN>
				<TOKEN end_char="48" id="token-0-8" start_char="45">time</TOKEN>
				<TOKEN end_char="51" id="token-0-9" start_char="50">of</TOKEN>
				<TOKEN end_char="58" id="token-0-10" start_char="53">Christ</TOKEN>
			</SEG>
			<SEG end_char="99" id="20130401_WAPO_16a2524a-85aa-11e2-999e-5f8e0410cb9d-1" start_char="60">
				<ORIGINAL_TEXT>Monday, April 1, 2013 16:00:18 GMT-05:00</ORIGINAL_TEXT>
				<TOKEN end_char="65" id="token-1-0" start_char="60">Monday</TOKEN>
				<TOKEN end_char="66" id="token-1-1" start_char="66">,</TOKEN>
				<TOKEN end_char="72" id="token-1-2" start_char="68">April</TOKEN>
				<TOKEN end_char="74" id="token-1-3" start_char="74">1</TOKEN>
				<TOKEN end_char="75" id="token-1-4" start_char="75">,</TOKEN>
				<TOKEN end_char="80" id="token-1-5" start_char="77">2013</TOKEN>
				<TOKEN end_char="83" id="token-1-6" start_char="82">16</TOKEN>
				<TOKEN end_char="84" id="token-1-7" start_char="84">:</TOKEN>
				<TOKEN end_char="86" id="token-1-8" start_char="85">00</TOKEN>
				<TOKEN end_char="87" id="token-1-9" start_char="87">:</TOKEN>
				<TOKEN end_char="89" id="token-1-10" start_char="88">18</TOKEN>
				<TOKEN end_char="93" id="token-1-11" start_char="91">GMT</TOKEN>
				<TOKEN end_char="94" id="token-1-12" start_char="94">-</TOKEN>
				<TOKEN end_char="96" id="token-1-13" start_char="95">05</TOKEN>
				<TOKEN end_char="97" id="token-1-14" start_char="97">:</TOKEN>
				<TOKEN end_char="99" id="token-1-15" start_char="98">00</TOKEN>
			</SEG>
			<SEG end_char="383" id="20130401_WAPO_16a2524a-85aa-11e2-999e-5f8e0410cb9d-2" start_char="101">
				<ORIGINAL_TEXT>In the days of ancient Rome, it was never a good idea to send amateurs to pacify the Germanic tribes. The Emperor Augustus found this out in A.D. 9, when his handpicked crony, Varus, blundered into a series of ambushes in the Teutoburg Forest and lost about 20,000 men in three days.</ORIGINAL_TEXT>
				<TOKEN end_char="102" id="token-2-0" start_char="101">In</TOKEN>
				<TOKEN end_char="106" id="token-2-1" start_char="104">the</TOKEN>
				<TOKEN end_char="111" id="token-2-2" start_char="108">days</TOKEN>
				<TOKEN end_char="114" id="token-2-3" start_char="113">of</TOKEN>
				<TOKEN end_char="122" id="token-2-4" start_char="116">ancient</TOKEN>
				<TOKEN end_char="127" id="token-2-5" start_char="124">Rome</TOKEN>
				<TOKEN end_char="128" id="token-2-6" start_char="128">,</TOKEN>
				<TOKEN end_char="131" id="token-2-7" start_char="130">it</TOKEN>
				<TOKEN end_char="135" id="token-2-8" start_char="133">was</TOKEN>
				<TOKEN end_char="141" id="token-2-9" start_char="137">never</TOKEN>
				<TOKEN end_char="143" id="token-2-10" start_char="143">a</TOKEN>
				<TOKEN end_char="148" id="token-2-11" start_char="145">good</TOKEN>
				<TOKEN end_char="153" id="token-2-12" start_char="150">idea</TOKEN>
				<TOKEN end_char="156" id="token-2-13" start_char="155">to</TOKEN>
				<TOKEN end_char="161" id="token-2-14" start_char="158">send</TOKEN>
				<TOKEN end_char="170" id="token-2-15" start_char="163">amateurs</TOKEN>
				<TOKEN end_char="173" id="token-2-16" start_char="172">to</TOKEN>
				<TOKEN end_char="180" id="token-2-17" start_char="175">pacify</TOKEN>
				<TOKEN end_char="184" id="token-2-18" start_char="182">the</TOKEN>
				<TOKEN end_char="193" id="token-2-19" start_char="186">Germanic</TOKEN>
				<TOKEN end_char="200" id="token-2-20" start_char="195">tribes</TOKEN>
				<TOKEN end_char="201" id="token-2-21" start_char="201">.</TOKEN>
				<TOKEN end_char="205" id="token-2-22" start_char="203">The</TOKEN>
				<TOKEN end_char="213" id="token-2-23" start_char="207">Emperor</TOKEN>
				<TOKEN end_char="222" id="token-2-24" start_char="215">Augustus</TOKEN>
				<TOKEN end_char="228" id="token-2-25" start_char="224">found</TOKEN>
				<TOKEN end_char="233" id="token-2-26" start_char="230">this</TOKEN>
				<TOKEN end_char="237" id="token-2-27" start_char="235">out</TOKEN>
				<TOKEN end_char="240" id="token-2-28" start_char="239">in</TOKEN>
				<TOKEN end_char="242" id="token-2-29" start_char="242">A</TOKEN>
				<TOKEN end_char="243" id="token-2-30" start_char="243">.</TOKEN>
				<TOKEN end_char="244" id="token-2-31" start_char="244">D</TOKEN>
				<TOKEN end_char="245" id="token-2-32" start_char="245">.</TOKEN>
				<TOKEN end_char="247" id="token-2-33" start_char="247">9</TOKEN>
				<TOKEN end_char="248" id="token-2-34" start_char="248">,</TOKEN>
				<TOKEN end_char="253" id="token-2-35" start_char="250">when</TOKEN>
				<TOKEN end_char="257" id="token-2-36" start_char="255">his</TOKEN>
				<TOKEN end_char="268" id="token-2-37" start_char="259">handpicked</TOKEN>
				<TOKEN end_char="274" id="token-2-38" start_char="270">crony</TOKEN>
				<TOKEN end_char="275" id="token-2-39" start_char="275">,</TOKEN>
				<TOKEN end_char="281" id="token-2-40" start_char="277">Varus</TOKEN>
				<TOKEN end_char="282" id="token-2-41" start_char="282">,</TOKEN>
				<TOKEN end_char="292" id="token-2-42" start_char="284">blundered</TOKEN>
				<TOKEN end_char="297" id="token-2-43" start_char="294">into</TOKEN>
				<TOKEN end_char="299" id="token-2-44" start_char="299">a</TOKEN>
				<TOKEN end_char="306" id="token-2-45" start_char="301">series</TOKEN>
				<TOKEN end_char="309" id="token-2-46" start_char="308">of</TOKEN>
				<TOKEN end_char="318" id="token-2-47" start_char="311">ambushes</TOKEN>
				<TOKEN end_char="321" id="token-2-48" start_char="320">in</TOKEN>
				<TOKEN end_char="325" id="token-2-49" start_char="323">the</TOKEN>
				<TOKEN end_char="335" id="token-2-50" start_char="327">Teutoburg</TOKEN>
				<TOKEN end_char="342" id="token-2-51" start_char="337">Forest</TOKEN>
				<TOKEN end_char="346" id="token-2-52" start_char="344">and</TOKEN>
				<TOKEN end_char="351" id="token-2-53" start_char="348">lost</TOKEN>
				<TOKEN end_char="357" id="token-2-54" start_char="353">about</TOKEN>
				<TOKEN end_char="360" id="token-2-55" start_char="359">20</TOKEN>
				<TOKEN end_char="361" id="token-2-56" start_char="361">,</TOKEN>
				<TOKEN end_char="364" id="token-2-57" start_char="362">000</TOKEN>
				<TOKEN end_char="368" id="token-2-58" start_char="366">men</TOKEN>
				<TOKEN end_char="371" id="token-2-59" start_char="370">in</TOKEN>
				<TOKEN end_char="377" id="token-2-60" start_char="373">three</TOKEN>
				<TOKEN end_char="382" id="token-2-61" start_char="379">days</TOKEN>
				<TOKEN end_char="383" id="token-2-62" start_char="383">.</TOKEN>
			</SEG>
			<SEG end_char="1068" id="20130401_WAPO_16a2524a-85aa-11e2-999e-5f8e0410cb9d-3" start_char="385">
				<ORIGINAL_TEXT>Several years later, another Roman army stopped at that battlefield, a bit south of the modern German city of Bremen, to clean up the scene. According to the historian Tacitus, they found “bleaching bones, scattered or in little heaps,” while “hard by lay splintered spears and limbs of horses.” Human skulls “were nailed prominently on the tree-trunks.” There were “gibbets and torture pits for the prisoners,” and “in the neighboring groves stood the savage altars at which they [the Germanic tribes] had slaughtered the tribunes and chief centurions.” Varus had fallen on his sword after the battle, either out of shame or because he was terrified. It was impossible to know which.</ORIGINAL_TEXT>
				<TOKEN end_char="391" id="token-3-0" start_char="385">Several</TOKEN>
				<TOKEN end_char="397" id="token-3-1" start_char="393">years</TOKEN>
				<TOKEN end_char="403" id="token-3-2" start_char="399">later</TOKEN>
				<TOKEN end_char="404" id="token-3-3" start_char="404">,</TOKEN>
				<TOKEN end_char="412" id="token-3-4" start_char="406">another</TOKEN>
				<TOKEN end_char="418" id="token-3-5" start_char="414">Roman</TOKEN>
				<TOKEN end_char="423" id="token-3-6" start_char="420">army</TOKEN>
				<TOKEN end_char="431" id="token-3-7" start_char="425">stopped</TOKEN>
				<TOKEN end_char="434" id="token-3-8" start_char="433">at</TOKEN>
				<TOKEN end_char="439" id="token-3-9" start_char="436">that</TOKEN>
				<TOKEN end_char="451" id="token-3-10" start_char="441">battlefield</TOKEN>
				<TOKEN end_char="452" id="token-3-11" start_char="452">,</TOKEN>
				<TOKEN end_char="454" id="token-3-12" start_char="454">a</TOKEN>
				<TOKEN end_char="458" id="token-3-13" start_char="456">bit</TOKEN>
				<TOKEN end_char="464" id="token-3-14" start_char="460">south</TOKEN>
				<TOKEN end_char="467" id="token-3-15" start_char="466">of</TOKEN>
				<TOKEN end_char="471" id="token-3-16" start_char="469">the</TOKEN>
				<TOKEN end_char="478" id="token-3-17" start_char="473">modern</TOKEN>
				<TOKEN end_char="485" id="token-3-18" start_char="480">German</TOKEN>
				<TOKEN end_char="490" id="token-3-19" start_char="487">city</TOKEN>
				<TOKEN end_char="493" id="token-3-20" start_char="492">of</TOKEN>
				<TOKEN end_char="500" id="token-3-21" start_char="495">Bremen</TOKEN>
				<TOKEN end_char="501" id="token-3-22" start_char="501">,</TOKEN>
				<TOKEN end_char="504" id="token-3-23" start_char="503">to</TOKEN>
				<TOKEN end_char="510" id="token-3-24" start_char="506">clean</TOKEN>
				<TOKEN end_char="513" id="token-3-25" start_char="512">up</TOKEN>
				<TOKEN end_char="517" id="token-3-26" start_char="515">the</TOKEN>
				<TOKEN end_char="523" id="token-3-27" start_char="519">scene</TOKEN>
				<TOKEN end_char="524" id="token-3-28" start_char="524">.</TOKEN>
				<TOKEN end_char="534" id="token-3-29" start_char="526">According</TOKEN>
				<TOKEN end_char="537" id="token-3-30" start_char="536">to</TOKEN>
				<TOKEN end_char="541" id="token-3-31" start_char="539">the</TOKEN>
				<TOKEN end_char="551" id="token-3-32" start_char="543">historian</TOKEN>
				<TOKEN end_char="559" id="token-3-33" start_char="553">Tacitus</TOKEN>
				<TOKEN end_char="560" id="token-3-34" start_char="560">,</TOKEN>
				<TOKEN end_char="565" id="token-3-35" start_char="562">they</TOKEN>
				<TOKEN end_char="571" id="token-3-36" start_char="567">found</TOKEN>
				<TOKEN end_char="573" id="token-3-37" start_char="573">“</TOKEN>
				<TOKEN end_char="582" id="token-3-38" start_char="574">bleaching</TOKEN>
				<TOKEN end_char="588" id="token-3-39" start_char="584">bones</TOKEN>
				<TOKEN end_char="589" id="token-3-40" start_char="589">,</TOKEN>
				<TOKEN end_char="599" id="token-3-41" start_char="591">scattered</TOKEN>
				<TOKEN end_char="602" id="token-3-42" start_char="601">or</TOKEN>
				<TOKEN end_char="605" id="token-3-43" start_char="604">in</TOKEN>
				<TOKEN end_char="612" id="token-3-44" start_char="607">little</TOKEN>
				<TOKEN end_char="618" id="token-3-45" start_char="614">heaps</TOKEN>
				<TOKEN end_char="620" id="token-3-46" start_char="619">,”</TOKEN>
				<TOKEN end_char="626" id="token-3-47" start_char="622">while</TOKEN>
				<TOKEN end_char="628" id="token-3-48" start_char="628">“</TOKEN>
				<TOKEN end_char="632" id="token-3-49" start_char="629">hard</TOKEN>
				<TOKEN end_char="635" id="token-3-50" start_char="634">by</TOKEN>
				<TOKEN end_char="639" id="token-3-51" start_char="637">lay</TOKEN>
				<TOKEN end_char="650" id="token-3-52" start_char="641">splintered</TOKEN>
				<TOKEN end_char="657" id="token-3-53" start_char="652">spears</TOKEN>
				<TOKEN end_char="661" id="token-3-54" start_char="659">and</TOKEN>
				<TOKEN end_char="667" id="token-3-55" start_char="663">limbs</TOKEN>
				<TOKEN end_char="670" id="token-3-56" start_char="669">of</TOKEN>
				<TOKEN end_char="677" id="token-3-57" start_char="672">horses</TOKEN>
				<TOKEN end_char="679" id="token-3-58" start_char="678">.”</TOKEN>
				<TOKEN end_char="685" id="token-3-59" start_char="681">Human</TOKEN>
				<TOKEN end_char="692" id="token-3-60" start_char="687">skulls</TOKEN>
				<TOKEN end_char="694" id="token-3-61" start_char="694">“</TOKEN>
				<TOKEN end_char="698" id="token-3-62" start_char="695">were</TOKEN>
				<TOKEN end_char="705" id="token-3-63" start_char="700">nailed</TOKEN>
				<TOKEN end_char="717" id="token-3-64" start_char="707">prominently</TOKEN>
				<TOKEN end_char="720" id="token-3-65" start_char="719">on</TOKEN>
				<TOKEN end_char="724" id="token-3-66" start_char="722">the</TOKEN>
				<TOKEN end_char="729" id="token-3-67" start_char="726">tree</TOKEN>
				<TOKEN end_char="730" id="token-3-68" start_char="730">-</TOKEN>
				<TOKEN end_char="736" id="token-3-69" start_char="731">trunks</TOKEN>
				<TOKEN end_char="738" id="token-3-70" start_char="737">.”</TOKEN>
				<TOKEN end_char="744" id="token-3-71" start_char="740">There</TOKEN>
				<TOKEN end_char="749" id="token-3-72" start_char="746">were</TOKEN>
				<TOKEN end_char="751" id="token-3-73" start_char="751">“</TOKEN>
				<TOKEN end_char="758" id="token-3-74" start_char="752">gibbets</TOKEN>
				<TOKEN end_char="762" id="token-3-75" start_char="760">and</TOKEN>
				<TOKEN end_char="770" id="token-3-76" start_char="764">torture</TOKEN>
				<TOKEN end_char="775" id="token-3-77" start_char="772">pits</TOKEN>
				<TOKEN end_char="779" id="token-3-78" start_char="777">for</TOKEN>
				<TOKEN end_char="783" id="token-3-79" start_char="781">the</TOKEN>
				<TOKEN end_char="793" id="token-3-80" start_char="785">prisoners</TOKEN>
				<TOKEN end_char="795" id="token-3-81" start_char="794">,”</TOKEN>
				<TOKEN end_char="799" id="token-3-82" start_char="797">and</TOKEN>
				<TOKEN end_char="801" id="token-3-83" start_char="801">“</TOKEN>
				<TOKEN end_char="803" id="token-3-84" start_char="802">in</TOKEN>
				<TOKEN end_char="807" id="token-3-85" start_char="805">the</TOKEN>
				<TOKEN end_char="819" id="token-3-86" start_char="809">neighboring</TOKEN>
				<TOKEN end_char="826" id="token-3-87" start_char="821">groves</TOKEN>
				<TOKEN end_char="832" id="token-3-88" start_char="828">stood</TOKEN>
				<TOKEN end_char="836" id="token-3-89" start_char="834">the</TOKEN>
				<TOKEN end_char="843" id="token-3-90" start_char="838">savage</TOKEN>
				<TOKEN end_char="850" id="token-3-91" start_char="845">altars</TOKEN>
				<TOKEN end_char="853" id="token-3-92" start_char="852">at</TOKEN>
				<TOKEN end_char="859" id="token-3-93" start_char="855">which</TOKEN>
				<TOKEN end_char="864" id="token-3-94" start_char="861">they</TOKEN>
				<TOKEN end_char="866" id="token-3-95" start_char="866">[</TOKEN>
				<TOKEN end_char="869" id="token-3-96" start_char="867">the</TOKEN>
				<TOKEN end_char="878" id="token-3-97" start_char="871">Germanic</TOKEN>
				<TOKEN end_char="885" id="token-3-98" start_char="880">tribes</TOKEN>
				<TOKEN end_char="886" id="token-3-99" start_char="886">]</TOKEN>
				<TOKEN end_char="890" id="token-3-100" start_char="888">had</TOKEN>
				<TOKEN end_char="902" id="token-3-101" start_char="892">slaughtered</TOKEN>
				<TOKEN end_char="906" id="token-3-102" start_char="904">the</TOKEN>
				<TOKEN end_char="915" id="token-3-103" start_char="908">tribunes</TOKEN>
				<TOKEN end_char="919" id="token-3-104" start_char="917">and</TOKEN>
				<TOKEN end_char="925" id="token-3-105" start_char="921">chief</TOKEN>
				<TOKEN end_char="936" id="token-3-106" start_char="927">centurions</TOKEN>
				<TOKEN end_char="938" id="token-3-107" start_char="937">.”</TOKEN>
				<TOKEN end_char="944" id="token-3-108" start_char="940">Varus</TOKEN>
				<TOKEN end_char="948" id="token-3-109" start_char="946">had</TOKEN>
				<TOKEN end_char="955" id="token-3-110" start_char="950">fallen</TOKEN>
				<TOKEN end_char="958" id="token-3-111" start_char="957">on</TOKEN>
				<TOKEN end_char="962" id="token-3-112" start_char="960">his</TOKEN>
				<TOKEN end_char="968" id="token-3-113" start_char="964">sword</TOKEN>
				<TOKEN end_char="974" id="token-3-114" start_char="970">after</TOKEN>
				<TOKEN end_char="978" id="token-3-115" start_char="976">the</TOKEN>
				<TOKEN end_char="985" id="token-3-116" start_char="980">battle</TOKEN>
				<TOKEN end_char="986" id="token-3-117" start_char="986">,</TOKEN>
				<TOKEN end_char="993" id="token-3-118" start_char="988">either</TOKEN>
				<TOKEN end_char="997" id="token-3-119" start_char="995">out</TOKEN>
				<TOKEN end_char="1000" id="token-3-120" start_char="999">of</TOKEN>
				<TOKEN end_char="1006" id="token-3-121" start_char="1002">shame</TOKEN>
				<TOKEN end_char="1009" id="token-3-122" start_char="1008">or</TOKEN>
				<TOKEN end_char="1017" id="token-3-123" start_char="1011">because</TOKEN>
				<TOKEN end_char="1020" id="token-3-124" start_char="1019">he</TOKEN>
				<TOKEN end_char="1024" id="token-3-125" start_char="1022">was</TOKEN>
				<TOKEN end_char="1034" id="token-3-126" start_char="1026">terrified</TOKEN>
				<TOKEN end_char="1035" id="token-3-127" start_char="1035">.</TOKEN>
				<TOKEN end_char="1038" id="token-3-128" start_char="1037">It</TOKEN>
				<TOKEN end_char="1042" id="token-3-129" start_char="1040">was</TOKEN>
				<TOKEN end_char="1053" id="token-3-130" start_char="1044">impossible</TOKEN>
				<TOKEN end_char="1056" id="token-3-131" start_char="1055">to</TOKEN>
				<TOKEN end_char="1061" id="token-3-132" start_char="1058">know</TOKEN>
				<TOKEN end_char="1067" id="token-3-133" start_char="1063">which</TOKEN>
				<TOKEN end_char="1068" id="token-3-134" start_char="1068">.</TOKEN>
			</SEG>
			<SEG end_char="1433" id="20130401_WAPO_16a2524a-85aa-11e2-999e-5f8e0410cb9d-4" start_char="1070">
				<ORIGINAL_TEXT>Scattered archaeological evidence has long suggested that the warriors of ancient Germania were not kind-hearted in victory. But new evidence suggests just how grisly things were at about the time of Christ, when an aggressive and well-organized young Roman empire was trying — ultimately, unsuccessfully — to subdue the equally aggressive inhabitants of Germania.</ORIGINAL_TEXT>
				<TOKEN end_char="1078" id="token-4-0" start_char="1070">Scattered</TOKEN>
				<TOKEN end_char="1093" id="token-4-1" start_char="1080">archaeological</TOKEN>
				<TOKEN end_char="1102" id="token-4-2" start_char="1095">evidence</TOKEN>
				<TOKEN end_char="1106" id="token-4-3" start_char="1104">has</TOKEN>
				<TOKEN end_char="1111" id="token-4-4" start_char="1108">long</TOKEN>
				<TOKEN end_char="1121" id="token-4-5" start_char="1113">suggested</TOKEN>
				<TOKEN end_char="1126" id="token-4-6" start_char="1123">that</TOKEN>
				<TOKEN end_char="1130" id="token-4-7" start_char="1128">the</TOKEN>
				<TOKEN end_char="1139" id="token-4-8" start_char="1132">warriors</TOKEN>
				<TOKEN end_char="1142" id="token-4-9" start_char="1141">of</TOKEN>
				<TOKEN end_char="1150" id="token-4-10" start_char="1144">ancient</TOKEN>
				<TOKEN end_char="1159" id="token-4-11" start_char="1152">Germania</TOKEN>
				<TOKEN end_char="1164" id="token-4-12" start_char="1161">were</TOKEN>
				<TOKEN end_char="1168" id="token-4-13" start_char="1166">not</TOKEN>
				<TOKEN end_char="1173" id="token-4-14" start_char="1170">kind</TOKEN>
				<TOKEN end_char="1174" id="token-4-15" start_char="1174">-</TOKEN>
				<TOKEN end_char="1181" id="token-4-16" start_char="1175">hearted</TOKEN>
				<TOKEN end_char="1184" id="token-4-17" start_char="1183">in</TOKEN>
				<TOKEN end_char="1192" id="token-4-18" start_char="1186">victory</TOKEN>
				<TOKEN end_char="1193" id="token-4-19" start_char="1193">.</TOKEN>
				<TOKEN end_char="1197" id="token-4-20" start_char="1195">But</TOKEN>
				<TOKEN end_char="1201" id="token-4-21" start_char="1199">new</TOKEN>
				<TOKEN end_char="1210" id="token-4-22" start_char="1203">evidence</TOKEN>
				<TOKEN end_char="1219" id="token-4-23" start_char="1212">suggests</TOKEN>
				<TOKEN end_char="1224" id="token-4-24" start_char="1221">just</TOKEN>
				<TOKEN end_char="1228" id="token-4-25" start_char="1226">how</TOKEN>
				<TOKEN end_char="1235" id="token-4-26" start_char="1230">grisly</TOKEN>
				<TOKEN end_char="1242" id="token-4-27" start_char="1237">things</TOKEN>
				<TOKEN end_char="1247" id="token-4-28" start_char="1244">were</TOKEN>
				<TOKEN end_char="1250" id="token-4-29" start_char="1249">at</TOKEN>
				<TOKEN end_char="1256" id="token-4-30" start_char="1252">about</TOKEN>
				<TOKEN end_char="1260" id="token-4-31" start_char="1258">the</TOKEN>
				<TOKEN end_char="1265" id="token-4-32" start_char="1262">time</TOKEN>
				<TOKEN end_char="1268" id="token-4-33" start_char="1267">of</TOKEN>
				<TOKEN end_char="1275" id="token-4-34" start_char="1270">Christ</TOKEN>
				<TOKEN end_char="1276" id="token-4-35" start_char="1276">,</TOKEN>
				<TOKEN end_char="1281" id="token-4-36" start_char="1278">when</TOKEN>
				<TOKEN end_char="1284" id="token-4-37" start_char="1283">an</TOKEN>
				<TOKEN end_char="1295" id="token-4-38" start_char="1286">aggressive</TOKEN>
				<TOKEN end_char="1299" id="token-4-39" start_char="1297">and</TOKEN>
				<TOKEN end_char="1304" id="token-4-40" start_char="1301">well</TOKEN>
				<TOKEN end_char="1305" id="token-4-41" start_char="1305">-</TOKEN>
				<TOKEN end_char="1314" id="token-4-42" start_char="1306">organized</TOKEN>
				<TOKEN end_char="1320" id="token-4-43" start_char="1316">young</TOKEN>
				<TOKEN end_char="1326" id="token-4-44" start_char="1322">Roman</TOKEN>
				<TOKEN end_char="1333" id="token-4-45" start_char="1328">empire</TOKEN>
				<TOKEN end_char="1337" id="token-4-46" start_char="1335">was</TOKEN>
				<TOKEN end_char="1344" id="token-4-47" start_char="1339">trying</TOKEN>
				<TOKEN end_char="1346" id="token-4-48" start_char="1346">—</TOKEN>
				<TOKEN end_char="1357" id="token-4-49" start_char="1348">ultimately</TOKEN>
				<TOKEN end_char="1358" id="token-4-50" start_char="1358">,</TOKEN>
				<TOKEN end_char="1373" id="token-4-51" start_char="1360">unsuccessfully</TOKEN>
				<TOKEN end_char="1375" id="token-4-52" start_char="1375">—</TOKEN>
				<TOKEN end_char="1378" id="token-4-53" start_char="1377">to</TOKEN>
				<TOKEN end_char="1385" id="token-4-54" start_char="1380">subdue</TOKEN>
				<TOKEN end_char="1389" id="token-4-55" start_char="1387">the</TOKEN>
				<TOKEN end_char="1397" id="token-4-56" start_char="1391">equally</TOKEN>
				<TOKEN end_char="1408" id="token-4-57" start_char="1399">aggressive</TOKEN>
				<TOKEN end_char="1420" id="token-4-58" start_char="1410">inhabitants</TOKEN>
				<TOKEN end_char="1423" id="token-4-59" start_char="1422">of</TOKEN>
				<TOKEN end_char="1432" id="token-4-60" start_char="1425">Germania</TOKEN>
				<TOKEN end_char="1433" id="token-4-61" start_char="1433">.</TOKEN>
			</SEG>
			<SEG end_char="2256" id="20130401_WAPO_16a2524a-85aa-11e2-999e-5f8e0410cb9d-5" start_char="1435">
				<ORIGINAL_TEXT>A Danish team, working in a bog about 325 miles north of the site of the Roman massacre, is analyzing the recently excavated remains of 40 men, part of a larger contingent of as many as 200 soldiers, whose bodies were apparently hacked to bits and thrown into the shallows of Lake Mosso after a battle that took place between German rivals, probably a few years before the Varus massacre. The Alken bog, lying today beneath a lakeside meadow, conceals the largest concentration of apparent war dead ever found from that era. These findings, added to artifacts from other sites and the writings of the ancient Romans, are supplying insights into a warlord culture of fiercely egalitarian German tribes that fought constantly, routinely slaughtered their enemies and offered their bodies — and their weapons — to their gods.</ORIGINAL_TEXT>
				<TOKEN end_char="1435" id="token-5-0" start_char="1435">A</TOKEN>
				<TOKEN end_char="1442" id="token-5-1" start_char="1437">Danish</TOKEN>
				<TOKEN end_char="1447" id="token-5-2" start_char="1444">team</TOKEN>
				<TOKEN end_char="1448" id="token-5-3" start_char="1448">,</TOKEN>
				<TOKEN end_char="1456" id="token-5-4" start_char="1450">working</TOKEN>
				<TOKEN end_char="1459" id="token-5-5" start_char="1458">in</TOKEN>
				<TOKEN end_char="1461" id="token-5-6" start_char="1461">a</TOKEN>
				<TOKEN end_char="1465" id="token-5-7" start_char="1463">bog</TOKEN>
				<TOKEN end_char="1471" id="token-5-8" start_char="1467">about</TOKEN>
				<TOKEN end_char="1475" id="token-5-9" start_char="1473">325</TOKEN>
				<TOKEN end_char="1481" id="token-5-10" start_char="1477">miles</TOKEN>
				<TOKEN end_char="1487" id="token-5-11" start_char="1483">north</TOKEN>
				<TOKEN end_char="1490" id="token-5-12" start_char="1489">of</TOKEN>
				<TOKEN end_char="1494" id="token-5-13" start_char="1492">the</TOKEN>
				<TOKEN end_char="1499" id="token-5-14" start_char="1496">site</TOKEN>
				<TOKEN end_char="1502" id="token-5-15" start_char="1501">of</TOKEN>
				<TOKEN end_char="1506" id="token-5-16" start_char="1504">the</TOKEN>
				<TOKEN end_char="1512" id="token-5-17" start_char="1508">Roman</TOKEN>
				<TOKEN end_char="1521" id="token-5-18" start_char="1514">massacre</TOKEN>
				<TOKEN end_char="1522" id="token-5-19" start_char="1522">,</TOKEN>
				<TOKEN end_char="1525" id="token-5-20" start_char="1524">is</TOKEN>
				<TOKEN end_char="1535" id="token-5-21" start_char="1527">analyzing</TOKEN>
				<TOKEN end_char="1539" id="token-5-22" start_char="1537">the</TOKEN>
				<TOKEN end_char="1548" id="token-5-23" start_char="1541">recently</TOKEN>
				<TOKEN end_char="1558" id="token-5-24" start_char="1550">excavated</TOKEN>
				<TOKEN end_char="1566" id="token-5-25" start_char="1560">remains</TOKEN>
				<TOKEN end_char="1569" id="token-5-26" start_char="1568">of</TOKEN>
				<TOKEN end_char="1572" id="token-5-27" start_char="1571">40</TOKEN>
				<TOKEN end_char="1576" id="token-5-28" start_char="1574">men</TOKEN>
				<TOKEN end_char="1577" id="token-5-29" start_char="1577">,</TOKEN>
				<TOKEN end_char="1582" id="token-5-30" start_char="1579">part</TOKEN>
				<TOKEN end_char="1585" id="token-5-31" start_char="1584">of</TOKEN>
				<TOKEN end_char="1587" id="token-5-32" start_char="1587">a</TOKEN>
				<TOKEN end_char="1594" id="token-5-33" start_char="1589">larger</TOKEN>
				<TOKEN end_char="1605" id="token-5-34" start_char="1596">contingent</TOKEN>
				<TOKEN end_char="1608" id="token-5-35" start_char="1607">of</TOKEN>
				<TOKEN end_char="1611" id="token-5-36" start_char="1610">as</TOKEN>
				<TOKEN end_char="1616" id="token-5-37" start_char="1613">many</TOKEN>
				<TOKEN end_char="1619" id="token-5-38" start_char="1618">as</TOKEN>
				<TOKEN end_char="1623" id="token-5-39" start_char="1621">200</TOKEN>
				<TOKEN end_char="1632" id="token-5-40" start_char="1625">soldiers</TOKEN>
				<TOKEN end_char="1633" id="token-5-41" start_char="1633">,</TOKEN>
				<TOKEN end_char="1639" id="token-5-42" start_char="1635">whose</TOKEN>
				<TOKEN end_char="1646" id="token-5-43" start_char="1641">bodies</TOKEN>
				<TOKEN end_char="1651" id="token-5-44" start_char="1648">were</TOKEN>
				<TOKEN end_char="1662" id="token-5-45" start_char="1653">apparently</TOKEN>
				<TOKEN end_char="1669" id="token-5-46" start_char="1664">hacked</TOKEN>
				<TOKEN end_char="1672" id="token-5-47" start_char="1671">to</TOKEN>
				<TOKEN end_char="1677" id="token-5-48" start_char="1674">bits</TOKEN>
				<TOKEN end_char="1681" id="token-5-49" start_char="1679">and</TOKEN>
				<TOKEN end_char="1688" id="token-5-50" start_char="1683">thrown</TOKEN>
				<TOKEN end_char="1693" id="token-5-51" start_char="1690">into</TOKEN>
				<TOKEN end_char="1697" id="token-5-52" start_char="1695">the</TOKEN>
				<TOKEN end_char="1706" id="token-5-53" start_char="1699">shallows</TOKEN>
				<TOKEN end_char="1709" id="token-5-54" start_char="1708">of</TOKEN>
				<TOKEN end_char="1714" id="token-5-55" start_char="1711">Lake</TOKEN>
				<TOKEN end_char="1720" id="token-5-56" start_char="1716">Mosso</TOKEN>
				<TOKEN end_char="1726" id="token-5-57" start_char="1722">after</TOKEN>
				<TOKEN end_char="1728" id="token-5-58" start_char="1728">a</TOKEN>
				<TOKEN end_char="1735" id="token-5-59" start_char="1730">battle</TOKEN>
				<TOKEN end_char="1740" id="token-5-60" start_char="1737">that</TOKEN>
				<TOKEN end_char="1745" id="token-5-61" start_char="1742">took</TOKEN>
				<TOKEN end_char="1751" id="token-5-62" start_char="1747">place</TOKEN>
				<TOKEN end_char="1759" id="token-5-63" start_char="1753">between</TOKEN>
				<TOKEN end_char="1766" id="token-5-64" start_char="1761">German</TOKEN>
				<TOKEN end_char="1773" id="token-5-65" start_char="1768">rivals</TOKEN>
				<TOKEN end_char="1774" id="token-5-66" start_char="1774">,</TOKEN>
				<TOKEN end_char="1783" id="token-5-67" start_char="1776">probably</TOKEN>
				<TOKEN end_char="1785" id="token-5-68" start_char="1785">a</TOKEN>
				<TOKEN end_char="1789" id="token-5-69" start_char="1787">few</TOKEN>
				<TOKEN end_char="1795" id="token-5-70" start_char="1791">years</TOKEN>
				<TOKEN end_char="1802" id="token-5-71" start_char="1797">before</TOKEN>
				<TOKEN end_char="1806" id="token-5-72" start_char="1804">the</TOKEN>
				<TOKEN end_char="1812" id="token-5-73" start_char="1808">Varus</TOKEN>
				<TOKEN end_char="1821" id="token-5-74" start_char="1814">massacre</TOKEN>
				<TOKEN end_char="1822" id="token-5-75" start_char="1822">.</TOKEN>
				<TOKEN end_char="1826" id="token-5-76" start_char="1824">The</TOKEN>
				<TOKEN end_char="1832" id="token-5-77" start_char="1828">Alken</TOKEN>
				<TOKEN end_char="1836" id="token-5-78" start_char="1834">bog</TOKEN>
				<TOKEN end_char="1837" id="token-5-79" start_char="1837">,</TOKEN>
				<TOKEN end_char="1843" id="token-5-80" start_char="1839">lying</TOKEN>
				<TOKEN end_char="1849" id="token-5-81" start_char="1845">today</TOKEN>
				<TOKEN end_char="1857" id="token-5-82" start_char="1851">beneath</TOKEN>
				<TOKEN end_char="1859" id="token-5-83" start_char="1859">a</TOKEN>
				<TOKEN end_char="1868" id="token-5-84" start_char="1861">lakeside</TOKEN>
				<TOKEN end_char="1875" id="token-5-85" start_char="1870">meadow</TOKEN>
				<TOKEN end_char="1876" id="token-5-86" start_char="1876">,</TOKEN>
				<TOKEN end_char="1885" id="token-5-87" start_char="1878">conceals</TOKEN>
				<TOKEN end_char="1889" id="token-5-88" start_char="1887">the</TOKEN>
				<TOKEN end_char="1897" id="token-5-89" start_char="1891">largest</TOKEN>
				<TOKEN end_char="1911" id="token-5-90" start_char="1899">concentration</TOKEN>
				<TOKEN end_char="1914" id="token-5-91" start_char="1913">of</TOKEN>
				<TOKEN end_char="1923" id="token-5-92" start_char="1916">apparent</TOKEN>
				<TOKEN end_char="1927" id="token-5-93" start_char="1925">war</TOKEN>
				<TOKEN end_char="1932" id="token-5-94" start_char="1929">dead</TOKEN>
				<TOKEN end_char="1937" id="token-5-95" start_char="1934">ever</TOKEN>
				<TOKEN end_char="1943" id="token-5-96" start_char="1939">found</TOKEN>
				<TOKEN end_char="1948" id="token-5-97" start_char="1945">from</TOKEN>
				<TOKEN end_char="1953" id="token-5-98" start_char="1950">that</TOKEN>
				<TOKEN end_char="1957" id="token-5-99" start_char="1955">era</TOKEN>
				<TOKEN end_char="1958" id="token-5-100" start_char="1958">.</TOKEN>
				<TOKEN end_char="1964" id="token-5-101" start_char="1960">These</TOKEN>
				<TOKEN end_char="1973" id="token-5-102" start_char="1966">findings</TOKEN>
				<TOKEN end_char="1974" id="token-5-103" start_char="1974">,</TOKEN>
				<TOKEN end_char="1980" id="token-5-104" start_char="1976">added</TOKEN>
				<TOKEN end_char="1983" id="token-5-105" start_char="1982">to</TOKEN>
				<TOKEN end_char="1993" id="token-5-106" start_char="1985">artifacts</TOKEN>
				<TOKEN end_char="1998" id="token-5-107" start_char="1995">from</TOKEN>
				<TOKEN end_char="2004" id="token-5-108" start_char="2000">other</TOKEN>
				<TOKEN end_char="2010" id="token-5-109" start_char="2006">sites</TOKEN>
				<TOKEN end_char="2014" id="token-5-110" start_char="2012">and</TOKEN>
				<TOKEN end_char="2018" id="token-5-111" start_char="2016">the</TOKEN>
				<TOKEN end_char="2027" id="token-5-112" start_char="2020">writings</TOKEN>
				<TOKEN end_char="2030" id="token-5-113" start_char="2029">of</TOKEN>
				<TOKEN end_char="2034" id="token-5-114" start_char="2032">the</TOKEN>
				<TOKEN end_char="2042" id="token-5-115" start_char="2036">ancient</TOKEN>
				<TOKEN end_char="2049" id="token-5-116" start_char="2044">Romans</TOKEN>
				<TOKEN end_char="2050" id="token-5-117" start_char="2050">,</TOKEN>
				<TOKEN end_char="2054" id="token-5-118" start_char="2052">are</TOKEN>
				<TOKEN end_char="2064" id="token-5-119" start_char="2056">supplying</TOKEN>
				<TOKEN end_char="2073" id="token-5-120" start_char="2066">insights</TOKEN>
				<TOKEN end_char="2078" id="token-5-121" start_char="2075">into</TOKEN>
				<TOKEN end_char="2080" id="token-5-122" start_char="2080">a</TOKEN>
				<TOKEN end_char="2088" id="token-5-123" start_char="2082">warlord</TOKEN>
				<TOKEN end_char="2096" id="token-5-124" start_char="2090">culture</TOKEN>
				<TOKEN end_char="2099" id="token-5-125" start_char="2098">of</TOKEN>
				<TOKEN end_char="2108" id="token-5-126" start_char="2101">fiercely</TOKEN>
				<TOKEN end_char="2120" id="token-5-127" start_char="2110">egalitarian</TOKEN>
				<TOKEN end_char="2127" id="token-5-128" start_char="2122">German</TOKEN>
				<TOKEN end_char="2134" id="token-5-129" start_char="2129">tribes</TOKEN>
				<TOKEN end_char="2139" id="token-5-130" start_char="2136">that</TOKEN>
				<TOKEN end_char="2146" id="token-5-131" start_char="2141">fought</TOKEN>
				<TOKEN end_char="2157" id="token-5-132" start_char="2148">constantly</TOKEN>
				<TOKEN end_char="2158" id="token-5-133" start_char="2158">,</TOKEN>
				<TOKEN end_char="2168" id="token-5-134" start_char="2160">routinely</TOKEN>
				<TOKEN end_char="2180" id="token-5-135" start_char="2170">slaughtered</TOKEN>
				<TOKEN end_char="2186" id="token-5-136" start_char="2182">their</TOKEN>
				<TOKEN end_char="2194" id="token-5-137" start_char="2188">enemies</TOKEN>
				<TOKEN end_char="2198" id="token-5-138" start_char="2196">and</TOKEN>
				<TOKEN end_char="2206" id="token-5-139" start_char="2200">offered</TOKEN>
				<TOKEN end_char="2212" id="token-5-140" start_char="2208">their</TOKEN>
				<TOKEN end_char="2219" id="token-5-141" start_char="2214">bodies</TOKEN>
				<TOKEN end_char="2221" id="token-5-142" start_char="2221">—</TOKEN>
				<TOKEN end_char="2225" id="token-5-143" start_char="2223">and</TOKEN>
				<TOKEN end_char="2231" id="token-5-144" start_char="2227">their</TOKEN>
				<TOKEN end_char="2239" id="token-5-145" start_char="2233">weapons</TOKEN>
				<TOKEN end_char="2241" id="token-5-146" start_char="2241">—</TOKEN>
				<TOKEN end_char="2244" id="token-5-147" start_char="2243">to</TOKEN>
				<TOKEN end_char="2250" id="token-5-148" start_char="2246">their</TOKEN>
				<TOKEN end_char="2255" id="token-5-149" start_char="2252">gods</TOKEN>
				<TOKEN end_char="2256" id="token-5-150" start_char="2256">.</TOKEN>
			</SEG>
			<SEG end_char="2788" id="20130401_WAPO_16a2524a-85aa-11e2-999e-5f8e0410cb9d-6" start_char="2258">
				<ORIGINAL_TEXT>The remains in the bog “are all young males,” said Aarhus University archaeologist Mads Holst, leader of the excavation team from the university and Denmark’s Skanderborg and Moesgard museums. “There is quite a lot of weapon damage on them, and none of the wounds were healed. Some were dead already when they were thrown into the lake, and we can see there were animals gnawing on the bones. One of the things we are investigating now is whether they all died of battle wounds, or were executed after the battle. We suspect both.”</ORIGINAL_TEXT>
				<TOKEN end_char="2260" id="token-6-0" start_char="2258">The</TOKEN>
				<TOKEN end_char="2268" id="token-6-1" start_char="2262">remains</TOKEN>
				<TOKEN end_char="2271" id="token-6-2" start_char="2270">in</TOKEN>
				<TOKEN end_char="2275" id="token-6-3" start_char="2273">the</TOKEN>
				<TOKEN end_char="2279" id="token-6-4" start_char="2277">bog</TOKEN>
				<TOKEN end_char="2281" id="token-6-5" start_char="2281">“</TOKEN>
				<TOKEN end_char="2284" id="token-6-6" start_char="2282">are</TOKEN>
				<TOKEN end_char="2288" id="token-6-7" start_char="2286">all</TOKEN>
				<TOKEN end_char="2294" id="token-6-8" start_char="2290">young</TOKEN>
				<TOKEN end_char="2300" id="token-6-9" start_char="2296">males</TOKEN>
				<TOKEN end_char="2302" id="token-6-10" start_char="2301">,”</TOKEN>
				<TOKEN end_char="2307" id="token-6-11" start_char="2304">said</TOKEN>
				<TOKEN end_char="2314" id="token-6-12" start_char="2309">Aarhus</TOKEN>
				<TOKEN end_char="2325" id="token-6-13" start_char="2316">University</TOKEN>
				<TOKEN end_char="2339" id="token-6-14" start_char="2327">archaeologist</TOKEN>
				<TOKEN end_char="2344" id="token-6-15" start_char="2341">Mads</TOKEN>
				<TOKEN end_char="2350" id="token-6-16" start_char="2346">Holst</TOKEN>
				<TOKEN end_char="2351" id="token-6-17" start_char="2351">,</TOKEN>
				<TOKEN end_char="2358" id="token-6-18" start_char="2353">leader</TOKEN>
				<TOKEN end_char="2361" id="token-6-19" start_char="2360">of</TOKEN>
				<TOKEN end_char="2365" id="token-6-20" start_char="2363">the</TOKEN>
				<TOKEN end_char="2376" id="token-6-21" start_char="2367">excavation</TOKEN>
				<TOKEN end_char="2381" id="token-6-22" start_char="2378">team</TOKEN>
				<TOKEN end_char="2386" id="token-6-23" start_char="2383">from</TOKEN>
				<TOKEN end_char="2390" id="token-6-24" start_char="2388">the</TOKEN>
				<TOKEN end_char="2401" id="token-6-25" start_char="2392">university</TOKEN>
				<TOKEN end_char="2405" id="token-6-26" start_char="2403">and</TOKEN>
				<TOKEN end_char="2413" id="token-6-27" start_char="2407">Denmark</TOKEN>
				<TOKEN end_char="2414" id="token-6-28" start_char="2414">’</TOKEN>
				<TOKEN end_char="2415" id="token-6-29" start_char="2415">s</TOKEN>
				<TOKEN end_char="2427" id="token-6-30" start_char="2417">Skanderborg</TOKEN>
				<TOKEN end_char="2431" id="token-6-31" start_char="2429">and</TOKEN>
				<TOKEN end_char="2440" id="token-6-32" start_char="2433">Moesgard</TOKEN>
				<TOKEN end_char="2448" id="token-6-33" start_char="2442">museums</TOKEN>
				<TOKEN end_char="2449" id="token-6-34" start_char="2449">.</TOKEN>
				<TOKEN end_char="2451" id="token-6-35" start_char="2451">“</TOKEN>
				<TOKEN end_char="2456" id="token-6-36" start_char="2452">There</TOKEN>
				<TOKEN end_char="2459" id="token-6-37" start_char="2458">is</TOKEN>
				<TOKEN end_char="2465" id="token-6-38" start_char="2461">quite</TOKEN>
				<TOKEN end_char="2467" id="token-6-39" start_char="2467">a</TOKEN>
				<TOKEN end_char="2471" id="token-6-40" start_char="2469">lot</TOKEN>
				<TOKEN end_char="2474" id="token-6-41" start_char="2473">of</TOKEN>
				<TOKEN end_char="2481" id="token-6-42" start_char="2476">weapon</TOKEN>
				<TOKEN end_char="2488" id="token-6-43" start_char="2483">damage</TOKEN>
				<TOKEN end_char="2491" id="token-6-44" start_char="2490">on</TOKEN>
				<TOKEN end_char="2496" id="token-6-45" start_char="2493">them</TOKEN>
				<TOKEN end_char="2497" id="token-6-46" start_char="2497">,</TOKEN>
				<TOKEN end_char="2501" id="token-6-47" start_char="2499">and</TOKEN>
				<TOKEN end_char="2506" id="token-6-48" start_char="2503">none</TOKEN>
				<TOKEN end_char="2509" id="token-6-49" start_char="2508">of</TOKEN>
				<TOKEN end_char="2513" id="token-6-50" start_char="2511">the</TOKEN>
				<TOKEN end_char="2520" id="token-6-51" start_char="2515">wounds</TOKEN>
				<TOKEN end_char="2525" id="token-6-52" start_char="2522">were</TOKEN>
				<TOKEN end_char="2532" id="token-6-53" start_char="2527">healed</TOKEN>
				<TOKEN end_char="2533" id="token-6-54" start_char="2533">.</TOKEN>
				<TOKEN end_char="2538" id="token-6-55" start_char="2535">Some</TOKEN>
				<TOKEN end_char="2543" id="token-6-56" start_char="2540">were</TOKEN>
				<TOKEN end_char="2548" id="token-6-57" start_char="2545">dead</TOKEN>
				<TOKEN end_char="2556" id="token-6-58" start_char="2550">already</TOKEN>
				<TOKEN end_char="2561" id="token-6-59" start_char="2558">when</TOKEN>
				<TOKEN end_char="2566" id="token-6-60" start_char="2563">they</TOKEN>
				<TOKEN end_char="2571" id="token-6-61" start_char="2568">were</TOKEN>
				<TOKEN end_char="2578" id="token-6-62" start_char="2573">thrown</TOKEN>
				<TOKEN end_char="2583" id="token-6-63" start_char="2580">into</TOKEN>
				<TOKEN end_char="2587" id="token-6-64" start_char="2585">the</TOKEN>
				<TOKEN end_char="2592" id="token-6-65" start_char="2589">lake</TOKEN>
				<TOKEN end_char="2593" id="token-6-66" start_char="2593">,</TOKEN>
				<TOKEN end_char="2597" id="token-6-67" start_char="2595">and</TOKEN>
				<TOKEN end_char="2600" id="token-6-68" start_char="2599">we</TOKEN>
				<TOKEN end_char="2604" id="token-6-69" start_char="2602">can</TOKEN>
				<TOKEN end_char="2608" id="token-6-70" start_char="2606">see</TOKEN>
				<TOKEN end_char="2614" id="token-6-71" start_char="2610">there</TOKEN>
				<TOKEN end_char="2619" id="token-6-72" start_char="2616">were</TOKEN>
				<TOKEN end_char="2627" id="token-6-73" start_char="2621">animals</TOKEN>
				<TOKEN end_char="2635" id="token-6-74" start_char="2629">gnawing</TOKEN>
				<TOKEN end_char="2638" id="token-6-75" start_char="2637">on</TOKEN>
				<TOKEN end_char="2642" id="token-6-76" start_char="2640">the</TOKEN>
				<TOKEN end_char="2648" id="token-6-77" start_char="2644">bones</TOKEN>
				<TOKEN end_char="2649" id="token-6-78" start_char="2649">.</TOKEN>
				<TOKEN end_char="2653" id="token-6-79" start_char="2651">One</TOKEN>
				<TOKEN end_char="2656" id="token-6-80" start_char="2655">of</TOKEN>
				<TOKEN end_char="2660" id="token-6-81" start_char="2658">the</TOKEN>
				<TOKEN end_char="2667" id="token-6-82" start_char="2662">things</TOKEN>
				<TOKEN end_char="2670" id="token-6-83" start_char="2669">we</TOKEN>
				<TOKEN end_char="2674" id="token-6-84" start_char="2672">are</TOKEN>
				<TOKEN end_char="2688" id="token-6-85" start_char="2676">investigating</TOKEN>
				<TOKEN end_char="2692" id="token-6-86" start_char="2690">now</TOKEN>
				<TOKEN end_char="2695" id="token-6-87" start_char="2694">is</TOKEN>
				<TOKEN end_char="2703" id="token-6-88" start_char="2697">whether</TOKEN>
				<TOKEN end_char="2708" id="token-6-89" start_char="2705">they</TOKEN>
				<TOKEN end_char="2712" id="token-6-90" start_char="2710">all</TOKEN>
				<TOKEN end_char="2717" id="token-6-91" start_char="2714">died</TOKEN>
				<TOKEN end_char="2720" id="token-6-92" start_char="2719">of</TOKEN>
				<TOKEN end_char="2727" id="token-6-93" start_char="2722">battle</TOKEN>
				<TOKEN end_char="2734" id="token-6-94" start_char="2729">wounds</TOKEN>
				<TOKEN end_char="2735" id="token-6-95" start_char="2735">,</TOKEN>
				<TOKEN end_char="2738" id="token-6-96" start_char="2737">or</TOKEN>
				<TOKEN end_char="2743" id="token-6-97" start_char="2740">were</TOKEN>
				<TOKEN end_char="2752" id="token-6-98" start_char="2745">executed</TOKEN>
				<TOKEN end_char="2758" id="token-6-99" start_char="2754">after</TOKEN>
				<TOKEN end_char="2762" id="token-6-100" start_char="2760">the</TOKEN>
				<TOKEN end_char="2769" id="token-6-101" start_char="2764">battle</TOKEN>
				<TOKEN end_char="2770" id="token-6-102" start_char="2770">.</TOKEN>
				<TOKEN end_char="2773" id="token-6-103" start_char="2772">We</TOKEN>
				<TOKEN end_char="2781" id="token-6-104" start_char="2775">suspect</TOKEN>
				<TOKEN end_char="2786" id="token-6-105" start_char="2783">both</TOKEN>
				<TOKEN end_char="2788" id="token-6-106" start_char="2787">.”</TOKEN>
			</SEG>
			<SEG end_char="3110" id="20130401_WAPO_16a2524a-85aa-11e2-999e-5f8e0410cb9d-7" start_char="2790">
				<ORIGINAL_TEXT>Holst said Danes have been digging peat and finding bones and artifacts at the Alken Bog, which is located in present-day Denmark, for at least a century. Peat is compressed plant material used as fuel in stoves and fireplaces. Because it is wet and oxygen-free, it provides ideal conditions for preserving human remains.</ORIGINAL_TEXT>
				<TOKEN end_char="2794" id="token-7-0" start_char="2790">Holst</TOKEN>
				<TOKEN end_char="2799" id="token-7-1" start_char="2796">said</TOKEN>
				<TOKEN end_char="2805" id="token-7-2" start_char="2801">Danes</TOKEN>
				<TOKEN end_char="2810" id="token-7-3" start_char="2807">have</TOKEN>
				<TOKEN end_char="2815" id="token-7-4" start_char="2812">been</TOKEN>
				<TOKEN end_char="2823" id="token-7-5" start_char="2817">digging</TOKEN>
				<TOKEN end_char="2828" id="token-7-6" start_char="2825">peat</TOKEN>
				<TOKEN end_char="2832" id="token-7-7" start_char="2830">and</TOKEN>
				<TOKEN end_char="2840" id="token-7-8" start_char="2834">finding</TOKEN>
				<TOKEN end_char="2846" id="token-7-9" start_char="2842">bones</TOKEN>
				<TOKEN end_char="2850" id="token-7-10" start_char="2848">and</TOKEN>
				<TOKEN end_char="2860" id="token-7-11" start_char="2852">artifacts</TOKEN>
				<TOKEN end_char="2863" id="token-7-12" start_char="2862">at</TOKEN>
				<TOKEN end_char="2867" id="token-7-13" start_char="2865">the</TOKEN>
				<TOKEN end_char="2873" id="token-7-14" start_char="2869">Alken</TOKEN>
				<TOKEN end_char="2877" id="token-7-15" start_char="2875">Bog</TOKEN>
				<TOKEN end_char="2878" id="token-7-16" start_char="2878">,</TOKEN>
				<TOKEN end_char="2884" id="token-7-17" start_char="2880">which</TOKEN>
				<TOKEN end_char="2887" id="token-7-18" start_char="2886">is</TOKEN>
				<TOKEN end_char="2895" id="token-7-19" start_char="2889">located</TOKEN>
				<TOKEN end_char="2898" id="token-7-20" start_char="2897">in</TOKEN>
				<TOKEN end_char="2906" id="token-7-21" start_char="2900">present</TOKEN>
				<TOKEN end_char="2907" id="token-7-22" start_char="2907">-</TOKEN>
				<TOKEN end_char="2910" id="token-7-23" start_char="2908">day</TOKEN>
				<TOKEN end_char="2918" id="token-7-24" start_char="2912">Denmark</TOKEN>
				<TOKEN end_char="2919" id="token-7-25" start_char="2919">,</TOKEN>
				<TOKEN end_char="2923" id="token-7-26" start_char="2921">for</TOKEN>
				<TOKEN end_char="2926" id="token-7-27" start_char="2925">at</TOKEN>
				<TOKEN end_char="2932" id="token-7-28" start_char="2928">least</TOKEN>
				<TOKEN end_char="2934" id="token-7-29" start_char="2934">a</TOKEN>
				<TOKEN end_char="2942" id="token-7-30" start_char="2936">century</TOKEN>
				<TOKEN end_char="2943" id="token-7-31" start_char="2943">.</TOKEN>
				<TOKEN end_char="2948" id="token-7-32" start_char="2945">Peat</TOKEN>
				<TOKEN end_char="2951" id="token-7-33" start_char="2950">is</TOKEN>
				<TOKEN end_char="2962" id="token-7-34" start_char="2953">compressed</TOKEN>
				<TOKEN end_char="2968" id="token-7-35" start_char="2964">plant</TOKEN>
				<TOKEN end_char="2977" id="token-7-36" start_char="2970">material</TOKEN>
				<TOKEN end_char="2982" id="token-7-37" start_char="2979">used</TOKEN>
				<TOKEN end_char="2985" id="token-7-38" start_char="2984">as</TOKEN>
				<TOKEN end_char="2990" id="token-7-39" start_char="2987">fuel</TOKEN>
				<TOKEN end_char="2993" id="token-7-40" start_char="2992">in</TOKEN>
				<TOKEN end_char="3000" id="token-7-41" start_char="2995">stoves</TOKEN>
				<TOKEN end_char="3004" id="token-7-42" start_char="3002">and</TOKEN>
				<TOKEN end_char="3015" id="token-7-43" start_char="3006">fireplaces</TOKEN>
				<TOKEN end_char="3016" id="token-7-44" start_char="3016">.</TOKEN>
				<TOKEN end_char="3024" id="token-7-45" start_char="3018">Because</TOKEN>
				<TOKEN end_char="3027" id="token-7-46" start_char="3026">it</TOKEN>
				<TOKEN end_char="3030" id="token-7-47" start_char="3029">is</TOKEN>
				<TOKEN end_char="3034" id="token-7-48" start_char="3032">wet</TOKEN>
				<TOKEN end_char="3038" id="token-7-49" start_char="3036">and</TOKEN>
				<TOKEN end_char="3045" id="token-7-50" start_char="3040">oxygen</TOKEN>
				<TOKEN end_char="3046" id="token-7-51" start_char="3046">-</TOKEN>
				<TOKEN end_char="3050" id="token-7-52" start_char="3047">free</TOKEN>
				<TOKEN end_char="3051" id="token-7-53" start_char="3051">,</TOKEN>
				<TOKEN end_char="3054" id="token-7-54" start_char="3053">it</TOKEN>
				<TOKEN end_char="3063" id="token-7-55" start_char="3056">provides</TOKEN>
				<TOKEN end_char="3069" id="token-7-56" start_char="3065">ideal</TOKEN>
				<TOKEN end_char="3080" id="token-7-57" start_char="3071">conditions</TOKEN>
				<TOKEN end_char="3084" id="token-7-58" start_char="3082">for</TOKEN>
				<TOKEN end_char="3095" id="token-7-59" start_char="3086">preserving</TOKEN>
				<TOKEN end_char="3101" id="token-7-60" start_char="3097">human</TOKEN>
				<TOKEN end_char="3109" id="token-7-61" start_char="3103">remains</TOKEN>
				<TOKEN end_char="3110" id="token-7-62" start_char="3110">.</TOKEN>
			</SEG>
			<SEG end_char="3618" id="20130401_WAPO_16a2524a-85aa-11e2-999e-5f8e0410cb9d-8" start_char="3112">
				<ORIGINAL_TEXT>Archaeologists in the 1950s and early 1960s found a large concentration of human bones preserved below the water table, but Holst said scientists ignored the find at first because of the spectacular discovery nearby of an enormous deposit of Roman weapons. These dated to A.D. 200, but other artifacts at that site, known as Illerup, suggested that the weapons’ owners were invaders from Scandinavia who carried Roman equipment. Illerup, Holst said, “tells you something about arms trafficking at the time.”</ORIGINAL_TEXT>
				<TOKEN end_char="3125" id="token-8-0" start_char="3112">Archaeologists</TOKEN>
				<TOKEN end_char="3128" id="token-8-1" start_char="3127">in</TOKEN>
				<TOKEN end_char="3132" id="token-8-2" start_char="3130">the</TOKEN>
				<TOKEN end_char="3138" id="token-8-3" start_char="3134">1950s</TOKEN>
				<TOKEN end_char="3142" id="token-8-4" start_char="3140">and</TOKEN>
				<TOKEN end_char="3148" id="token-8-5" start_char="3144">early</TOKEN>
				<TOKEN end_char="3154" id="token-8-6" start_char="3150">1960s</TOKEN>
				<TOKEN end_char="3160" id="token-8-7" start_char="3156">found</TOKEN>
				<TOKEN end_char="3162" id="token-8-8" start_char="3162">a</TOKEN>
				<TOKEN end_char="3168" id="token-8-9" start_char="3164">large</TOKEN>
				<TOKEN end_char="3182" id="token-8-10" start_char="3170">concentration</TOKEN>
				<TOKEN end_char="3185" id="token-8-11" start_char="3184">of</TOKEN>
				<TOKEN end_char="3191" id="token-8-12" start_char="3187">human</TOKEN>
				<TOKEN end_char="3197" id="token-8-13" start_char="3193">bones</TOKEN>
				<TOKEN end_char="3207" id="token-8-14" start_char="3199">preserved</TOKEN>
				<TOKEN end_char="3213" id="token-8-15" start_char="3209">below</TOKEN>
				<TOKEN end_char="3217" id="token-8-16" start_char="3215">the</TOKEN>
				<TOKEN end_char="3223" id="token-8-17" start_char="3219">water</TOKEN>
				<TOKEN end_char="3229" id="token-8-18" start_char="3225">table</TOKEN>
				<TOKEN end_char="3230" id="token-8-19" start_char="3230">,</TOKEN>
				<TOKEN end_char="3234" id="token-8-20" start_char="3232">but</TOKEN>
				<TOKEN end_char="3240" id="token-8-21" start_char="3236">Holst</TOKEN>
				<TOKEN end_char="3245" id="token-8-22" start_char="3242">said</TOKEN>
				<TOKEN end_char="3256" id="token-8-23" start_char="3247">scientists</TOKEN>
				<TOKEN end_char="3264" id="token-8-24" start_char="3258">ignored</TOKEN>
				<TOKEN end_char="3268" id="token-8-25" start_char="3266">the</TOKEN>
				<TOKEN end_char="3273" id="token-8-26" start_char="3270">find</TOKEN>
				<TOKEN end_char="3276" id="token-8-27" start_char="3275">at</TOKEN>
				<TOKEN end_char="3282" id="token-8-28" start_char="3278">first</TOKEN>
				<TOKEN end_char="3290" id="token-8-29" start_char="3284">because</TOKEN>
				<TOKEN end_char="3293" id="token-8-30" start_char="3292">of</TOKEN>
				<TOKEN end_char="3297" id="token-8-31" start_char="3295">the</TOKEN>
				<TOKEN end_char="3309" id="token-8-32" start_char="3299">spectacular</TOKEN>
				<TOKEN end_char="3319" id="token-8-33" start_char="3311">discovery</TOKEN>
				<TOKEN end_char="3326" id="token-8-34" start_char="3321">nearby</TOKEN>
				<TOKEN end_char="3329" id="token-8-35" start_char="3328">of</TOKEN>
				<TOKEN end_char="3332" id="token-8-36" start_char="3331">an</TOKEN>
				<TOKEN end_char="3341" id="token-8-37" start_char="3334">enormous</TOKEN>
				<TOKEN end_char="3349" id="token-8-38" start_char="3343">deposit</TOKEN>
				<TOKEN end_char="3352" id="token-8-39" start_char="3351">of</TOKEN>
				<TOKEN end_char="3358" id="token-8-40" start_char="3354">Roman</TOKEN>
				<TOKEN end_char="3366" id="token-8-41" start_char="3360">weapons</TOKEN>
				<TOKEN end_char="3367" id="token-8-42" start_char="3367">.</TOKEN>
				<TOKEN end_char="3373" id="token-8-43" start_char="3369">These</TOKEN>
				<TOKEN end_char="3379" id="token-8-44" start_char="3375">dated</TOKEN>
				<TOKEN end_char="3382" id="token-8-45" start_char="3381">to</TOKEN>
				<TOKEN end_char="3384" id="token-8-46" start_char="3384">A</TOKEN>
				<TOKEN end_char="3385" id="token-8-47" start_char="3385">.</TOKEN>
				<TOKEN end_char="3386" id="token-8-48" start_char="3386">D</TOKEN>
				<TOKEN end_char="3387" id="token-8-49" start_char="3387">.</TOKEN>
				<TOKEN end_char="3391" id="token-8-50" start_char="3389">200</TOKEN>
				<TOKEN end_char="3392" id="token-8-51" start_char="3392">,</TOKEN>
				<TOKEN end_char="3396" id="token-8-52" start_char="3394">but</TOKEN>
				<TOKEN end_char="3402" id="token-8-53" start_char="3398">other</TOKEN>
				<TOKEN end_char="3412" id="token-8-54" start_char="3404">artifacts</TOKEN>
				<TOKEN end_char="3415" id="token-8-55" start_char="3414">at</TOKEN>
				<TOKEN end_char="3420" id="token-8-56" start_char="3417">that</TOKEN>
				<TOKEN end_char="3425" id="token-8-57" start_char="3422">site</TOKEN>
				<TOKEN end_char="3426" id="token-8-58" start_char="3426">,</TOKEN>
				<TOKEN end_char="3432" id="token-8-59" start_char="3428">known</TOKEN>
				<TOKEN end_char="3435" id="token-8-60" start_char="3434">as</TOKEN>
				<TOKEN end_char="3443" id="token-8-61" start_char="3437">Illerup</TOKEN>
				<TOKEN end_char="3444" id="token-8-62" start_char="3444">,</TOKEN>
				<TOKEN end_char="3454" id="token-8-63" start_char="3446">suggested</TOKEN>
				<TOKEN end_char="3459" id="token-8-64" start_char="3456">that</TOKEN>
				<TOKEN end_char="3463" id="token-8-65" start_char="3461">the</TOKEN>
				<TOKEN end_char="3471" id="token-8-66" start_char="3465">weapons</TOKEN>
				<TOKEN end_char="3472" id="token-8-67" start_char="3472">’</TOKEN>
				<TOKEN end_char="3479" id="token-8-68" start_char="3474">owners</TOKEN>
				<TOKEN end_char="3484" id="token-8-69" start_char="3481">were</TOKEN>
				<TOKEN end_char="3493" id="token-8-70" start_char="3486">invaders</TOKEN>
				<TOKEN end_char="3498" id="token-8-71" start_char="3495">from</TOKEN>
				<TOKEN end_char="3510" id="token-8-72" start_char="3500">Scandinavia</TOKEN>
				<TOKEN end_char="3514" id="token-8-73" start_char="3512">who</TOKEN>
				<TOKEN end_char="3522" id="token-8-74" start_char="3516">carried</TOKEN>
				<TOKEN end_char="3528" id="token-8-75" start_char="3524">Roman</TOKEN>
				<TOKEN end_char="3538" id="token-8-76" start_char="3530">equipment</TOKEN>
				<TOKEN end_char="3539" id="token-8-77" start_char="3539">.</TOKEN>
				<TOKEN end_char="3547" id="token-8-78" start_char="3541">Illerup</TOKEN>
				<TOKEN end_char="3548" id="token-8-79" start_char="3548">,</TOKEN>
				<TOKEN end_char="3554" id="token-8-80" start_char="3550">Holst</TOKEN>
				<TOKEN end_char="3559" id="token-8-81" start_char="3556">said</TOKEN>
				<TOKEN end_char="3560" id="token-8-82" start_char="3560">,</TOKEN>
				<TOKEN end_char="3562" id="token-8-83" start_char="3562">“</TOKEN>
				<TOKEN end_char="3567" id="token-8-84" start_char="3563">tells</TOKEN>
				<TOKEN end_char="3571" id="token-8-85" start_char="3569">you</TOKEN>
				<TOKEN end_char="3581" id="token-8-86" start_char="3573">something</TOKEN>
				<TOKEN end_char="3587" id="token-8-87" start_char="3583">about</TOKEN>
				<TOKEN end_char="3592" id="token-8-88" start_char="3589">arms</TOKEN>
				<TOKEN end_char="3604" id="token-8-89" start_char="3594">trafficking</TOKEN>
				<TOKEN end_char="3607" id="token-8-90" start_char="3606">at</TOKEN>
				<TOKEN end_char="3611" id="token-8-91" start_char="3609">the</TOKEN>
				<TOKEN end_char="3616" id="token-8-92" start_char="3613">time</TOKEN>
				<TOKEN end_char="3618" id="token-8-93" start_char="3617">.”</TOKEN>
			</SEG>
			<SEG end_char="3760" id="20130401_WAPO_16a2524a-85aa-11e2-999e-5f8e0410cb9d-9" start_char="3620">
				<ORIGINAL_TEXT>The Alken bog dead, by contrast, were buried with typically German iron axes, spears and wooden clubs. They were Germans with German weapons.</ORIGINAL_TEXT>
				<TOKEN end_char="3622" id="token-9-0" start_char="3620">The</TOKEN>
				<TOKEN end_char="3628" id="token-9-1" start_char="3624">Alken</TOKEN>
				<TOKEN end_char="3632" id="token-9-2" start_char="3630">bog</TOKEN>
				<TOKEN end_char="3637" id="token-9-3" start_char="3634">dead</TOKEN>
				<TOKEN end_char="3638" id="token-9-4" start_char="3638">,</TOKEN>
				<TOKEN end_char="3641" id="token-9-5" start_char="3640">by</TOKEN>
				<TOKEN end_char="3650" id="token-9-6" start_char="3643">contrast</TOKEN>
				<TOKEN end_char="3651" id="token-9-7" start_char="3651">,</TOKEN>
				<TOKEN end_char="3656" id="token-9-8" start_char="3653">were</TOKEN>
				<TOKEN end_char="3663" id="token-9-9" start_char="3658">buried</TOKEN>
				<TOKEN end_char="3668" id="token-9-10" start_char="3665">with</TOKEN>
				<TOKEN end_char="3678" id="token-9-11" start_char="3670">typically</TOKEN>
				<TOKEN end_char="3685" id="token-9-12" start_char="3680">German</TOKEN>
				<TOKEN end_char="3690" id="token-9-13" start_char="3687">iron</TOKEN>
				<TOKEN end_char="3695" id="token-9-14" start_char="3692">axes</TOKEN>
				<TOKEN end_char="3696" id="token-9-15" start_char="3696">,</TOKEN>
				<TOKEN end_char="3703" id="token-9-16" start_char="3698">spears</TOKEN>
				<TOKEN end_char="3707" id="token-9-17" start_char="3705">and</TOKEN>
				<TOKEN end_char="3714" id="token-9-18" start_char="3709">wooden</TOKEN>
				<TOKEN end_char="3720" id="token-9-19" start_char="3716">clubs</TOKEN>
				<TOKEN end_char="3721" id="token-9-20" start_char="3721">.</TOKEN>
				<TOKEN end_char="3726" id="token-9-21" start_char="3723">They</TOKEN>
				<TOKEN end_char="3731" id="token-9-22" start_char="3728">were</TOKEN>
				<TOKEN end_char="3739" id="token-9-23" start_char="3733">Germans</TOKEN>
				<TOKEN end_char="3744" id="token-9-24" start_char="3741">with</TOKEN>
				<TOKEN end_char="3751" id="token-9-25" start_char="3746">German</TOKEN>
				<TOKEN end_char="3759" id="token-9-26" start_char="3753">weapons</TOKEN>
				<TOKEN end_char="3760" id="token-9-27" start_char="3760">.</TOKEN>
			</SEG>
		</TEXT>
	</DOC>
</LCTL_TEXT>
