<?xml version="1.0" encoding="utf-8"?>
<LCTL_TEXT>
	<DOC id="20130705_WAPO_6ee4016c-cff4-11e2-8845-d970ccb04497">
		<TEXT>
			<SEG end_char="75" id="20130705_WAPO_6ee4016c-cff4-11e2-8845-d970ccb04497-0" start_char="0">
				<ORIGINAL_TEXT>Chinese Web giant Tencent faces obstacles in its goal for a global IM market</ORIGINAL_TEXT>
				<TOKEN end_char="6" id="token-0-0" start_char="0">Chinese</TOKEN>
				<TOKEN end_char="10" id="token-0-1" start_char="8">Web</TOKEN>
				<TOKEN end_char="16" id="token-0-2" start_char="12">giant</TOKEN>
				<TOKEN end_char="24" id="token-0-3" start_char="18">Tencent</TOKEN>
				<TOKEN end_char="30" id="token-0-4" start_char="26">faces</TOKEN>
				<TOKEN end_char="40" id="token-0-5" start_char="32">obstacles</TOKEN>
				<TOKEN end_char="43" id="token-0-6" start_char="42">in</TOKEN>
				<TOKEN end_char="47" id="token-0-7" start_char="45">its</TOKEN>
				<TOKEN end_char="52" id="token-0-8" start_char="49">goal</TOKEN>
				<TOKEN end_char="56" id="token-0-9" start_char="54">for</TOKEN>
				<TOKEN end_char="58" id="token-0-10" start_char="58">a</TOKEN>
				<TOKEN end_char="65" id="token-0-11" start_char="60">global</TOKEN>
				<TOKEN end_char="68" id="token-0-12" start_char="67">IM</TOKEN>
				<TOKEN end_char="75" id="token-0-13" start_char="70">market</TOKEN>
			</SEG>
			<SEG end_char="115" id="20130705_WAPO_6ee4016c-cff4-11e2-8845-d970ccb04497-1" start_char="77">
				<ORIGINAL_TEXT>Friday, July 5, 2013 18:52:00 GMT-05:00</ORIGINAL_TEXT>
				<TOKEN end_char="82" id="token-1-0" start_char="77">Friday</TOKEN>
				<TOKEN end_char="83" id="token-1-1" start_char="83">,</TOKEN>
				<TOKEN end_char="88" id="token-1-2" start_char="85">July</TOKEN>
				<TOKEN end_char="90" id="token-1-3" start_char="90">5</TOKEN>
				<TOKEN end_char="91" id="token-1-4" start_char="91">,</TOKEN>
				<TOKEN end_char="96" id="token-1-5" start_char="93">2013</TOKEN>
				<TOKEN end_char="99" id="token-1-6" start_char="98">18</TOKEN>
				<TOKEN end_char="100" id="token-1-7" start_char="100">:</TOKEN>
				<TOKEN end_char="102" id="token-1-8" start_char="101">52</TOKEN>
				<TOKEN end_char="103" id="token-1-9" start_char="103">:</TOKEN>
				<TOKEN end_char="105" id="token-1-10" start_char="104">00</TOKEN>
				<TOKEN end_char="109" id="token-1-11" start_char="107">GMT</TOKEN>
				<TOKEN end_char="110" id="token-1-12" start_char="110">-</TOKEN>
				<TOKEN end_char="112" id="token-1-13" start_char="111">05</TOKEN>
				<TOKEN end_char="113" id="token-1-14" start_char="113">:</TOKEN>
				<TOKEN end_char="115" id="token-1-15" start_char="114">00</TOKEN>
			</SEG>
			<SEG end_char="315" id="20130705_WAPO_6ee4016c-cff4-11e2-8845-d970ccb04497-2" start_char="117">
				<ORIGINAL_TEXT>BEIJING — With Web giants such as Facebook and Twitter blocked by the government here, an entire ecosystem of home-grown companies has flourished with names that are unfamiliar to many outside China.</ORIGINAL_TEXT>
				<TOKEN end_char="123" id="token-2-0" start_char="117">BEIJING</TOKEN>
				<TOKEN end_char="125" id="token-2-1" start_char="125">—</TOKEN>
				<TOKEN end_char="130" id="token-2-2" start_char="127">With</TOKEN>
				<TOKEN end_char="134" id="token-2-3" start_char="132">Web</TOKEN>
				<TOKEN end_char="141" id="token-2-4" start_char="136">giants</TOKEN>
				<TOKEN end_char="146" id="token-2-5" start_char="143">such</TOKEN>
				<TOKEN end_char="149" id="token-2-6" start_char="148">as</TOKEN>
				<TOKEN end_char="158" id="token-2-7" start_char="151">Facebook</TOKEN>
				<TOKEN end_char="162" id="token-2-8" start_char="160">and</TOKEN>
				<TOKEN end_char="170" id="token-2-9" start_char="164">Twitter</TOKEN>
				<TOKEN end_char="178" id="token-2-10" start_char="172">blocked</TOKEN>
				<TOKEN end_char="181" id="token-2-11" start_char="180">by</TOKEN>
				<TOKEN end_char="185" id="token-2-12" start_char="183">the</TOKEN>
				<TOKEN end_char="196" id="token-2-13" start_char="187">government</TOKEN>
				<TOKEN end_char="201" id="token-2-14" start_char="198">here</TOKEN>
				<TOKEN end_char="202" id="token-2-15" start_char="202">,</TOKEN>
				<TOKEN end_char="205" id="token-2-16" start_char="204">an</TOKEN>
				<TOKEN end_char="212" id="token-2-17" start_char="207">entire</TOKEN>
				<TOKEN end_char="222" id="token-2-18" start_char="214">ecosystem</TOKEN>
				<TOKEN end_char="225" id="token-2-19" start_char="224">of</TOKEN>
				<TOKEN end_char="230" id="token-2-20" start_char="227">home</TOKEN>
				<TOKEN end_char="231" id="token-2-21" start_char="231">-</TOKEN>
				<TOKEN end_char="236" id="token-2-22" start_char="232">grown</TOKEN>
				<TOKEN end_char="246" id="token-2-23" start_char="238">companies</TOKEN>
				<TOKEN end_char="250" id="token-2-24" start_char="248">has</TOKEN>
				<TOKEN end_char="261" id="token-2-25" start_char="252">flourished</TOKEN>
				<TOKEN end_char="266" id="token-2-26" start_char="263">with</TOKEN>
				<TOKEN end_char="272" id="token-2-27" start_char="268">names</TOKEN>
				<TOKEN end_char="277" id="token-2-28" start_char="274">that</TOKEN>
				<TOKEN end_char="281" id="token-2-29" start_char="279">are</TOKEN>
				<TOKEN end_char="292" id="token-2-30" start_char="283">unfamiliar</TOKEN>
				<TOKEN end_char="295" id="token-2-31" start_char="294">to</TOKEN>
				<TOKEN end_char="300" id="token-2-32" start_char="297">many</TOKEN>
				<TOKEN end_char="308" id="token-2-33" start_char="302">outside</TOKEN>
				<TOKEN end_char="314" id="token-2-34" start_char="310">China</TOKEN>
				<TOKEN end_char="315" id="token-2-35" start_char="315">.</TOKEN>
			</SEG>
			<SEG end_char="478" id="20130705_WAPO_6ee4016c-cff4-11e2-8845-d970ccb04497-3" start_char="317">
				<ORIGINAL_TEXT>Tencent, one of the country’s biggest tech firms, is hoping to change that with a product that is already one of the fastest-growing mobile services in the world.</ORIGINAL_TEXT>
				<TOKEN end_char="323" id="token-3-0" start_char="317">Tencent</TOKEN>
				<TOKEN end_char="324" id="token-3-1" start_char="324">,</TOKEN>
				<TOKEN end_char="328" id="token-3-2" start_char="326">one</TOKEN>
				<TOKEN end_char="331" id="token-3-3" start_char="330">of</TOKEN>
				<TOKEN end_char="335" id="token-3-4" start_char="333">the</TOKEN>
				<TOKEN end_char="343" id="token-3-5" start_char="337">country</TOKEN>
				<TOKEN end_char="344" id="token-3-6" start_char="344">’</TOKEN>
				<TOKEN end_char="345" id="token-3-7" start_char="345">s</TOKEN>
				<TOKEN end_char="353" id="token-3-8" start_char="347">biggest</TOKEN>
				<TOKEN end_char="358" id="token-3-9" start_char="355">tech</TOKEN>
				<TOKEN end_char="364" id="token-3-10" start_char="360">firms</TOKEN>
				<TOKEN end_char="365" id="token-3-11" start_char="365">,</TOKEN>
				<TOKEN end_char="368" id="token-3-12" start_char="367">is</TOKEN>
				<TOKEN end_char="375" id="token-3-13" start_char="370">hoping</TOKEN>
				<TOKEN end_char="378" id="token-3-14" start_char="377">to</TOKEN>
				<TOKEN end_char="385" id="token-3-15" start_char="380">change</TOKEN>
				<TOKEN end_char="390" id="token-3-16" start_char="387">that</TOKEN>
				<TOKEN end_char="395" id="token-3-17" start_char="392">with</TOKEN>
				<TOKEN end_char="397" id="token-3-18" start_char="397">a</TOKEN>
				<TOKEN end_char="405" id="token-3-19" start_char="399">product</TOKEN>
				<TOKEN end_char="410" id="token-3-20" start_char="407">that</TOKEN>
				<TOKEN end_char="413" id="token-3-21" start_char="412">is</TOKEN>
				<TOKEN end_char="421" id="token-3-22" start_char="415">already</TOKEN>
				<TOKEN end_char="425" id="token-3-23" start_char="423">one</TOKEN>
				<TOKEN end_char="428" id="token-3-24" start_char="427">of</TOKEN>
				<TOKEN end_char="432" id="token-3-25" start_char="430">the</TOKEN>
				<TOKEN end_char="440" id="token-3-26" start_char="434">fastest</TOKEN>
				<TOKEN end_char="441" id="token-3-27" start_char="441">-</TOKEN>
				<TOKEN end_char="448" id="token-3-28" start_char="442">growing</TOKEN>
				<TOKEN end_char="455" id="token-3-29" start_char="450">mobile</TOKEN>
				<TOKEN end_char="464" id="token-3-30" start_char="457">services</TOKEN>
				<TOKEN end_char="467" id="token-3-31" start_char="466">in</TOKEN>
				<TOKEN end_char="471" id="token-3-32" start_char="469">the</TOKEN>
				<TOKEN end_char="477" id="token-3-33" start_char="473">world</TOKEN>
				<TOKEN end_char="478" id="token-3-34" start_char="478">.</TOKEN>
			</SEG>
			<SEG end_char="904" id="20130705_WAPO_6ee4016c-cff4-11e2-8845-d970ccb04497-4" start_char="480">
				<ORIGINAL_TEXT>The company’s instant messaging product, WeChat, has amassed more than 300 million users — nearly equivalent to the U.S. population — in less than three years. Tencent says there are more than 70 million users across southeast Asia, India and Mexico, with 30 million of those added in just the past three months. WeChat has also expanded into Saudi Arabia recently, and there are plans to open an office in the United States.</ORIGINAL_TEXT>
				<TOKEN end_char="482" id="token-4-0" start_char="480">The</TOKEN>
				<TOKEN end_char="490" id="token-4-1" start_char="484">company</TOKEN>
				<TOKEN end_char="491" id="token-4-2" start_char="491">’</TOKEN>
				<TOKEN end_char="492" id="token-4-3" start_char="492">s</TOKEN>
				<TOKEN end_char="500" id="token-4-4" start_char="494">instant</TOKEN>
				<TOKEN end_char="510" id="token-4-5" start_char="502">messaging</TOKEN>
				<TOKEN end_char="518" id="token-4-6" start_char="512">product</TOKEN>
				<TOKEN end_char="519" id="token-4-7" start_char="519">,</TOKEN>
				<TOKEN end_char="526" id="token-4-8" start_char="521">WeChat</TOKEN>
				<TOKEN end_char="527" id="token-4-9" start_char="527">,</TOKEN>
				<TOKEN end_char="531" id="token-4-10" start_char="529">has</TOKEN>
				<TOKEN end_char="539" id="token-4-11" start_char="533">amassed</TOKEN>
				<TOKEN end_char="544" id="token-4-12" start_char="541">more</TOKEN>
				<TOKEN end_char="549" id="token-4-13" start_char="546">than</TOKEN>
				<TOKEN end_char="553" id="token-4-14" start_char="551">300</TOKEN>
				<TOKEN end_char="561" id="token-4-15" start_char="555">million</TOKEN>
				<TOKEN end_char="567" id="token-4-16" start_char="563">users</TOKEN>
				<TOKEN end_char="569" id="token-4-17" start_char="569">—</TOKEN>
				<TOKEN end_char="576" id="token-4-18" start_char="571">nearly</TOKEN>
				<TOKEN end_char="587" id="token-4-19" start_char="578">equivalent</TOKEN>
				<TOKEN end_char="590" id="token-4-20" start_char="589">to</TOKEN>
				<TOKEN end_char="594" id="token-4-21" start_char="592">the</TOKEN>
				<TOKEN end_char="596" id="token-4-22" start_char="596">U</TOKEN>
				<TOKEN end_char="597" id="token-4-23" start_char="597">.</TOKEN>
				<TOKEN end_char="598" id="token-4-24" start_char="598">S</TOKEN>
				<TOKEN end_char="599" id="token-4-25" start_char="599">.</TOKEN>
				<TOKEN end_char="610" id="token-4-26" start_char="601">population</TOKEN>
				<TOKEN end_char="612" id="token-4-27" start_char="612">—</TOKEN>
				<TOKEN end_char="615" id="token-4-28" start_char="614">in</TOKEN>
				<TOKEN end_char="620" id="token-4-29" start_char="617">less</TOKEN>
				<TOKEN end_char="625" id="token-4-30" start_char="622">than</TOKEN>
				<TOKEN end_char="631" id="token-4-31" start_char="627">three</TOKEN>
				<TOKEN end_char="637" id="token-4-32" start_char="633">years</TOKEN>
				<TOKEN end_char="638" id="token-4-33" start_char="638">.</TOKEN>
				<TOKEN end_char="646" id="token-4-34" start_char="640">Tencent</TOKEN>
				<TOKEN end_char="651" id="token-4-35" start_char="648">says</TOKEN>
				<TOKEN end_char="657" id="token-4-36" start_char="653">there</TOKEN>
				<TOKEN end_char="661" id="token-4-37" start_char="659">are</TOKEN>
				<TOKEN end_char="666" id="token-4-38" start_char="663">more</TOKEN>
				<TOKEN end_char="671" id="token-4-39" start_char="668">than</TOKEN>
				<TOKEN end_char="674" id="token-4-40" start_char="673">70</TOKEN>
				<TOKEN end_char="682" id="token-4-41" start_char="676">million</TOKEN>
				<TOKEN end_char="688" id="token-4-42" start_char="684">users</TOKEN>
				<TOKEN end_char="695" id="token-4-43" start_char="690">across</TOKEN>
				<TOKEN end_char="705" id="token-4-44" start_char="697">southeast</TOKEN>
				<TOKEN end_char="710" id="token-4-45" start_char="707">Asia</TOKEN>
				<TOKEN end_char="711" id="token-4-46" start_char="711">,</TOKEN>
				<TOKEN end_char="717" id="token-4-47" start_char="713">India</TOKEN>
				<TOKEN end_char="721" id="token-4-48" start_char="719">and</TOKEN>
				<TOKEN end_char="728" id="token-4-49" start_char="723">Mexico</TOKEN>
				<TOKEN end_char="729" id="token-4-50" start_char="729">,</TOKEN>
				<TOKEN end_char="734" id="token-4-51" start_char="731">with</TOKEN>
				<TOKEN end_char="737" id="token-4-52" start_char="736">30</TOKEN>
				<TOKEN end_char="745" id="token-4-53" start_char="739">million</TOKEN>
				<TOKEN end_char="748" id="token-4-54" start_char="747">of</TOKEN>
				<TOKEN end_char="754" id="token-4-55" start_char="750">those</TOKEN>
				<TOKEN end_char="760" id="token-4-56" start_char="756">added</TOKEN>
				<TOKEN end_char="763" id="token-4-57" start_char="762">in</TOKEN>
				<TOKEN end_char="768" id="token-4-58" start_char="765">just</TOKEN>
				<TOKEN end_char="772" id="token-4-59" start_char="770">the</TOKEN>
				<TOKEN end_char="777" id="token-4-60" start_char="774">past</TOKEN>
				<TOKEN end_char="783" id="token-4-61" start_char="779">three</TOKEN>
				<TOKEN end_char="790" id="token-4-62" start_char="785">months</TOKEN>
				<TOKEN end_char="791" id="token-4-63" start_char="791">.</TOKEN>
				<TOKEN end_char="798" id="token-4-64" start_char="793">WeChat</TOKEN>
				<TOKEN end_char="802" id="token-4-65" start_char="800">has</TOKEN>
				<TOKEN end_char="807" id="token-4-66" start_char="804">also</TOKEN>
				<TOKEN end_char="816" id="token-4-67" start_char="809">expanded</TOKEN>
				<TOKEN end_char="821" id="token-4-68" start_char="818">into</TOKEN>
				<TOKEN end_char="827" id="token-4-69" start_char="823">Saudi</TOKEN>
				<TOKEN end_char="834" id="token-4-70" start_char="829">Arabia</TOKEN>
				<TOKEN end_char="843" id="token-4-71" start_char="836">recently</TOKEN>
				<TOKEN end_char="844" id="token-4-72" start_char="844">,</TOKEN>
				<TOKEN end_char="848" id="token-4-73" start_char="846">and</TOKEN>
				<TOKEN end_char="854" id="token-4-74" start_char="850">there</TOKEN>
				<TOKEN end_char="858" id="token-4-75" start_char="856">are</TOKEN>
				<TOKEN end_char="864" id="token-4-76" start_char="860">plans</TOKEN>
				<TOKEN end_char="867" id="token-4-77" start_char="866">to</TOKEN>
				<TOKEN end_char="872" id="token-4-78" start_char="869">open</TOKEN>
				<TOKEN end_char="875" id="token-4-79" start_char="874">an</TOKEN>
				<TOKEN end_char="882" id="token-4-80" start_char="877">office</TOKEN>
				<TOKEN end_char="885" id="token-4-81" start_char="884">in</TOKEN>
				<TOKEN end_char="889" id="token-4-82" start_char="887">the</TOKEN>
				<TOKEN end_char="896" id="token-4-83" start_char="891">United</TOKEN>
				<TOKEN end_char="903" id="token-4-84" start_char="898">States</TOKEN>
				<TOKEN end_char="904" id="token-4-85" start_char="904">.</TOKEN>
			</SEG>
			<SEG end_char="1084" id="20130705_WAPO_6ee4016c-cff4-11e2-8845-d970ccb04497-5" start_char="906">
				<ORIGINAL_TEXT>But WeChat’s Chinese origins could cause problems for the company worldwide, just as Chinese telecommunications companies Huawei and ZTE have faced obstacles in the United States.</ORIGINAL_TEXT>
				<TOKEN end_char="908" id="token-5-0" start_char="906">But</TOKEN>
				<TOKEN end_char="915" id="token-5-1" start_char="910">WeChat</TOKEN>
				<TOKEN end_char="916" id="token-5-2" start_char="916">’</TOKEN>
				<TOKEN end_char="917" id="token-5-3" start_char="917">s</TOKEN>
				<TOKEN end_char="925" id="token-5-4" start_char="919">Chinese</TOKEN>
				<TOKEN end_char="933" id="token-5-5" start_char="927">origins</TOKEN>
				<TOKEN end_char="939" id="token-5-6" start_char="935">could</TOKEN>
				<TOKEN end_char="945" id="token-5-7" start_char="941">cause</TOKEN>
				<TOKEN end_char="954" id="token-5-8" start_char="947">problems</TOKEN>
				<TOKEN end_char="958" id="token-5-9" start_char="956">for</TOKEN>
				<TOKEN end_char="962" id="token-5-10" start_char="960">the</TOKEN>
				<TOKEN end_char="970" id="token-5-11" start_char="964">company</TOKEN>
				<TOKEN end_char="980" id="token-5-12" start_char="972">worldwide</TOKEN>
				<TOKEN end_char="981" id="token-5-13" start_char="981">,</TOKEN>
				<TOKEN end_char="986" id="token-5-14" start_char="983">just</TOKEN>
				<TOKEN end_char="989" id="token-5-15" start_char="988">as</TOKEN>
				<TOKEN end_char="997" id="token-5-16" start_char="991">Chinese</TOKEN>
				<TOKEN end_char="1016" id="token-5-17" start_char="999">telecommunications</TOKEN>
				<TOKEN end_char="1026" id="token-5-18" start_char="1018">companies</TOKEN>
				<TOKEN end_char="1033" id="token-5-19" start_char="1028">Huawei</TOKEN>
				<TOKEN end_char="1037" id="token-5-20" start_char="1035">and</TOKEN>
				<TOKEN end_char="1041" id="token-5-21" start_char="1039">ZTE</TOKEN>
				<TOKEN end_char="1046" id="token-5-22" start_char="1043">have</TOKEN>
				<TOKEN end_char="1052" id="token-5-23" start_char="1048">faced</TOKEN>
				<TOKEN end_char="1062" id="token-5-24" start_char="1054">obstacles</TOKEN>
				<TOKEN end_char="1065" id="token-5-25" start_char="1064">in</TOKEN>
				<TOKEN end_char="1069" id="token-5-26" start_char="1067">the</TOKEN>
				<TOKEN end_char="1076" id="token-5-27" start_char="1071">United</TOKEN>
				<TOKEN end_char="1083" id="token-5-28" start_char="1078">States</TOKEN>
				<TOKEN end_char="1084" id="token-5-29" start_char="1084">.</TOKEN>
			</SEG>
			<SEG end_char="1394" id="20130705_WAPO_6ee4016c-cff4-11e2-8845-d970ccb04497-6" start_char="1086">
				<ORIGINAL_TEXT>Top Web services enjoy extraordinary access to the kind of user data that is coveted by national security officials. China has long been seen as especially aggressive with cyber-snooping, and recent revelations about American Internet surveillance efforts have heightened global concerns about online privacy.</ORIGINAL_TEXT>
				<TOKEN end_char="1088" id="token-6-0" start_char="1086">Top</TOKEN>
				<TOKEN end_char="1092" id="token-6-1" start_char="1090">Web</TOKEN>
				<TOKEN end_char="1101" id="token-6-2" start_char="1094">services</TOKEN>
				<TOKEN end_char="1107" id="token-6-3" start_char="1103">enjoy</TOKEN>
				<TOKEN end_char="1121" id="token-6-4" start_char="1109">extraordinary</TOKEN>
				<TOKEN end_char="1128" id="token-6-5" start_char="1123">access</TOKEN>
				<TOKEN end_char="1131" id="token-6-6" start_char="1130">to</TOKEN>
				<TOKEN end_char="1135" id="token-6-7" start_char="1133">the</TOKEN>
				<TOKEN end_char="1140" id="token-6-8" start_char="1137">kind</TOKEN>
				<TOKEN end_char="1143" id="token-6-9" start_char="1142">of</TOKEN>
				<TOKEN end_char="1148" id="token-6-10" start_char="1145">user</TOKEN>
				<TOKEN end_char="1153" id="token-6-11" start_char="1150">data</TOKEN>
				<TOKEN end_char="1158" id="token-6-12" start_char="1155">that</TOKEN>
				<TOKEN end_char="1161" id="token-6-13" start_char="1160">is</TOKEN>
				<TOKEN end_char="1169" id="token-6-14" start_char="1163">coveted</TOKEN>
				<TOKEN end_char="1172" id="token-6-15" start_char="1171">by</TOKEN>
				<TOKEN end_char="1181" id="token-6-16" start_char="1174">national</TOKEN>
				<TOKEN end_char="1190" id="token-6-17" start_char="1183">security</TOKEN>
				<TOKEN end_char="1200" id="token-6-18" start_char="1192">officials</TOKEN>
				<TOKEN end_char="1201" id="token-6-19" start_char="1201">.</TOKEN>
				<TOKEN end_char="1207" id="token-6-20" start_char="1203">China</TOKEN>
				<TOKEN end_char="1211" id="token-6-21" start_char="1209">has</TOKEN>
				<TOKEN end_char="1216" id="token-6-22" start_char="1213">long</TOKEN>
				<TOKEN end_char="1221" id="token-6-23" start_char="1218">been</TOKEN>
				<TOKEN end_char="1226" id="token-6-24" start_char="1223">seen</TOKEN>
				<TOKEN end_char="1229" id="token-6-25" start_char="1228">as</TOKEN>
				<TOKEN end_char="1240" id="token-6-26" start_char="1231">especially</TOKEN>
				<TOKEN end_char="1251" id="token-6-27" start_char="1242">aggressive</TOKEN>
				<TOKEN end_char="1256" id="token-6-28" start_char="1253">with</TOKEN>
				<TOKEN end_char="1262" id="token-6-29" start_char="1258">cyber</TOKEN>
				<TOKEN end_char="1263" id="token-6-30" start_char="1263">-</TOKEN>
				<TOKEN end_char="1271" id="token-6-31" start_char="1264">snooping</TOKEN>
				<TOKEN end_char="1272" id="token-6-32" start_char="1272">,</TOKEN>
				<TOKEN end_char="1276" id="token-6-33" start_char="1274">and</TOKEN>
				<TOKEN end_char="1283" id="token-6-34" start_char="1278">recent</TOKEN>
				<TOKEN end_char="1295" id="token-6-35" start_char="1285">revelations</TOKEN>
				<TOKEN end_char="1301" id="token-6-36" start_char="1297">about</TOKEN>
				<TOKEN end_char="1310" id="token-6-37" start_char="1303">American</TOKEN>
				<TOKEN end_char="1319" id="token-6-38" start_char="1312">Internet</TOKEN>
				<TOKEN end_char="1332" id="token-6-39" start_char="1321">surveillance</TOKEN>
				<TOKEN end_char="1340" id="token-6-40" start_char="1334">efforts</TOKEN>
				<TOKEN end_char="1345" id="token-6-41" start_char="1342">have</TOKEN>
				<TOKEN end_char="1356" id="token-6-42" start_char="1347">heightened</TOKEN>
				<TOKEN end_char="1363" id="token-6-43" start_char="1358">global</TOKEN>
				<TOKEN end_char="1372" id="token-6-44" start_char="1365">concerns</TOKEN>
				<TOKEN end_char="1378" id="token-6-45" start_char="1374">about</TOKEN>
				<TOKEN end_char="1385" id="token-6-46" start_char="1380">online</TOKEN>
				<TOKEN end_char="1393" id="token-6-47" start_char="1387">privacy</TOKEN>
				<TOKEN end_char="1394" id="token-6-48" start_char="1394">.</TOKEN>
			</SEG>
			<SEG end_char="1584" id="20130705_WAPO_6ee4016c-cff4-11e2-8845-d970ccb04497-7" start_char="1396">
				<ORIGINAL_TEXT>WeChat has already run into some resistance. India’s intelligence bureau has reportedly proposed a ban on WeChat’s services. Analysts predict a potential backlash in the United States, too.</ORIGINAL_TEXT>
				<TOKEN end_char="1401" id="token-7-0" start_char="1396">WeChat</TOKEN>
				<TOKEN end_char="1405" id="token-7-1" start_char="1403">has</TOKEN>
				<TOKEN end_char="1413" id="token-7-2" start_char="1407">already</TOKEN>
				<TOKEN end_char="1417" id="token-7-3" start_char="1415">run</TOKEN>
				<TOKEN end_char="1422" id="token-7-4" start_char="1419">into</TOKEN>
				<TOKEN end_char="1427" id="token-7-5" start_char="1424">some</TOKEN>
				<TOKEN end_char="1438" id="token-7-6" start_char="1429">resistance</TOKEN>
				<TOKEN end_char="1439" id="token-7-7" start_char="1439">.</TOKEN>
				<TOKEN end_char="1445" id="token-7-8" start_char="1441">India</TOKEN>
				<TOKEN end_char="1446" id="token-7-9" start_char="1446">’</TOKEN>
				<TOKEN end_char="1447" id="token-7-10" start_char="1447">s</TOKEN>
				<TOKEN end_char="1460" id="token-7-11" start_char="1449">intelligence</TOKEN>
				<TOKEN end_char="1467" id="token-7-12" start_char="1462">bureau</TOKEN>
				<TOKEN end_char="1471" id="token-7-13" start_char="1469">has</TOKEN>
				<TOKEN end_char="1482" id="token-7-14" start_char="1473">reportedly</TOKEN>
				<TOKEN end_char="1491" id="token-7-15" start_char="1484">proposed</TOKEN>
				<TOKEN end_char="1493" id="token-7-16" start_char="1493">a</TOKEN>
				<TOKEN end_char="1497" id="token-7-17" start_char="1495">ban</TOKEN>
				<TOKEN end_char="1500" id="token-7-18" start_char="1499">on</TOKEN>
				<TOKEN end_char="1507" id="token-7-19" start_char="1502">WeChat</TOKEN>
				<TOKEN end_char="1508" id="token-7-20" start_char="1508">’</TOKEN>
				<TOKEN end_char="1509" id="token-7-21" start_char="1509">s</TOKEN>
				<TOKEN end_char="1518" id="token-7-22" start_char="1511">services</TOKEN>
				<TOKEN end_char="1519" id="token-7-23" start_char="1519">.</TOKEN>
				<TOKEN end_char="1528" id="token-7-24" start_char="1521">Analysts</TOKEN>
				<TOKEN end_char="1536" id="token-7-25" start_char="1530">predict</TOKEN>
				<TOKEN end_char="1538" id="token-7-26" start_char="1538">a</TOKEN>
				<TOKEN end_char="1548" id="token-7-27" start_char="1540">potential</TOKEN>
				<TOKEN end_char="1557" id="token-7-28" start_char="1550">backlash</TOKEN>
				<TOKEN end_char="1560" id="token-7-29" start_char="1559">in</TOKEN>
				<TOKEN end_char="1564" id="token-7-30" start_char="1562">the</TOKEN>
				<TOKEN end_char="1571" id="token-7-31" start_char="1566">United</TOKEN>
				<TOKEN end_char="1578" id="token-7-32" start_char="1573">States</TOKEN>
				<TOKEN end_char="1579" id="token-7-33" start_char="1579">,</TOKEN>
				<TOKEN end_char="1583" id="token-7-34" start_char="1581">too</TOKEN>
				<TOKEN end_char="1584" id="token-7-35" start_char="1584">.</TOKEN>
			</SEG>
			<SEG end_char="1865" id="20130705_WAPO_6ee4016c-cff4-11e2-8845-d970ccb04497-8" start_char="1586">
				<ORIGINAL_TEXT>“It’s one thing when WeChat dominates in China, but when WeChat becomes popular outside China, suddenly China has this access that only the U.S. had before,” said Christopher Soghoian, senior policy analyst on speech, privacy and technology for the American Civil Liberties Union.</ORIGINAL_TEXT>
				<TOKEN end_char="1586" id="token-8-0" start_char="1586">“</TOKEN>
				<TOKEN end_char="1588" id="token-8-1" start_char="1587">It</TOKEN>
				<TOKEN end_char="1589" id="token-8-2" start_char="1589">’</TOKEN>
				<TOKEN end_char="1590" id="token-8-3" start_char="1590">s</TOKEN>
				<TOKEN end_char="1594" id="token-8-4" start_char="1592">one</TOKEN>
				<TOKEN end_char="1600" id="token-8-5" start_char="1596">thing</TOKEN>
				<TOKEN end_char="1605" id="token-8-6" start_char="1602">when</TOKEN>
				<TOKEN end_char="1612" id="token-8-7" start_char="1607">WeChat</TOKEN>
				<TOKEN end_char="1622" id="token-8-8" start_char="1614">dominates</TOKEN>
				<TOKEN end_char="1625" id="token-8-9" start_char="1624">in</TOKEN>
				<TOKEN end_char="1631" id="token-8-10" start_char="1627">China</TOKEN>
				<TOKEN end_char="1632" id="token-8-11" start_char="1632">,</TOKEN>
				<TOKEN end_char="1636" id="token-8-12" start_char="1634">but</TOKEN>
				<TOKEN end_char="1641" id="token-8-13" start_char="1638">when</TOKEN>
				<TOKEN end_char="1648" id="token-8-14" start_char="1643">WeChat</TOKEN>
				<TOKEN end_char="1656" id="token-8-15" start_char="1650">becomes</TOKEN>
				<TOKEN end_char="1664" id="token-8-16" start_char="1658">popular</TOKEN>
				<TOKEN end_char="1672" id="token-8-17" start_char="1666">outside</TOKEN>
				<TOKEN end_char="1678" id="token-8-18" start_char="1674">China</TOKEN>
				<TOKEN end_char="1679" id="token-8-19" start_char="1679">,</TOKEN>
				<TOKEN end_char="1688" id="token-8-20" start_char="1681">suddenly</TOKEN>
				<TOKEN end_char="1694" id="token-8-21" start_char="1690">China</TOKEN>
				<TOKEN end_char="1698" id="token-8-22" start_char="1696">has</TOKEN>
				<TOKEN end_char="1703" id="token-8-23" start_char="1700">this</TOKEN>
				<TOKEN end_char="1710" id="token-8-24" start_char="1705">access</TOKEN>
				<TOKEN end_char="1715" id="token-8-25" start_char="1712">that</TOKEN>
				<TOKEN end_char="1720" id="token-8-26" start_char="1717">only</TOKEN>
				<TOKEN end_char="1724" id="token-8-27" start_char="1722">the</TOKEN>
				<TOKEN end_char="1726" id="token-8-28" start_char="1726">U</TOKEN>
				<TOKEN end_char="1727" id="token-8-29" start_char="1727">.</TOKEN>
				<TOKEN end_char="1728" id="token-8-30" start_char="1728">S</TOKEN>
				<TOKEN end_char="1729" id="token-8-31" start_char="1729">.</TOKEN>
				<TOKEN end_char="1733" id="token-8-32" start_char="1731">had</TOKEN>
				<TOKEN end_char="1740" id="token-8-33" start_char="1735">before</TOKEN>
				<TOKEN end_char="1742" id="token-8-34" start_char="1741">,”</TOKEN>
				<TOKEN end_char="1747" id="token-8-35" start_char="1744">said</TOKEN>
				<TOKEN end_char="1759" id="token-8-36" start_char="1749">Christopher</TOKEN>
				<TOKEN end_char="1768" id="token-8-37" start_char="1761">Soghoian</TOKEN>
				<TOKEN end_char="1769" id="token-8-38" start_char="1769">,</TOKEN>
				<TOKEN end_char="1776" id="token-8-39" start_char="1771">senior</TOKEN>
				<TOKEN end_char="1783" id="token-8-40" start_char="1778">policy</TOKEN>
				<TOKEN end_char="1791" id="token-8-41" start_char="1785">analyst</TOKEN>
				<TOKEN end_char="1794" id="token-8-42" start_char="1793">on</TOKEN>
				<TOKEN end_char="1801" id="token-8-43" start_char="1796">speech</TOKEN>
				<TOKEN end_char="1802" id="token-8-44" start_char="1802">,</TOKEN>
				<TOKEN end_char="1810" id="token-8-45" start_char="1804">privacy</TOKEN>
				<TOKEN end_char="1814" id="token-8-46" start_char="1812">and</TOKEN>
				<TOKEN end_char="1825" id="token-8-47" start_char="1816">technology</TOKEN>
				<TOKEN end_char="1829" id="token-8-48" start_char="1827">for</TOKEN>
				<TOKEN end_char="1833" id="token-8-49" start_char="1831">the</TOKEN>
				<TOKEN end_char="1842" id="token-8-50" start_char="1835">American</TOKEN>
				<TOKEN end_char="1848" id="token-8-51" start_char="1844">Civil</TOKEN>
				<TOKEN end_char="1858" id="token-8-52" start_char="1850">Liberties</TOKEN>
				<TOKEN end_char="1864" id="token-8-53" start_char="1860">Union</TOKEN>
				<TOKEN end_char="1865" id="token-8-54" start_char="1865">.</TOKEN>
			</SEG>
			<SEG end_char="2141" id="20130705_WAPO_6ee4016c-cff4-11e2-8845-d970ccb04497-9" start_char="1867">
				<ORIGINAL_TEXT>Jeremy Goldkorn, director of Danwei.com and a Chinese media expert, said the political issue of where servers that store user data are physically located is going to become more common. “It seems to me many governments are going to want as much control as possible,” he said.</ORIGINAL_TEXT>
				<TOKEN end_char="1872" id="token-9-0" start_char="1867">Jeremy</TOKEN>
				<TOKEN end_char="1881" id="token-9-1" start_char="1874">Goldkorn</TOKEN>
				<TOKEN end_char="1882" id="token-9-2" start_char="1882">,</TOKEN>
				<TOKEN end_char="1891" id="token-9-3" start_char="1884">director</TOKEN>
				<TOKEN end_char="1894" id="token-9-4" start_char="1893">of</TOKEN>
				<TOKEN end_char="1901" id="token-9-5" start_char="1896">Danwei</TOKEN>
				<TOKEN end_char="1902" id="token-9-6" start_char="1902">.</TOKEN>
				<TOKEN end_char="1905" id="token-9-7" start_char="1903">com</TOKEN>
				<TOKEN end_char="1909" id="token-9-8" start_char="1907">and</TOKEN>
				<TOKEN end_char="1911" id="token-9-9" start_char="1911">a</TOKEN>
				<TOKEN end_char="1919" id="token-9-10" start_char="1913">Chinese</TOKEN>
				<TOKEN end_char="1925" id="token-9-11" start_char="1921">media</TOKEN>
				<TOKEN end_char="1932" id="token-9-12" start_char="1927">expert</TOKEN>
				<TOKEN end_char="1933" id="token-9-13" start_char="1933">,</TOKEN>
				<TOKEN end_char="1938" id="token-9-14" start_char="1935">said</TOKEN>
				<TOKEN end_char="1942" id="token-9-15" start_char="1940">the</TOKEN>
				<TOKEN end_char="1952" id="token-9-16" start_char="1944">political</TOKEN>
				<TOKEN end_char="1958" id="token-9-17" start_char="1954">issue</TOKEN>
				<TOKEN end_char="1961" id="token-9-18" start_char="1960">of</TOKEN>
				<TOKEN end_char="1967" id="token-9-19" start_char="1963">where</TOKEN>
				<TOKEN end_char="1975" id="token-9-20" start_char="1969">servers</TOKEN>
				<TOKEN end_char="1980" id="token-9-21" start_char="1977">that</TOKEN>
				<TOKEN end_char="1986" id="token-9-22" start_char="1982">store</TOKEN>
				<TOKEN end_char="1991" id="token-9-23" start_char="1988">user</TOKEN>
				<TOKEN end_char="1996" id="token-9-24" start_char="1993">data</TOKEN>
				<TOKEN end_char="2000" id="token-9-25" start_char="1998">are</TOKEN>
				<TOKEN end_char="2011" id="token-9-26" start_char="2002">physically</TOKEN>
				<TOKEN end_char="2019" id="token-9-27" start_char="2013">located</TOKEN>
				<TOKEN end_char="2022" id="token-9-28" start_char="2021">is</TOKEN>
				<TOKEN end_char="2028" id="token-9-29" start_char="2024">going</TOKEN>
				<TOKEN end_char="2031" id="token-9-30" start_char="2030">to</TOKEN>
				<TOKEN end_char="2038" id="token-9-31" start_char="2033">become</TOKEN>
				<TOKEN end_char="2043" id="token-9-32" start_char="2040">more</TOKEN>
				<TOKEN end_char="2050" id="token-9-33" start_char="2045">common</TOKEN>
				<TOKEN end_char="2051" id="token-9-34" start_char="2051">.</TOKEN>
				<TOKEN end_char="2053" id="token-9-35" start_char="2053">“</TOKEN>
				<TOKEN end_char="2055" id="token-9-36" start_char="2054">It</TOKEN>
				<TOKEN end_char="2061" id="token-9-37" start_char="2057">seems</TOKEN>
				<TOKEN end_char="2064" id="token-9-38" start_char="2063">to</TOKEN>
				<TOKEN end_char="2067" id="token-9-39" start_char="2066">me</TOKEN>
				<TOKEN end_char="2072" id="token-9-40" start_char="2069">many</TOKEN>
				<TOKEN end_char="2084" id="token-9-41" start_char="2074">governments</TOKEN>
				<TOKEN end_char="2088" id="token-9-42" start_char="2086">are</TOKEN>
				<TOKEN end_char="2094" id="token-9-43" start_char="2090">going</TOKEN>
				<TOKEN end_char="2097" id="token-9-44" start_char="2096">to</TOKEN>
				<TOKEN end_char="2102" id="token-9-45" start_char="2099">want</TOKEN>
				<TOKEN end_char="2105" id="token-9-46" start_char="2104">as</TOKEN>
				<TOKEN end_char="2110" id="token-9-47" start_char="2107">much</TOKEN>
				<TOKEN end_char="2118" id="token-9-48" start_char="2112">control</TOKEN>
				<TOKEN end_char="2121" id="token-9-49" start_char="2120">as</TOKEN>
				<TOKEN end_char="2130" id="token-9-50" start_char="2123">possible</TOKEN>
				<TOKEN end_char="2132" id="token-9-51" start_char="2131">,”</TOKEN>
				<TOKEN end_char="2135" id="token-9-52" start_char="2134">he</TOKEN>
				<TOKEN end_char="2140" id="token-9-53" start_char="2137">said</TOKEN>
				<TOKEN end_char="2141" id="token-9-54" start_char="2141">.</TOKEN>
			</SEG>
			<SEG end_char="2381" id="20130705_WAPO_6ee4016c-cff4-11e2-8845-d970ccb04497-10" start_char="2143">
				<ORIGINAL_TEXT>A spokeswoman for Tencent said that “we have taken user data protection seriously in our product development and daily operations, and like other international peers, we comply with relevant laws in the countries where we have operations.”</ORIGINAL_TEXT>
				<TOKEN end_char="2143" id="token-10-0" start_char="2143">A</TOKEN>
				<TOKEN end_char="2155" id="token-10-1" start_char="2145">spokeswoman</TOKEN>
				<TOKEN end_char="2159" id="token-10-2" start_char="2157">for</TOKEN>
				<TOKEN end_char="2167" id="token-10-3" start_char="2161">Tencent</TOKEN>
				<TOKEN end_char="2172" id="token-10-4" start_char="2169">said</TOKEN>
				<TOKEN end_char="2177" id="token-10-5" start_char="2174">that</TOKEN>
				<TOKEN end_char="2179" id="token-10-6" start_char="2179">“</TOKEN>
				<TOKEN end_char="2181" id="token-10-7" start_char="2180">we</TOKEN>
				<TOKEN end_char="2186" id="token-10-8" start_char="2183">have</TOKEN>
				<TOKEN end_char="2192" id="token-10-9" start_char="2188">taken</TOKEN>
				<TOKEN end_char="2197" id="token-10-10" start_char="2194">user</TOKEN>
				<TOKEN end_char="2202" id="token-10-11" start_char="2199">data</TOKEN>
				<TOKEN end_char="2213" id="token-10-12" start_char="2204">protection</TOKEN>
				<TOKEN end_char="2223" id="token-10-13" start_char="2215">seriously</TOKEN>
				<TOKEN end_char="2226" id="token-10-14" start_char="2225">in</TOKEN>
				<TOKEN end_char="2230" id="token-10-15" start_char="2228">our</TOKEN>
				<TOKEN end_char="2238" id="token-10-16" start_char="2232">product</TOKEN>
				<TOKEN end_char="2250" id="token-10-17" start_char="2240">development</TOKEN>
				<TOKEN end_char="2254" id="token-10-18" start_char="2252">and</TOKEN>
				<TOKEN end_char="2260" id="token-10-19" start_char="2256">daily</TOKEN>
				<TOKEN end_char="2271" id="token-10-20" start_char="2262">operations</TOKEN>
				<TOKEN end_char="2272" id="token-10-21" start_char="2272">,</TOKEN>
				<TOKEN end_char="2276" id="token-10-22" start_char="2274">and</TOKEN>
				<TOKEN end_char="2281" id="token-10-23" start_char="2278">like</TOKEN>
				<TOKEN end_char="2287" id="token-10-24" start_char="2283">other</TOKEN>
				<TOKEN end_char="2301" id="token-10-25" start_char="2289">international</TOKEN>
				<TOKEN end_char="2307" id="token-10-26" start_char="2303">peers</TOKEN>
				<TOKEN end_char="2308" id="token-10-27" start_char="2308">,</TOKEN>
				<TOKEN end_char="2311" id="token-10-28" start_char="2310">we</TOKEN>
				<TOKEN end_char="2318" id="token-10-29" start_char="2313">comply</TOKEN>
				<TOKEN end_char="2323" id="token-10-30" start_char="2320">with</TOKEN>
				<TOKEN end_char="2332" id="token-10-31" start_char="2325">relevant</TOKEN>
				<TOKEN end_char="2337" id="token-10-32" start_char="2334">laws</TOKEN>
				<TOKEN end_char="2340" id="token-10-33" start_char="2339">in</TOKEN>
				<TOKEN end_char="2344" id="token-10-34" start_char="2342">the</TOKEN>
				<TOKEN end_char="2354" id="token-10-35" start_char="2346">countries</TOKEN>
				<TOKEN end_char="2360" id="token-10-36" start_char="2356">where</TOKEN>
				<TOKEN end_char="2363" id="token-10-37" start_char="2362">we</TOKEN>
				<TOKEN end_char="2368" id="token-10-38" start_char="2365">have</TOKEN>
				<TOKEN end_char="2379" id="token-10-39" start_char="2370">operations</TOKEN>
				<TOKEN end_char="2381" id="token-10-40" start_char="2380">.”</TOKEN>
			</SEG>
			<SEG end_char="2494" id="20130705_WAPO_6ee4016c-cff4-11e2-8845-d970ccb04497-11" start_char="2383">
				<ORIGINAL_TEXT>In mainland China, WeChat is ubiquitous, used by everyone from teenagers and their parents to Tibetan activists.</ORIGINAL_TEXT>
				<TOKEN end_char="2384" id="token-11-0" start_char="2383">In</TOKEN>
				<TOKEN end_char="2393" id="token-11-1" start_char="2386">mainland</TOKEN>
				<TOKEN end_char="2399" id="token-11-2" start_char="2395">China</TOKEN>
				<TOKEN end_char="2400" id="token-11-3" start_char="2400">,</TOKEN>
				<TOKEN end_char="2407" id="token-11-4" start_char="2402">WeChat</TOKEN>
				<TOKEN end_char="2410" id="token-11-5" start_char="2409">is</TOKEN>
				<TOKEN end_char="2421" id="token-11-6" start_char="2412">ubiquitous</TOKEN>
				<TOKEN end_char="2422" id="token-11-7" start_char="2422">,</TOKEN>
				<TOKEN end_char="2427" id="token-11-8" start_char="2424">used</TOKEN>
				<TOKEN end_char="2430" id="token-11-9" start_char="2429">by</TOKEN>
				<TOKEN end_char="2439" id="token-11-10" start_char="2432">everyone</TOKEN>
				<TOKEN end_char="2444" id="token-11-11" start_char="2441">from</TOKEN>
				<TOKEN end_char="2454" id="token-11-12" start_char="2446">teenagers</TOKEN>
				<TOKEN end_char="2458" id="token-11-13" start_char="2456">and</TOKEN>
				<TOKEN end_char="2464" id="token-11-14" start_char="2460">their</TOKEN>
				<TOKEN end_char="2472" id="token-11-15" start_char="2466">parents</TOKEN>
				<TOKEN end_char="2475" id="token-11-16" start_char="2474">to</TOKEN>
				<TOKEN end_char="2483" id="token-11-17" start_char="2477">Tibetan</TOKEN>
				<TOKEN end_char="2493" id="token-11-18" start_char="2485">activists</TOKEN>
				<TOKEN end_char="2494" id="token-11-19" start_char="2494">.</TOKEN>
			</SEG>
			<SEG end_char="2861" id="20130705_WAPO_6ee4016c-cff4-11e2-8845-d970ccb04497-12" start_char="2496">
				<ORIGINAL_TEXT>It has been called the Facebook of China, but that comparison fails to convey all the things that WeChat can do. At its most basic, WeChat functions like a free text-messaging service on your phone. Beyond just texts, users can send short videos or voice messages back and forth, like a walkie-talkie. Each person can also set up a profile like the ones on Facebook.</ORIGINAL_TEXT>
				<TOKEN end_char="2497" id="token-12-0" start_char="2496">It</TOKEN>
				<TOKEN end_char="2501" id="token-12-1" start_char="2499">has</TOKEN>
				<TOKEN end_char="2506" id="token-12-2" start_char="2503">been</TOKEN>
				<TOKEN end_char="2513" id="token-12-3" start_char="2508">called</TOKEN>
				<TOKEN end_char="2517" id="token-12-4" start_char="2515">the</TOKEN>
				<TOKEN end_char="2526" id="token-12-5" start_char="2519">Facebook</TOKEN>
				<TOKEN end_char="2529" id="token-12-6" start_char="2528">of</TOKEN>
				<TOKEN end_char="2535" id="token-12-7" start_char="2531">China</TOKEN>
				<TOKEN end_char="2536" id="token-12-8" start_char="2536">,</TOKEN>
				<TOKEN end_char="2540" id="token-12-9" start_char="2538">but</TOKEN>
				<TOKEN end_char="2545" id="token-12-10" start_char="2542">that</TOKEN>
				<TOKEN end_char="2556" id="token-12-11" start_char="2547">comparison</TOKEN>
				<TOKEN end_char="2562" id="token-12-12" start_char="2558">fails</TOKEN>
				<TOKEN end_char="2565" id="token-12-13" start_char="2564">to</TOKEN>
				<TOKEN end_char="2572" id="token-12-14" start_char="2567">convey</TOKEN>
				<TOKEN end_char="2576" id="token-12-15" start_char="2574">all</TOKEN>
				<TOKEN end_char="2580" id="token-12-16" start_char="2578">the</TOKEN>
				<TOKEN end_char="2587" id="token-12-17" start_char="2582">things</TOKEN>
				<TOKEN end_char="2592" id="token-12-18" start_char="2589">that</TOKEN>
				<TOKEN end_char="2599" id="token-12-19" start_char="2594">WeChat</TOKEN>
				<TOKEN end_char="2603" id="token-12-20" start_char="2601">can</TOKEN>
				<TOKEN end_char="2606" id="token-12-21" start_char="2605">do</TOKEN>
				<TOKEN end_char="2607" id="token-12-22" start_char="2607">.</TOKEN>
				<TOKEN end_char="2610" id="token-12-23" start_char="2609">At</TOKEN>
				<TOKEN end_char="2614" id="token-12-24" start_char="2612">its</TOKEN>
				<TOKEN end_char="2619" id="token-12-25" start_char="2616">most</TOKEN>
				<TOKEN end_char="2625" id="token-12-26" start_char="2621">basic</TOKEN>
				<TOKEN end_char="2626" id="token-12-27" start_char="2626">,</TOKEN>
				<TOKEN end_char="2633" id="token-12-28" start_char="2628">WeChat</TOKEN>
				<TOKEN end_char="2643" id="token-12-29" start_char="2635">functions</TOKEN>
				<TOKEN end_char="2648" id="token-12-30" start_char="2645">like</TOKEN>
				<TOKEN end_char="2650" id="token-12-31" start_char="2650">a</TOKEN>
				<TOKEN end_char="2655" id="token-12-32" start_char="2652">free</TOKEN>
				<TOKEN end_char="2660" id="token-12-33" start_char="2657">text</TOKEN>
				<TOKEN end_char="2661" id="token-12-34" start_char="2661">-</TOKEN>
				<TOKEN end_char="2670" id="token-12-35" start_char="2662">messaging</TOKEN>
				<TOKEN end_char="2678" id="token-12-36" start_char="2672">service</TOKEN>
				<TOKEN end_char="2681" id="token-12-37" start_char="2680">on</TOKEN>
				<TOKEN end_char="2686" id="token-12-38" start_char="2683">your</TOKEN>
				<TOKEN end_char="2692" id="token-12-39" start_char="2688">phone</TOKEN>
				<TOKEN end_char="2693" id="token-12-40" start_char="2693">.</TOKEN>
				<TOKEN end_char="2700" id="token-12-41" start_char="2695">Beyond</TOKEN>
				<TOKEN end_char="2705" id="token-12-42" start_char="2702">just</TOKEN>
				<TOKEN end_char="2711" id="token-12-43" start_char="2707">texts</TOKEN>
				<TOKEN end_char="2712" id="token-12-44" start_char="2712">,</TOKEN>
				<TOKEN end_char="2718" id="token-12-45" start_char="2714">users</TOKEN>
				<TOKEN end_char="2722" id="token-12-46" start_char="2720">can</TOKEN>
				<TOKEN end_char="2727" id="token-12-47" start_char="2724">send</TOKEN>
				<TOKEN end_char="2733" id="token-12-48" start_char="2729">short</TOKEN>
				<TOKEN end_char="2740" id="token-12-49" start_char="2735">videos</TOKEN>
				<TOKEN end_char="2743" id="token-12-50" start_char="2742">or</TOKEN>
				<TOKEN end_char="2749" id="token-12-51" start_char="2745">voice</TOKEN>
				<TOKEN end_char="2758" id="token-12-52" start_char="2751">messages</TOKEN>
				<TOKEN end_char="2763" id="token-12-53" start_char="2760">back</TOKEN>
				<TOKEN end_char="2767" id="token-12-54" start_char="2765">and</TOKEN>
				<TOKEN end_char="2773" id="token-12-55" start_char="2769">forth</TOKEN>
				<TOKEN end_char="2774" id="token-12-56" start_char="2774">,</TOKEN>
				<TOKEN end_char="2779" id="token-12-57" start_char="2776">like</TOKEN>
				<TOKEN end_char="2781" id="token-12-58" start_char="2781">a</TOKEN>
				<TOKEN end_char="2788" id="token-12-59" start_char="2783">walkie</TOKEN>
				<TOKEN end_char="2789" id="token-12-60" start_char="2789">-</TOKEN>
				<TOKEN end_char="2795" id="token-12-61" start_char="2790">talkie</TOKEN>
				<TOKEN end_char="2796" id="token-12-62" start_char="2796">.</TOKEN>
				<TOKEN end_char="2801" id="token-12-63" start_char="2798">Each</TOKEN>
				<TOKEN end_char="2808" id="token-12-64" start_char="2803">person</TOKEN>
				<TOKEN end_char="2812" id="token-12-65" start_char="2810">can</TOKEN>
				<TOKEN end_char="2817" id="token-12-66" start_char="2814">also</TOKEN>
				<TOKEN end_char="2821" id="token-12-67" start_char="2819">set</TOKEN>
				<TOKEN end_char="2824" id="token-12-68" start_char="2823">up</TOKEN>
				<TOKEN end_char="2826" id="token-12-69" start_char="2826">a</TOKEN>
				<TOKEN end_char="2834" id="token-12-70" start_char="2828">profile</TOKEN>
				<TOKEN end_char="2839" id="token-12-71" start_char="2836">like</TOKEN>
				<TOKEN end_char="2843" id="token-12-72" start_char="2841">the</TOKEN>
				<TOKEN end_char="2848" id="token-12-73" start_char="2845">ones</TOKEN>
				<TOKEN end_char="2851" id="token-12-74" start_char="2850">on</TOKEN>
				<TOKEN end_char="2860" id="token-12-75" start_char="2853">Facebook</TOKEN>
				<TOKEN end_char="2861" id="token-12-76" start_char="2861">.</TOKEN>
			</SEG>
			<SEG end_char="3125" id="20130705_WAPO_6ee4016c-cff4-11e2-8845-d970ccb04497-13" start_char="2863">
				<ORIGINAL_TEXT>Companies can also set up WeChat profiles to connect to customers. Have a question about a computer that needs to be fixed? Send the manufacturer your exact location via your smartphone, and an employee will tell you the nearest place to get your device repaired.</ORIGINAL_TEXT>
				<TOKEN end_char="2871" id="token-13-0" start_char="2863">Companies</TOKEN>
				<TOKEN end_char="2875" id="token-13-1" start_char="2873">can</TOKEN>
				<TOKEN end_char="2880" id="token-13-2" start_char="2877">also</TOKEN>
				<TOKEN end_char="2884" id="token-13-3" start_char="2882">set</TOKEN>
				<TOKEN end_char="2887" id="token-13-4" start_char="2886">up</TOKEN>
				<TOKEN end_char="2894" id="token-13-5" start_char="2889">WeChat</TOKEN>
				<TOKEN end_char="2903" id="token-13-6" start_char="2896">profiles</TOKEN>
				<TOKEN end_char="2906" id="token-13-7" start_char="2905">to</TOKEN>
				<TOKEN end_char="2914" id="token-13-8" start_char="2908">connect</TOKEN>
				<TOKEN end_char="2917" id="token-13-9" start_char="2916">to</TOKEN>
				<TOKEN end_char="2927" id="token-13-10" start_char="2919">customers</TOKEN>
				<TOKEN end_char="2928" id="token-13-11" start_char="2928">.</TOKEN>
				<TOKEN end_char="2933" id="token-13-12" start_char="2930">Have</TOKEN>
				<TOKEN end_char="2935" id="token-13-13" start_char="2935">a</TOKEN>
				<TOKEN end_char="2944" id="token-13-14" start_char="2937">question</TOKEN>
				<TOKEN end_char="2950" id="token-13-15" start_char="2946">about</TOKEN>
				<TOKEN end_char="2952" id="token-13-16" start_char="2952">a</TOKEN>
				<TOKEN end_char="2961" id="token-13-17" start_char="2954">computer</TOKEN>
				<TOKEN end_char="2966" id="token-13-18" start_char="2963">that</TOKEN>
				<TOKEN end_char="2972" id="token-13-19" start_char="2968">needs</TOKEN>
				<TOKEN end_char="2975" id="token-13-20" start_char="2974">to</TOKEN>
				<TOKEN end_char="2978" id="token-13-21" start_char="2977">be</TOKEN>
				<TOKEN end_char="2984" id="token-13-22" start_char="2980">fixed</TOKEN>
				<TOKEN end_char="2985" id="token-13-23" start_char="2985">?</TOKEN>
				<TOKEN end_char="2990" id="token-13-24" start_char="2987">Send</TOKEN>
				<TOKEN end_char="2994" id="token-13-25" start_char="2992">the</TOKEN>
				<TOKEN end_char="3007" id="token-13-26" start_char="2996">manufacturer</TOKEN>
				<TOKEN end_char="3012" id="token-13-27" start_char="3009">your</TOKEN>
				<TOKEN end_char="3018" id="token-13-28" start_char="3014">exact</TOKEN>
				<TOKEN end_char="3027" id="token-13-29" start_char="3020">location</TOKEN>
				<TOKEN end_char="3031" id="token-13-30" start_char="3029">via</TOKEN>
				<TOKEN end_char="3036" id="token-13-31" start_char="3033">your</TOKEN>
				<TOKEN end_char="3047" id="token-13-32" start_char="3038">smartphone</TOKEN>
				<TOKEN end_char="3048" id="token-13-33" start_char="3048">,</TOKEN>
				<TOKEN end_char="3052" id="token-13-34" start_char="3050">and</TOKEN>
				<TOKEN end_char="3055" id="token-13-35" start_char="3054">an</TOKEN>
				<TOKEN end_char="3064" id="token-13-36" start_char="3057">employee</TOKEN>
				<TOKEN end_char="3069" id="token-13-37" start_char="3066">will</TOKEN>
				<TOKEN end_char="3074" id="token-13-38" start_char="3071">tell</TOKEN>
				<TOKEN end_char="3078" id="token-13-39" start_char="3076">you</TOKEN>
				<TOKEN end_char="3082" id="token-13-40" start_char="3080">the</TOKEN>
				<TOKEN end_char="3090" id="token-13-41" start_char="3084">nearest</TOKEN>
				<TOKEN end_char="3096" id="token-13-42" start_char="3092">place</TOKEN>
				<TOKEN end_char="3099" id="token-13-43" start_char="3098">to</TOKEN>
				<TOKEN end_char="3103" id="token-13-44" start_char="3101">get</TOKEN>
				<TOKEN end_char="3108" id="token-13-45" start_char="3105">your</TOKEN>
				<TOKEN end_char="3115" id="token-13-46" start_char="3110">device</TOKEN>
				<TOKEN end_char="3124" id="token-13-47" start_char="3117">repaired</TOKEN>
				<TOKEN end_char="3125" id="token-13-48" start_char="3125">.</TOKEN>
			</SEG>
			<SEG end_char="3294" id="20130705_WAPO_6ee4016c-cff4-11e2-8845-d970ccb04497-14" start_char="3127">
				<ORIGINAL_TEXT>Tencent is already a $7 billion company, with revenue up more than 50 percent last year. Pony Ma, Tencent’s chief executive, has said he wants his company to go global.</ORIGINAL_TEXT>
				<TOKEN end_char="3133" id="token-14-0" start_char="3127">Tencent</TOKEN>
				<TOKEN end_char="3136" id="token-14-1" start_char="3135">is</TOKEN>
				<TOKEN end_char="3144" id="token-14-2" start_char="3138">already</TOKEN>
				<TOKEN end_char="3146" id="token-14-3" start_char="3146">a</TOKEN>
				<TOKEN end_char="3148" id="token-14-4" start_char="3148">$</TOKEN>
				<TOKEN end_char="3149" id="token-14-5" start_char="3149">7</TOKEN>
				<TOKEN end_char="3157" id="token-14-6" start_char="3151">billion</TOKEN>
				<TOKEN end_char="3165" id="token-14-7" start_char="3159">company</TOKEN>
				<TOKEN end_char="3166" id="token-14-8" start_char="3166">,</TOKEN>
				<TOKEN end_char="3171" id="token-14-9" start_char="3168">with</TOKEN>
				<TOKEN end_char="3179" id="token-14-10" start_char="3173">revenue</TOKEN>
				<TOKEN end_char="3182" id="token-14-11" start_char="3181">up</TOKEN>
				<TOKEN end_char="3187" id="token-14-12" start_char="3184">more</TOKEN>
				<TOKEN end_char="3192" id="token-14-13" start_char="3189">than</TOKEN>
				<TOKEN end_char="3195" id="token-14-14" start_char="3194">50</TOKEN>
				<TOKEN end_char="3203" id="token-14-15" start_char="3197">percent</TOKEN>
				<TOKEN end_char="3208" id="token-14-16" start_char="3205">last</TOKEN>
				<TOKEN end_char="3213" id="token-14-17" start_char="3210">year</TOKEN>
				<TOKEN end_char="3214" id="token-14-18" start_char="3214">.</TOKEN>
				<TOKEN end_char="3219" id="token-14-19" start_char="3216">Pony</TOKEN>
				<TOKEN end_char="3222" id="token-14-20" start_char="3221">Ma</TOKEN>
				<TOKEN end_char="3223" id="token-14-21" start_char="3223">,</TOKEN>
				<TOKEN end_char="3231" id="token-14-22" start_char="3225">Tencent</TOKEN>
				<TOKEN end_char="3232" id="token-14-23" start_char="3232">’</TOKEN>
				<TOKEN end_char="3233" id="token-14-24" start_char="3233">s</TOKEN>
				<TOKEN end_char="3239" id="token-14-25" start_char="3235">chief</TOKEN>
				<TOKEN end_char="3249" id="token-14-26" start_char="3241">executive</TOKEN>
				<TOKEN end_char="3250" id="token-14-27" start_char="3250">,</TOKEN>
				<TOKEN end_char="3254" id="token-14-28" start_char="3252">has</TOKEN>
				<TOKEN end_char="3259" id="token-14-29" start_char="3256">said</TOKEN>
				<TOKEN end_char="3262" id="token-14-30" start_char="3261">he</TOKEN>
				<TOKEN end_char="3268" id="token-14-31" start_char="3264">wants</TOKEN>
				<TOKEN end_char="3272" id="token-14-32" start_char="3270">his</TOKEN>
				<TOKEN end_char="3280" id="token-14-33" start_char="3274">company</TOKEN>
				<TOKEN end_char="3283" id="token-14-34" start_char="3282">to</TOKEN>
				<TOKEN end_char="3286" id="token-14-35" start_char="3285">go</TOKEN>
				<TOKEN end_char="3293" id="token-14-36" start_char="3288">global</TOKEN>
				<TOKEN end_char="3294" id="token-14-37" start_char="3294">.</TOKEN>
			</SEG>
			<SEG end_char="3416" id="20130705_WAPO_6ee4016c-cff4-11e2-8845-d970ccb04497-15" start_char="3296">
				<ORIGINAL_TEXT>“Successful or not, this is a once-in-a-lifetime opportunity for Tencent,” Ma told CBN, a Chinese financial news network.</ORIGINAL_TEXT>
				<TOKEN end_char="3296" id="token-15-0" start_char="3296">“</TOKEN>
				<TOKEN end_char="3306" id="token-15-1" start_char="3297">Successful</TOKEN>
				<TOKEN end_char="3309" id="token-15-2" start_char="3308">or</TOKEN>
				<TOKEN end_char="3313" id="token-15-3" start_char="3311">not</TOKEN>
				<TOKEN end_char="3314" id="token-15-4" start_char="3314">,</TOKEN>
				<TOKEN end_char="3319" id="token-15-5" start_char="3316">this</TOKEN>
				<TOKEN end_char="3322" id="token-15-6" start_char="3321">is</TOKEN>
				<TOKEN end_char="3324" id="token-15-7" start_char="3324">a</TOKEN>
				<TOKEN end_char="3329" id="token-15-8" start_char="3326">once</TOKEN>
				<TOKEN end_char="3330" id="token-15-9" start_char="3330">-</TOKEN>
				<TOKEN end_char="3332" id="token-15-10" start_char="3331">in</TOKEN>
				<TOKEN end_char="3333" id="token-15-11" start_char="3333">-</TOKEN>
				<TOKEN end_char="3334" id="token-15-12" start_char="3334">a</TOKEN>
				<TOKEN end_char="3335" id="token-15-13" start_char="3335">-</TOKEN>
				<TOKEN end_char="3343" id="token-15-14" start_char="3336">lifetime</TOKEN>
				<TOKEN end_char="3355" id="token-15-15" start_char="3345">opportunity</TOKEN>
				<TOKEN end_char="3359" id="token-15-16" start_char="3357">for</TOKEN>
				<TOKEN end_char="3367" id="token-15-17" start_char="3361">Tencent</TOKEN>
				<TOKEN end_char="3369" id="token-15-18" start_char="3368">,”</TOKEN>
				<TOKEN end_char="3372" id="token-15-19" start_char="3371">Ma</TOKEN>
				<TOKEN end_char="3377" id="token-15-20" start_char="3374">told</TOKEN>
				<TOKEN end_char="3381" id="token-15-21" start_char="3379">CBN</TOKEN>
				<TOKEN end_char="3382" id="token-15-22" start_char="3382">,</TOKEN>
				<TOKEN end_char="3384" id="token-15-23" start_char="3384">a</TOKEN>
				<TOKEN end_char="3392" id="token-15-24" start_char="3386">Chinese</TOKEN>
				<TOKEN end_char="3402" id="token-15-25" start_char="3394">financial</TOKEN>
				<TOKEN end_char="3407" id="token-15-26" start_char="3404">news</TOKEN>
				<TOKEN end_char="3415" id="token-15-27" start_char="3409">network</TOKEN>
				<TOKEN end_char="3416" id="token-15-28" start_char="3416">.</TOKEN>
			</SEG>
			<SEG end_char="3661" id="20130705_WAPO_6ee4016c-cff4-11e2-8845-d970ccb04497-16" start_char="3418">
				<ORIGINAL_TEXT>WeChat, whose rivals include the United States-based Whats­App and Japanese Line messaging services, has been able to charge into new countries by using advertising that features local celebrities, including Bollywood actors and soccer players.</ORIGINAL_TEXT>
				<TOKEN end_char="3423" id="token-16-0" start_char="3418">WeChat</TOKEN>
				<TOKEN end_char="3424" id="token-16-1" start_char="3424">,</TOKEN>
				<TOKEN end_char="3430" id="token-16-2" start_char="3426">whose</TOKEN>
				<TOKEN end_char="3437" id="token-16-3" start_char="3432">rivals</TOKEN>
				<TOKEN end_char="3445" id="token-16-4" start_char="3439">include</TOKEN>
				<TOKEN end_char="3449" id="token-16-5" start_char="3447">the</TOKEN>
				<TOKEN end_char="3456" id="token-16-6" start_char="3451">United</TOKEN>
				<TOKEN end_char="3463" id="token-16-7" start_char="3458">States</TOKEN>
				<TOKEN end_char="3464" id="token-16-8" start_char="3464">-</TOKEN>
				<TOKEN end_char="3469" id="token-16-9" start_char="3465">based</TOKEN>
				<TOKEN end_char="3475" id="token-16-10" start_char="3471">Whats</TOKEN>
				<TOKEN end_char="3476" id="token-16-11" start_char="3476">­</TOKEN>
				<TOKEN end_char="3479" id="token-16-12" start_char="3477">App</TOKEN>
				<TOKEN end_char="3483" id="token-16-13" start_char="3481">and</TOKEN>
				<TOKEN end_char="3492" id="token-16-14" start_char="3485">Japanese</TOKEN>
				<TOKEN end_char="3497" id="token-16-15" start_char="3494">Line</TOKEN>
				<TOKEN end_char="3507" id="token-16-16" start_char="3499">messaging</TOKEN>
				<TOKEN end_char="3516" id="token-16-17" start_char="3509">services</TOKEN>
				<TOKEN end_char="3517" id="token-16-18" start_char="3517">,</TOKEN>
				<TOKEN end_char="3521" id="token-16-19" start_char="3519">has</TOKEN>
				<TOKEN end_char="3526" id="token-16-20" start_char="3523">been</TOKEN>
				<TOKEN end_char="3531" id="token-16-21" start_char="3528">able</TOKEN>
				<TOKEN end_char="3534" id="token-16-22" start_char="3533">to</TOKEN>
				<TOKEN end_char="3541" id="token-16-23" start_char="3536">charge</TOKEN>
				<TOKEN end_char="3546" id="token-16-24" start_char="3543">into</TOKEN>
				<TOKEN end_char="3550" id="token-16-25" start_char="3548">new</TOKEN>
				<TOKEN end_char="3560" id="token-16-26" start_char="3552">countries</TOKEN>
				<TOKEN end_char="3563" id="token-16-27" start_char="3562">by</TOKEN>
				<TOKEN end_char="3569" id="token-16-28" start_char="3565">using</TOKEN>
				<TOKEN end_char="3581" id="token-16-29" start_char="3571">advertising</TOKEN>
				<TOKEN end_char="3586" id="token-16-30" start_char="3583">that</TOKEN>
				<TOKEN end_char="3595" id="token-16-31" start_char="3588">features</TOKEN>
				<TOKEN end_char="3601" id="token-16-32" start_char="3597">local</TOKEN>
				<TOKEN end_char="3613" id="token-16-33" start_char="3603">celebrities</TOKEN>
				<TOKEN end_char="3614" id="token-16-34" start_char="3614">,</TOKEN>
				<TOKEN end_char="3624" id="token-16-35" start_char="3616">including</TOKEN>
				<TOKEN end_char="3634" id="token-16-36" start_char="3626">Bollywood</TOKEN>
				<TOKEN end_char="3641" id="token-16-37" start_char="3636">actors</TOKEN>
				<TOKEN end_char="3645" id="token-16-38" start_char="3643">and</TOKEN>
				<TOKEN end_char="3652" id="token-16-39" start_char="3647">soccer</TOKEN>
				<TOKEN end_char="3660" id="token-16-40" start_char="3654">players</TOKEN>
				<TOKEN end_char="3661" id="token-16-41" start_char="3661">.</TOKEN>
			</SEG>
			<SEG end_char="3862" id="20130705_WAPO_6ee4016c-cff4-11e2-8845-d970ccb04497-17" start_char="3663">
				<ORIGINAL_TEXT>By doing this, Tencent is showing a level of savviness about how online services must often cater to local tastes and cultural norms. If Ma succeeds, it would be a breakthrough for Chinese tech firms.</ORIGINAL_TEXT>
				<TOKEN end_char="3664" id="token-17-0" start_char="3663">By</TOKEN>
				<TOKEN end_char="3670" id="token-17-1" start_char="3666">doing</TOKEN>
				<TOKEN end_char="3675" id="token-17-2" start_char="3672">this</TOKEN>
				<TOKEN end_char="3676" id="token-17-3" start_char="3676">,</TOKEN>
				<TOKEN end_char="3684" id="token-17-4" start_char="3678">Tencent</TOKEN>
				<TOKEN end_char="3687" id="token-17-5" start_char="3686">is</TOKEN>
				<TOKEN end_char="3695" id="token-17-6" start_char="3689">showing</TOKEN>
				<TOKEN end_char="3697" id="token-17-7" start_char="3697">a</TOKEN>
				<TOKEN end_char="3703" id="token-17-8" start_char="3699">level</TOKEN>
				<TOKEN end_char="3706" id="token-17-9" start_char="3705">of</TOKEN>
				<TOKEN end_char="3716" id="token-17-10" start_char="3708">savviness</TOKEN>
				<TOKEN end_char="3722" id="token-17-11" start_char="3718">about</TOKEN>
				<TOKEN end_char="3726" id="token-17-12" start_char="3724">how</TOKEN>
				<TOKEN end_char="3733" id="token-17-13" start_char="3728">online</TOKEN>
				<TOKEN end_char="3742" id="token-17-14" start_char="3735">services</TOKEN>
				<TOKEN end_char="3747" id="token-17-15" start_char="3744">must</TOKEN>
				<TOKEN end_char="3753" id="token-17-16" start_char="3749">often</TOKEN>
				<TOKEN end_char="3759" id="token-17-17" start_char="3755">cater</TOKEN>
				<TOKEN end_char="3762" id="token-17-18" start_char="3761">to</TOKEN>
				<TOKEN end_char="3768" id="token-17-19" start_char="3764">local</TOKEN>
				<TOKEN end_char="3775" id="token-17-20" start_char="3770">tastes</TOKEN>
				<TOKEN end_char="3779" id="token-17-21" start_char="3777">and</TOKEN>
				<TOKEN end_char="3788" id="token-17-22" start_char="3781">cultural</TOKEN>
				<TOKEN end_char="3794" id="token-17-23" start_char="3790">norms</TOKEN>
				<TOKEN end_char="3795" id="token-17-24" start_char="3795">.</TOKEN>
				<TOKEN end_char="3798" id="token-17-25" start_char="3797">If</TOKEN>
				<TOKEN end_char="3801" id="token-17-26" start_char="3800">Ma</TOKEN>
				<TOKEN end_char="3810" id="token-17-27" start_char="3803">succeeds</TOKEN>
				<TOKEN end_char="3811" id="token-17-28" start_char="3811">,</TOKEN>
				<TOKEN end_char="3814" id="token-17-29" start_char="3813">it</TOKEN>
				<TOKEN end_char="3820" id="token-17-30" start_char="3816">would</TOKEN>
				<TOKEN end_char="3823" id="token-17-31" start_char="3822">be</TOKEN>
				<TOKEN end_char="3825" id="token-17-32" start_char="3825">a</TOKEN>
				<TOKEN end_char="3838" id="token-17-33" start_char="3827">breakthrough</TOKEN>
				<TOKEN end_char="3842" id="token-17-34" start_char="3840">for</TOKEN>
				<TOKEN end_char="3850" id="token-17-35" start_char="3844">Chinese</TOKEN>
				<TOKEN end_char="3855" id="token-17-36" start_char="3852">tech</TOKEN>
				<TOKEN end_char="3861" id="token-17-37" start_char="3857">firms</TOKEN>
				<TOKEN end_char="3862" id="token-17-38" start_char="3862">.</TOKEN>
			</SEG>
		</TEXT>
	</DOC>
</LCTL_TEXT>
