<?xml version="1.0" encoding="utf-8"?>
<LCTL_TEXT>
	<DOC id="20130624_WAPO_ece59c9c-dcfb-11e2-9218-bc2ac7cd44e2">
		<TEXT>
			<SEG end_char="60" id="20130624_WAPO_ece59c9c-dcfb-11e2-9218-bc2ac7cd44e2-0" start_char="0">
				<ORIGINAL_TEXT>In Va., Tesla Motors has a showroom where it can’t make sales</ORIGINAL_TEXT>
				<TOKEN end_char="1" id="token-0-0" start_char="0">In</TOKEN>
				<TOKEN end_char="4" id="token-0-1" start_char="3">Va</TOKEN>
				<TOKEN end_char="6" id="token-0-2" start_char="5">.,</TOKEN>
				<TOKEN end_char="12" id="token-0-3" start_char="8">Tesla</TOKEN>
				<TOKEN end_char="19" id="token-0-4" start_char="14">Motors</TOKEN>
				<TOKEN end_char="23" id="token-0-5" start_char="21">has</TOKEN>
				<TOKEN end_char="25" id="token-0-6" start_char="25">a</TOKEN>
				<TOKEN end_char="34" id="token-0-7" start_char="27">showroom</TOKEN>
				<TOKEN end_char="40" id="token-0-8" start_char="36">where</TOKEN>
				<TOKEN end_char="43" id="token-0-9" start_char="42">it</TOKEN>
				<TOKEN end_char="47" id="token-0-10" start_char="45">can</TOKEN>
				<TOKEN end_char="48" id="token-0-11" start_char="48">’</TOKEN>
				<TOKEN end_char="49" id="token-0-12" start_char="49">t</TOKEN>
				<TOKEN end_char="54" id="token-0-13" start_char="51">make</TOKEN>
				<TOKEN end_char="60" id="token-0-14" start_char="56">sales</TOKEN>
			</SEG>
			<SEG end_char="101" id="20130624_WAPO_ece59c9c-dcfb-11e2-9218-bc2ac7cd44e2-1" start_char="62">
				<ORIGINAL_TEXT>Monday, June 24, 2013 18:25:54 GMT-05:00</ORIGINAL_TEXT>
				<TOKEN end_char="67" id="token-1-0" start_char="62">Monday</TOKEN>
				<TOKEN end_char="68" id="token-1-1" start_char="68">,</TOKEN>
				<TOKEN end_char="73" id="token-1-2" start_char="70">June</TOKEN>
				<TOKEN end_char="76" id="token-1-3" start_char="75">24</TOKEN>
				<TOKEN end_char="77" id="token-1-4" start_char="77">,</TOKEN>
				<TOKEN end_char="82" id="token-1-5" start_char="79">2013</TOKEN>
				<TOKEN end_char="85" id="token-1-6" start_char="84">18</TOKEN>
				<TOKEN end_char="86" id="token-1-7" start_char="86">:</TOKEN>
				<TOKEN end_char="88" id="token-1-8" start_char="87">25</TOKEN>
				<TOKEN end_char="89" id="token-1-9" start_char="89">:</TOKEN>
				<TOKEN end_char="91" id="token-1-10" start_char="90">54</TOKEN>
				<TOKEN end_char="95" id="token-1-11" start_char="93">GMT</TOKEN>
				<TOKEN end_char="96" id="token-1-12" start_char="96">-</TOKEN>
				<TOKEN end_char="98" id="token-1-13" start_char="97">05</TOKEN>
				<TOKEN end_char="99" id="token-1-14" start_char="99">:</TOKEN>
				<TOKEN end_char="101" id="token-1-15" start_char="100">00</TOKEN>
			</SEG>
			<SEG end_char="160" id="20130624_WAPO_ece59c9c-dcfb-11e2-9218-bc2ac7cd44e2-2" start_char="103">
				<ORIGINAL_TEXT>It hasn’t been a smooth ride for Tesla Motors in Virginia.</ORIGINAL_TEXT>
				<TOKEN end_char="104" id="token-2-0" start_char="103">It</TOKEN>
				<TOKEN end_char="109" id="token-2-1" start_char="106">hasn</TOKEN>
				<TOKEN end_char="110" id="token-2-2" start_char="110">’</TOKEN>
				<TOKEN end_char="111" id="token-2-3" start_char="111">t</TOKEN>
				<TOKEN end_char="116" id="token-2-4" start_char="113">been</TOKEN>
				<TOKEN end_char="118" id="token-2-5" start_char="118">a</TOKEN>
				<TOKEN end_char="125" id="token-2-6" start_char="120">smooth</TOKEN>
				<TOKEN end_char="130" id="token-2-7" start_char="127">ride</TOKEN>
				<TOKEN end_char="134" id="token-2-8" start_char="132">for</TOKEN>
				<TOKEN end_char="140" id="token-2-9" start_char="136">Tesla</TOKEN>
				<TOKEN end_char="147" id="token-2-10" start_char="142">Motors</TOKEN>
				<TOKEN end_char="150" id="token-2-11" start_char="149">in</TOKEN>
				<TOKEN end_char="159" id="token-2-12" start_char="152">Virginia</TOKEN>
				<TOKEN end_char="160" id="token-2-13" start_char="160">.</TOKEN>
			</SEG>
			<SEG end_char="400" id="20130624_WAPO_ece59c9c-dcfb-11e2-9218-bc2ac7cd44e2-3" start_char="162">
				<ORIGINAL_TEXT>Nearly two months ago, the electric vehicle manufacturer known for its six-figure price tags opened a gallery at Tysons Corner. Potential customers can check out the Model S, chat with employees and pick up a Tesla T-shirt or baseball cap.</ORIGINAL_TEXT>
				<TOKEN end_char="167" id="token-3-0" start_char="162">Nearly</TOKEN>
				<TOKEN end_char="171" id="token-3-1" start_char="169">two</TOKEN>
				<TOKEN end_char="178" id="token-3-2" start_char="173">months</TOKEN>
				<TOKEN end_char="182" id="token-3-3" start_char="180">ago</TOKEN>
				<TOKEN end_char="183" id="token-3-4" start_char="183">,</TOKEN>
				<TOKEN end_char="187" id="token-3-5" start_char="185">the</TOKEN>
				<TOKEN end_char="196" id="token-3-6" start_char="189">electric</TOKEN>
				<TOKEN end_char="204" id="token-3-7" start_char="198">vehicle</TOKEN>
				<TOKEN end_char="217" id="token-3-8" start_char="206">manufacturer</TOKEN>
				<TOKEN end_char="223" id="token-3-9" start_char="219">known</TOKEN>
				<TOKEN end_char="227" id="token-3-10" start_char="225">for</TOKEN>
				<TOKEN end_char="231" id="token-3-11" start_char="229">its</TOKEN>
				<TOKEN end_char="235" id="token-3-12" start_char="233">six</TOKEN>
				<TOKEN end_char="236" id="token-3-13" start_char="236">-</TOKEN>
				<TOKEN end_char="242" id="token-3-14" start_char="237">figure</TOKEN>
				<TOKEN end_char="248" id="token-3-15" start_char="244">price</TOKEN>
				<TOKEN end_char="253" id="token-3-16" start_char="250">tags</TOKEN>
				<TOKEN end_char="260" id="token-3-17" start_char="255">opened</TOKEN>
				<TOKEN end_char="262" id="token-3-18" start_char="262">a</TOKEN>
				<TOKEN end_char="270" id="token-3-19" start_char="264">gallery</TOKEN>
				<TOKEN end_char="273" id="token-3-20" start_char="272">at</TOKEN>
				<TOKEN end_char="280" id="token-3-21" start_char="275">Tysons</TOKEN>
				<TOKEN end_char="287" id="token-3-22" start_char="282">Corner</TOKEN>
				<TOKEN end_char="288" id="token-3-23" start_char="288">.</TOKEN>
				<TOKEN end_char="298" id="token-3-24" start_char="290">Potential</TOKEN>
				<TOKEN end_char="308" id="token-3-25" start_char="300">customers</TOKEN>
				<TOKEN end_char="312" id="token-3-26" start_char="310">can</TOKEN>
				<TOKEN end_char="318" id="token-3-27" start_char="314">check</TOKEN>
				<TOKEN end_char="322" id="token-3-28" start_char="320">out</TOKEN>
				<TOKEN end_char="326" id="token-3-29" start_char="324">the</TOKEN>
				<TOKEN end_char="332" id="token-3-30" start_char="328">Model</TOKEN>
				<TOKEN end_char="334" id="token-3-31" start_char="334">S</TOKEN>
				<TOKEN end_char="335" id="token-3-32" start_char="335">,</TOKEN>
				<TOKEN end_char="340" id="token-3-33" start_char="337">chat</TOKEN>
				<TOKEN end_char="345" id="token-3-34" start_char="342">with</TOKEN>
				<TOKEN end_char="355" id="token-3-35" start_char="347">employees</TOKEN>
				<TOKEN end_char="359" id="token-3-36" start_char="357">and</TOKEN>
				<TOKEN end_char="364" id="token-3-37" start_char="361">pick</TOKEN>
				<TOKEN end_char="367" id="token-3-38" start_char="366">up</TOKEN>
				<TOKEN end_char="369" id="token-3-39" start_char="369">a</TOKEN>
				<TOKEN end_char="375" id="token-3-40" start_char="371">Tesla</TOKEN>
				<TOKEN end_char="377" id="token-3-41" start_char="377">T</TOKEN>
				<TOKEN end_char="378" id="token-3-42" start_char="378">-</TOKEN>
				<TOKEN end_char="383" id="token-3-43" start_char="379">shirt</TOKEN>
				<TOKEN end_char="386" id="token-3-44" start_char="385">or</TOKEN>
				<TOKEN end_char="395" id="token-3-45" start_char="388">baseball</TOKEN>
				<TOKEN end_char="399" id="token-3-46" start_char="397">cap</TOKEN>
				<TOKEN end_char="400" id="token-3-47" start_char="400">.</TOKEN>
			</SEG>
			<SEG end_char="426" id="20130624_WAPO_ece59c9c-dcfb-11e2-9218-bc2ac7cd44e2-4" start_char="402">
				<ORIGINAL_TEXT>But they can’t buy a car.</ORIGINAL_TEXT>
				<TOKEN end_char="404" id="token-4-0" start_char="402">But</TOKEN>
				<TOKEN end_char="409" id="token-4-1" start_char="406">they</TOKEN>
				<TOKEN end_char="413" id="token-4-2" start_char="411">can</TOKEN>
				<TOKEN end_char="414" id="token-4-3" start_char="414">’</TOKEN>
				<TOKEN end_char="415" id="token-4-4" start_char="415">t</TOKEN>
				<TOKEN end_char="419" id="token-4-5" start_char="417">buy</TOKEN>
				<TOKEN end_char="421" id="token-4-6" start_char="421">a</TOKEN>
				<TOKEN end_char="425" id="token-4-7" start_char="423">car</TOKEN>
				<TOKEN end_char="426" id="token-4-8" start_char="426">.</TOKEN>
			</SEG>
			<SEG end_char="699" id="20130624_WAPO_ece59c9c-dcfb-11e2-9218-bc2ac7cd44e2-5" start_char="428">
				<ORIGINAL_TEXT>Virginia law prohibits car manufacturers from operating their own dealerships, partly to encourage competition and protect consumers. So the California-based company is using the Tysons Corner location as a showroom where employees are forbidden from discussing purchases.</ORIGINAL_TEXT>
				<TOKEN end_char="435" id="token-5-0" start_char="428">Virginia</TOKEN>
				<TOKEN end_char="439" id="token-5-1" start_char="437">law</TOKEN>
				<TOKEN end_char="449" id="token-5-2" start_char="441">prohibits</TOKEN>
				<TOKEN end_char="453" id="token-5-3" start_char="451">car</TOKEN>
				<TOKEN end_char="467" id="token-5-4" start_char="455">manufacturers</TOKEN>
				<TOKEN end_char="472" id="token-5-5" start_char="469">from</TOKEN>
				<TOKEN end_char="482" id="token-5-6" start_char="474">operating</TOKEN>
				<TOKEN end_char="488" id="token-5-7" start_char="484">their</TOKEN>
				<TOKEN end_char="492" id="token-5-8" start_char="490">own</TOKEN>
				<TOKEN end_char="504" id="token-5-9" start_char="494">dealerships</TOKEN>
				<TOKEN end_char="505" id="token-5-10" start_char="505">,</TOKEN>
				<TOKEN end_char="512" id="token-5-11" start_char="507">partly</TOKEN>
				<TOKEN end_char="515" id="token-5-12" start_char="514">to</TOKEN>
				<TOKEN end_char="525" id="token-5-13" start_char="517">encourage</TOKEN>
				<TOKEN end_char="537" id="token-5-14" start_char="527">competition</TOKEN>
				<TOKEN end_char="541" id="token-5-15" start_char="539">and</TOKEN>
				<TOKEN end_char="549" id="token-5-16" start_char="543">protect</TOKEN>
				<TOKEN end_char="559" id="token-5-17" start_char="551">consumers</TOKEN>
				<TOKEN end_char="560" id="token-5-18" start_char="560">.</TOKEN>
				<TOKEN end_char="563" id="token-5-19" start_char="562">So</TOKEN>
				<TOKEN end_char="567" id="token-5-20" start_char="565">the</TOKEN>
				<TOKEN end_char="578" id="token-5-21" start_char="569">California</TOKEN>
				<TOKEN end_char="579" id="token-5-22" start_char="579">-</TOKEN>
				<TOKEN end_char="584" id="token-5-23" start_char="580">based</TOKEN>
				<TOKEN end_char="592" id="token-5-24" start_char="586">company</TOKEN>
				<TOKEN end_char="595" id="token-5-25" start_char="594">is</TOKEN>
				<TOKEN end_char="601" id="token-5-26" start_char="597">using</TOKEN>
				<TOKEN end_char="605" id="token-5-27" start_char="603">the</TOKEN>
				<TOKEN end_char="612" id="token-5-28" start_char="607">Tysons</TOKEN>
				<TOKEN end_char="619" id="token-5-29" start_char="614">Corner</TOKEN>
				<TOKEN end_char="628" id="token-5-30" start_char="621">location</TOKEN>
				<TOKEN end_char="631" id="token-5-31" start_char="630">as</TOKEN>
				<TOKEN end_char="633" id="token-5-32" start_char="633">a</TOKEN>
				<TOKEN end_char="642" id="token-5-33" start_char="635">showroom</TOKEN>
				<TOKEN end_char="648" id="token-5-34" start_char="644">where</TOKEN>
				<TOKEN end_char="658" id="token-5-35" start_char="650">employees</TOKEN>
				<TOKEN end_char="662" id="token-5-36" start_char="660">are</TOKEN>
				<TOKEN end_char="672" id="token-5-37" start_char="664">forbidden</TOKEN>
				<TOKEN end_char="677" id="token-5-38" start_char="674">from</TOKEN>
				<TOKEN end_char="688" id="token-5-39" start_char="679">discussing</TOKEN>
				<TOKEN end_char="698" id="token-5-40" start_char="690">purchases</TOKEN>
				<TOKEN end_char="699" id="token-5-41" start_char="699">.</TOKEN>
			</SEG>
			<SEG end_char="893" id="20130624_WAPO_ece59c9c-dcfb-11e2-9218-bc2ac7cd44e2-6" start_char="701">
				<ORIGINAL_TEXT>The car manufacturer has petitioned Virginia to grant it an exemption. If granted, it could set a precedent for car manufacturers looking to sell their cars in the state without the middle man.</ORIGINAL_TEXT>
				<TOKEN end_char="703" id="token-6-0" start_char="701">The</TOKEN>
				<TOKEN end_char="707" id="token-6-1" start_char="705">car</TOKEN>
				<TOKEN end_char="720" id="token-6-2" start_char="709">manufacturer</TOKEN>
				<TOKEN end_char="724" id="token-6-3" start_char="722">has</TOKEN>
				<TOKEN end_char="735" id="token-6-4" start_char="726">petitioned</TOKEN>
				<TOKEN end_char="744" id="token-6-5" start_char="737">Virginia</TOKEN>
				<TOKEN end_char="747" id="token-6-6" start_char="746">to</TOKEN>
				<TOKEN end_char="753" id="token-6-7" start_char="749">grant</TOKEN>
				<TOKEN end_char="756" id="token-6-8" start_char="755">it</TOKEN>
				<TOKEN end_char="759" id="token-6-9" start_char="758">an</TOKEN>
				<TOKEN end_char="769" id="token-6-10" start_char="761">exemption</TOKEN>
				<TOKEN end_char="770" id="token-6-11" start_char="770">.</TOKEN>
				<TOKEN end_char="773" id="token-6-12" start_char="772">If</TOKEN>
				<TOKEN end_char="781" id="token-6-13" start_char="775">granted</TOKEN>
				<TOKEN end_char="782" id="token-6-14" start_char="782">,</TOKEN>
				<TOKEN end_char="785" id="token-6-15" start_char="784">it</TOKEN>
				<TOKEN end_char="791" id="token-6-16" start_char="787">could</TOKEN>
				<TOKEN end_char="795" id="token-6-17" start_char="793">set</TOKEN>
				<TOKEN end_char="797" id="token-6-18" start_char="797">a</TOKEN>
				<TOKEN end_char="807" id="token-6-19" start_char="799">precedent</TOKEN>
				<TOKEN end_char="811" id="token-6-20" start_char="809">for</TOKEN>
				<TOKEN end_char="815" id="token-6-21" start_char="813">car</TOKEN>
				<TOKEN end_char="829" id="token-6-22" start_char="817">manufacturers</TOKEN>
				<TOKEN end_char="837" id="token-6-23" start_char="831">looking</TOKEN>
				<TOKEN end_char="840" id="token-6-24" start_char="839">to</TOKEN>
				<TOKEN end_char="845" id="token-6-25" start_char="842">sell</TOKEN>
				<TOKEN end_char="851" id="token-6-26" start_char="847">their</TOKEN>
				<TOKEN end_char="856" id="token-6-27" start_char="853">cars</TOKEN>
				<TOKEN end_char="859" id="token-6-28" start_char="858">in</TOKEN>
				<TOKEN end_char="863" id="token-6-29" start_char="861">the</TOKEN>
				<TOKEN end_char="869" id="token-6-30" start_char="865">state</TOKEN>
				<TOKEN end_char="877" id="token-6-31" start_char="871">without</TOKEN>
				<TOKEN end_char="881" id="token-6-32" start_char="879">the</TOKEN>
				<TOKEN end_char="888" id="token-6-33" start_char="883">middle</TOKEN>
				<TOKEN end_char="892" id="token-6-34" start_char="890">man</TOKEN>
				<TOKEN end_char="893" id="token-6-35" start_char="893">.</TOKEN>
			</SEG>
			<SEG end_char="1146" id="20130624_WAPO_ece59c9c-dcfb-11e2-9218-bc2ac7cd44e2-7" start_char="895">
				<ORIGINAL_TEXT>“This would be opening the door,” said George Hoffer, a transportation economics professor at the University of Richmond. “There would be other people, other manufacturers, especially from abroad, who would like to come in and use this business model.”</ORIGINAL_TEXT>
				<TOKEN end_char="895" id="token-7-0" start_char="895">“</TOKEN>
				<TOKEN end_char="899" id="token-7-1" start_char="896">This</TOKEN>
				<TOKEN end_char="905" id="token-7-2" start_char="901">would</TOKEN>
				<TOKEN end_char="908" id="token-7-3" start_char="907">be</TOKEN>
				<TOKEN end_char="916" id="token-7-4" start_char="910">opening</TOKEN>
				<TOKEN end_char="920" id="token-7-5" start_char="918">the</TOKEN>
				<TOKEN end_char="925" id="token-7-6" start_char="922">door</TOKEN>
				<TOKEN end_char="927" id="token-7-7" start_char="926">,”</TOKEN>
				<TOKEN end_char="932" id="token-7-8" start_char="929">said</TOKEN>
				<TOKEN end_char="939" id="token-7-9" start_char="934">George</TOKEN>
				<TOKEN end_char="946" id="token-7-10" start_char="941">Hoffer</TOKEN>
				<TOKEN end_char="947" id="token-7-11" start_char="947">,</TOKEN>
				<TOKEN end_char="949" id="token-7-12" start_char="949">a</TOKEN>
				<TOKEN end_char="964" id="token-7-13" start_char="951">transportation</TOKEN>
				<TOKEN end_char="974" id="token-7-14" start_char="966">economics</TOKEN>
				<TOKEN end_char="984" id="token-7-15" start_char="976">professor</TOKEN>
				<TOKEN end_char="987" id="token-7-16" start_char="986">at</TOKEN>
				<TOKEN end_char="991" id="token-7-17" start_char="989">the</TOKEN>
				<TOKEN end_char="1002" id="token-7-18" start_char="993">University</TOKEN>
				<TOKEN end_char="1005" id="token-7-19" start_char="1004">of</TOKEN>
				<TOKEN end_char="1014" id="token-7-20" start_char="1007">Richmond</TOKEN>
				<TOKEN end_char="1015" id="token-7-21" start_char="1015">.</TOKEN>
				<TOKEN end_char="1017" id="token-7-22" start_char="1017">“</TOKEN>
				<TOKEN end_char="1022" id="token-7-23" start_char="1018">There</TOKEN>
				<TOKEN end_char="1028" id="token-7-24" start_char="1024">would</TOKEN>
				<TOKEN end_char="1031" id="token-7-25" start_char="1030">be</TOKEN>
				<TOKEN end_char="1037" id="token-7-26" start_char="1033">other</TOKEN>
				<TOKEN end_char="1044" id="token-7-27" start_char="1039">people</TOKEN>
				<TOKEN end_char="1045" id="token-7-28" start_char="1045">,</TOKEN>
				<TOKEN end_char="1051" id="token-7-29" start_char="1047">other</TOKEN>
				<TOKEN end_char="1065" id="token-7-30" start_char="1053">manufacturers</TOKEN>
				<TOKEN end_char="1066" id="token-7-31" start_char="1066">,</TOKEN>
				<TOKEN end_char="1077" id="token-7-32" start_char="1068">especially</TOKEN>
				<TOKEN end_char="1082" id="token-7-33" start_char="1079">from</TOKEN>
				<TOKEN end_char="1089" id="token-7-34" start_char="1084">abroad</TOKEN>
				<TOKEN end_char="1090" id="token-7-35" start_char="1090">,</TOKEN>
				<TOKEN end_char="1094" id="token-7-36" start_char="1092">who</TOKEN>
				<TOKEN end_char="1100" id="token-7-37" start_char="1096">would</TOKEN>
				<TOKEN end_char="1105" id="token-7-38" start_char="1102">like</TOKEN>
				<TOKEN end_char="1108" id="token-7-39" start_char="1107">to</TOKEN>
				<TOKEN end_char="1113" id="token-7-40" start_char="1110">come</TOKEN>
				<TOKEN end_char="1116" id="token-7-41" start_char="1115">in</TOKEN>
				<TOKEN end_char="1120" id="token-7-42" start_char="1118">and</TOKEN>
				<TOKEN end_char="1124" id="token-7-43" start_char="1122">use</TOKEN>
				<TOKEN end_char="1129" id="token-7-44" start_char="1126">this</TOKEN>
				<TOKEN end_char="1138" id="token-7-45" start_char="1131">business</TOKEN>
				<TOKEN end_char="1144" id="token-7-46" start_char="1140">model</TOKEN>
				<TOKEN end_char="1146" id="token-7-47" start_char="1145">.”</TOKEN>
			</SEG>
			<SEG end_char="1350" id="20130624_WAPO_ece59c9c-dcfb-11e2-9218-bc2ac7cd44e2-8" start_char="1148">
				<ORIGINAL_TEXT>Tesla’s current model revolves around selling its products not through a dealer but directly to customers, usually online, according to Diarmuid O’Connell, Tesla’s vice president of business development.</ORIGINAL_TEXT>
				<TOKEN end_char="1152" id="token-8-0" start_char="1148">Tesla</TOKEN>
				<TOKEN end_char="1153" id="token-8-1" start_char="1153">’</TOKEN>
				<TOKEN end_char="1154" id="token-8-2" start_char="1154">s</TOKEN>
				<TOKEN end_char="1162" id="token-8-3" start_char="1156">current</TOKEN>
				<TOKEN end_char="1168" id="token-8-4" start_char="1164">model</TOKEN>
				<TOKEN end_char="1177" id="token-8-5" start_char="1170">revolves</TOKEN>
				<TOKEN end_char="1184" id="token-8-6" start_char="1179">around</TOKEN>
				<TOKEN end_char="1192" id="token-8-7" start_char="1186">selling</TOKEN>
				<TOKEN end_char="1196" id="token-8-8" start_char="1194">its</TOKEN>
				<TOKEN end_char="1205" id="token-8-9" start_char="1198">products</TOKEN>
				<TOKEN end_char="1209" id="token-8-10" start_char="1207">not</TOKEN>
				<TOKEN end_char="1217" id="token-8-11" start_char="1211">through</TOKEN>
				<TOKEN end_char="1219" id="token-8-12" start_char="1219">a</TOKEN>
				<TOKEN end_char="1226" id="token-8-13" start_char="1221">dealer</TOKEN>
				<TOKEN end_char="1230" id="token-8-14" start_char="1228">but</TOKEN>
				<TOKEN end_char="1239" id="token-8-15" start_char="1232">directly</TOKEN>
				<TOKEN end_char="1242" id="token-8-16" start_char="1241">to</TOKEN>
				<TOKEN end_char="1252" id="token-8-17" start_char="1244">customers</TOKEN>
				<TOKEN end_char="1253" id="token-8-18" start_char="1253">,</TOKEN>
				<TOKEN end_char="1261" id="token-8-19" start_char="1255">usually</TOKEN>
				<TOKEN end_char="1268" id="token-8-20" start_char="1263">online</TOKEN>
				<TOKEN end_char="1269" id="token-8-21" start_char="1269">,</TOKEN>
				<TOKEN end_char="1279" id="token-8-22" start_char="1271">according</TOKEN>
				<TOKEN end_char="1282" id="token-8-23" start_char="1281">to</TOKEN>
				<TOKEN end_char="1291" id="token-8-24" start_char="1284">Diarmuid</TOKEN>
				<TOKEN end_char="1293" id="token-8-25" start_char="1293">O</TOKEN>
				<TOKEN end_char="1294" id="token-8-26" start_char="1294">’</TOKEN>
				<TOKEN end_char="1301" id="token-8-27" start_char="1295">Connell</TOKEN>
				<TOKEN end_char="1302" id="token-8-28" start_char="1302">,</TOKEN>
				<TOKEN end_char="1308" id="token-8-29" start_char="1304">Tesla</TOKEN>
				<TOKEN end_char="1309" id="token-8-30" start_char="1309">’</TOKEN>
				<TOKEN end_char="1310" id="token-8-31" start_char="1310">s</TOKEN>
				<TOKEN end_char="1315" id="token-8-32" start_char="1312">vice</TOKEN>
				<TOKEN end_char="1325" id="token-8-33" start_char="1317">president</TOKEN>
				<TOKEN end_char="1328" id="token-8-34" start_char="1327">of</TOKEN>
				<TOKEN end_char="1337" id="token-8-35" start_char="1330">business</TOKEN>
				<TOKEN end_char="1349" id="token-8-36" start_char="1339">development</TOKEN>
				<TOKEN end_char="1350" id="token-8-37" start_char="1350">.</TOKEN>
			</SEG>
			<SEG end_char="1586" id="20130624_WAPO_ece59c9c-dcfb-11e2-9218-bc2ac7cd44e2-9" start_char="1352">
				<ORIGINAL_TEXT>But Tesla is hitting roadblocks like the one in Virginia across the country, most recently in North Carolina, Texas, Minnesota and New York. Forty-eight states ban or limit direct sales of automobiles, according to the Chicago Tribune.</ORIGINAL_TEXT>
				<TOKEN end_char="1354" id="token-9-0" start_char="1352">But</TOKEN>
				<TOKEN end_char="1360" id="token-9-1" start_char="1356">Tesla</TOKEN>
				<TOKEN end_char="1363" id="token-9-2" start_char="1362">is</TOKEN>
				<TOKEN end_char="1371" id="token-9-3" start_char="1365">hitting</TOKEN>
				<TOKEN end_char="1382" id="token-9-4" start_char="1373">roadblocks</TOKEN>
				<TOKEN end_char="1387" id="token-9-5" start_char="1384">like</TOKEN>
				<TOKEN end_char="1391" id="token-9-6" start_char="1389">the</TOKEN>
				<TOKEN end_char="1395" id="token-9-7" start_char="1393">one</TOKEN>
				<TOKEN end_char="1398" id="token-9-8" start_char="1397">in</TOKEN>
				<TOKEN end_char="1407" id="token-9-9" start_char="1400">Virginia</TOKEN>
				<TOKEN end_char="1414" id="token-9-10" start_char="1409">across</TOKEN>
				<TOKEN end_char="1418" id="token-9-11" start_char="1416">the</TOKEN>
				<TOKEN end_char="1426" id="token-9-12" start_char="1420">country</TOKEN>
				<TOKEN end_char="1427" id="token-9-13" start_char="1427">,</TOKEN>
				<TOKEN end_char="1432" id="token-9-14" start_char="1429">most</TOKEN>
				<TOKEN end_char="1441" id="token-9-15" start_char="1434">recently</TOKEN>
				<TOKEN end_char="1444" id="token-9-16" start_char="1443">in</TOKEN>
				<TOKEN end_char="1450" id="token-9-17" start_char="1446">North</TOKEN>
				<TOKEN end_char="1459" id="token-9-18" start_char="1452">Carolina</TOKEN>
				<TOKEN end_char="1460" id="token-9-19" start_char="1460">,</TOKEN>
				<TOKEN end_char="1466" id="token-9-20" start_char="1462">Texas</TOKEN>
				<TOKEN end_char="1467" id="token-9-21" start_char="1467">,</TOKEN>
				<TOKEN end_char="1477" id="token-9-22" start_char="1469">Minnesota</TOKEN>
				<TOKEN end_char="1481" id="token-9-23" start_char="1479">and</TOKEN>
				<TOKEN end_char="1485" id="token-9-24" start_char="1483">New</TOKEN>
				<TOKEN end_char="1490" id="token-9-25" start_char="1487">York</TOKEN>
				<TOKEN end_char="1491" id="token-9-26" start_char="1491">.</TOKEN>
				<TOKEN end_char="1497" id="token-9-27" start_char="1493">Forty</TOKEN>
				<TOKEN end_char="1498" id="token-9-28" start_char="1498">-</TOKEN>
				<TOKEN end_char="1503" id="token-9-29" start_char="1499">eight</TOKEN>
				<TOKEN end_char="1510" id="token-9-30" start_char="1505">states</TOKEN>
				<TOKEN end_char="1514" id="token-9-31" start_char="1512">ban</TOKEN>
				<TOKEN end_char="1517" id="token-9-32" start_char="1516">or</TOKEN>
				<TOKEN end_char="1523" id="token-9-33" start_char="1519">limit</TOKEN>
				<TOKEN end_char="1530" id="token-9-34" start_char="1525">direct</TOKEN>
				<TOKEN end_char="1536" id="token-9-35" start_char="1532">sales</TOKEN>
				<TOKEN end_char="1539" id="token-9-36" start_char="1538">of</TOKEN>
				<TOKEN end_char="1551" id="token-9-37" start_char="1541">automobiles</TOKEN>
				<TOKEN end_char="1552" id="token-9-38" start_char="1552">,</TOKEN>
				<TOKEN end_char="1562" id="token-9-39" start_char="1554">according</TOKEN>
				<TOKEN end_char="1565" id="token-9-40" start_char="1564">to</TOKEN>
				<TOKEN end_char="1569" id="token-9-41" start_char="1567">the</TOKEN>
				<TOKEN end_char="1577" id="token-9-42" start_char="1571">Chicago</TOKEN>
				<TOKEN end_char="1585" id="token-9-43" start_char="1579">Tribune</TOKEN>
				<TOKEN end_char="1586" id="token-9-44" start_char="1586">.</TOKEN>
			</SEG>
			<SEG end_char="1763" id="20130624_WAPO_ece59c9c-dcfb-11e2-9218-bc2ac7cd44e2-10" start_char="1588">
				<ORIGINAL_TEXT>In the future, Tesla may use both its own dealerships and independently owned ones, O’Connell said, but for now the company wants to guide customers through the new technology.</ORIGINAL_TEXT>
				<TOKEN end_char="1589" id="token-10-0" start_char="1588">In</TOKEN>
				<TOKEN end_char="1593" id="token-10-1" start_char="1591">the</TOKEN>
				<TOKEN end_char="1600" id="token-10-2" start_char="1595">future</TOKEN>
				<TOKEN end_char="1601" id="token-10-3" start_char="1601">,</TOKEN>
				<TOKEN end_char="1607" id="token-10-4" start_char="1603">Tesla</TOKEN>
				<TOKEN end_char="1611" id="token-10-5" start_char="1609">may</TOKEN>
				<TOKEN end_char="1615" id="token-10-6" start_char="1613">use</TOKEN>
				<TOKEN end_char="1620" id="token-10-7" start_char="1617">both</TOKEN>
				<TOKEN end_char="1624" id="token-10-8" start_char="1622">its</TOKEN>
				<TOKEN end_char="1628" id="token-10-9" start_char="1626">own</TOKEN>
				<TOKEN end_char="1640" id="token-10-10" start_char="1630">dealerships</TOKEN>
				<TOKEN end_char="1644" id="token-10-11" start_char="1642">and</TOKEN>
				<TOKEN end_char="1658" id="token-10-12" start_char="1646">independently</TOKEN>
				<TOKEN end_char="1664" id="token-10-13" start_char="1660">owned</TOKEN>
				<TOKEN end_char="1669" id="token-10-14" start_char="1666">ones</TOKEN>
				<TOKEN end_char="1670" id="token-10-15" start_char="1670">,</TOKEN>
				<TOKEN end_char="1672" id="token-10-16" start_char="1672">O</TOKEN>
				<TOKEN end_char="1673" id="token-10-17" start_char="1673">’</TOKEN>
				<TOKEN end_char="1680" id="token-10-18" start_char="1674">Connell</TOKEN>
				<TOKEN end_char="1685" id="token-10-19" start_char="1682">said</TOKEN>
				<TOKEN end_char="1686" id="token-10-20" start_char="1686">,</TOKEN>
				<TOKEN end_char="1690" id="token-10-21" start_char="1688">but</TOKEN>
				<TOKEN end_char="1694" id="token-10-22" start_char="1692">for</TOKEN>
				<TOKEN end_char="1698" id="token-10-23" start_char="1696">now</TOKEN>
				<TOKEN end_char="1702" id="token-10-24" start_char="1700">the</TOKEN>
				<TOKEN end_char="1710" id="token-10-25" start_char="1704">company</TOKEN>
				<TOKEN end_char="1716" id="token-10-26" start_char="1712">wants</TOKEN>
				<TOKEN end_char="1719" id="token-10-27" start_char="1718">to</TOKEN>
				<TOKEN end_char="1725" id="token-10-28" start_char="1721">guide</TOKEN>
				<TOKEN end_char="1735" id="token-10-29" start_char="1727">customers</TOKEN>
				<TOKEN end_char="1743" id="token-10-30" start_char="1737">through</TOKEN>
				<TOKEN end_char="1747" id="token-10-31" start_char="1745">the</TOKEN>
				<TOKEN end_char="1751" id="token-10-32" start_char="1749">new</TOKEN>
				<TOKEN end_char="1762" id="token-10-33" start_char="1753">technology</TOKEN>
				<TOKEN end_char="1763" id="token-10-34" start_char="1763">.</TOKEN>
			</SEG>
			<SEG end_char="2029" id="20130624_WAPO_ece59c9c-dcfb-11e2-9218-bc2ac7cd44e2-11" start_char="1765">
				<ORIGINAL_TEXT>Chief executive Elon Musk has said he might take his case to Congress or the federal courts. “If we’re seeing nonstop battles at the state level, rather than fight 20 different state battles, I’d rather fight one federal battle,” Musk told Automotive News in April.</ORIGINAL_TEXT>
				<TOKEN end_char="1769" id="token-11-0" start_char="1765">Chief</TOKEN>
				<TOKEN end_char="1779" id="token-11-1" start_char="1771">executive</TOKEN>
				<TOKEN end_char="1784" id="token-11-2" start_char="1781">Elon</TOKEN>
				<TOKEN end_char="1789" id="token-11-3" start_char="1786">Musk</TOKEN>
				<TOKEN end_char="1793" id="token-11-4" start_char="1791">has</TOKEN>
				<TOKEN end_char="1798" id="token-11-5" start_char="1795">said</TOKEN>
				<TOKEN end_char="1801" id="token-11-6" start_char="1800">he</TOKEN>
				<TOKEN end_char="1807" id="token-11-7" start_char="1803">might</TOKEN>
				<TOKEN end_char="1812" id="token-11-8" start_char="1809">take</TOKEN>
				<TOKEN end_char="1816" id="token-11-9" start_char="1814">his</TOKEN>
				<TOKEN end_char="1821" id="token-11-10" start_char="1818">case</TOKEN>
				<TOKEN end_char="1824" id="token-11-11" start_char="1823">to</TOKEN>
				<TOKEN end_char="1833" id="token-11-12" start_char="1826">Congress</TOKEN>
				<TOKEN end_char="1836" id="token-11-13" start_char="1835">or</TOKEN>
				<TOKEN end_char="1840" id="token-11-14" start_char="1838">the</TOKEN>
				<TOKEN end_char="1848" id="token-11-15" start_char="1842">federal</TOKEN>
				<TOKEN end_char="1855" id="token-11-16" start_char="1850">courts</TOKEN>
				<TOKEN end_char="1856" id="token-11-17" start_char="1856">.</TOKEN>
				<TOKEN end_char="1858" id="token-11-18" start_char="1858">“</TOKEN>
				<TOKEN end_char="1860" id="token-11-19" start_char="1859">If</TOKEN>
				<TOKEN end_char="1863" id="token-11-20" start_char="1862">we</TOKEN>
				<TOKEN end_char="1864" id="token-11-21" start_char="1864">’</TOKEN>
				<TOKEN end_char="1866" id="token-11-22" start_char="1865">re</TOKEN>
				<TOKEN end_char="1873" id="token-11-23" start_char="1868">seeing</TOKEN>
				<TOKEN end_char="1881" id="token-11-24" start_char="1875">nonstop</TOKEN>
				<TOKEN end_char="1889" id="token-11-25" start_char="1883">battles</TOKEN>
				<TOKEN end_char="1892" id="token-11-26" start_char="1891">at</TOKEN>
				<TOKEN end_char="1896" id="token-11-27" start_char="1894">the</TOKEN>
				<TOKEN end_char="1902" id="token-11-28" start_char="1898">state</TOKEN>
				<TOKEN end_char="1908" id="token-11-29" start_char="1904">level</TOKEN>
				<TOKEN end_char="1909" id="token-11-30" start_char="1909">,</TOKEN>
				<TOKEN end_char="1916" id="token-11-31" start_char="1911">rather</TOKEN>
				<TOKEN end_char="1921" id="token-11-32" start_char="1918">than</TOKEN>
				<TOKEN end_char="1927" id="token-11-33" start_char="1923">fight</TOKEN>
				<TOKEN end_char="1930" id="token-11-34" start_char="1929">20</TOKEN>
				<TOKEN end_char="1940" id="token-11-35" start_char="1932">different</TOKEN>
				<TOKEN end_char="1946" id="token-11-36" start_char="1942">state</TOKEN>
				<TOKEN end_char="1954" id="token-11-37" start_char="1948">battles</TOKEN>
				<TOKEN end_char="1955" id="token-11-38" start_char="1955">,</TOKEN>
				<TOKEN end_char="1957" id="token-11-39" start_char="1957">I</TOKEN>
				<TOKEN end_char="1958" id="token-11-40" start_char="1958">’</TOKEN>
				<TOKEN end_char="1959" id="token-11-41" start_char="1959">d</TOKEN>
				<TOKEN end_char="1966" id="token-11-42" start_char="1961">rather</TOKEN>
				<TOKEN end_char="1972" id="token-11-43" start_char="1968">fight</TOKEN>
				<TOKEN end_char="1976" id="token-11-44" start_char="1974">one</TOKEN>
				<TOKEN end_char="1984" id="token-11-45" start_char="1978">federal</TOKEN>
				<TOKEN end_char="1991" id="token-11-46" start_char="1986">battle</TOKEN>
				<TOKEN end_char="1993" id="token-11-47" start_char="1992">,”</TOKEN>
				<TOKEN end_char="1998" id="token-11-48" start_char="1995">Musk</TOKEN>
				<TOKEN end_char="2003" id="token-11-49" start_char="2000">told</TOKEN>
				<TOKEN end_char="2014" id="token-11-50" start_char="2005">Automotive</TOKEN>
				<TOKEN end_char="2019" id="token-11-51" start_char="2016">News</TOKEN>
				<TOKEN end_char="2022" id="token-11-52" start_char="2021">in</TOKEN>
				<TOKEN end_char="2028" id="token-11-53" start_char="2024">April</TOKEN>
				<TOKEN end_char="2029" id="token-11-54" start_char="2029">.</TOKEN>
			</SEG>
			<SEG end_char="2338" id="20130624_WAPO_ece59c9c-dcfb-11e2-9218-bc2ac7cd44e2-12" start_char="2031">
				<ORIGINAL_TEXT>Tesla’s journey in Virginia began in March 2012. An exemption to the no-direct-auto-sales law can be made if the commissioner of the Department of Motor Vehicles finds that no independent dealer in the community is available to “own and operate the franchise in a manner consistent with the public interest.”</ORIGINAL_TEXT>
				<TOKEN end_char="2035" id="token-12-0" start_char="2031">Tesla</TOKEN>
				<TOKEN end_char="2036" id="token-12-1" start_char="2036">’</TOKEN>
				<TOKEN end_char="2037" id="token-12-2" start_char="2037">s</TOKEN>
				<TOKEN end_char="2045" id="token-12-3" start_char="2039">journey</TOKEN>
				<TOKEN end_char="2048" id="token-12-4" start_char="2047">in</TOKEN>
				<TOKEN end_char="2057" id="token-12-5" start_char="2050">Virginia</TOKEN>
				<TOKEN end_char="2063" id="token-12-6" start_char="2059">began</TOKEN>
				<TOKEN end_char="2066" id="token-12-7" start_char="2065">in</TOKEN>
				<TOKEN end_char="2072" id="token-12-8" start_char="2068">March</TOKEN>
				<TOKEN end_char="2077" id="token-12-9" start_char="2074">2012</TOKEN>
				<TOKEN end_char="2078" id="token-12-10" start_char="2078">.</TOKEN>
				<TOKEN end_char="2081" id="token-12-11" start_char="2080">An</TOKEN>
				<TOKEN end_char="2091" id="token-12-12" start_char="2083">exemption</TOKEN>
				<TOKEN end_char="2094" id="token-12-13" start_char="2093">to</TOKEN>
				<TOKEN end_char="2098" id="token-12-14" start_char="2096">the</TOKEN>
				<TOKEN end_char="2101" id="token-12-15" start_char="2100">no</TOKEN>
				<TOKEN end_char="2102" id="token-12-16" start_char="2102">-</TOKEN>
				<TOKEN end_char="2108" id="token-12-17" start_char="2103">direct</TOKEN>
				<TOKEN end_char="2109" id="token-12-18" start_char="2109">-</TOKEN>
				<TOKEN end_char="2113" id="token-12-19" start_char="2110">auto</TOKEN>
				<TOKEN end_char="2114" id="token-12-20" start_char="2114">-</TOKEN>
				<TOKEN end_char="2119" id="token-12-21" start_char="2115">sales</TOKEN>
				<TOKEN end_char="2123" id="token-12-22" start_char="2121">law</TOKEN>
				<TOKEN end_char="2127" id="token-12-23" start_char="2125">can</TOKEN>
				<TOKEN end_char="2130" id="token-12-24" start_char="2129">be</TOKEN>
				<TOKEN end_char="2135" id="token-12-25" start_char="2132">made</TOKEN>
				<TOKEN end_char="2138" id="token-12-26" start_char="2137">if</TOKEN>
				<TOKEN end_char="2142" id="token-12-27" start_char="2140">the</TOKEN>
				<TOKEN end_char="2155" id="token-12-28" start_char="2144">commissioner</TOKEN>
				<TOKEN end_char="2158" id="token-12-29" start_char="2157">of</TOKEN>
				<TOKEN end_char="2162" id="token-12-30" start_char="2160">the</TOKEN>
				<TOKEN end_char="2173" id="token-12-31" start_char="2164">Department</TOKEN>
				<TOKEN end_char="2176" id="token-12-32" start_char="2175">of</TOKEN>
				<TOKEN end_char="2182" id="token-12-33" start_char="2178">Motor</TOKEN>
				<TOKEN end_char="2191" id="token-12-34" start_char="2184">Vehicles</TOKEN>
				<TOKEN end_char="2197" id="token-12-35" start_char="2193">finds</TOKEN>
				<TOKEN end_char="2202" id="token-12-36" start_char="2199">that</TOKEN>
				<TOKEN end_char="2205" id="token-12-37" start_char="2204">no</TOKEN>
				<TOKEN end_char="2217" id="token-12-38" start_char="2207">independent</TOKEN>
				<TOKEN end_char="2224" id="token-12-39" start_char="2219">dealer</TOKEN>
				<TOKEN end_char="2227" id="token-12-40" start_char="2226">in</TOKEN>
				<TOKEN end_char="2231" id="token-12-41" start_char="2229">the</TOKEN>
				<TOKEN end_char="2241" id="token-12-42" start_char="2233">community</TOKEN>
				<TOKEN end_char="2244" id="token-12-43" start_char="2243">is</TOKEN>
				<TOKEN end_char="2254" id="token-12-44" start_char="2246">available</TOKEN>
				<TOKEN end_char="2257" id="token-12-45" start_char="2256">to</TOKEN>
				<TOKEN end_char="2259" id="token-12-46" start_char="2259">“</TOKEN>
				<TOKEN end_char="2262" id="token-12-47" start_char="2260">own</TOKEN>
				<TOKEN end_char="2266" id="token-12-48" start_char="2264">and</TOKEN>
				<TOKEN end_char="2274" id="token-12-49" start_char="2268">operate</TOKEN>
				<TOKEN end_char="2278" id="token-12-50" start_char="2276">the</TOKEN>
				<TOKEN end_char="2288" id="token-12-51" start_char="2280">franchise</TOKEN>
				<TOKEN end_char="2291" id="token-12-52" start_char="2290">in</TOKEN>
				<TOKEN end_char="2293" id="token-12-53" start_char="2293">a</TOKEN>
				<TOKEN end_char="2300" id="token-12-54" start_char="2295">manner</TOKEN>
				<TOKEN end_char="2311" id="token-12-55" start_char="2302">consistent</TOKEN>
				<TOKEN end_char="2316" id="token-12-56" start_char="2313">with</TOKEN>
				<TOKEN end_char="2320" id="token-12-57" start_char="2318">the</TOKEN>
				<TOKEN end_char="2327" id="token-12-58" start_char="2322">public</TOKEN>
				<TOKEN end_char="2336" id="token-12-59" start_char="2329">interest</TOKEN>
				<TOKEN end_char="2338" id="token-12-60" start_char="2337">.”</TOKEN>
			</SEG>
			<SEG end_char="2496" id="20130624_WAPO_ece59c9c-dcfb-11e2-9218-bc2ac7cd44e2-13" start_char="2340">
				<ORIGINAL_TEXT>A hearing officer twice recommended that Tesla be allowed to operate its own dealership, despite objections from the Virginia Automobile Dealers Association.</ORIGINAL_TEXT>
				<TOKEN end_char="2340" id="token-13-0" start_char="2340">A</TOKEN>
				<TOKEN end_char="2348" id="token-13-1" start_char="2342">hearing</TOKEN>
				<TOKEN end_char="2356" id="token-13-2" start_char="2350">officer</TOKEN>
				<TOKEN end_char="2362" id="token-13-3" start_char="2358">twice</TOKEN>
				<TOKEN end_char="2374" id="token-13-4" start_char="2364">recommended</TOKEN>
				<TOKEN end_char="2379" id="token-13-5" start_char="2376">that</TOKEN>
				<TOKEN end_char="2385" id="token-13-6" start_char="2381">Tesla</TOKEN>
				<TOKEN end_char="2388" id="token-13-7" start_char="2387">be</TOKEN>
				<TOKEN end_char="2396" id="token-13-8" start_char="2390">allowed</TOKEN>
				<TOKEN end_char="2399" id="token-13-9" start_char="2398">to</TOKEN>
				<TOKEN end_char="2407" id="token-13-10" start_char="2401">operate</TOKEN>
				<TOKEN end_char="2411" id="token-13-11" start_char="2409">its</TOKEN>
				<TOKEN end_char="2415" id="token-13-12" start_char="2413">own</TOKEN>
				<TOKEN end_char="2426" id="token-13-13" start_char="2417">dealership</TOKEN>
				<TOKEN end_char="2427" id="token-13-14" start_char="2427">,</TOKEN>
				<TOKEN end_char="2435" id="token-13-15" start_char="2429">despite</TOKEN>
				<TOKEN end_char="2446" id="token-13-16" start_char="2437">objections</TOKEN>
				<TOKEN end_char="2451" id="token-13-17" start_char="2448">from</TOKEN>
				<TOKEN end_char="2455" id="token-13-18" start_char="2453">the</TOKEN>
				<TOKEN end_char="2464" id="token-13-19" start_char="2457">Virginia</TOKEN>
				<TOKEN end_char="2475" id="token-13-20" start_char="2466">Automobile</TOKEN>
				<TOKEN end_char="2483" id="token-13-21" start_char="2477">Dealers</TOKEN>
				<TOKEN end_char="2495" id="token-13-22" start_char="2485">Association</TOKEN>
				<TOKEN end_char="2496" id="token-13-23" start_char="2496">.</TOKEN>
			</SEG>
			<SEG end_char="2696" id="20130624_WAPO_ece59c9c-dcfb-11e2-9218-bc2ac7cd44e2-14" start_char="2498">
				<ORIGINAL_TEXT>Tesla published notices, as required by law, in The Washington Post and the Washington Times in June 2012 inviting parties interested in running a franchise to attend a hearing at the DMV. None came.</ORIGINAL_TEXT>
				<TOKEN end_char="2502" id="token-14-0" start_char="2498">Tesla</TOKEN>
				<TOKEN end_char="2512" id="token-14-1" start_char="2504">published</TOKEN>
				<TOKEN end_char="2520" id="token-14-2" start_char="2514">notices</TOKEN>
				<TOKEN end_char="2521" id="token-14-3" start_char="2521">,</TOKEN>
				<TOKEN end_char="2524" id="token-14-4" start_char="2523">as</TOKEN>
				<TOKEN end_char="2533" id="token-14-5" start_char="2526">required</TOKEN>
				<TOKEN end_char="2536" id="token-14-6" start_char="2535">by</TOKEN>
				<TOKEN end_char="2540" id="token-14-7" start_char="2538">law</TOKEN>
				<TOKEN end_char="2541" id="token-14-8" start_char="2541">,</TOKEN>
				<TOKEN end_char="2544" id="token-14-9" start_char="2543">in</TOKEN>
				<TOKEN end_char="2548" id="token-14-10" start_char="2546">The</TOKEN>
				<TOKEN end_char="2559" id="token-14-11" start_char="2550">Washington</TOKEN>
				<TOKEN end_char="2564" id="token-14-12" start_char="2561">Post</TOKEN>
				<TOKEN end_char="2568" id="token-14-13" start_char="2566">and</TOKEN>
				<TOKEN end_char="2572" id="token-14-14" start_char="2570">the</TOKEN>
				<TOKEN end_char="2583" id="token-14-15" start_char="2574">Washington</TOKEN>
				<TOKEN end_char="2589" id="token-14-16" start_char="2585">Times</TOKEN>
				<TOKEN end_char="2592" id="token-14-17" start_char="2591">in</TOKEN>
				<TOKEN end_char="2597" id="token-14-18" start_char="2594">June</TOKEN>
				<TOKEN end_char="2602" id="token-14-19" start_char="2599">2012</TOKEN>
				<TOKEN end_char="2611" id="token-14-20" start_char="2604">inviting</TOKEN>
				<TOKEN end_char="2619" id="token-14-21" start_char="2613">parties</TOKEN>
				<TOKEN end_char="2630" id="token-14-22" start_char="2621">interested</TOKEN>
				<TOKEN end_char="2633" id="token-14-23" start_char="2632">in</TOKEN>
				<TOKEN end_char="2641" id="token-14-24" start_char="2635">running</TOKEN>
				<TOKEN end_char="2643" id="token-14-25" start_char="2643">a</TOKEN>
				<TOKEN end_char="2653" id="token-14-26" start_char="2645">franchise</TOKEN>
				<TOKEN end_char="2656" id="token-14-27" start_char="2655">to</TOKEN>
				<TOKEN end_char="2663" id="token-14-28" start_char="2658">attend</TOKEN>
				<TOKEN end_char="2665" id="token-14-29" start_char="2665">a</TOKEN>
				<TOKEN end_char="2673" id="token-14-30" start_char="2667">hearing</TOKEN>
				<TOKEN end_char="2676" id="token-14-31" start_char="2675">at</TOKEN>
				<TOKEN end_char="2680" id="token-14-32" start_char="2678">the</TOKEN>
				<TOKEN end_char="2684" id="token-14-33" start_char="2682">DMV</TOKEN>
				<TOKEN end_char="2685" id="token-14-34" start_char="2685">.</TOKEN>
				<TOKEN end_char="2690" id="token-14-35" start_char="2687">None</TOKEN>
				<TOKEN end_char="2695" id="token-14-36" start_char="2692">came</TOKEN>
				<TOKEN end_char="2696" id="token-14-37" start_char="2696">.</TOKEN>
			</SEG>
			<SEG end_char="3056" id="20130624_WAPO_ece59c9c-dcfb-11e2-9218-bc2ac7cd44e2-15" start_char="2698">
				<ORIGINAL_TEXT>“Could Tesla have done more? Of course it could. It could have placed notices in every journal in Virginia, Washington and Maryland,” hearing officer W. James Dangoia wrote. “It could have posted notices on supermarket bulletin boards and hired skywriters. But the only notice that is required is the publication of the notice that Tesla did in fact publish.”</ORIGINAL_TEXT>
				<TOKEN end_char="2698" id="token-15-0" start_char="2698">“</TOKEN>
				<TOKEN end_char="2703" id="token-15-1" start_char="2699">Could</TOKEN>
				<TOKEN end_char="2709" id="token-15-2" start_char="2705">Tesla</TOKEN>
				<TOKEN end_char="2714" id="token-15-3" start_char="2711">have</TOKEN>
				<TOKEN end_char="2719" id="token-15-4" start_char="2716">done</TOKEN>
				<TOKEN end_char="2724" id="token-15-5" start_char="2721">more</TOKEN>
				<TOKEN end_char="2725" id="token-15-6" start_char="2725">?</TOKEN>
				<TOKEN end_char="2728" id="token-15-7" start_char="2727">Of</TOKEN>
				<TOKEN end_char="2735" id="token-15-8" start_char="2730">course</TOKEN>
				<TOKEN end_char="2738" id="token-15-9" start_char="2737">it</TOKEN>
				<TOKEN end_char="2744" id="token-15-10" start_char="2740">could</TOKEN>
				<TOKEN end_char="2745" id="token-15-11" start_char="2745">.</TOKEN>
				<TOKEN end_char="2748" id="token-15-12" start_char="2747">It</TOKEN>
				<TOKEN end_char="2754" id="token-15-13" start_char="2750">could</TOKEN>
				<TOKEN end_char="2759" id="token-15-14" start_char="2756">have</TOKEN>
				<TOKEN end_char="2766" id="token-15-15" start_char="2761">placed</TOKEN>
				<TOKEN end_char="2774" id="token-15-16" start_char="2768">notices</TOKEN>
				<TOKEN end_char="2777" id="token-15-17" start_char="2776">in</TOKEN>
				<TOKEN end_char="2783" id="token-15-18" start_char="2779">every</TOKEN>
				<TOKEN end_char="2791" id="token-15-19" start_char="2785">journal</TOKEN>
				<TOKEN end_char="2794" id="token-15-20" start_char="2793">in</TOKEN>
				<TOKEN end_char="2803" id="token-15-21" start_char="2796">Virginia</TOKEN>
				<TOKEN end_char="2804" id="token-15-22" start_char="2804">,</TOKEN>
				<TOKEN end_char="2815" id="token-15-23" start_char="2806">Washington</TOKEN>
				<TOKEN end_char="2819" id="token-15-24" start_char="2817">and</TOKEN>
				<TOKEN end_char="2828" id="token-15-25" start_char="2821">Maryland</TOKEN>
				<TOKEN end_char="2830" id="token-15-26" start_char="2829">,”</TOKEN>
				<TOKEN end_char="2838" id="token-15-27" start_char="2832">hearing</TOKEN>
				<TOKEN end_char="2846" id="token-15-28" start_char="2840">officer</TOKEN>
				<TOKEN end_char="2848" id="token-15-29" start_char="2848">W</TOKEN>
				<TOKEN end_char="2849" id="token-15-30" start_char="2849">.</TOKEN>
				<TOKEN end_char="2855" id="token-15-31" start_char="2851">James</TOKEN>
				<TOKEN end_char="2863" id="token-15-32" start_char="2857">Dangoia</TOKEN>
				<TOKEN end_char="2869" id="token-15-33" start_char="2865">wrote</TOKEN>
				<TOKEN end_char="2870" id="token-15-34" start_char="2870">.</TOKEN>
				<TOKEN end_char="2872" id="token-15-35" start_char="2872">“</TOKEN>
				<TOKEN end_char="2874" id="token-15-36" start_char="2873">It</TOKEN>
				<TOKEN end_char="2880" id="token-15-37" start_char="2876">could</TOKEN>
				<TOKEN end_char="2885" id="token-15-38" start_char="2882">have</TOKEN>
				<TOKEN end_char="2892" id="token-15-39" start_char="2887">posted</TOKEN>
				<TOKEN end_char="2900" id="token-15-40" start_char="2894">notices</TOKEN>
				<TOKEN end_char="2903" id="token-15-41" start_char="2902">on</TOKEN>
				<TOKEN end_char="2915" id="token-15-42" start_char="2905">supermarket</TOKEN>
				<TOKEN end_char="2924" id="token-15-43" start_char="2917">bulletin</TOKEN>
				<TOKEN end_char="2931" id="token-15-44" start_char="2926">boards</TOKEN>
				<TOKEN end_char="2935" id="token-15-45" start_char="2933">and</TOKEN>
				<TOKEN end_char="2941" id="token-15-46" start_char="2937">hired</TOKEN>
				<TOKEN end_char="2952" id="token-15-47" start_char="2943">skywriters</TOKEN>
				<TOKEN end_char="2953" id="token-15-48" start_char="2953">.</TOKEN>
				<TOKEN end_char="2957" id="token-15-49" start_char="2955">But</TOKEN>
				<TOKEN end_char="2961" id="token-15-50" start_char="2959">the</TOKEN>
				<TOKEN end_char="2966" id="token-15-51" start_char="2963">only</TOKEN>
				<TOKEN end_char="2973" id="token-15-52" start_char="2968">notice</TOKEN>
				<TOKEN end_char="2978" id="token-15-53" start_char="2975">that</TOKEN>
				<TOKEN end_char="2981" id="token-15-54" start_char="2980">is</TOKEN>
				<TOKEN end_char="2990" id="token-15-55" start_char="2983">required</TOKEN>
				<TOKEN end_char="2993" id="token-15-56" start_char="2992">is</TOKEN>
				<TOKEN end_char="2997" id="token-15-57" start_char="2995">the</TOKEN>
				<TOKEN end_char="3009" id="token-15-58" start_char="2999">publication</TOKEN>
				<TOKEN end_char="3012" id="token-15-59" start_char="3011">of</TOKEN>
				<TOKEN end_char="3016" id="token-15-60" start_char="3014">the</TOKEN>
				<TOKEN end_char="3023" id="token-15-61" start_char="3018">notice</TOKEN>
				<TOKEN end_char="3028" id="token-15-62" start_char="3025">that</TOKEN>
				<TOKEN end_char="3034" id="token-15-63" start_char="3030">Tesla</TOKEN>
				<TOKEN end_char="3038" id="token-15-64" start_char="3036">did</TOKEN>
				<TOKEN end_char="3041" id="token-15-65" start_char="3040">in</TOKEN>
				<TOKEN end_char="3046" id="token-15-66" start_char="3043">fact</TOKEN>
				<TOKEN end_char="3054" id="token-15-67" start_char="3048">publish</TOKEN>
				<TOKEN end_char="3056" id="token-15-68" start_char="3055">.”</TOKEN>
			</SEG>
			<SEG end_char="3252" id="20130624_WAPO_ece59c9c-dcfb-11e2-9218-bc2ac7cd44e2-16" start_char="3058">
				<ORIGINAL_TEXT>DMV Commissioner Richard Holcomb, however, declined to authorize the exemption, saying in documents that he needed more information about Tesla’s efforts to identify or solicit potential dealers.</ORIGINAL_TEXT>
				<TOKEN end_char="3060" id="token-16-0" start_char="3058">DMV</TOKEN>
				<TOKEN end_char="3073" id="token-16-1" start_char="3062">Commissioner</TOKEN>
				<TOKEN end_char="3081" id="token-16-2" start_char="3075">Richard</TOKEN>
				<TOKEN end_char="3089" id="token-16-3" start_char="3083">Holcomb</TOKEN>
				<TOKEN end_char="3090" id="token-16-4" start_char="3090">,</TOKEN>
				<TOKEN end_char="3098" id="token-16-5" start_char="3092">however</TOKEN>
				<TOKEN end_char="3099" id="token-16-6" start_char="3099">,</TOKEN>
				<TOKEN end_char="3108" id="token-16-7" start_char="3101">declined</TOKEN>
				<TOKEN end_char="3111" id="token-16-8" start_char="3110">to</TOKEN>
				<TOKEN end_char="3121" id="token-16-9" start_char="3113">authorize</TOKEN>
				<TOKEN end_char="3125" id="token-16-10" start_char="3123">the</TOKEN>
				<TOKEN end_char="3135" id="token-16-11" start_char="3127">exemption</TOKEN>
				<TOKEN end_char="3136" id="token-16-12" start_char="3136">,</TOKEN>
				<TOKEN end_char="3143" id="token-16-13" start_char="3138">saying</TOKEN>
				<TOKEN end_char="3146" id="token-16-14" start_char="3145">in</TOKEN>
				<TOKEN end_char="3156" id="token-16-15" start_char="3148">documents</TOKEN>
				<TOKEN end_char="3161" id="token-16-16" start_char="3158">that</TOKEN>
				<TOKEN end_char="3164" id="token-16-17" start_char="3163">he</TOKEN>
				<TOKEN end_char="3171" id="token-16-18" start_char="3166">needed</TOKEN>
				<TOKEN end_char="3176" id="token-16-19" start_char="3173">more</TOKEN>
				<TOKEN end_char="3188" id="token-16-20" start_char="3178">information</TOKEN>
				<TOKEN end_char="3194" id="token-16-21" start_char="3190">about</TOKEN>
				<TOKEN end_char="3200" id="token-16-22" start_char="3196">Tesla</TOKEN>
				<TOKEN end_char="3201" id="token-16-23" start_char="3201">’</TOKEN>
				<TOKEN end_char="3202" id="token-16-24" start_char="3202">s</TOKEN>
				<TOKEN end_char="3210" id="token-16-25" start_char="3204">efforts</TOKEN>
				<TOKEN end_char="3213" id="token-16-26" start_char="3212">to</TOKEN>
				<TOKEN end_char="3222" id="token-16-27" start_char="3215">identify</TOKEN>
				<TOKEN end_char="3225" id="token-16-28" start_char="3224">or</TOKEN>
				<TOKEN end_char="3233" id="token-16-29" start_char="3227">solicit</TOKEN>
				<TOKEN end_char="3243" id="token-16-30" start_char="3235">potential</TOKEN>
				<TOKEN end_char="3251" id="token-16-31" start_char="3245">dealers</TOKEN>
				<TOKEN end_char="3252" id="token-16-32" start_char="3252">.</TOKEN>
			</SEG>
			<SEG end_char="3402" id="20130624_WAPO_ece59c9c-dcfb-11e2-9218-bc2ac7cd44e2-17" start_char="3254">
				<ORIGINAL_TEXT>Tesla filed an appeal with the Fairfax County Circuit Court last week and is starting to reach out to Virginia legislators ahead of the next session.</ORIGINAL_TEXT>
				<TOKEN end_char="3258" id="token-17-0" start_char="3254">Tesla</TOKEN>
				<TOKEN end_char="3264" id="token-17-1" start_char="3260">filed</TOKEN>
				<TOKEN end_char="3267" id="token-17-2" start_char="3266">an</TOKEN>
				<TOKEN end_char="3274" id="token-17-3" start_char="3269">appeal</TOKEN>
				<TOKEN end_char="3279" id="token-17-4" start_char="3276">with</TOKEN>
				<TOKEN end_char="3283" id="token-17-5" start_char="3281">the</TOKEN>
				<TOKEN end_char="3291" id="token-17-6" start_char="3285">Fairfax</TOKEN>
				<TOKEN end_char="3298" id="token-17-7" start_char="3293">County</TOKEN>
				<TOKEN end_char="3306" id="token-17-8" start_char="3300">Circuit</TOKEN>
				<TOKEN end_char="3312" id="token-17-9" start_char="3308">Court</TOKEN>
				<TOKEN end_char="3317" id="token-17-10" start_char="3314">last</TOKEN>
				<TOKEN end_char="3322" id="token-17-11" start_char="3319">week</TOKEN>
				<TOKEN end_char="3326" id="token-17-12" start_char="3324">and</TOKEN>
				<TOKEN end_char="3329" id="token-17-13" start_char="3328">is</TOKEN>
				<TOKEN end_char="3338" id="token-17-14" start_char="3331">starting</TOKEN>
				<TOKEN end_char="3341" id="token-17-15" start_char="3340">to</TOKEN>
				<TOKEN end_char="3347" id="token-17-16" start_char="3343">reach</TOKEN>
				<TOKEN end_char="3351" id="token-17-17" start_char="3349">out</TOKEN>
				<TOKEN end_char="3354" id="token-17-18" start_char="3353">to</TOKEN>
				<TOKEN end_char="3363" id="token-17-19" start_char="3356">Virginia</TOKEN>
				<TOKEN end_char="3375" id="token-17-20" start_char="3365">legislators</TOKEN>
				<TOKEN end_char="3381" id="token-17-21" start_char="3377">ahead</TOKEN>
				<TOKEN end_char="3384" id="token-17-22" start_char="3383">of</TOKEN>
				<TOKEN end_char="3388" id="token-17-23" start_char="3386">the</TOKEN>
				<TOKEN end_char="3393" id="token-17-24" start_char="3390">next</TOKEN>
				<TOKEN end_char="3401" id="token-17-25" start_char="3395">session</TOKEN>
				<TOKEN end_char="3402" id="token-17-26" start_char="3402">.</TOKEN>
			</SEG>
			<SEG end_char="3742" id="20130624_WAPO_ece59c9c-dcfb-11e2-9218-bc2ac7cd44e2-18" start_char="3404">
				<ORIGINAL_TEXT>Over the past five years, more than 500 Tesla cars have been sold to customers in Maryland, Virginia and the District. There is a store in the District and a service center in Rockville, in addition to the Tysons Corner gallery. Tesla is also working toward applying for a license to directly sell its cars in Maryland, a spokeswoman said.</ORIGINAL_TEXT>
				<TOKEN end_char="3407" id="token-18-0" start_char="3404">Over</TOKEN>
				<TOKEN end_char="3411" id="token-18-1" start_char="3409">the</TOKEN>
				<TOKEN end_char="3416" id="token-18-2" start_char="3413">past</TOKEN>
				<TOKEN end_char="3421" id="token-18-3" start_char="3418">five</TOKEN>
				<TOKEN end_char="3427" id="token-18-4" start_char="3423">years</TOKEN>
				<TOKEN end_char="3428" id="token-18-5" start_char="3428">,</TOKEN>
				<TOKEN end_char="3433" id="token-18-6" start_char="3430">more</TOKEN>
				<TOKEN end_char="3438" id="token-18-7" start_char="3435">than</TOKEN>
				<TOKEN end_char="3442" id="token-18-8" start_char="3440">500</TOKEN>
				<TOKEN end_char="3448" id="token-18-9" start_char="3444">Tesla</TOKEN>
				<TOKEN end_char="3453" id="token-18-10" start_char="3450">cars</TOKEN>
				<TOKEN end_char="3458" id="token-18-11" start_char="3455">have</TOKEN>
				<TOKEN end_char="3463" id="token-18-12" start_char="3460">been</TOKEN>
				<TOKEN end_char="3468" id="token-18-13" start_char="3465">sold</TOKEN>
				<TOKEN end_char="3471" id="token-18-14" start_char="3470">to</TOKEN>
				<TOKEN end_char="3481" id="token-18-15" start_char="3473">customers</TOKEN>
				<TOKEN end_char="3484" id="token-18-16" start_char="3483">in</TOKEN>
				<TOKEN end_char="3493" id="token-18-17" start_char="3486">Maryland</TOKEN>
				<TOKEN end_char="3494" id="token-18-18" start_char="3494">,</TOKEN>
				<TOKEN end_char="3503" id="token-18-19" start_char="3496">Virginia</TOKEN>
				<TOKEN end_char="3507" id="token-18-20" start_char="3505">and</TOKEN>
				<TOKEN end_char="3511" id="token-18-21" start_char="3509">the</TOKEN>
				<TOKEN end_char="3520" id="token-18-22" start_char="3513">District</TOKEN>
				<TOKEN end_char="3521" id="token-18-23" start_char="3521">.</TOKEN>
				<TOKEN end_char="3527" id="token-18-24" start_char="3523">There</TOKEN>
				<TOKEN end_char="3530" id="token-18-25" start_char="3529">is</TOKEN>
				<TOKEN end_char="3532" id="token-18-26" start_char="3532">a</TOKEN>
				<TOKEN end_char="3538" id="token-18-27" start_char="3534">store</TOKEN>
				<TOKEN end_char="3541" id="token-18-28" start_char="3540">in</TOKEN>
				<TOKEN end_char="3545" id="token-18-29" start_char="3543">the</TOKEN>
				<TOKEN end_char="3554" id="token-18-30" start_char="3547">District</TOKEN>
				<TOKEN end_char="3558" id="token-18-31" start_char="3556">and</TOKEN>
				<TOKEN end_char="3560" id="token-18-32" start_char="3560">a</TOKEN>
				<TOKEN end_char="3568" id="token-18-33" start_char="3562">service</TOKEN>
				<TOKEN end_char="3575" id="token-18-34" start_char="3570">center</TOKEN>
				<TOKEN end_char="3578" id="token-18-35" start_char="3577">in</TOKEN>
				<TOKEN end_char="3588" id="token-18-36" start_char="3580">Rockville</TOKEN>
				<TOKEN end_char="3589" id="token-18-37" start_char="3589">,</TOKEN>
				<TOKEN end_char="3592" id="token-18-38" start_char="3591">in</TOKEN>
				<TOKEN end_char="3601" id="token-18-39" start_char="3594">addition</TOKEN>
				<TOKEN end_char="3604" id="token-18-40" start_char="3603">to</TOKEN>
				<TOKEN end_char="3608" id="token-18-41" start_char="3606">the</TOKEN>
				<TOKEN end_char="3615" id="token-18-42" start_char="3610">Tysons</TOKEN>
				<TOKEN end_char="3622" id="token-18-43" start_char="3617">Corner</TOKEN>
				<TOKEN end_char="3630" id="token-18-44" start_char="3624">gallery</TOKEN>
				<TOKEN end_char="3631" id="token-18-45" start_char="3631">.</TOKEN>
				<TOKEN end_char="3637" id="token-18-46" start_char="3633">Tesla</TOKEN>
				<TOKEN end_char="3640" id="token-18-47" start_char="3639">is</TOKEN>
				<TOKEN end_char="3645" id="token-18-48" start_char="3642">also</TOKEN>
				<TOKEN end_char="3653" id="token-18-49" start_char="3647">working</TOKEN>
				<TOKEN end_char="3660" id="token-18-50" start_char="3655">toward</TOKEN>
				<TOKEN end_char="3669" id="token-18-51" start_char="3662">applying</TOKEN>
				<TOKEN end_char="3673" id="token-18-52" start_char="3671">for</TOKEN>
				<TOKEN end_char="3675" id="token-18-53" start_char="3675">a</TOKEN>
				<TOKEN end_char="3683" id="token-18-54" start_char="3677">license</TOKEN>
				<TOKEN end_char="3686" id="token-18-55" start_char="3685">to</TOKEN>
				<TOKEN end_char="3695" id="token-18-56" start_char="3688">directly</TOKEN>
				<TOKEN end_char="3700" id="token-18-57" start_char="3697">sell</TOKEN>
				<TOKEN end_char="3704" id="token-18-58" start_char="3702">its</TOKEN>
				<TOKEN end_char="3709" id="token-18-59" start_char="3706">cars</TOKEN>
				<TOKEN end_char="3712" id="token-18-60" start_char="3711">in</TOKEN>
				<TOKEN end_char="3721" id="token-18-61" start_char="3714">Maryland</TOKEN>
				<TOKEN end_char="3722" id="token-18-62" start_char="3722">,</TOKEN>
				<TOKEN end_char="3724" id="token-18-63" start_char="3724">a</TOKEN>
				<TOKEN end_char="3736" id="token-18-64" start_char="3726">spokeswoman</TOKEN>
				<TOKEN end_char="3741" id="token-18-65" start_char="3738">said</TOKEN>
				<TOKEN end_char="3742" id="token-18-66" start_char="3742">.</TOKEN>
			</SEG>
			<SEG end_char="3932" id="20130624_WAPO_ece59c9c-dcfb-11e2-9218-bc2ac7cd44e2-19" start_char="3744">
				<ORIGINAL_TEXT>The Virginia Motor Vehicle Dealer Board will discuss the Tysons Corner Tesla location at a July 8 meeting, and it has invited Tesla representatives to explain how the gallery concept works.</ORIGINAL_TEXT>
				<TOKEN end_char="3746" id="token-19-0" start_char="3744">The</TOKEN>
				<TOKEN end_char="3755" id="token-19-1" start_char="3748">Virginia</TOKEN>
				<TOKEN end_char="3761" id="token-19-2" start_char="3757">Motor</TOKEN>
				<TOKEN end_char="3769" id="token-19-3" start_char="3763">Vehicle</TOKEN>
				<TOKEN end_char="3776" id="token-19-4" start_char="3771">Dealer</TOKEN>
				<TOKEN end_char="3782" id="token-19-5" start_char="3778">Board</TOKEN>
				<TOKEN end_char="3787" id="token-19-6" start_char="3784">will</TOKEN>
				<TOKEN end_char="3795" id="token-19-7" start_char="3789">discuss</TOKEN>
				<TOKEN end_char="3799" id="token-19-8" start_char="3797">the</TOKEN>
				<TOKEN end_char="3806" id="token-19-9" start_char="3801">Tysons</TOKEN>
				<TOKEN end_char="3813" id="token-19-10" start_char="3808">Corner</TOKEN>
				<TOKEN end_char="3819" id="token-19-11" start_char="3815">Tesla</TOKEN>
				<TOKEN end_char="3828" id="token-19-12" start_char="3821">location</TOKEN>
				<TOKEN end_char="3831" id="token-19-13" start_char="3830">at</TOKEN>
				<TOKEN end_char="3833" id="token-19-14" start_char="3833">a</TOKEN>
				<TOKEN end_char="3838" id="token-19-15" start_char="3835">July</TOKEN>
				<TOKEN end_char="3840" id="token-19-16" start_char="3840">8</TOKEN>
				<TOKEN end_char="3848" id="token-19-17" start_char="3842">meeting</TOKEN>
				<TOKEN end_char="3849" id="token-19-18" start_char="3849">,</TOKEN>
				<TOKEN end_char="3853" id="token-19-19" start_char="3851">and</TOKEN>
				<TOKEN end_char="3856" id="token-19-20" start_char="3855">it</TOKEN>
				<TOKEN end_char="3860" id="token-19-21" start_char="3858">has</TOKEN>
				<TOKEN end_char="3868" id="token-19-22" start_char="3862">invited</TOKEN>
				<TOKEN end_char="3874" id="token-19-23" start_char="3870">Tesla</TOKEN>
				<TOKEN end_char="3890" id="token-19-24" start_char="3876">representatives</TOKEN>
				<TOKEN end_char="3893" id="token-19-25" start_char="3892">to</TOKEN>
				<TOKEN end_char="3901" id="token-19-26" start_char="3895">explain</TOKEN>
				<TOKEN end_char="3905" id="token-19-27" start_char="3903">how</TOKEN>
				<TOKEN end_char="3909" id="token-19-28" start_char="3907">the</TOKEN>
				<TOKEN end_char="3917" id="token-19-29" start_char="3911">gallery</TOKEN>
				<TOKEN end_char="3925" id="token-19-30" start_char="3919">concept</TOKEN>
				<TOKEN end_char="3931" id="token-19-31" start_char="3927">works</TOKEN>
				<TOKEN end_char="3932" id="token-19-32" start_char="3932">.</TOKEN>
			</SEG>
		</TEXT>
	</DOC>
</LCTL_TEXT>
