<?xml version="1.0" encoding="utf-8"?>
<LCTL_TEXT>
	<DOC id="20130810_WAPO_68eb1688-0230-11e3-9711-3708310f6f4d">
		<TEXT>
			<SEG end_char="46" id="20130810_WAPO_68eb1688-0230-11e3-9711-3708310f6f4d-0" start_char="0">
				<ORIGINAL_TEXT>Fairfax man charged with murder in wife’s death</ORIGINAL_TEXT>
				<TOKEN end_char="6" id="token-0-0" start_char="0">Fairfax</TOKEN>
				<TOKEN end_char="10" id="token-0-1" start_char="8">man</TOKEN>
				<TOKEN end_char="18" id="token-0-2" start_char="12">charged</TOKEN>
				<TOKEN end_char="23" id="token-0-3" start_char="20">with</TOKEN>
				<TOKEN end_char="30" id="token-0-4" start_char="25">murder</TOKEN>
				<TOKEN end_char="33" id="token-0-5" start_char="32">in</TOKEN>
				<TOKEN end_char="38" id="token-0-6" start_char="35">wife</TOKEN>
				<TOKEN end_char="39" id="token-0-7" start_char="39">’</TOKEN>
				<TOKEN end_char="40" id="token-0-8" start_char="40">s</TOKEN>
				<TOKEN end_char="46" id="token-0-9" start_char="42">death</TOKEN>
			</SEG>
			<SEG end_char="91" id="20130810_WAPO_68eb1688-0230-11e3-9711-3708310f6f4d-1" start_char="48">
				<ORIGINAL_TEXT>Saturday, August 10, 2013 22:32:39 GMT-05:00</ORIGINAL_TEXT>
				<TOKEN end_char="55" id="token-1-0" start_char="48">Saturday</TOKEN>
				<TOKEN end_char="56" id="token-1-1" start_char="56">,</TOKEN>
				<TOKEN end_char="63" id="token-1-2" start_char="58">August</TOKEN>
				<TOKEN end_char="66" id="token-1-3" start_char="65">10</TOKEN>
				<TOKEN end_char="67" id="token-1-4" start_char="67">,</TOKEN>
				<TOKEN end_char="72" id="token-1-5" start_char="69">2013</TOKEN>
				<TOKEN end_char="75" id="token-1-6" start_char="74">22</TOKEN>
				<TOKEN end_char="76" id="token-1-7" start_char="76">:</TOKEN>
				<TOKEN end_char="78" id="token-1-8" start_char="77">32</TOKEN>
				<TOKEN end_char="79" id="token-1-9" start_char="79">:</TOKEN>
				<TOKEN end_char="81" id="token-1-10" start_char="80">39</TOKEN>
				<TOKEN end_char="85" id="token-1-11" start_char="83">GMT</TOKEN>
				<TOKEN end_char="86" id="token-1-12" start_char="86">-</TOKEN>
				<TOKEN end_char="88" id="token-1-13" start_char="87">05</TOKEN>
				<TOKEN end_char="89" id="token-1-14" start_char="89">:</TOKEN>
				<TOKEN end_char="91" id="token-1-15" start_char="90">00</TOKEN>
			</SEG>
			<SEG end_char="228" id="20130810_WAPO_68eb1688-0230-11e3-9711-3708310f6f4d-2" start_char="93">
				<ORIGINAL_TEXT>The husband of a Fairfax County woman who was reported missing Thursday has been arrested and charged in her death, Fairfax police said.</ORIGINAL_TEXT>
				<TOKEN end_char="95" id="token-2-0" start_char="93">The</TOKEN>
				<TOKEN end_char="103" id="token-2-1" start_char="97">husband</TOKEN>
				<TOKEN end_char="106" id="token-2-2" start_char="105">of</TOKEN>
				<TOKEN end_char="108" id="token-2-3" start_char="108">a</TOKEN>
				<TOKEN end_char="116" id="token-2-4" start_char="110">Fairfax</TOKEN>
				<TOKEN end_char="123" id="token-2-5" start_char="118">County</TOKEN>
				<TOKEN end_char="129" id="token-2-6" start_char="125">woman</TOKEN>
				<TOKEN end_char="133" id="token-2-7" start_char="131">who</TOKEN>
				<TOKEN end_char="137" id="token-2-8" start_char="135">was</TOKEN>
				<TOKEN end_char="146" id="token-2-9" start_char="139">reported</TOKEN>
				<TOKEN end_char="154" id="token-2-10" start_char="148">missing</TOKEN>
				<TOKEN end_char="163" id="token-2-11" start_char="156">Thursday</TOKEN>
				<TOKEN end_char="167" id="token-2-12" start_char="165">has</TOKEN>
				<TOKEN end_char="172" id="token-2-13" start_char="169">been</TOKEN>
				<TOKEN end_char="181" id="token-2-14" start_char="174">arrested</TOKEN>
				<TOKEN end_char="185" id="token-2-15" start_char="183">and</TOKEN>
				<TOKEN end_char="193" id="token-2-16" start_char="187">charged</TOKEN>
				<TOKEN end_char="196" id="token-2-17" start_char="195">in</TOKEN>
				<TOKEN end_char="200" id="token-2-18" start_char="198">her</TOKEN>
				<TOKEN end_char="206" id="token-2-19" start_char="202">death</TOKEN>
				<TOKEN end_char="207" id="token-2-20" start_char="207">,</TOKEN>
				<TOKEN end_char="215" id="token-2-21" start_char="209">Fairfax</TOKEN>
				<TOKEN end_char="222" id="token-2-22" start_char="217">police</TOKEN>
				<TOKEN end_char="227" id="token-2-23" start_char="224">said</TOKEN>
				<TOKEN end_char="228" id="token-2-24" start_char="228">.</TOKEN>
			</SEG>
			<SEG end_char="359" id="20130810_WAPO_68eb1688-0230-11e3-9711-3708310f6f4d-3" start_char="230">
				<ORIGINAL_TEXT>Caleb Crew, 25, was charged Saturday evening in the death of Andrea Crew, 31, who was the mother of two children, the police said.</ORIGINAL_TEXT>
				<TOKEN end_char="234" id="token-3-0" start_char="230">Caleb</TOKEN>
				<TOKEN end_char="239" id="token-3-1" start_char="236">Crew</TOKEN>
				<TOKEN end_char="240" id="token-3-2" start_char="240">,</TOKEN>
				<TOKEN end_char="243" id="token-3-3" start_char="242">25</TOKEN>
				<TOKEN end_char="244" id="token-3-4" start_char="244">,</TOKEN>
				<TOKEN end_char="248" id="token-3-5" start_char="246">was</TOKEN>
				<TOKEN end_char="256" id="token-3-6" start_char="250">charged</TOKEN>
				<TOKEN end_char="265" id="token-3-7" start_char="258">Saturday</TOKEN>
				<TOKEN end_char="273" id="token-3-8" start_char="267">evening</TOKEN>
				<TOKEN end_char="276" id="token-3-9" start_char="275">in</TOKEN>
				<TOKEN end_char="280" id="token-3-10" start_char="278">the</TOKEN>
				<TOKEN end_char="286" id="token-3-11" start_char="282">death</TOKEN>
				<TOKEN end_char="289" id="token-3-12" start_char="288">of</TOKEN>
				<TOKEN end_char="296" id="token-3-13" start_char="291">Andrea</TOKEN>
				<TOKEN end_char="301" id="token-3-14" start_char="298">Crew</TOKEN>
				<TOKEN end_char="302" id="token-3-15" start_char="302">,</TOKEN>
				<TOKEN end_char="305" id="token-3-16" start_char="304">31</TOKEN>
				<TOKEN end_char="306" id="token-3-17" start_char="306">,</TOKEN>
				<TOKEN end_char="310" id="token-3-18" start_char="308">who</TOKEN>
				<TOKEN end_char="314" id="token-3-19" start_char="312">was</TOKEN>
				<TOKEN end_char="318" id="token-3-20" start_char="316">the</TOKEN>
				<TOKEN end_char="325" id="token-3-21" start_char="320">mother</TOKEN>
				<TOKEN end_char="328" id="token-3-22" start_char="327">of</TOKEN>
				<TOKEN end_char="332" id="token-3-23" start_char="330">two</TOKEN>
				<TOKEN end_char="341" id="token-3-24" start_char="334">children</TOKEN>
				<TOKEN end_char="342" id="token-3-25" start_char="342">,</TOKEN>
				<TOKEN end_char="346" id="token-3-26" start_char="344">the</TOKEN>
				<TOKEN end_char="353" id="token-3-27" start_char="348">police</TOKEN>
				<TOKEN end_char="358" id="token-3-28" start_char="355">said</TOKEN>
				<TOKEN end_char="359" id="token-3-29" start_char="359">.</TOKEN>
			</SEG>
			<SEG end_char="451" id="20130810_WAPO_68eb1688-0230-11e3-9711-3708310f6f4d-4" start_char="361">
				<ORIGINAL_TEXT>The arrest was announced hours after the discovery of a woman’s body in the Occoquan River.</ORIGINAL_TEXT>
				<TOKEN end_char="363" id="token-4-0" start_char="361">The</TOKEN>
				<TOKEN end_char="370" id="token-4-1" start_char="365">arrest</TOKEN>
				<TOKEN end_char="374" id="token-4-2" start_char="372">was</TOKEN>
				<TOKEN end_char="384" id="token-4-3" start_char="376">announced</TOKEN>
				<TOKEN end_char="390" id="token-4-4" start_char="386">hours</TOKEN>
				<TOKEN end_char="396" id="token-4-5" start_char="392">after</TOKEN>
				<TOKEN end_char="400" id="token-4-6" start_char="398">the</TOKEN>
				<TOKEN end_char="410" id="token-4-7" start_char="402">discovery</TOKEN>
				<TOKEN end_char="413" id="token-4-8" start_char="412">of</TOKEN>
				<TOKEN end_char="415" id="token-4-9" start_char="415">a</TOKEN>
				<TOKEN end_char="421" id="token-4-10" start_char="417">woman</TOKEN>
				<TOKEN end_char="422" id="token-4-11" start_char="422">’</TOKEN>
				<TOKEN end_char="423" id="token-4-12" start_char="423">s</TOKEN>
				<TOKEN end_char="428" id="token-4-13" start_char="425">body</TOKEN>
				<TOKEN end_char="431" id="token-4-14" start_char="430">in</TOKEN>
				<TOKEN end_char="435" id="token-4-15" start_char="433">the</TOKEN>
				<TOKEN end_char="444" id="token-4-16" start_char="437">Occoquan</TOKEN>
				<TOKEN end_char="450" id="token-4-17" start_char="446">River</TOKEN>
				<TOKEN end_char="451" id="token-4-18" start_char="451">.</TOKEN>
			</SEG>
			<SEG end_char="602" id="20130810_WAPO_68eb1688-0230-11e3-9711-3708310f6f4d-5" start_char="453">
				<ORIGINAL_TEXT>In their initial report of the discovery, police said only that they were trying to determine whether it was connected to Andrea Crew’s disappearance.</ORIGINAL_TEXT>
				<TOKEN end_char="454" id="token-5-0" start_char="453">In</TOKEN>
				<TOKEN end_char="460" id="token-5-1" start_char="456">their</TOKEN>
				<TOKEN end_char="468" id="token-5-2" start_char="462">initial</TOKEN>
				<TOKEN end_char="475" id="token-5-3" start_char="470">report</TOKEN>
				<TOKEN end_char="478" id="token-5-4" start_char="477">of</TOKEN>
				<TOKEN end_char="482" id="token-5-5" start_char="480">the</TOKEN>
				<TOKEN end_char="492" id="token-5-6" start_char="484">discovery</TOKEN>
				<TOKEN end_char="493" id="token-5-7" start_char="493">,</TOKEN>
				<TOKEN end_char="500" id="token-5-8" start_char="495">police</TOKEN>
				<TOKEN end_char="505" id="token-5-9" start_char="502">said</TOKEN>
				<TOKEN end_char="510" id="token-5-10" start_char="507">only</TOKEN>
				<TOKEN end_char="515" id="token-5-11" start_char="512">that</TOKEN>
				<TOKEN end_char="520" id="token-5-12" start_char="517">they</TOKEN>
				<TOKEN end_char="525" id="token-5-13" start_char="522">were</TOKEN>
				<TOKEN end_char="532" id="token-5-14" start_char="527">trying</TOKEN>
				<TOKEN end_char="535" id="token-5-15" start_char="534">to</TOKEN>
				<TOKEN end_char="545" id="token-5-16" start_char="537">determine</TOKEN>
				<TOKEN end_char="553" id="token-5-17" start_char="547">whether</TOKEN>
				<TOKEN end_char="556" id="token-5-18" start_char="555">it</TOKEN>
				<TOKEN end_char="560" id="token-5-19" start_char="558">was</TOKEN>
				<TOKEN end_char="570" id="token-5-20" start_char="562">connected</TOKEN>
				<TOKEN end_char="573" id="token-5-21" start_char="572">to</TOKEN>
				<TOKEN end_char="580" id="token-5-22" start_char="575">Andrea</TOKEN>
				<TOKEN end_char="585" id="token-5-23" start_char="582">Crew</TOKEN>
				<TOKEN end_char="586" id="token-5-24" start_char="586">’</TOKEN>
				<TOKEN end_char="587" id="token-5-25" start_char="587">s</TOKEN>
				<TOKEN end_char="601" id="token-5-26" start_char="589">disappearance</TOKEN>
				<TOKEN end_char="602" id="token-5-27" start_char="602">.</TOKEN>
			</SEG>
			<SEG end_char="851" id="20130810_WAPO_68eb1688-0230-11e3-9711-3708310f6f4d-6" start_char="604">
				<ORIGINAL_TEXT>Police had said that she was last seen about 11 a.m. Wednesday in the 5500 block of Cherokee Avenue in the Alexandria section of the county. They said Andrea Crew, who lived in the 8000 block of Gila Court, was getting out of a vehicle near a bank.</ORIGINAL_TEXT>
				<TOKEN end_char="609" id="token-6-0" start_char="604">Police</TOKEN>
				<TOKEN end_char="613" id="token-6-1" start_char="611">had</TOKEN>
				<TOKEN end_char="618" id="token-6-2" start_char="615">said</TOKEN>
				<TOKEN end_char="623" id="token-6-3" start_char="620">that</TOKEN>
				<TOKEN end_char="627" id="token-6-4" start_char="625">she</TOKEN>
				<TOKEN end_char="631" id="token-6-5" start_char="629">was</TOKEN>
				<TOKEN end_char="636" id="token-6-6" start_char="633">last</TOKEN>
				<TOKEN end_char="641" id="token-6-7" start_char="638">seen</TOKEN>
				<TOKEN end_char="647" id="token-6-8" start_char="643">about</TOKEN>
				<TOKEN end_char="650" id="token-6-9" start_char="649">11</TOKEN>
				<TOKEN end_char="652" id="token-6-10" start_char="652">a</TOKEN>
				<TOKEN end_char="653" id="token-6-11" start_char="653">.</TOKEN>
				<TOKEN end_char="654" id="token-6-12" start_char="654">m</TOKEN>
				<TOKEN end_char="655" id="token-6-13" start_char="655">.</TOKEN>
				<TOKEN end_char="665" id="token-6-14" start_char="657">Wednesday</TOKEN>
				<TOKEN end_char="668" id="token-6-15" start_char="667">in</TOKEN>
				<TOKEN end_char="672" id="token-6-16" start_char="670">the</TOKEN>
				<TOKEN end_char="677" id="token-6-17" start_char="674">5500</TOKEN>
				<TOKEN end_char="683" id="token-6-18" start_char="679">block</TOKEN>
				<TOKEN end_char="686" id="token-6-19" start_char="685">of</TOKEN>
				<TOKEN end_char="695" id="token-6-20" start_char="688">Cherokee</TOKEN>
				<TOKEN end_char="702" id="token-6-21" start_char="697">Avenue</TOKEN>
				<TOKEN end_char="705" id="token-6-22" start_char="704">in</TOKEN>
				<TOKEN end_char="709" id="token-6-23" start_char="707">the</TOKEN>
				<TOKEN end_char="720" id="token-6-24" start_char="711">Alexandria</TOKEN>
				<TOKEN end_char="728" id="token-6-25" start_char="722">section</TOKEN>
				<TOKEN end_char="731" id="token-6-26" start_char="730">of</TOKEN>
				<TOKEN end_char="735" id="token-6-27" start_char="733">the</TOKEN>
				<TOKEN end_char="742" id="token-6-28" start_char="737">county</TOKEN>
				<TOKEN end_char="743" id="token-6-29" start_char="743">.</TOKEN>
				<TOKEN end_char="748" id="token-6-30" start_char="745">They</TOKEN>
				<TOKEN end_char="753" id="token-6-31" start_char="750">said</TOKEN>
				<TOKEN end_char="760" id="token-6-32" start_char="755">Andrea</TOKEN>
				<TOKEN end_char="765" id="token-6-33" start_char="762">Crew</TOKEN>
				<TOKEN end_char="766" id="token-6-34" start_char="766">,</TOKEN>
				<TOKEN end_char="770" id="token-6-35" start_char="768">who</TOKEN>
				<TOKEN end_char="776" id="token-6-36" start_char="772">lived</TOKEN>
				<TOKEN end_char="779" id="token-6-37" start_char="778">in</TOKEN>
				<TOKEN end_char="783" id="token-6-38" start_char="781">the</TOKEN>
				<TOKEN end_char="788" id="token-6-39" start_char="785">8000</TOKEN>
				<TOKEN end_char="794" id="token-6-40" start_char="790">block</TOKEN>
				<TOKEN end_char="797" id="token-6-41" start_char="796">of</TOKEN>
				<TOKEN end_char="802" id="token-6-42" start_char="799">Gila</TOKEN>
				<TOKEN end_char="808" id="token-6-43" start_char="804">Court</TOKEN>
				<TOKEN end_char="809" id="token-6-44" start_char="809">,</TOKEN>
				<TOKEN end_char="813" id="token-6-45" start_char="811">was</TOKEN>
				<TOKEN end_char="821" id="token-6-46" start_char="815">getting</TOKEN>
				<TOKEN end_char="825" id="token-6-47" start_char="823">out</TOKEN>
				<TOKEN end_char="828" id="token-6-48" start_char="827">of</TOKEN>
				<TOKEN end_char="830" id="token-6-49" start_char="830">a</TOKEN>
				<TOKEN end_char="838" id="token-6-50" start_char="832">vehicle</TOKEN>
				<TOKEN end_char="843" id="token-6-51" start_char="840">near</TOKEN>
				<TOKEN end_char="845" id="token-6-52" start_char="845">a</TOKEN>
				<TOKEN end_char="850" id="token-6-53" start_char="847">bank</TOKEN>
				<TOKEN end_char="851" id="token-6-54" start_char="851">.</TOKEN>
			</SEG>
			<SEG end_char="980" id="20130810_WAPO_68eb1688-0230-11e3-9711-3708310f6f4d-7" start_char="853">
				<ORIGINAL_TEXT>It was not immediately clear what led police to charge Caleb Crew. Police said his arrest came after an extensive investigation.</ORIGINAL_TEXT>
				<TOKEN end_char="854" id="token-7-0" start_char="853">It</TOKEN>
				<TOKEN end_char="858" id="token-7-1" start_char="856">was</TOKEN>
				<TOKEN end_char="862" id="token-7-2" start_char="860">not</TOKEN>
				<TOKEN end_char="874" id="token-7-3" start_char="864">immediately</TOKEN>
				<TOKEN end_char="880" id="token-7-4" start_char="876">clear</TOKEN>
				<TOKEN end_char="885" id="token-7-5" start_char="882">what</TOKEN>
				<TOKEN end_char="889" id="token-7-6" start_char="887">led</TOKEN>
				<TOKEN end_char="896" id="token-7-7" start_char="891">police</TOKEN>
				<TOKEN end_char="899" id="token-7-8" start_char="898">to</TOKEN>
				<TOKEN end_char="906" id="token-7-9" start_char="901">charge</TOKEN>
				<TOKEN end_char="912" id="token-7-10" start_char="908">Caleb</TOKEN>
				<TOKEN end_char="917" id="token-7-11" start_char="914">Crew</TOKEN>
				<TOKEN end_char="918" id="token-7-12" start_char="918">.</TOKEN>
				<TOKEN end_char="925" id="token-7-13" start_char="920">Police</TOKEN>
				<TOKEN end_char="930" id="token-7-14" start_char="927">said</TOKEN>
				<TOKEN end_char="934" id="token-7-15" start_char="932">his</TOKEN>
				<TOKEN end_char="941" id="token-7-16" start_char="936">arrest</TOKEN>
				<TOKEN end_char="946" id="token-7-17" start_char="943">came</TOKEN>
				<TOKEN end_char="952" id="token-7-18" start_char="948">after</TOKEN>
				<TOKEN end_char="955" id="token-7-19" start_char="954">an</TOKEN>
				<TOKEN end_char="965" id="token-7-20" start_char="957">extensive</TOKEN>
				<TOKEN end_char="979" id="token-7-21" start_char="967">investigation</TOKEN>
				<TOKEN end_char="980" id="token-7-22" start_char="980">.</TOKEN>
			</SEG>
			<SEG end_char="1171" id="20130810_WAPO_68eb1688-0230-11e3-9711-3708310f6f4d-8" start_char="982">
				<ORIGINAL_TEXT>After Crew was taken into custody at the Mount Vernon-area police station he was taken to the county adult detention center, where a warrant was served charging him with murder, police said.</ORIGINAL_TEXT>
				<TOKEN end_char="986" id="token-8-0" start_char="982">After</TOKEN>
				<TOKEN end_char="991" id="token-8-1" start_char="988">Crew</TOKEN>
				<TOKEN end_char="995" id="token-8-2" start_char="993">was</TOKEN>
				<TOKEN end_char="1001" id="token-8-3" start_char="997">taken</TOKEN>
				<TOKEN end_char="1006" id="token-8-4" start_char="1003">into</TOKEN>
				<TOKEN end_char="1014" id="token-8-5" start_char="1008">custody</TOKEN>
				<TOKEN end_char="1017" id="token-8-6" start_char="1016">at</TOKEN>
				<TOKEN end_char="1021" id="token-8-7" start_char="1019">the</TOKEN>
				<TOKEN end_char="1027" id="token-8-8" start_char="1023">Mount</TOKEN>
				<TOKEN end_char="1034" id="token-8-9" start_char="1029">Vernon</TOKEN>
				<TOKEN end_char="1035" id="token-8-10" start_char="1035">-</TOKEN>
				<TOKEN end_char="1039" id="token-8-11" start_char="1036">area</TOKEN>
				<TOKEN end_char="1046" id="token-8-12" start_char="1041">police</TOKEN>
				<TOKEN end_char="1054" id="token-8-13" start_char="1048">station</TOKEN>
				<TOKEN end_char="1057" id="token-8-14" start_char="1056">he</TOKEN>
				<TOKEN end_char="1061" id="token-8-15" start_char="1059">was</TOKEN>
				<TOKEN end_char="1067" id="token-8-16" start_char="1063">taken</TOKEN>
				<TOKEN end_char="1070" id="token-8-17" start_char="1069">to</TOKEN>
				<TOKEN end_char="1074" id="token-8-18" start_char="1072">the</TOKEN>
				<TOKEN end_char="1081" id="token-8-19" start_char="1076">county</TOKEN>
				<TOKEN end_char="1087" id="token-8-20" start_char="1083">adult</TOKEN>
				<TOKEN end_char="1097" id="token-8-21" start_char="1089">detention</TOKEN>
				<TOKEN end_char="1104" id="token-8-22" start_char="1099">center</TOKEN>
				<TOKEN end_char="1105" id="token-8-23" start_char="1105">,</TOKEN>
				<TOKEN end_char="1111" id="token-8-24" start_char="1107">where</TOKEN>
				<TOKEN end_char="1113" id="token-8-25" start_char="1113">a</TOKEN>
				<TOKEN end_char="1121" id="token-8-26" start_char="1115">warrant</TOKEN>
				<TOKEN end_char="1125" id="token-8-27" start_char="1123">was</TOKEN>
				<TOKEN end_char="1132" id="token-8-28" start_char="1127">served</TOKEN>
				<TOKEN end_char="1141" id="token-8-29" start_char="1134">charging</TOKEN>
				<TOKEN end_char="1145" id="token-8-30" start_char="1143">him</TOKEN>
				<TOKEN end_char="1150" id="token-8-31" start_char="1147">with</TOKEN>
				<TOKEN end_char="1157" id="token-8-32" start_char="1152">murder</TOKEN>
				<TOKEN end_char="1158" id="token-8-33" start_char="1158">,</TOKEN>
				<TOKEN end_char="1165" id="token-8-34" start_char="1160">police</TOKEN>
				<TOKEN end_char="1170" id="token-8-35" start_char="1167">said</TOKEN>
				<TOKEN end_char="1171" id="token-8-36" start_char="1171">.</TOKEN>
			</SEG>
			<SEG end_char="1240" id="20130810_WAPO_68eb1688-0230-11e3-9711-3708310f6f4d-9" start_char="1173">
				<ORIGINAL_TEXT>Police said they were continuing “an active, ongoing investigation.”</ORIGINAL_TEXT>
				<TOKEN end_char="1178" id="token-9-0" start_char="1173">Police</TOKEN>
				<TOKEN end_char="1183" id="token-9-1" start_char="1180">said</TOKEN>
				<TOKEN end_char="1188" id="token-9-2" start_char="1185">they</TOKEN>
				<TOKEN end_char="1193" id="token-9-3" start_char="1190">were</TOKEN>
				<TOKEN end_char="1204" id="token-9-4" start_char="1195">continuing</TOKEN>
				<TOKEN end_char="1206" id="token-9-5" start_char="1206">“</TOKEN>
				<TOKEN end_char="1208" id="token-9-6" start_char="1207">an</TOKEN>
				<TOKEN end_char="1215" id="token-9-7" start_char="1210">active</TOKEN>
				<TOKEN end_char="1216" id="token-9-8" start_char="1216">,</TOKEN>
				<TOKEN end_char="1224" id="token-9-9" start_char="1218">ongoing</TOKEN>
				<TOKEN end_char="1238" id="token-9-10" start_char="1226">investigation</TOKEN>
				<TOKEN end_char="1240" id="token-9-11" start_char="1239">.”</TOKEN>
			</SEG>
			<SEG end_char="1470" id="20130810_WAPO_68eb1688-0230-11e3-9711-3708310f6f4d-10" start_char="1242">
				<ORIGINAL_TEXT>They said they worked throughout Friday night and Saturday carrying out an extensive search of the river where the body had been found, near Interstate 95. The river forms the boundary between Fairfax and Prince William counties.</ORIGINAL_TEXT>
				<TOKEN end_char="1245" id="token-10-0" start_char="1242">They</TOKEN>
				<TOKEN end_char="1250" id="token-10-1" start_char="1247">said</TOKEN>
				<TOKEN end_char="1255" id="token-10-2" start_char="1252">they</TOKEN>
				<TOKEN end_char="1262" id="token-10-3" start_char="1257">worked</TOKEN>
				<TOKEN end_char="1273" id="token-10-4" start_char="1264">throughout</TOKEN>
				<TOKEN end_char="1280" id="token-10-5" start_char="1275">Friday</TOKEN>
				<TOKEN end_char="1286" id="token-10-6" start_char="1282">night</TOKEN>
				<TOKEN end_char="1290" id="token-10-7" start_char="1288">and</TOKEN>
				<TOKEN end_char="1299" id="token-10-8" start_char="1292">Saturday</TOKEN>
				<TOKEN end_char="1308" id="token-10-9" start_char="1301">carrying</TOKEN>
				<TOKEN end_char="1312" id="token-10-10" start_char="1310">out</TOKEN>
				<TOKEN end_char="1315" id="token-10-11" start_char="1314">an</TOKEN>
				<TOKEN end_char="1325" id="token-10-12" start_char="1317">extensive</TOKEN>
				<TOKEN end_char="1332" id="token-10-13" start_char="1327">search</TOKEN>
				<TOKEN end_char="1335" id="token-10-14" start_char="1334">of</TOKEN>
				<TOKEN end_char="1339" id="token-10-15" start_char="1337">the</TOKEN>
				<TOKEN end_char="1345" id="token-10-16" start_char="1341">river</TOKEN>
				<TOKEN end_char="1351" id="token-10-17" start_char="1347">where</TOKEN>
				<TOKEN end_char="1355" id="token-10-18" start_char="1353">the</TOKEN>
				<TOKEN end_char="1360" id="token-10-19" start_char="1357">body</TOKEN>
				<TOKEN end_char="1364" id="token-10-20" start_char="1362">had</TOKEN>
				<TOKEN end_char="1369" id="token-10-21" start_char="1366">been</TOKEN>
				<TOKEN end_char="1375" id="token-10-22" start_char="1371">found</TOKEN>
				<TOKEN end_char="1376" id="token-10-23" start_char="1376">,</TOKEN>
				<TOKEN end_char="1381" id="token-10-24" start_char="1378">near</TOKEN>
				<TOKEN end_char="1392" id="token-10-25" start_char="1383">Interstate</TOKEN>
				<TOKEN end_char="1395" id="token-10-26" start_char="1394">95</TOKEN>
				<TOKEN end_char="1396" id="token-10-27" start_char="1396">.</TOKEN>
				<TOKEN end_char="1400" id="token-10-28" start_char="1398">The</TOKEN>
				<TOKEN end_char="1406" id="token-10-29" start_char="1402">river</TOKEN>
				<TOKEN end_char="1412" id="token-10-30" start_char="1408">forms</TOKEN>
				<TOKEN end_char="1416" id="token-10-31" start_char="1414">the</TOKEN>
				<TOKEN end_char="1425" id="token-10-32" start_char="1418">boundary</TOKEN>
				<TOKEN end_char="1433" id="token-10-33" start_char="1427">between</TOKEN>
				<TOKEN end_char="1441" id="token-10-34" start_char="1435">Fairfax</TOKEN>
				<TOKEN end_char="1445" id="token-10-35" start_char="1443">and</TOKEN>
				<TOKEN end_char="1452" id="token-10-36" start_char="1447">Prince</TOKEN>
				<TOKEN end_char="1460" id="token-10-37" start_char="1454">William</TOKEN>
				<TOKEN end_char="1469" id="token-10-38" start_char="1462">counties</TOKEN>
				<TOKEN end_char="1470" id="token-10-39" start_char="1470">.</TOKEN>
			</SEG>
		</TEXT>
	</DOC>
</LCTL_TEXT>
