<?xml version="1.0" encoding="utf-8"?>
<LCTL_TEXT>
	<DOC id="20130203_WAPO_dfa39780-6cb4-11e2-bd36-c0fe61a205f6">
		<TEXT>
			<SEG end_char="62" id="20130203_WAPO_dfa39780-6cb4-11e2-bd36-c0fe61a205f6-0" start_char="0">
				<ORIGINAL_TEXT>Ford funds expansion of Smithsonian exhibit for young inventors</ORIGINAL_TEXT>
				<TOKEN end_char="3" id="token-0-0" start_char="0">Ford</TOKEN>
				<TOKEN end_char="9" id="token-0-1" start_char="5">funds</TOKEN>
				<TOKEN end_char="19" id="token-0-2" start_char="11">expansion</TOKEN>
				<TOKEN end_char="22" id="token-0-3" start_char="21">of</TOKEN>
				<TOKEN end_char="34" id="token-0-4" start_char="24">Smithsonian</TOKEN>
				<TOKEN end_char="42" id="token-0-5" start_char="36">exhibit</TOKEN>
				<TOKEN end_char="46" id="token-0-6" start_char="44">for</TOKEN>
				<TOKEN end_char="52" id="token-0-7" start_char="48">young</TOKEN>
				<TOKEN end_char="62" id="token-0-8" start_char="54">inventors</TOKEN>
			</SEG>
			<SEG end_char="106" id="20130203_WAPO_dfa39780-6cb4-11e2-bd36-c0fe61a205f6-1" start_char="64">
				<ORIGINAL_TEXT>Sunday, February 3, 2013 14:31:51 GMT-05:00</ORIGINAL_TEXT>
				<TOKEN end_char="69" id="token-1-0" start_char="64">Sunday</TOKEN>
				<TOKEN end_char="70" id="token-1-1" start_char="70">,</TOKEN>
				<TOKEN end_char="79" id="token-1-2" start_char="72">February</TOKEN>
				<TOKEN end_char="81" id="token-1-3" start_char="81">3</TOKEN>
				<TOKEN end_char="82" id="token-1-4" start_char="82">,</TOKEN>
				<TOKEN end_char="87" id="token-1-5" start_char="84">2013</TOKEN>
				<TOKEN end_char="90" id="token-1-6" start_char="89">14</TOKEN>
				<TOKEN end_char="91" id="token-1-7" start_char="91">:</TOKEN>
				<TOKEN end_char="93" id="token-1-8" start_char="92">31</TOKEN>
				<TOKEN end_char="94" id="token-1-9" start_char="94">:</TOKEN>
				<TOKEN end_char="96" id="token-1-10" start_char="95">51</TOKEN>
				<TOKEN end_char="100" id="token-1-11" start_char="98">GMT</TOKEN>
				<TOKEN end_char="101" id="token-1-12" start_char="101">-</TOKEN>
				<TOKEN end_char="103" id="token-1-13" start_char="102">05</TOKEN>
				<TOKEN end_char="104" id="token-1-14" start_char="104">:</TOKEN>
				<TOKEN end_char="106" id="token-1-15" start_char="105">00</TOKEN>
			</SEG>
			<SEG end_char="343" id="20130203_WAPO_dfa39780-6cb4-11e2-bd36-c0fe61a205f6-2" start_char="108">
				<ORIGINAL_TEXT>The Ford Motor Co. Fund has announced a $500,000 donation to the Smithsonian’s National Museum of American History, the largest corporate contribution the museum has received for a program that supports innovation and science for youth.</ORIGINAL_TEXT>
				<TOKEN end_char="110" id="token-2-0" start_char="108">The</TOKEN>
				<TOKEN end_char="115" id="token-2-1" start_char="112">Ford</TOKEN>
				<TOKEN end_char="121" id="token-2-2" start_char="117">Motor</TOKEN>
				<TOKEN end_char="124" id="token-2-3" start_char="123">Co</TOKEN>
				<TOKEN end_char="125" id="token-2-4" start_char="125">.</TOKEN>
				<TOKEN end_char="130" id="token-2-5" start_char="127">Fund</TOKEN>
				<TOKEN end_char="134" id="token-2-6" start_char="132">has</TOKEN>
				<TOKEN end_char="144" id="token-2-7" start_char="136">announced</TOKEN>
				<TOKEN end_char="146" id="token-2-8" start_char="146">a</TOKEN>
				<TOKEN end_char="148" id="token-2-9" start_char="148">$</TOKEN>
				<TOKEN end_char="151" id="token-2-10" start_char="149">500</TOKEN>
				<TOKEN end_char="152" id="token-2-11" start_char="152">,</TOKEN>
				<TOKEN end_char="155" id="token-2-12" start_char="153">000</TOKEN>
				<TOKEN end_char="164" id="token-2-13" start_char="157">donation</TOKEN>
				<TOKEN end_char="167" id="token-2-14" start_char="166">to</TOKEN>
				<TOKEN end_char="171" id="token-2-15" start_char="169">the</TOKEN>
				<TOKEN end_char="183" id="token-2-16" start_char="173">Smithsonian</TOKEN>
				<TOKEN end_char="184" id="token-2-17" start_char="184">’</TOKEN>
				<TOKEN end_char="185" id="token-2-18" start_char="185">s</TOKEN>
				<TOKEN end_char="194" id="token-2-19" start_char="187">National</TOKEN>
				<TOKEN end_char="201" id="token-2-20" start_char="196">Museum</TOKEN>
				<TOKEN end_char="204" id="token-2-21" start_char="203">of</TOKEN>
				<TOKEN end_char="213" id="token-2-22" start_char="206">American</TOKEN>
				<TOKEN end_char="221" id="token-2-23" start_char="215">History</TOKEN>
				<TOKEN end_char="222" id="token-2-24" start_char="222">,</TOKEN>
				<TOKEN end_char="226" id="token-2-25" start_char="224">the</TOKEN>
				<TOKEN end_char="234" id="token-2-26" start_char="228">largest</TOKEN>
				<TOKEN end_char="244" id="token-2-27" start_char="236">corporate</TOKEN>
				<TOKEN end_char="257" id="token-2-28" start_char="246">contribution</TOKEN>
				<TOKEN end_char="261" id="token-2-29" start_char="259">the</TOKEN>
				<TOKEN end_char="268" id="token-2-30" start_char="263">museum</TOKEN>
				<TOKEN end_char="272" id="token-2-31" start_char="270">has</TOKEN>
				<TOKEN end_char="281" id="token-2-32" start_char="274">received</TOKEN>
				<TOKEN end_char="285" id="token-2-33" start_char="283">for</TOKEN>
				<TOKEN end_char="287" id="token-2-34" start_char="287">a</TOKEN>
				<TOKEN end_char="295" id="token-2-35" start_char="289">program</TOKEN>
				<TOKEN end_char="300" id="token-2-36" start_char="297">that</TOKEN>
				<TOKEN end_char="309" id="token-2-37" start_char="302">supports</TOKEN>
				<TOKEN end_char="320" id="token-2-38" start_char="311">innovation</TOKEN>
				<TOKEN end_char="324" id="token-2-39" start_char="322">and</TOKEN>
				<TOKEN end_char="332" id="token-2-40" start_char="326">science</TOKEN>
				<TOKEN end_char="336" id="token-2-41" start_char="334">for</TOKEN>
				<TOKEN end_char="342" id="token-2-42" start_char="338">youth</TOKEN>
				<TOKEN end_char="343" id="token-2-43" start_char="343">.</TOKEN>
			</SEG>
			<SEG end_char="798" id="20130203_WAPO_dfa39780-6cb4-11e2-bd36-c0fe61a205f6-3" start_char="345">
				<ORIGINAL_TEXT>The company made the announcement at the Washington Auto Show at the Walter E. Washington Convention Center, where it set up a Spark!Lab exhibit, an interactive inventor’s workshop. In a large hall surrounded by 40 new Ford cars and trucks, a dozen students from a local elementary school took in the exhibit after a press conference. They designed cars with PVC pipe, created music with marbles and wood, and built model vehicles with dry pasta noodles.</ORIGINAL_TEXT>
				<TOKEN end_char="347" id="token-3-0" start_char="345">The</TOKEN>
				<TOKEN end_char="355" id="token-3-1" start_char="349">company</TOKEN>
				<TOKEN end_char="360" id="token-3-2" start_char="357">made</TOKEN>
				<TOKEN end_char="364" id="token-3-3" start_char="362">the</TOKEN>
				<TOKEN end_char="377" id="token-3-4" start_char="366">announcement</TOKEN>
				<TOKEN end_char="380" id="token-3-5" start_char="379">at</TOKEN>
				<TOKEN end_char="384" id="token-3-6" start_char="382">the</TOKEN>
				<TOKEN end_char="395" id="token-3-7" start_char="386">Washington</TOKEN>
				<TOKEN end_char="400" id="token-3-8" start_char="397">Auto</TOKEN>
				<TOKEN end_char="405" id="token-3-9" start_char="402">Show</TOKEN>
				<TOKEN end_char="408" id="token-3-10" start_char="407">at</TOKEN>
				<TOKEN end_char="412" id="token-3-11" start_char="410">the</TOKEN>
				<TOKEN end_char="419" id="token-3-12" start_char="414">Walter</TOKEN>
				<TOKEN end_char="421" id="token-3-13" start_char="421">E</TOKEN>
				<TOKEN end_char="422" id="token-3-14" start_char="422">.</TOKEN>
				<TOKEN end_char="433" id="token-3-15" start_char="424">Washington</TOKEN>
				<TOKEN end_char="444" id="token-3-16" start_char="435">Convention</TOKEN>
				<TOKEN end_char="451" id="token-3-17" start_char="446">Center</TOKEN>
				<TOKEN end_char="452" id="token-3-18" start_char="452">,</TOKEN>
				<TOKEN end_char="458" id="token-3-19" start_char="454">where</TOKEN>
				<TOKEN end_char="461" id="token-3-20" start_char="460">it</TOKEN>
				<TOKEN end_char="465" id="token-3-21" start_char="463">set</TOKEN>
				<TOKEN end_char="468" id="token-3-22" start_char="467">up</TOKEN>
				<TOKEN end_char="470" id="token-3-23" start_char="470">a</TOKEN>
				<TOKEN end_char="476" id="token-3-24" start_char="472">Spark</TOKEN>
				<TOKEN end_char="477" id="token-3-25" start_char="477">!</TOKEN>
				<TOKEN end_char="480" id="token-3-26" start_char="478">Lab</TOKEN>
				<TOKEN end_char="488" id="token-3-27" start_char="482">exhibit</TOKEN>
				<TOKEN end_char="489" id="token-3-28" start_char="489">,</TOKEN>
				<TOKEN end_char="492" id="token-3-29" start_char="491">an</TOKEN>
				<TOKEN end_char="504" id="token-3-30" start_char="494">interactive</TOKEN>
				<TOKEN end_char="513" id="token-3-31" start_char="506">inventor</TOKEN>
				<TOKEN end_char="514" id="token-3-32" start_char="514">’</TOKEN>
				<TOKEN end_char="515" id="token-3-33" start_char="515">s</TOKEN>
				<TOKEN end_char="524" id="token-3-34" start_char="517">workshop</TOKEN>
				<TOKEN end_char="525" id="token-3-35" start_char="525">.</TOKEN>
				<TOKEN end_char="528" id="token-3-36" start_char="527">In</TOKEN>
				<TOKEN end_char="530" id="token-3-37" start_char="530">a</TOKEN>
				<TOKEN end_char="536" id="token-3-38" start_char="532">large</TOKEN>
				<TOKEN end_char="541" id="token-3-39" start_char="538">hall</TOKEN>
				<TOKEN end_char="552" id="token-3-40" start_char="543">surrounded</TOKEN>
				<TOKEN end_char="555" id="token-3-41" start_char="554">by</TOKEN>
				<TOKEN end_char="558" id="token-3-42" start_char="557">40</TOKEN>
				<TOKEN end_char="562" id="token-3-43" start_char="560">new</TOKEN>
				<TOKEN end_char="567" id="token-3-44" start_char="564">Ford</TOKEN>
				<TOKEN end_char="572" id="token-3-45" start_char="569">cars</TOKEN>
				<TOKEN end_char="576" id="token-3-46" start_char="574">and</TOKEN>
				<TOKEN end_char="583" id="token-3-47" start_char="578">trucks</TOKEN>
				<TOKEN end_char="584" id="token-3-48" start_char="584">,</TOKEN>
				<TOKEN end_char="586" id="token-3-49" start_char="586">a</TOKEN>
				<TOKEN end_char="592" id="token-3-50" start_char="588">dozen</TOKEN>
				<TOKEN end_char="601" id="token-3-51" start_char="594">students</TOKEN>
				<TOKEN end_char="606" id="token-3-52" start_char="603">from</TOKEN>
				<TOKEN end_char="608" id="token-3-53" start_char="608">a</TOKEN>
				<TOKEN end_char="614" id="token-3-54" start_char="610">local</TOKEN>
				<TOKEN end_char="625" id="token-3-55" start_char="616">elementary</TOKEN>
				<TOKEN end_char="632" id="token-3-56" start_char="627">school</TOKEN>
				<TOKEN end_char="637" id="token-3-57" start_char="634">took</TOKEN>
				<TOKEN end_char="640" id="token-3-58" start_char="639">in</TOKEN>
				<TOKEN end_char="644" id="token-3-59" start_char="642">the</TOKEN>
				<TOKEN end_char="652" id="token-3-60" start_char="646">exhibit</TOKEN>
				<TOKEN end_char="658" id="token-3-61" start_char="654">after</TOKEN>
				<TOKEN end_char="660" id="token-3-62" start_char="660">a</TOKEN>
				<TOKEN end_char="666" id="token-3-63" start_char="662">press</TOKEN>
				<TOKEN end_char="677" id="token-3-64" start_char="668">conference</TOKEN>
				<TOKEN end_char="678" id="token-3-65" start_char="678">.</TOKEN>
				<TOKEN end_char="683" id="token-3-66" start_char="680">They</TOKEN>
				<TOKEN end_char="692" id="token-3-67" start_char="685">designed</TOKEN>
				<TOKEN end_char="697" id="token-3-68" start_char="694">cars</TOKEN>
				<TOKEN end_char="702" id="token-3-69" start_char="699">with</TOKEN>
				<TOKEN end_char="706" id="token-3-70" start_char="704">PVC</TOKEN>
				<TOKEN end_char="711" id="token-3-71" start_char="708">pipe</TOKEN>
				<TOKEN end_char="712" id="token-3-72" start_char="712">,</TOKEN>
				<TOKEN end_char="720" id="token-3-73" start_char="714">created</TOKEN>
				<TOKEN end_char="726" id="token-3-74" start_char="722">music</TOKEN>
				<TOKEN end_char="731" id="token-3-75" start_char="728">with</TOKEN>
				<TOKEN end_char="739" id="token-3-76" start_char="733">marbles</TOKEN>
				<TOKEN end_char="743" id="token-3-77" start_char="741">and</TOKEN>
				<TOKEN end_char="748" id="token-3-78" start_char="745">wood</TOKEN>
				<TOKEN end_char="749" id="token-3-79" start_char="749">,</TOKEN>
				<TOKEN end_char="753" id="token-3-80" start_char="751">and</TOKEN>
				<TOKEN end_char="759" id="token-3-81" start_char="755">built</TOKEN>
				<TOKEN end_char="765" id="token-3-82" start_char="761">model</TOKEN>
				<TOKEN end_char="774" id="token-3-83" start_char="767">vehicles</TOKEN>
				<TOKEN end_char="779" id="token-3-84" start_char="776">with</TOKEN>
				<TOKEN end_char="783" id="token-3-85" start_char="781">dry</TOKEN>
				<TOKEN end_char="789" id="token-3-86" start_char="785">pasta</TOKEN>
				<TOKEN end_char="797" id="token-3-87" start_char="791">noodles</TOKEN>
				<TOKEN end_char="798" id="token-3-88" start_char="798">.</TOKEN>
			</SEG>
			<SEG end_char="998" id="20130203_WAPO_dfa39780-6cb4-11e2-bd36-c0fe61a205f6-4" start_char="800">
				<ORIGINAL_TEXT>The donation represents part of the funding necessary for a $2 million Spark!Lab initiative that includes updating a program at the museum and building labs in three other museums around the country.</ORIGINAL_TEXT>
				<TOKEN end_char="802" id="token-4-0" start_char="800">The</TOKEN>
				<TOKEN end_char="811" id="token-4-1" start_char="804">donation</TOKEN>
				<TOKEN end_char="822" id="token-4-2" start_char="813">represents</TOKEN>
				<TOKEN end_char="827" id="token-4-3" start_char="824">part</TOKEN>
				<TOKEN end_char="830" id="token-4-4" start_char="829">of</TOKEN>
				<TOKEN end_char="834" id="token-4-5" start_char="832">the</TOKEN>
				<TOKEN end_char="842" id="token-4-6" start_char="836">funding</TOKEN>
				<TOKEN end_char="852" id="token-4-7" start_char="844">necessary</TOKEN>
				<TOKEN end_char="856" id="token-4-8" start_char="854">for</TOKEN>
				<TOKEN end_char="858" id="token-4-9" start_char="858">a</TOKEN>
				<TOKEN end_char="860" id="token-4-10" start_char="860">$</TOKEN>
				<TOKEN end_char="861" id="token-4-11" start_char="861">2</TOKEN>
				<TOKEN end_char="869" id="token-4-12" start_char="863">million</TOKEN>
				<TOKEN end_char="875" id="token-4-13" start_char="871">Spark</TOKEN>
				<TOKEN end_char="876" id="token-4-14" start_char="876">!</TOKEN>
				<TOKEN end_char="879" id="token-4-15" start_char="877">Lab</TOKEN>
				<TOKEN end_char="890" id="token-4-16" start_char="881">initiative</TOKEN>
				<TOKEN end_char="895" id="token-4-17" start_char="892">that</TOKEN>
				<TOKEN end_char="904" id="token-4-18" start_char="897">includes</TOKEN>
				<TOKEN end_char="913" id="token-4-19" start_char="906">updating</TOKEN>
				<TOKEN end_char="915" id="token-4-20" start_char="915">a</TOKEN>
				<TOKEN end_char="923" id="token-4-21" start_char="917">program</TOKEN>
				<TOKEN end_char="926" id="token-4-22" start_char="925">at</TOKEN>
				<TOKEN end_char="930" id="token-4-23" start_char="928">the</TOKEN>
				<TOKEN end_char="937" id="token-4-24" start_char="932">museum</TOKEN>
				<TOKEN end_char="941" id="token-4-25" start_char="939">and</TOKEN>
				<TOKEN end_char="950" id="token-4-26" start_char="943">building</TOKEN>
				<TOKEN end_char="955" id="token-4-27" start_char="952">labs</TOKEN>
				<TOKEN end_char="958" id="token-4-28" start_char="957">in</TOKEN>
				<TOKEN end_char="964" id="token-4-29" start_char="960">three</TOKEN>
				<TOKEN end_char="970" id="token-4-30" start_char="966">other</TOKEN>
				<TOKEN end_char="978" id="token-4-31" start_char="972">museums</TOKEN>
				<TOKEN end_char="985" id="token-4-32" start_char="980">around</TOKEN>
				<TOKEN end_char="989" id="token-4-33" start_char="987">the</TOKEN>
				<TOKEN end_char="997" id="token-4-34" start_char="991">country</TOKEN>
				<TOKEN end_char="998" id="token-4-35" start_char="998">.</TOKEN>
			</SEG>
			<SEG end_char="1202" id="20130203_WAPO_dfa39780-6cb4-11e2-bd36-c0fe61a205f6-5" start_char="1000">
				<ORIGINAL_TEXT>Spark!Lab in D.C. is set to reopen in the spring of 2015 with expanded space and new activities involving phone apps and video-recording kiosks that allow students to use media to pitch their inventions.</ORIGINAL_TEXT>
				<TOKEN end_char="1004" id="token-5-0" start_char="1000">Spark</TOKEN>
				<TOKEN end_char="1005" id="token-5-1" start_char="1005">!</TOKEN>
				<TOKEN end_char="1008" id="token-5-2" start_char="1006">Lab</TOKEN>
				<TOKEN end_char="1011" id="token-5-3" start_char="1010">in</TOKEN>
				<TOKEN end_char="1013" id="token-5-4" start_char="1013">D</TOKEN>
				<TOKEN end_char="1014" id="token-5-5" start_char="1014">.</TOKEN>
				<TOKEN end_char="1015" id="token-5-6" start_char="1015">C</TOKEN>
				<TOKEN end_char="1016" id="token-5-7" start_char="1016">.</TOKEN>
				<TOKEN end_char="1019" id="token-5-8" start_char="1018">is</TOKEN>
				<TOKEN end_char="1023" id="token-5-9" start_char="1021">set</TOKEN>
				<TOKEN end_char="1026" id="token-5-10" start_char="1025">to</TOKEN>
				<TOKEN end_char="1033" id="token-5-11" start_char="1028">reopen</TOKEN>
				<TOKEN end_char="1036" id="token-5-12" start_char="1035">in</TOKEN>
				<TOKEN end_char="1040" id="token-5-13" start_char="1038">the</TOKEN>
				<TOKEN end_char="1047" id="token-5-14" start_char="1042">spring</TOKEN>
				<TOKEN end_char="1050" id="token-5-15" start_char="1049">of</TOKEN>
				<TOKEN end_char="1055" id="token-5-16" start_char="1052">2015</TOKEN>
				<TOKEN end_char="1060" id="token-5-17" start_char="1057">with</TOKEN>
				<TOKEN end_char="1069" id="token-5-18" start_char="1062">expanded</TOKEN>
				<TOKEN end_char="1075" id="token-5-19" start_char="1071">space</TOKEN>
				<TOKEN end_char="1079" id="token-5-20" start_char="1077">and</TOKEN>
				<TOKEN end_char="1083" id="token-5-21" start_char="1081">new</TOKEN>
				<TOKEN end_char="1094" id="token-5-22" start_char="1085">activities</TOKEN>
				<TOKEN end_char="1104" id="token-5-23" start_char="1096">involving</TOKEN>
				<TOKEN end_char="1110" id="token-5-24" start_char="1106">phone</TOKEN>
				<TOKEN end_char="1115" id="token-5-25" start_char="1112">apps</TOKEN>
				<TOKEN end_char="1119" id="token-5-26" start_char="1117">and</TOKEN>
				<TOKEN end_char="1125" id="token-5-27" start_char="1121">video</TOKEN>
				<TOKEN end_char="1126" id="token-5-28" start_char="1126">-</TOKEN>
				<TOKEN end_char="1135" id="token-5-29" start_char="1127">recording</TOKEN>
				<TOKEN end_char="1142" id="token-5-30" start_char="1137">kiosks</TOKEN>
				<TOKEN end_char="1147" id="token-5-31" start_char="1144">that</TOKEN>
				<TOKEN end_char="1153" id="token-5-32" start_char="1149">allow</TOKEN>
				<TOKEN end_char="1162" id="token-5-33" start_char="1155">students</TOKEN>
				<TOKEN end_char="1165" id="token-5-34" start_char="1164">to</TOKEN>
				<TOKEN end_char="1169" id="token-5-35" start_char="1167">use</TOKEN>
				<TOKEN end_char="1175" id="token-5-36" start_char="1171">media</TOKEN>
				<TOKEN end_char="1178" id="token-5-37" start_char="1177">to</TOKEN>
				<TOKEN end_char="1184" id="token-5-38" start_char="1180">pitch</TOKEN>
				<TOKEN end_char="1190" id="token-5-39" start_char="1186">their</TOKEN>
				<TOKEN end_char="1201" id="token-5-40" start_char="1192">inventions</TOKEN>
				<TOKEN end_char="1202" id="token-5-41" start_char="1202">.</TOKEN>
			</SEG>
			<SEG end_char="1370" id="20130203_WAPO_dfa39780-6cb4-11e2-bd36-c0fe61a205f6-6" start_char="1204">
				<ORIGINAL_TEXT>The lab is part of a $120 million overhaul of the museum’s west wing. The federal government put up half of the funding, the other half is to come from private donors.</ORIGINAL_TEXT>
				<TOKEN end_char="1206" id="token-6-0" start_char="1204">The</TOKEN>
				<TOKEN end_char="1210" id="token-6-1" start_char="1208">lab</TOKEN>
				<TOKEN end_char="1213" id="token-6-2" start_char="1212">is</TOKEN>
				<TOKEN end_char="1218" id="token-6-3" start_char="1215">part</TOKEN>
				<TOKEN end_char="1221" id="token-6-4" start_char="1220">of</TOKEN>
				<TOKEN end_char="1223" id="token-6-5" start_char="1223">a</TOKEN>
				<TOKEN end_char="1225" id="token-6-6" start_char="1225">$</TOKEN>
				<TOKEN end_char="1228" id="token-6-7" start_char="1226">120</TOKEN>
				<TOKEN end_char="1236" id="token-6-8" start_char="1230">million</TOKEN>
				<TOKEN end_char="1245" id="token-6-9" start_char="1238">overhaul</TOKEN>
				<TOKEN end_char="1248" id="token-6-10" start_char="1247">of</TOKEN>
				<TOKEN end_char="1252" id="token-6-11" start_char="1250">the</TOKEN>
				<TOKEN end_char="1259" id="token-6-12" start_char="1254">museum</TOKEN>
				<TOKEN end_char="1260" id="token-6-13" start_char="1260">’</TOKEN>
				<TOKEN end_char="1261" id="token-6-14" start_char="1261">s</TOKEN>
				<TOKEN end_char="1266" id="token-6-15" start_char="1263">west</TOKEN>
				<TOKEN end_char="1271" id="token-6-16" start_char="1268">wing</TOKEN>
				<TOKEN end_char="1272" id="token-6-17" start_char="1272">.</TOKEN>
				<TOKEN end_char="1276" id="token-6-18" start_char="1274">The</TOKEN>
				<TOKEN end_char="1284" id="token-6-19" start_char="1278">federal</TOKEN>
				<TOKEN end_char="1295" id="token-6-20" start_char="1286">government</TOKEN>
				<TOKEN end_char="1299" id="token-6-21" start_char="1297">put</TOKEN>
				<TOKEN end_char="1302" id="token-6-22" start_char="1301">up</TOKEN>
				<TOKEN end_char="1307" id="token-6-23" start_char="1304">half</TOKEN>
				<TOKEN end_char="1310" id="token-6-24" start_char="1309">of</TOKEN>
				<TOKEN end_char="1314" id="token-6-25" start_char="1312">the</TOKEN>
				<TOKEN end_char="1322" id="token-6-26" start_char="1316">funding</TOKEN>
				<TOKEN end_char="1323" id="token-6-27" start_char="1323">,</TOKEN>
				<TOKEN end_char="1327" id="token-6-28" start_char="1325">the</TOKEN>
				<TOKEN end_char="1333" id="token-6-29" start_char="1329">other</TOKEN>
				<TOKEN end_char="1338" id="token-6-30" start_char="1335">half</TOKEN>
				<TOKEN end_char="1341" id="token-6-31" start_char="1340">is</TOKEN>
				<TOKEN end_char="1344" id="token-6-32" start_char="1343">to</TOKEN>
				<TOKEN end_char="1349" id="token-6-33" start_char="1346">come</TOKEN>
				<TOKEN end_char="1354" id="token-6-34" start_char="1351">from</TOKEN>
				<TOKEN end_char="1362" id="token-6-35" start_char="1356">private</TOKEN>
				<TOKEN end_char="1369" id="token-6-36" start_char="1364">donors</TOKEN>
				<TOKEN end_char="1370" id="token-6-37" start_char="1370">.</TOKEN>
			</SEG>
			<SEG end_char="1575" id="20130203_WAPO_dfa39780-6cb4-11e2-bd36-c0fe61a205f6-7" start_char="1372">
				<ORIGINAL_TEXT>“Ford supporting the renovation is huge,” said Tricia Edwards, an education specialist at the Smithsonian who manages Spark!Labs. “It’s going to be very different than anything else on the National Mall.”</ORIGINAL_TEXT>
				<TOKEN end_char="1372" id="token-7-0" start_char="1372">“</TOKEN>
				<TOKEN end_char="1376" id="token-7-1" start_char="1373">Ford</TOKEN>
				<TOKEN end_char="1387" id="token-7-2" start_char="1378">supporting</TOKEN>
				<TOKEN end_char="1391" id="token-7-3" start_char="1389">the</TOKEN>
				<TOKEN end_char="1402" id="token-7-4" start_char="1393">renovation</TOKEN>
				<TOKEN end_char="1405" id="token-7-5" start_char="1404">is</TOKEN>
				<TOKEN end_char="1410" id="token-7-6" start_char="1407">huge</TOKEN>
				<TOKEN end_char="1412" id="token-7-7" start_char="1411">,”</TOKEN>
				<TOKEN end_char="1417" id="token-7-8" start_char="1414">said</TOKEN>
				<TOKEN end_char="1424" id="token-7-9" start_char="1419">Tricia</TOKEN>
				<TOKEN end_char="1432" id="token-7-10" start_char="1426">Edwards</TOKEN>
				<TOKEN end_char="1433" id="token-7-11" start_char="1433">,</TOKEN>
				<TOKEN end_char="1436" id="token-7-12" start_char="1435">an</TOKEN>
				<TOKEN end_char="1446" id="token-7-13" start_char="1438">education</TOKEN>
				<TOKEN end_char="1457" id="token-7-14" start_char="1448">specialist</TOKEN>
				<TOKEN end_char="1460" id="token-7-15" start_char="1459">at</TOKEN>
				<TOKEN end_char="1464" id="token-7-16" start_char="1462">the</TOKEN>
				<TOKEN end_char="1476" id="token-7-17" start_char="1466">Smithsonian</TOKEN>
				<TOKEN end_char="1480" id="token-7-18" start_char="1478">who</TOKEN>
				<TOKEN end_char="1488" id="token-7-19" start_char="1482">manages</TOKEN>
				<TOKEN end_char="1494" id="token-7-20" start_char="1490">Spark</TOKEN>
				<TOKEN end_char="1495" id="token-7-21" start_char="1495">!</TOKEN>
				<TOKEN end_char="1499" id="token-7-22" start_char="1496">Labs</TOKEN>
				<TOKEN end_char="1500" id="token-7-23" start_char="1500">.</TOKEN>
				<TOKEN end_char="1502" id="token-7-24" start_char="1502">“</TOKEN>
				<TOKEN end_char="1504" id="token-7-25" start_char="1503">It</TOKEN>
				<TOKEN end_char="1505" id="token-7-26" start_char="1505">’</TOKEN>
				<TOKEN end_char="1506" id="token-7-27" start_char="1506">s</TOKEN>
				<TOKEN end_char="1512" id="token-7-28" start_char="1508">going</TOKEN>
				<TOKEN end_char="1515" id="token-7-29" start_char="1514">to</TOKEN>
				<TOKEN end_char="1518" id="token-7-30" start_char="1517">be</TOKEN>
				<TOKEN end_char="1523" id="token-7-31" start_char="1520">very</TOKEN>
				<TOKEN end_char="1533" id="token-7-32" start_char="1525">different</TOKEN>
				<TOKEN end_char="1538" id="token-7-33" start_char="1535">than</TOKEN>
				<TOKEN end_char="1547" id="token-7-34" start_char="1540">anything</TOKEN>
				<TOKEN end_char="1552" id="token-7-35" start_char="1549">else</TOKEN>
				<TOKEN end_char="1555" id="token-7-36" start_char="1554">on</TOKEN>
				<TOKEN end_char="1559" id="token-7-37" start_char="1557">the</TOKEN>
				<TOKEN end_char="1568" id="token-7-38" start_char="1561">National</TOKEN>
				<TOKEN end_char="1573" id="token-7-39" start_char="1570">Mall</TOKEN>
				<TOKEN end_char="1575" id="token-7-40" start_char="1574">.”</TOKEN>
			</SEG>
			<SEG end_char="1855" id="20130203_WAPO_dfa39780-6cb4-11e2-bd36-c0fe61a205f6-8" start_char="1577">
				<ORIGINAL_TEXT>The president of Ford Motor Co. Fund, Jim Vella, sits on the board of the National Museum of American History. He said the foundation was looking for a substantial project to support this year that would also highlight the 150th birthday of the auto company’s founder Henry Ford.</ORIGINAL_TEXT>
				<TOKEN end_char="1579" id="token-8-0" start_char="1577">The</TOKEN>
				<TOKEN end_char="1589" id="token-8-1" start_char="1581">president</TOKEN>
				<TOKEN end_char="1592" id="token-8-2" start_char="1591">of</TOKEN>
				<TOKEN end_char="1597" id="token-8-3" start_char="1594">Ford</TOKEN>
				<TOKEN end_char="1603" id="token-8-4" start_char="1599">Motor</TOKEN>
				<TOKEN end_char="1606" id="token-8-5" start_char="1605">Co</TOKEN>
				<TOKEN end_char="1607" id="token-8-6" start_char="1607">.</TOKEN>
				<TOKEN end_char="1612" id="token-8-7" start_char="1609">Fund</TOKEN>
				<TOKEN end_char="1613" id="token-8-8" start_char="1613">,</TOKEN>
				<TOKEN end_char="1617" id="token-8-9" start_char="1615">Jim</TOKEN>
				<TOKEN end_char="1623" id="token-8-10" start_char="1619">Vella</TOKEN>
				<TOKEN end_char="1624" id="token-8-11" start_char="1624">,</TOKEN>
				<TOKEN end_char="1629" id="token-8-12" start_char="1626">sits</TOKEN>
				<TOKEN end_char="1632" id="token-8-13" start_char="1631">on</TOKEN>
				<TOKEN end_char="1636" id="token-8-14" start_char="1634">the</TOKEN>
				<TOKEN end_char="1642" id="token-8-15" start_char="1638">board</TOKEN>
				<TOKEN end_char="1645" id="token-8-16" start_char="1644">of</TOKEN>
				<TOKEN end_char="1649" id="token-8-17" start_char="1647">the</TOKEN>
				<TOKEN end_char="1658" id="token-8-18" start_char="1651">National</TOKEN>
				<TOKEN end_char="1665" id="token-8-19" start_char="1660">Museum</TOKEN>
				<TOKEN end_char="1668" id="token-8-20" start_char="1667">of</TOKEN>
				<TOKEN end_char="1677" id="token-8-21" start_char="1670">American</TOKEN>
				<TOKEN end_char="1685" id="token-8-22" start_char="1679">History</TOKEN>
				<TOKEN end_char="1686" id="token-8-23" start_char="1686">.</TOKEN>
				<TOKEN end_char="1689" id="token-8-24" start_char="1688">He</TOKEN>
				<TOKEN end_char="1694" id="token-8-25" start_char="1691">said</TOKEN>
				<TOKEN end_char="1698" id="token-8-26" start_char="1696">the</TOKEN>
				<TOKEN end_char="1709" id="token-8-27" start_char="1700">foundation</TOKEN>
				<TOKEN end_char="1713" id="token-8-28" start_char="1711">was</TOKEN>
				<TOKEN end_char="1721" id="token-8-29" start_char="1715">looking</TOKEN>
				<TOKEN end_char="1725" id="token-8-30" start_char="1723">for</TOKEN>
				<TOKEN end_char="1727" id="token-8-31" start_char="1727">a</TOKEN>
				<TOKEN end_char="1739" id="token-8-32" start_char="1729">substantial</TOKEN>
				<TOKEN end_char="1747" id="token-8-33" start_char="1741">project</TOKEN>
				<TOKEN end_char="1750" id="token-8-34" start_char="1749">to</TOKEN>
				<TOKEN end_char="1758" id="token-8-35" start_char="1752">support</TOKEN>
				<TOKEN end_char="1763" id="token-8-36" start_char="1760">this</TOKEN>
				<TOKEN end_char="1768" id="token-8-37" start_char="1765">year</TOKEN>
				<TOKEN end_char="1773" id="token-8-38" start_char="1770">that</TOKEN>
				<TOKEN end_char="1779" id="token-8-39" start_char="1775">would</TOKEN>
				<TOKEN end_char="1784" id="token-8-40" start_char="1781">also</TOKEN>
				<TOKEN end_char="1794" id="token-8-41" start_char="1786">highlight</TOKEN>
				<TOKEN end_char="1798" id="token-8-42" start_char="1796">the</TOKEN>
				<TOKEN end_char="1804" id="token-8-43" start_char="1800">150th</TOKEN>
				<TOKEN end_char="1813" id="token-8-44" start_char="1806">birthday</TOKEN>
				<TOKEN end_char="1816" id="token-8-45" start_char="1815">of</TOKEN>
				<TOKEN end_char="1820" id="token-8-46" start_char="1818">the</TOKEN>
				<TOKEN end_char="1825" id="token-8-47" start_char="1822">auto</TOKEN>
				<TOKEN end_char="1833" id="token-8-48" start_char="1827">company</TOKEN>
				<TOKEN end_char="1834" id="token-8-49" start_char="1834">’</TOKEN>
				<TOKEN end_char="1835" id="token-8-50" start_char="1835">s</TOKEN>
				<TOKEN end_char="1843" id="token-8-51" start_char="1837">founder</TOKEN>
				<TOKEN end_char="1849" id="token-8-52" start_char="1845">Henry</TOKEN>
				<TOKEN end_char="1854" id="token-8-53" start_char="1851">Ford</TOKEN>
				<TOKEN end_char="1855" id="token-8-54" start_char="1855">.</TOKEN>
			</SEG>
			<SEG end_char="2174" id="20130203_WAPO_dfa39780-6cb4-11e2-bd36-c0fe61a205f6-9" start_char="1857">
				<ORIGINAL_TEXT>“One of the things that he was known for was tinkering in innovation,” Vella said. “So it’s a great partnership for us because it allows us to reach out to young people and get them involved in invention projects that may lead them to [science and engineering careers], which is real important to a company like Ford.”</ORIGINAL_TEXT>
				<TOKEN end_char="1857" id="token-9-0" start_char="1857">“</TOKEN>
				<TOKEN end_char="1860" id="token-9-1" start_char="1858">One</TOKEN>
				<TOKEN end_char="1863" id="token-9-2" start_char="1862">of</TOKEN>
				<TOKEN end_char="1867" id="token-9-3" start_char="1865">the</TOKEN>
				<TOKEN end_char="1874" id="token-9-4" start_char="1869">things</TOKEN>
				<TOKEN end_char="1879" id="token-9-5" start_char="1876">that</TOKEN>
				<TOKEN end_char="1882" id="token-9-6" start_char="1881">he</TOKEN>
				<TOKEN end_char="1886" id="token-9-7" start_char="1884">was</TOKEN>
				<TOKEN end_char="1892" id="token-9-8" start_char="1888">known</TOKEN>
				<TOKEN end_char="1896" id="token-9-9" start_char="1894">for</TOKEN>
				<TOKEN end_char="1900" id="token-9-10" start_char="1898">was</TOKEN>
				<TOKEN end_char="1910" id="token-9-11" start_char="1902">tinkering</TOKEN>
				<TOKEN end_char="1913" id="token-9-12" start_char="1912">in</TOKEN>
				<TOKEN end_char="1924" id="token-9-13" start_char="1915">innovation</TOKEN>
				<TOKEN end_char="1926" id="token-9-14" start_char="1925">,”</TOKEN>
				<TOKEN end_char="1932" id="token-9-15" start_char="1928">Vella</TOKEN>
				<TOKEN end_char="1937" id="token-9-16" start_char="1934">said</TOKEN>
				<TOKEN end_char="1938" id="token-9-17" start_char="1938">.</TOKEN>
				<TOKEN end_char="1940" id="token-9-18" start_char="1940">“</TOKEN>
				<TOKEN end_char="1942" id="token-9-19" start_char="1941">So</TOKEN>
				<TOKEN end_char="1945" id="token-9-20" start_char="1944">it</TOKEN>
				<TOKEN end_char="1946" id="token-9-21" start_char="1946">’</TOKEN>
				<TOKEN end_char="1947" id="token-9-22" start_char="1947">s</TOKEN>
				<TOKEN end_char="1949" id="token-9-23" start_char="1949">a</TOKEN>
				<TOKEN end_char="1955" id="token-9-24" start_char="1951">great</TOKEN>
				<TOKEN end_char="1967" id="token-9-25" start_char="1957">partnership</TOKEN>
				<TOKEN end_char="1971" id="token-9-26" start_char="1969">for</TOKEN>
				<TOKEN end_char="1974" id="token-9-27" start_char="1973">us</TOKEN>
				<TOKEN end_char="1982" id="token-9-28" start_char="1976">because</TOKEN>
				<TOKEN end_char="1985" id="token-9-29" start_char="1984">it</TOKEN>
				<TOKEN end_char="1992" id="token-9-30" start_char="1987">allows</TOKEN>
				<TOKEN end_char="1995" id="token-9-31" start_char="1994">us</TOKEN>
				<TOKEN end_char="1998" id="token-9-32" start_char="1997">to</TOKEN>
				<TOKEN end_char="2004" id="token-9-33" start_char="2000">reach</TOKEN>
				<TOKEN end_char="2008" id="token-9-34" start_char="2006">out</TOKEN>
				<TOKEN end_char="2011" id="token-9-35" start_char="2010">to</TOKEN>
				<TOKEN end_char="2017" id="token-9-36" start_char="2013">young</TOKEN>
				<TOKEN end_char="2024" id="token-9-37" start_char="2019">people</TOKEN>
				<TOKEN end_char="2028" id="token-9-38" start_char="2026">and</TOKEN>
				<TOKEN end_char="2032" id="token-9-39" start_char="2030">get</TOKEN>
				<TOKEN end_char="2037" id="token-9-40" start_char="2034">them</TOKEN>
				<TOKEN end_char="2046" id="token-9-41" start_char="2039">involved</TOKEN>
				<TOKEN end_char="2049" id="token-9-42" start_char="2048">in</TOKEN>
				<TOKEN end_char="2059" id="token-9-43" start_char="2051">invention</TOKEN>
				<TOKEN end_char="2068" id="token-9-44" start_char="2061">projects</TOKEN>
				<TOKEN end_char="2073" id="token-9-45" start_char="2070">that</TOKEN>
				<TOKEN end_char="2077" id="token-9-46" start_char="2075">may</TOKEN>
				<TOKEN end_char="2082" id="token-9-47" start_char="2079">lead</TOKEN>
				<TOKEN end_char="2087" id="token-9-48" start_char="2084">them</TOKEN>
				<TOKEN end_char="2090" id="token-9-49" start_char="2089">to</TOKEN>
				<TOKEN end_char="2092" id="token-9-50" start_char="2092">[</TOKEN>
				<TOKEN end_char="2099" id="token-9-51" start_char="2093">science</TOKEN>
				<TOKEN end_char="2103" id="token-9-52" start_char="2101">and</TOKEN>
				<TOKEN end_char="2115" id="token-9-53" start_char="2105">engineering</TOKEN>
				<TOKEN end_char="2123" id="token-9-54" start_char="2117">careers</TOKEN>
				<TOKEN end_char="2125" id="token-9-55" start_char="2124">],</TOKEN>
				<TOKEN end_char="2131" id="token-9-56" start_char="2127">which</TOKEN>
				<TOKEN end_char="2134" id="token-9-57" start_char="2133">is</TOKEN>
				<TOKEN end_char="2139" id="token-9-58" start_char="2136">real</TOKEN>
				<TOKEN end_char="2149" id="token-9-59" start_char="2141">important</TOKEN>
				<TOKEN end_char="2152" id="token-9-60" start_char="2151">to</TOKEN>
				<TOKEN end_char="2154" id="token-9-61" start_char="2154">a</TOKEN>
				<TOKEN end_char="2162" id="token-9-62" start_char="2156">company</TOKEN>
				<TOKEN end_char="2167" id="token-9-63" start_char="2164">like</TOKEN>
				<TOKEN end_char="2172" id="token-9-64" start_char="2169">Ford</TOKEN>
				<TOKEN end_char="2174" id="token-9-65" start_char="2173">.”</TOKEN>
			</SEG>
			<SEG end_char="2423" id="20130203_WAPO_dfa39780-6cb4-11e2-bd36-c0fe61a205f6-10" start_char="2176">
				<ORIGINAL_TEXT>Ford has partnered with the Smithsonian since 1974, funding exhibitions including Freedom’s Sisters, an exhibit that highlights little-known woman figures in the civil rights movement. It also gave $400,000 to the National Zoo for its panda Webcam.</ORIGINAL_TEXT>
				<TOKEN end_char="2179" id="token-10-0" start_char="2176">Ford</TOKEN>
				<TOKEN end_char="2183" id="token-10-1" start_char="2181">has</TOKEN>
				<TOKEN end_char="2193" id="token-10-2" start_char="2185">partnered</TOKEN>
				<TOKEN end_char="2198" id="token-10-3" start_char="2195">with</TOKEN>
				<TOKEN end_char="2202" id="token-10-4" start_char="2200">the</TOKEN>
				<TOKEN end_char="2214" id="token-10-5" start_char="2204">Smithsonian</TOKEN>
				<TOKEN end_char="2220" id="token-10-6" start_char="2216">since</TOKEN>
				<TOKEN end_char="2225" id="token-10-7" start_char="2222">1974</TOKEN>
				<TOKEN end_char="2226" id="token-10-8" start_char="2226">,</TOKEN>
				<TOKEN end_char="2234" id="token-10-9" start_char="2228">funding</TOKEN>
				<TOKEN end_char="2246" id="token-10-10" start_char="2236">exhibitions</TOKEN>
				<TOKEN end_char="2256" id="token-10-11" start_char="2248">including</TOKEN>
				<TOKEN end_char="2264" id="token-10-12" start_char="2258">Freedom</TOKEN>
				<TOKEN end_char="2265" id="token-10-13" start_char="2265">’</TOKEN>
				<TOKEN end_char="2266" id="token-10-14" start_char="2266">s</TOKEN>
				<TOKEN end_char="2274" id="token-10-15" start_char="2268">Sisters</TOKEN>
				<TOKEN end_char="2275" id="token-10-16" start_char="2275">,</TOKEN>
				<TOKEN end_char="2278" id="token-10-17" start_char="2277">an</TOKEN>
				<TOKEN end_char="2286" id="token-10-18" start_char="2280">exhibit</TOKEN>
				<TOKEN end_char="2291" id="token-10-19" start_char="2288">that</TOKEN>
				<TOKEN end_char="2302" id="token-10-20" start_char="2293">highlights</TOKEN>
				<TOKEN end_char="2309" id="token-10-21" start_char="2304">little</TOKEN>
				<TOKEN end_char="2310" id="token-10-22" start_char="2310">-</TOKEN>
				<TOKEN end_char="2315" id="token-10-23" start_char="2311">known</TOKEN>
				<TOKEN end_char="2321" id="token-10-24" start_char="2317">woman</TOKEN>
				<TOKEN end_char="2329" id="token-10-25" start_char="2323">figures</TOKEN>
				<TOKEN end_char="2332" id="token-10-26" start_char="2331">in</TOKEN>
				<TOKEN end_char="2336" id="token-10-27" start_char="2334">the</TOKEN>
				<TOKEN end_char="2342" id="token-10-28" start_char="2338">civil</TOKEN>
				<TOKEN end_char="2349" id="token-10-29" start_char="2344">rights</TOKEN>
				<TOKEN end_char="2358" id="token-10-30" start_char="2351">movement</TOKEN>
				<TOKEN end_char="2359" id="token-10-31" start_char="2359">.</TOKEN>
				<TOKEN end_char="2362" id="token-10-32" start_char="2361">It</TOKEN>
				<TOKEN end_char="2367" id="token-10-33" start_char="2364">also</TOKEN>
				<TOKEN end_char="2372" id="token-10-34" start_char="2369">gave</TOKEN>
				<TOKEN end_char="2374" id="token-10-35" start_char="2374">$</TOKEN>
				<TOKEN end_char="2377" id="token-10-36" start_char="2375">400</TOKEN>
				<TOKEN end_char="2378" id="token-10-37" start_char="2378">,</TOKEN>
				<TOKEN end_char="2381" id="token-10-38" start_char="2379">000</TOKEN>
				<TOKEN end_char="2384" id="token-10-39" start_char="2383">to</TOKEN>
				<TOKEN end_char="2388" id="token-10-40" start_char="2386">the</TOKEN>
				<TOKEN end_char="2397" id="token-10-41" start_char="2390">National</TOKEN>
				<TOKEN end_char="2401" id="token-10-42" start_char="2399">Zoo</TOKEN>
				<TOKEN end_char="2405" id="token-10-43" start_char="2403">for</TOKEN>
				<TOKEN end_char="2409" id="token-10-44" start_char="2407">its</TOKEN>
				<TOKEN end_char="2415" id="token-10-45" start_char="2411">panda</TOKEN>
				<TOKEN end_char="2422" id="token-10-46" start_char="2417">Webcam</TOKEN>
				<TOKEN end_char="2423" id="token-10-47" start_char="2423">.</TOKEN>
			</SEG>
			<SEG end_char="2554" id="20130203_WAPO_dfa39780-6cb4-11e2-bd36-c0fe61a205f6-11" start_char="2425">
				<ORIGINAL_TEXT>Edsel Ford II, philanthropist and great grandson of Henry Ford, talked to the elementary school students as they built model cars.</ORIGINAL_TEXT>
				<TOKEN end_char="2429" id="token-11-0" start_char="2425">Edsel</TOKEN>
				<TOKEN end_char="2434" id="token-11-1" start_char="2431">Ford</TOKEN>
				<TOKEN end_char="2437" id="token-11-2" start_char="2436">II</TOKEN>
				<TOKEN end_char="2438" id="token-11-3" start_char="2438">,</TOKEN>
				<TOKEN end_char="2453" id="token-11-4" start_char="2440">philanthropist</TOKEN>
				<TOKEN end_char="2457" id="token-11-5" start_char="2455">and</TOKEN>
				<TOKEN end_char="2463" id="token-11-6" start_char="2459">great</TOKEN>
				<TOKEN end_char="2472" id="token-11-7" start_char="2465">grandson</TOKEN>
				<TOKEN end_char="2475" id="token-11-8" start_char="2474">of</TOKEN>
				<TOKEN end_char="2481" id="token-11-9" start_char="2477">Henry</TOKEN>
				<TOKEN end_char="2486" id="token-11-10" start_char="2483">Ford</TOKEN>
				<TOKEN end_char="2487" id="token-11-11" start_char="2487">,</TOKEN>
				<TOKEN end_char="2494" id="token-11-12" start_char="2489">talked</TOKEN>
				<TOKEN end_char="2497" id="token-11-13" start_char="2496">to</TOKEN>
				<TOKEN end_char="2501" id="token-11-14" start_char="2499">the</TOKEN>
				<TOKEN end_char="2512" id="token-11-15" start_char="2503">elementary</TOKEN>
				<TOKEN end_char="2519" id="token-11-16" start_char="2514">school</TOKEN>
				<TOKEN end_char="2528" id="token-11-17" start_char="2521">students</TOKEN>
				<TOKEN end_char="2531" id="token-11-18" start_char="2530">as</TOKEN>
				<TOKEN end_char="2536" id="token-11-19" start_char="2533">they</TOKEN>
				<TOKEN end_char="2542" id="token-11-20" start_char="2538">built</TOKEN>
				<TOKEN end_char="2548" id="token-11-21" start_char="2544">model</TOKEN>
				<TOKEN end_char="2553" id="token-11-22" start_char="2550">cars</TOKEN>
				<TOKEN end_char="2554" id="token-11-23" start_char="2554">.</TOKEN>
			</SEG>
			<SEG end_char="2702" id="20130203_WAPO_dfa39780-6cb4-11e2-bd36-c0fe61a205f6-12" start_char="2556">
				<ORIGINAL_TEXT>Ford, who was raised in a family of philanthropists, said he and his wife became philanthropists in 1980 after returning to Detroit from Australia.</ORIGINAL_TEXT>
				<TOKEN end_char="2559" id="token-12-0" start_char="2556">Ford</TOKEN>
				<TOKEN end_char="2560" id="token-12-1" start_char="2560">,</TOKEN>
				<TOKEN end_char="2564" id="token-12-2" start_char="2562">who</TOKEN>
				<TOKEN end_char="2568" id="token-12-3" start_char="2566">was</TOKEN>
				<TOKEN end_char="2575" id="token-12-4" start_char="2570">raised</TOKEN>
				<TOKEN end_char="2578" id="token-12-5" start_char="2577">in</TOKEN>
				<TOKEN end_char="2580" id="token-12-6" start_char="2580">a</TOKEN>
				<TOKEN end_char="2587" id="token-12-7" start_char="2582">family</TOKEN>
				<TOKEN end_char="2590" id="token-12-8" start_char="2589">of</TOKEN>
				<TOKEN end_char="2606" id="token-12-9" start_char="2592">philanthropists</TOKEN>
				<TOKEN end_char="2607" id="token-12-10" start_char="2607">,</TOKEN>
				<TOKEN end_char="2612" id="token-12-11" start_char="2609">said</TOKEN>
				<TOKEN end_char="2615" id="token-12-12" start_char="2614">he</TOKEN>
				<TOKEN end_char="2619" id="token-12-13" start_char="2617">and</TOKEN>
				<TOKEN end_char="2623" id="token-12-14" start_char="2621">his</TOKEN>
				<TOKEN end_char="2628" id="token-12-15" start_char="2625">wife</TOKEN>
				<TOKEN end_char="2635" id="token-12-16" start_char="2630">became</TOKEN>
				<TOKEN end_char="2651" id="token-12-17" start_char="2637">philanthropists</TOKEN>
				<TOKEN end_char="2654" id="token-12-18" start_char="2653">in</TOKEN>
				<TOKEN end_char="2659" id="token-12-19" start_char="2656">1980</TOKEN>
				<TOKEN end_char="2665" id="token-12-20" start_char="2661">after</TOKEN>
				<TOKEN end_char="2675" id="token-12-21" start_char="2667">returning</TOKEN>
				<TOKEN end_char="2678" id="token-12-22" start_char="2677">to</TOKEN>
				<TOKEN end_char="2686" id="token-12-23" start_char="2680">Detroit</TOKEN>
				<TOKEN end_char="2691" id="token-12-24" start_char="2688">from</TOKEN>
				<TOKEN end_char="2701" id="token-12-25" start_char="2693">Australia</TOKEN>
				<TOKEN end_char="2702" id="token-12-26" start_char="2702">.</TOKEN>
			</SEG>
			<SEG end_char="2892" id="20130203_WAPO_dfa39780-6cb4-11e2-bd36-c0fe61a205f6-13" start_char="2704">
				<ORIGINAL_TEXT>He became a major supporter of children’s causes, and began funding the Salvation Army, the Smithsonian and the Skillman Foundation, which funds school and neighborhood projects in Detroit.</ORIGINAL_TEXT>
				<TOKEN end_char="2705" id="token-13-0" start_char="2704">He</TOKEN>
				<TOKEN end_char="2712" id="token-13-1" start_char="2707">became</TOKEN>
				<TOKEN end_char="2714" id="token-13-2" start_char="2714">a</TOKEN>
				<TOKEN end_char="2720" id="token-13-3" start_char="2716">major</TOKEN>
				<TOKEN end_char="2730" id="token-13-4" start_char="2722">supporter</TOKEN>
				<TOKEN end_char="2733" id="token-13-5" start_char="2732">of</TOKEN>
				<TOKEN end_char="2742" id="token-13-6" start_char="2735">children</TOKEN>
				<TOKEN end_char="2743" id="token-13-7" start_char="2743">’</TOKEN>
				<TOKEN end_char="2744" id="token-13-8" start_char="2744">s</TOKEN>
				<TOKEN end_char="2751" id="token-13-9" start_char="2746">causes</TOKEN>
				<TOKEN end_char="2752" id="token-13-10" start_char="2752">,</TOKEN>
				<TOKEN end_char="2756" id="token-13-11" start_char="2754">and</TOKEN>
				<TOKEN end_char="2762" id="token-13-12" start_char="2758">began</TOKEN>
				<TOKEN end_char="2770" id="token-13-13" start_char="2764">funding</TOKEN>
				<TOKEN end_char="2774" id="token-13-14" start_char="2772">the</TOKEN>
				<TOKEN end_char="2784" id="token-13-15" start_char="2776">Salvation</TOKEN>
				<TOKEN end_char="2789" id="token-13-16" start_char="2786">Army</TOKEN>
				<TOKEN end_char="2790" id="token-13-17" start_char="2790">,</TOKEN>
				<TOKEN end_char="2794" id="token-13-18" start_char="2792">the</TOKEN>
				<TOKEN end_char="2806" id="token-13-19" start_char="2796">Smithsonian</TOKEN>
				<TOKEN end_char="2810" id="token-13-20" start_char="2808">and</TOKEN>
				<TOKEN end_char="2814" id="token-13-21" start_char="2812">the</TOKEN>
				<TOKEN end_char="2823" id="token-13-22" start_char="2816">Skillman</TOKEN>
				<TOKEN end_char="2834" id="token-13-23" start_char="2825">Foundation</TOKEN>
				<TOKEN end_char="2835" id="token-13-24" start_char="2835">,</TOKEN>
				<TOKEN end_char="2841" id="token-13-25" start_char="2837">which</TOKEN>
				<TOKEN end_char="2847" id="token-13-26" start_char="2843">funds</TOKEN>
				<TOKEN end_char="2854" id="token-13-27" start_char="2849">school</TOKEN>
				<TOKEN end_char="2858" id="token-13-28" start_char="2856">and</TOKEN>
				<TOKEN end_char="2871" id="token-13-29" start_char="2860">neighborhood</TOKEN>
				<TOKEN end_char="2880" id="token-13-30" start_char="2873">projects</TOKEN>
				<TOKEN end_char="2883" id="token-13-31" start_char="2882">in</TOKEN>
				<TOKEN end_char="2891" id="token-13-32" start_char="2885">Detroit</TOKEN>
				<TOKEN end_char="2892" id="token-13-33" start_char="2892">.</TOKEN>
			</SEG>
			<SEG end_char="3045" id="20130203_WAPO_dfa39780-6cb4-11e2-bd36-c0fe61a205f6-14" start_char="2894">
				<ORIGINAL_TEXT>Now, as he sits on the board of Ford Motor Co., he travels the country hoping to inspire other business leaders that may not be engaged in philanthropy.</ORIGINAL_TEXT>
				<TOKEN end_char="2896" id="token-14-0" start_char="2894">Now</TOKEN>
				<TOKEN end_char="2897" id="token-14-1" start_char="2897">,</TOKEN>
				<TOKEN end_char="2900" id="token-14-2" start_char="2899">as</TOKEN>
				<TOKEN end_char="2903" id="token-14-3" start_char="2902">he</TOKEN>
				<TOKEN end_char="2908" id="token-14-4" start_char="2905">sits</TOKEN>
				<TOKEN end_char="2911" id="token-14-5" start_char="2910">on</TOKEN>
				<TOKEN end_char="2915" id="token-14-6" start_char="2913">the</TOKEN>
				<TOKEN end_char="2921" id="token-14-7" start_char="2917">board</TOKEN>
				<TOKEN end_char="2924" id="token-14-8" start_char="2923">of</TOKEN>
				<TOKEN end_char="2929" id="token-14-9" start_char="2926">Ford</TOKEN>
				<TOKEN end_char="2935" id="token-14-10" start_char="2931">Motor</TOKEN>
				<TOKEN end_char="2938" id="token-14-11" start_char="2937">Co</TOKEN>
				<TOKEN end_char="2940" id="token-14-12" start_char="2939">.,</TOKEN>
				<TOKEN end_char="2943" id="token-14-13" start_char="2942">he</TOKEN>
				<TOKEN end_char="2951" id="token-14-14" start_char="2945">travels</TOKEN>
				<TOKEN end_char="2955" id="token-14-15" start_char="2953">the</TOKEN>
				<TOKEN end_char="2963" id="token-14-16" start_char="2957">country</TOKEN>
				<TOKEN end_char="2970" id="token-14-17" start_char="2965">hoping</TOKEN>
				<TOKEN end_char="2973" id="token-14-18" start_char="2972">to</TOKEN>
				<TOKEN end_char="2981" id="token-14-19" start_char="2975">inspire</TOKEN>
				<TOKEN end_char="2987" id="token-14-20" start_char="2983">other</TOKEN>
				<TOKEN end_char="2996" id="token-14-21" start_char="2989">business</TOKEN>
				<TOKEN end_char="3004" id="token-14-22" start_char="2998">leaders</TOKEN>
				<TOKEN end_char="3009" id="token-14-23" start_char="3006">that</TOKEN>
				<TOKEN end_char="3013" id="token-14-24" start_char="3011">may</TOKEN>
				<TOKEN end_char="3017" id="token-14-25" start_char="3015">not</TOKEN>
				<TOKEN end_char="3020" id="token-14-26" start_char="3019">be</TOKEN>
				<TOKEN end_char="3028" id="token-14-27" start_char="3022">engaged</TOKEN>
				<TOKEN end_char="3031" id="token-14-28" start_char="3030">in</TOKEN>
				<TOKEN end_char="3044" id="token-14-29" start_char="3033">philanthropy</TOKEN>
				<TOKEN end_char="3045" id="token-14-30" start_char="3045">.</TOKEN>
			</SEG>
			<SEG end_char="3288" id="20130203_WAPO_dfa39780-6cb4-11e2-bd36-c0fe61a205f6-15" start_char="3047">
				<ORIGINAL_TEXT>“We need to get executives involved and passionate,” Edsel said. “Some are and some aren’t. Once you become a corporate officer of a company, you need to go to a class or school that teaches you these things. I don’t think it’s human nature.”</ORIGINAL_TEXT>
				<TOKEN end_char="3047" id="token-15-0" start_char="3047">“</TOKEN>
				<TOKEN end_char="3049" id="token-15-1" start_char="3048">We</TOKEN>
				<TOKEN end_char="3054" id="token-15-2" start_char="3051">need</TOKEN>
				<TOKEN end_char="3057" id="token-15-3" start_char="3056">to</TOKEN>
				<TOKEN end_char="3061" id="token-15-4" start_char="3059">get</TOKEN>
				<TOKEN end_char="3072" id="token-15-5" start_char="3063">executives</TOKEN>
				<TOKEN end_char="3081" id="token-15-6" start_char="3074">involved</TOKEN>
				<TOKEN end_char="3085" id="token-15-7" start_char="3083">and</TOKEN>
				<TOKEN end_char="3096" id="token-15-8" start_char="3087">passionate</TOKEN>
				<TOKEN end_char="3098" id="token-15-9" start_char="3097">,”</TOKEN>
				<TOKEN end_char="3104" id="token-15-10" start_char="3100">Edsel</TOKEN>
				<TOKEN end_char="3109" id="token-15-11" start_char="3106">said</TOKEN>
				<TOKEN end_char="3110" id="token-15-12" start_char="3110">.</TOKEN>
				<TOKEN end_char="3112" id="token-15-13" start_char="3112">“</TOKEN>
				<TOKEN end_char="3116" id="token-15-14" start_char="3113">Some</TOKEN>
				<TOKEN end_char="3120" id="token-15-15" start_char="3118">are</TOKEN>
				<TOKEN end_char="3124" id="token-15-16" start_char="3122">and</TOKEN>
				<TOKEN end_char="3129" id="token-15-17" start_char="3126">some</TOKEN>
				<TOKEN end_char="3134" id="token-15-18" start_char="3131">aren</TOKEN>
				<TOKEN end_char="3135" id="token-15-19" start_char="3135">’</TOKEN>
				<TOKEN end_char="3136" id="token-15-20" start_char="3136">t</TOKEN>
				<TOKEN end_char="3137" id="token-15-21" start_char="3137">.</TOKEN>
				<TOKEN end_char="3142" id="token-15-22" start_char="3139">Once</TOKEN>
				<TOKEN end_char="3146" id="token-15-23" start_char="3144">you</TOKEN>
				<TOKEN end_char="3153" id="token-15-24" start_char="3148">become</TOKEN>
				<TOKEN end_char="3155" id="token-15-25" start_char="3155">a</TOKEN>
				<TOKEN end_char="3165" id="token-15-26" start_char="3157">corporate</TOKEN>
				<TOKEN end_char="3173" id="token-15-27" start_char="3167">officer</TOKEN>
				<TOKEN end_char="3176" id="token-15-28" start_char="3175">of</TOKEN>
				<TOKEN end_char="3178" id="token-15-29" start_char="3178">a</TOKEN>
				<TOKEN end_char="3186" id="token-15-30" start_char="3180">company</TOKEN>
				<TOKEN end_char="3187" id="token-15-31" start_char="3187">,</TOKEN>
				<TOKEN end_char="3191" id="token-15-32" start_char="3189">you</TOKEN>
				<TOKEN end_char="3196" id="token-15-33" start_char="3193">need</TOKEN>
				<TOKEN end_char="3199" id="token-15-34" start_char="3198">to</TOKEN>
				<TOKEN end_char="3202" id="token-15-35" start_char="3201">go</TOKEN>
				<TOKEN end_char="3205" id="token-15-36" start_char="3204">to</TOKEN>
				<TOKEN end_char="3207" id="token-15-37" start_char="3207">a</TOKEN>
				<TOKEN end_char="3213" id="token-15-38" start_char="3209">class</TOKEN>
				<TOKEN end_char="3216" id="token-15-39" start_char="3215">or</TOKEN>
				<TOKEN end_char="3223" id="token-15-40" start_char="3218">school</TOKEN>
				<TOKEN end_char="3228" id="token-15-41" start_char="3225">that</TOKEN>
				<TOKEN end_char="3236" id="token-15-42" start_char="3230">teaches</TOKEN>
				<TOKEN end_char="3240" id="token-15-43" start_char="3238">you</TOKEN>
				<TOKEN end_char="3246" id="token-15-44" start_char="3242">these</TOKEN>
				<TOKEN end_char="3253" id="token-15-45" start_char="3248">things</TOKEN>
				<TOKEN end_char="3254" id="token-15-46" start_char="3254">.</TOKEN>
				<TOKEN end_char="3256" id="token-15-47" start_char="3256">I</TOKEN>
				<TOKEN end_char="3260" id="token-15-48" start_char="3258">don</TOKEN>
				<TOKEN end_char="3261" id="token-15-49" start_char="3261">’</TOKEN>
				<TOKEN end_char="3262" id="token-15-50" start_char="3262">t</TOKEN>
				<TOKEN end_char="3268" id="token-15-51" start_char="3264">think</TOKEN>
				<TOKEN end_char="3271" id="token-15-52" start_char="3270">it</TOKEN>
				<TOKEN end_char="3272" id="token-15-53" start_char="3272">’</TOKEN>
				<TOKEN end_char="3273" id="token-15-54" start_char="3273">s</TOKEN>
				<TOKEN end_char="3279" id="token-15-55" start_char="3275">human</TOKEN>
				<TOKEN end_char="3286" id="token-15-56" start_char="3281">nature</TOKEN>
				<TOKEN end_char="3288" id="token-15-57" start_char="3287">.”</TOKEN>
			</SEG>
		</TEXT>
	</DOC>
</LCTL_TEXT>
