<?xml version="1.0" encoding="utf-8"?>
<LCTL_TEXT>
	<DOC id="20130329_WAPO_2cb599a6-7aca-11e2-a044-676856536b40">
		<TEXT>
			<SEG end_char="69" id="20130329_WAPO_2cb599a6-7aca-11e2-a044-676856536b40-0" start_char="0">
				<ORIGINAL_TEXT>Fairfax County schools could face shortage of mental-health clinicians</ORIGINAL_TEXT>
				<TOKEN end_char="6" id="token-0-0" start_char="0">Fairfax</TOKEN>
				<TOKEN end_char="13" id="token-0-1" start_char="8">County</TOKEN>
				<TOKEN end_char="21" id="token-0-2" start_char="15">schools</TOKEN>
				<TOKEN end_char="27" id="token-0-3" start_char="23">could</TOKEN>
				<TOKEN end_char="32" id="token-0-4" start_char="29">face</TOKEN>
				<TOKEN end_char="41" id="token-0-5" start_char="34">shortage</TOKEN>
				<TOKEN end_char="44" id="token-0-6" start_char="43">of</TOKEN>
				<TOKEN end_char="51" id="token-0-7" start_char="46">mental</TOKEN>
				<TOKEN end_char="52" id="token-0-8" start_char="52">-</TOKEN>
				<TOKEN end_char="58" id="token-0-9" start_char="53">health</TOKEN>
				<TOKEN end_char="69" id="token-0-10" start_char="60">clinicians</TOKEN>
			</SEG>
			<SEG end_char="111" id="20130329_WAPO_2cb599a6-7aca-11e2-a044-676856536b40-1" start_char="71">
				<ORIGINAL_TEXT>Friday, March 29, 2013 18:31:57 GMT-05:00</ORIGINAL_TEXT>
				<TOKEN end_char="76" id="token-1-0" start_char="71">Friday</TOKEN>
				<TOKEN end_char="77" id="token-1-1" start_char="77">,</TOKEN>
				<TOKEN end_char="83" id="token-1-2" start_char="79">March</TOKEN>
				<TOKEN end_char="86" id="token-1-3" start_char="85">29</TOKEN>
				<TOKEN end_char="87" id="token-1-4" start_char="87">,</TOKEN>
				<TOKEN end_char="92" id="token-1-5" start_char="89">2013</TOKEN>
				<TOKEN end_char="95" id="token-1-6" start_char="94">18</TOKEN>
				<TOKEN end_char="96" id="token-1-7" start_char="96">:</TOKEN>
				<TOKEN end_char="98" id="token-1-8" start_char="97">31</TOKEN>
				<TOKEN end_char="99" id="token-1-9" start_char="99">:</TOKEN>
				<TOKEN end_char="101" id="token-1-10" start_char="100">57</TOKEN>
				<TOKEN end_char="105" id="token-1-11" start_char="103">GMT</TOKEN>
				<TOKEN end_char="106" id="token-1-12" start_char="106">-</TOKEN>
				<TOKEN end_char="108" id="token-1-13" start_char="107">05</TOKEN>
				<TOKEN end_char="109" id="token-1-14" start_char="109">:</TOKEN>
				<TOKEN end_char="111" id="token-1-15" start_char="110">00</TOKEN>
			</SEG>
			<SEG end_char="340" id="20130329_WAPO_2cb599a6-7aca-11e2-a044-676856536b40-2" start_char="113">
				<ORIGINAL_TEXT>A multimillion-dollar budget crunch in Fairfax County schools next year might force an unsustainable workload on the mental-health clinicians who help students cope with stress, anxiety and emotional crises, administrators said.</ORIGINAL_TEXT>
				<TOKEN end_char="113" id="token-2-0" start_char="113">A</TOKEN>
				<TOKEN end_char="126" id="token-2-1" start_char="115">multimillion</TOKEN>
				<TOKEN end_char="127" id="token-2-2" start_char="127">-</TOKEN>
				<TOKEN end_char="133" id="token-2-3" start_char="128">dollar</TOKEN>
				<TOKEN end_char="140" id="token-2-4" start_char="135">budget</TOKEN>
				<TOKEN end_char="147" id="token-2-5" start_char="142">crunch</TOKEN>
				<TOKEN end_char="150" id="token-2-6" start_char="149">in</TOKEN>
				<TOKEN end_char="158" id="token-2-7" start_char="152">Fairfax</TOKEN>
				<TOKEN end_char="165" id="token-2-8" start_char="160">County</TOKEN>
				<TOKEN end_char="173" id="token-2-9" start_char="167">schools</TOKEN>
				<TOKEN end_char="178" id="token-2-10" start_char="175">next</TOKEN>
				<TOKEN end_char="183" id="token-2-11" start_char="180">year</TOKEN>
				<TOKEN end_char="189" id="token-2-12" start_char="185">might</TOKEN>
				<TOKEN end_char="195" id="token-2-13" start_char="191">force</TOKEN>
				<TOKEN end_char="198" id="token-2-14" start_char="197">an</TOKEN>
				<TOKEN end_char="212" id="token-2-15" start_char="200">unsustainable</TOKEN>
				<TOKEN end_char="221" id="token-2-16" start_char="214">workload</TOKEN>
				<TOKEN end_char="224" id="token-2-17" start_char="223">on</TOKEN>
				<TOKEN end_char="228" id="token-2-18" start_char="226">the</TOKEN>
				<TOKEN end_char="235" id="token-2-19" start_char="230">mental</TOKEN>
				<TOKEN end_char="236" id="token-2-20" start_char="236">-</TOKEN>
				<TOKEN end_char="242" id="token-2-21" start_char="237">health</TOKEN>
				<TOKEN end_char="253" id="token-2-22" start_char="244">clinicians</TOKEN>
				<TOKEN end_char="257" id="token-2-23" start_char="255">who</TOKEN>
				<TOKEN end_char="262" id="token-2-24" start_char="259">help</TOKEN>
				<TOKEN end_char="271" id="token-2-25" start_char="264">students</TOKEN>
				<TOKEN end_char="276" id="token-2-26" start_char="273">cope</TOKEN>
				<TOKEN end_char="281" id="token-2-27" start_char="278">with</TOKEN>
				<TOKEN end_char="288" id="token-2-28" start_char="283">stress</TOKEN>
				<TOKEN end_char="289" id="token-2-29" start_char="289">,</TOKEN>
				<TOKEN end_char="297" id="token-2-30" start_char="291">anxiety</TOKEN>
				<TOKEN end_char="301" id="token-2-31" start_char="299">and</TOKEN>
				<TOKEN end_char="311" id="token-2-32" start_char="303">emotional</TOKEN>
				<TOKEN end_char="318" id="token-2-33" start_char="313">crises</TOKEN>
				<TOKEN end_char="319" id="token-2-34" start_char="319">,</TOKEN>
				<TOKEN end_char="334" id="token-2-35" start_char="321">administrators</TOKEN>
				<TOKEN end_char="339" id="token-2-36" start_char="336">said</TOKEN>
				<TOKEN end_char="340" id="token-2-37" start_char="340">.</TOKEN>
			</SEG>
			<SEG end_char="770" id="20130329_WAPO_2cb599a6-7aca-11e2-a044-676856536b40-3" start_char="342">
				<ORIGINAL_TEXT>The December mass shooting at Sandy Hook Elementary School in Newtown, Conn. — and other recent high-profile attacks involving shooters with mental illnesses — renewed public focus on mental health and started a national conversation about the role of school psychologists and social workers in students’ lives. This year, several bills were introduced in Congress addressing a shortage of mental-health professionals in schools.</ORIGINAL_TEXT>
				<TOKEN end_char="344" id="token-3-0" start_char="342">The</TOKEN>
				<TOKEN end_char="353" id="token-3-1" start_char="346">December</TOKEN>
				<TOKEN end_char="358" id="token-3-2" start_char="355">mass</TOKEN>
				<TOKEN end_char="367" id="token-3-3" start_char="360">shooting</TOKEN>
				<TOKEN end_char="370" id="token-3-4" start_char="369">at</TOKEN>
				<TOKEN end_char="376" id="token-3-5" start_char="372">Sandy</TOKEN>
				<TOKEN end_char="381" id="token-3-6" start_char="378">Hook</TOKEN>
				<TOKEN end_char="392" id="token-3-7" start_char="383">Elementary</TOKEN>
				<TOKEN end_char="399" id="token-3-8" start_char="394">School</TOKEN>
				<TOKEN end_char="402" id="token-3-9" start_char="401">in</TOKEN>
				<TOKEN end_char="410" id="token-3-10" start_char="404">Newtown</TOKEN>
				<TOKEN end_char="411" id="token-3-11" start_char="411">,</TOKEN>
				<TOKEN end_char="416" id="token-3-12" start_char="413">Conn</TOKEN>
				<TOKEN end_char="417" id="token-3-13" start_char="417">.</TOKEN>
				<TOKEN end_char="419" id="token-3-14" start_char="419">—</TOKEN>
				<TOKEN end_char="423" id="token-3-15" start_char="421">and</TOKEN>
				<TOKEN end_char="429" id="token-3-16" start_char="425">other</TOKEN>
				<TOKEN end_char="436" id="token-3-17" start_char="431">recent</TOKEN>
				<TOKEN end_char="441" id="token-3-18" start_char="438">high</TOKEN>
				<TOKEN end_char="442" id="token-3-19" start_char="442">-</TOKEN>
				<TOKEN end_char="449" id="token-3-20" start_char="443">profile</TOKEN>
				<TOKEN end_char="457" id="token-3-21" start_char="451">attacks</TOKEN>
				<TOKEN end_char="467" id="token-3-22" start_char="459">involving</TOKEN>
				<TOKEN end_char="476" id="token-3-23" start_char="469">shooters</TOKEN>
				<TOKEN end_char="481" id="token-3-24" start_char="478">with</TOKEN>
				<TOKEN end_char="488" id="token-3-25" start_char="483">mental</TOKEN>
				<TOKEN end_char="498" id="token-3-26" start_char="490">illnesses</TOKEN>
				<TOKEN end_char="500" id="token-3-27" start_char="500">—</TOKEN>
				<TOKEN end_char="508" id="token-3-28" start_char="502">renewed</TOKEN>
				<TOKEN end_char="515" id="token-3-29" start_char="510">public</TOKEN>
				<TOKEN end_char="521" id="token-3-30" start_char="517">focus</TOKEN>
				<TOKEN end_char="524" id="token-3-31" start_char="523">on</TOKEN>
				<TOKEN end_char="531" id="token-3-32" start_char="526">mental</TOKEN>
				<TOKEN end_char="538" id="token-3-33" start_char="533">health</TOKEN>
				<TOKEN end_char="542" id="token-3-34" start_char="540">and</TOKEN>
				<TOKEN end_char="550" id="token-3-35" start_char="544">started</TOKEN>
				<TOKEN end_char="552" id="token-3-36" start_char="552">a</TOKEN>
				<TOKEN end_char="561" id="token-3-37" start_char="554">national</TOKEN>
				<TOKEN end_char="574" id="token-3-38" start_char="563">conversation</TOKEN>
				<TOKEN end_char="580" id="token-3-39" start_char="576">about</TOKEN>
				<TOKEN end_char="584" id="token-3-40" start_char="582">the</TOKEN>
				<TOKEN end_char="589" id="token-3-41" start_char="586">role</TOKEN>
				<TOKEN end_char="592" id="token-3-42" start_char="591">of</TOKEN>
				<TOKEN end_char="599" id="token-3-43" start_char="594">school</TOKEN>
				<TOKEN end_char="613" id="token-3-44" start_char="601">psychologists</TOKEN>
				<TOKEN end_char="617" id="token-3-45" start_char="615">and</TOKEN>
				<TOKEN end_char="624" id="token-3-46" start_char="619">social</TOKEN>
				<TOKEN end_char="632" id="token-3-47" start_char="626">workers</TOKEN>
				<TOKEN end_char="635" id="token-3-48" start_char="634">in</TOKEN>
				<TOKEN end_char="644" id="token-3-49" start_char="637">students</TOKEN>
				<TOKEN end_char="645" id="token-3-50" start_char="645">’</TOKEN>
				<TOKEN end_char="651" id="token-3-51" start_char="647">lives</TOKEN>
				<TOKEN end_char="652" id="token-3-52" start_char="652">.</TOKEN>
				<TOKEN end_char="657" id="token-3-53" start_char="654">This</TOKEN>
				<TOKEN end_char="662" id="token-3-54" start_char="659">year</TOKEN>
				<TOKEN end_char="663" id="token-3-55" start_char="663">,</TOKEN>
				<TOKEN end_char="671" id="token-3-56" start_char="665">several</TOKEN>
				<TOKEN end_char="677" id="token-3-57" start_char="673">bills</TOKEN>
				<TOKEN end_char="682" id="token-3-58" start_char="679">were</TOKEN>
				<TOKEN end_char="693" id="token-3-59" start_char="684">introduced</TOKEN>
				<TOKEN end_char="696" id="token-3-60" start_char="695">in</TOKEN>
				<TOKEN end_char="705" id="token-3-61" start_char="698">Congress</TOKEN>
				<TOKEN end_char="716" id="token-3-62" start_char="707">addressing</TOKEN>
				<TOKEN end_char="718" id="token-3-63" start_char="718">a</TOKEN>
				<TOKEN end_char="727" id="token-3-64" start_char="720">shortage</TOKEN>
				<TOKEN end_char="730" id="token-3-65" start_char="729">of</TOKEN>
				<TOKEN end_char="737" id="token-3-66" start_char="732">mental</TOKEN>
				<TOKEN end_char="738" id="token-3-67" start_char="738">-</TOKEN>
				<TOKEN end_char="744" id="token-3-68" start_char="739">health</TOKEN>
				<TOKEN end_char="758" id="token-3-69" start_char="746">professionals</TOKEN>
				<TOKEN end_char="761" id="token-3-70" start_char="760">in</TOKEN>
				<TOKEN end_char="769" id="token-3-71" start_char="763">schools</TOKEN>
				<TOKEN end_char="770" id="token-3-72" start_char="770">.</TOKEN>
			</SEG>
			<SEG end_char="941" id="20130329_WAPO_2cb599a6-7aca-11e2-a044-676856536b40-4" start_char="772">
				<ORIGINAL_TEXT>Fairfax County could face a similar shortage, school officials said, if additional funding is not included in next year’s budget to hire more mental-health professionals.</ORIGINAL_TEXT>
				<TOKEN end_char="778" id="token-4-0" start_char="772">Fairfax</TOKEN>
				<TOKEN end_char="785" id="token-4-1" start_char="780">County</TOKEN>
				<TOKEN end_char="791" id="token-4-2" start_char="787">could</TOKEN>
				<TOKEN end_char="796" id="token-4-3" start_char="793">face</TOKEN>
				<TOKEN end_char="798" id="token-4-4" start_char="798">a</TOKEN>
				<TOKEN end_char="806" id="token-4-5" start_char="800">similar</TOKEN>
				<TOKEN end_char="815" id="token-4-6" start_char="808">shortage</TOKEN>
				<TOKEN end_char="816" id="token-4-7" start_char="816">,</TOKEN>
				<TOKEN end_char="823" id="token-4-8" start_char="818">school</TOKEN>
				<TOKEN end_char="833" id="token-4-9" start_char="825">officials</TOKEN>
				<TOKEN end_char="838" id="token-4-10" start_char="835">said</TOKEN>
				<TOKEN end_char="839" id="token-4-11" start_char="839">,</TOKEN>
				<TOKEN end_char="842" id="token-4-12" start_char="841">if</TOKEN>
				<TOKEN end_char="853" id="token-4-13" start_char="844">additional</TOKEN>
				<TOKEN end_char="861" id="token-4-14" start_char="855">funding</TOKEN>
				<TOKEN end_char="864" id="token-4-15" start_char="863">is</TOKEN>
				<TOKEN end_char="868" id="token-4-16" start_char="866">not</TOKEN>
				<TOKEN end_char="877" id="token-4-17" start_char="870">included</TOKEN>
				<TOKEN end_char="880" id="token-4-18" start_char="879">in</TOKEN>
				<TOKEN end_char="885" id="token-4-19" start_char="882">next</TOKEN>
				<TOKEN end_char="890" id="token-4-20" start_char="887">year</TOKEN>
				<TOKEN end_char="891" id="token-4-21" start_char="891">’</TOKEN>
				<TOKEN end_char="892" id="token-4-22" start_char="892">s</TOKEN>
				<TOKEN end_char="899" id="token-4-23" start_char="894">budget</TOKEN>
				<TOKEN end_char="902" id="token-4-24" start_char="901">to</TOKEN>
				<TOKEN end_char="907" id="token-4-25" start_char="904">hire</TOKEN>
				<TOKEN end_char="912" id="token-4-26" start_char="909">more</TOKEN>
				<TOKEN end_char="919" id="token-4-27" start_char="914">mental</TOKEN>
				<TOKEN end_char="920" id="token-4-28" start_char="920">-</TOKEN>
				<TOKEN end_char="926" id="token-4-29" start_char="921">health</TOKEN>
				<TOKEN end_char="940" id="token-4-30" start_char="928">professionals</TOKEN>
				<TOKEN end_char="941" id="token-4-31" start_char="941">.</TOKEN>
			</SEG>
			<SEG end_char="1178" id="20130329_WAPO_2cb599a6-7aca-11e2-a044-676856536b40-5" start_char="943">
				<ORIGINAL_TEXT>“It’s a challenge to meet all the needs of our kids,” said Amy Parmentier, coordinator of social-work services in Fairfax schools. “Newtown has certainly tragically punctuated it. There’s more to educating children than just academics.”</ORIGINAL_TEXT>
				<TOKEN end_char="943" id="token-5-0" start_char="943">“</TOKEN>
				<TOKEN end_char="945" id="token-5-1" start_char="944">It</TOKEN>
				<TOKEN end_char="946" id="token-5-2" start_char="946">’</TOKEN>
				<TOKEN end_char="947" id="token-5-3" start_char="947">s</TOKEN>
				<TOKEN end_char="949" id="token-5-4" start_char="949">a</TOKEN>
				<TOKEN end_char="959" id="token-5-5" start_char="951">challenge</TOKEN>
				<TOKEN end_char="962" id="token-5-6" start_char="961">to</TOKEN>
				<TOKEN end_char="967" id="token-5-7" start_char="964">meet</TOKEN>
				<TOKEN end_char="971" id="token-5-8" start_char="969">all</TOKEN>
				<TOKEN end_char="975" id="token-5-9" start_char="973">the</TOKEN>
				<TOKEN end_char="981" id="token-5-10" start_char="977">needs</TOKEN>
				<TOKEN end_char="984" id="token-5-11" start_char="983">of</TOKEN>
				<TOKEN end_char="988" id="token-5-12" start_char="986">our</TOKEN>
				<TOKEN end_char="993" id="token-5-13" start_char="990">kids</TOKEN>
				<TOKEN end_char="995" id="token-5-14" start_char="994">,”</TOKEN>
				<TOKEN end_char="1000" id="token-5-15" start_char="997">said</TOKEN>
				<TOKEN end_char="1004" id="token-5-16" start_char="1002">Amy</TOKEN>
				<TOKEN end_char="1015" id="token-5-17" start_char="1006">Parmentier</TOKEN>
				<TOKEN end_char="1016" id="token-5-18" start_char="1016">,</TOKEN>
				<TOKEN end_char="1028" id="token-5-19" start_char="1018">coordinator</TOKEN>
				<TOKEN end_char="1031" id="token-5-20" start_char="1030">of</TOKEN>
				<TOKEN end_char="1038" id="token-5-21" start_char="1033">social</TOKEN>
				<TOKEN end_char="1039" id="token-5-22" start_char="1039">-</TOKEN>
				<TOKEN end_char="1043" id="token-5-23" start_char="1040">work</TOKEN>
				<TOKEN end_char="1052" id="token-5-24" start_char="1045">services</TOKEN>
				<TOKEN end_char="1055" id="token-5-25" start_char="1054">in</TOKEN>
				<TOKEN end_char="1063" id="token-5-26" start_char="1057">Fairfax</TOKEN>
				<TOKEN end_char="1071" id="token-5-27" start_char="1065">schools</TOKEN>
				<TOKEN end_char="1072" id="token-5-28" start_char="1072">.</TOKEN>
				<TOKEN end_char="1074" id="token-5-29" start_char="1074">“</TOKEN>
				<TOKEN end_char="1081" id="token-5-30" start_char="1075">Newtown</TOKEN>
				<TOKEN end_char="1085" id="token-5-31" start_char="1083">has</TOKEN>
				<TOKEN end_char="1095" id="token-5-32" start_char="1087">certainly</TOKEN>
				<TOKEN end_char="1106" id="token-5-33" start_char="1097">tragically</TOKEN>
				<TOKEN end_char="1117" id="token-5-34" start_char="1108">punctuated</TOKEN>
				<TOKEN end_char="1120" id="token-5-35" start_char="1119">it</TOKEN>
				<TOKEN end_char="1121" id="token-5-36" start_char="1121">.</TOKEN>
				<TOKEN end_char="1127" id="token-5-37" start_char="1123">There</TOKEN>
				<TOKEN end_char="1128" id="token-5-38" start_char="1128">’</TOKEN>
				<TOKEN end_char="1129" id="token-5-39" start_char="1129">s</TOKEN>
				<TOKEN end_char="1134" id="token-5-40" start_char="1131">more</TOKEN>
				<TOKEN end_char="1137" id="token-5-41" start_char="1136">to</TOKEN>
				<TOKEN end_char="1147" id="token-5-42" start_char="1139">educating</TOKEN>
				<TOKEN end_char="1156" id="token-5-43" start_char="1149">children</TOKEN>
				<TOKEN end_char="1161" id="token-5-44" start_char="1158">than</TOKEN>
				<TOKEN end_char="1166" id="token-5-45" start_char="1163">just</TOKEN>
				<TOKEN end_char="1176" id="token-5-46" start_char="1168">academics</TOKEN>
				<TOKEN end_char="1178" id="token-5-47" start_char="1177">.”</TOKEN>
			</SEG>
			<SEG end_char="1423" id="20130329_WAPO_2cb599a6-7aca-11e2-a044-676856536b40-6" start_char="1180">
				<ORIGINAL_TEXT>This year, the ratio in Fairfax schools is one psychologist and one social worker per 2,200 ­general-education students. Most high schools, which average between 2,400 and 2,700 students, have only one school psychologist and one social worker.</ORIGINAL_TEXT>
				<TOKEN end_char="1183" id="token-6-0" start_char="1180">This</TOKEN>
				<TOKEN end_char="1188" id="token-6-1" start_char="1185">year</TOKEN>
				<TOKEN end_char="1189" id="token-6-2" start_char="1189">,</TOKEN>
				<TOKEN end_char="1193" id="token-6-3" start_char="1191">the</TOKEN>
				<TOKEN end_char="1199" id="token-6-4" start_char="1195">ratio</TOKEN>
				<TOKEN end_char="1202" id="token-6-5" start_char="1201">in</TOKEN>
				<TOKEN end_char="1210" id="token-6-6" start_char="1204">Fairfax</TOKEN>
				<TOKEN end_char="1218" id="token-6-7" start_char="1212">schools</TOKEN>
				<TOKEN end_char="1221" id="token-6-8" start_char="1220">is</TOKEN>
				<TOKEN end_char="1225" id="token-6-9" start_char="1223">one</TOKEN>
				<TOKEN end_char="1238" id="token-6-10" start_char="1227">psychologist</TOKEN>
				<TOKEN end_char="1242" id="token-6-11" start_char="1240">and</TOKEN>
				<TOKEN end_char="1246" id="token-6-12" start_char="1244">one</TOKEN>
				<TOKEN end_char="1253" id="token-6-13" start_char="1248">social</TOKEN>
				<TOKEN end_char="1260" id="token-6-14" start_char="1255">worker</TOKEN>
				<TOKEN end_char="1264" id="token-6-15" start_char="1262">per</TOKEN>
				<TOKEN end_char="1266" id="token-6-16" start_char="1266">2</TOKEN>
				<TOKEN end_char="1267" id="token-6-17" start_char="1267">,</TOKEN>
				<TOKEN end_char="1270" id="token-6-18" start_char="1268">200</TOKEN>
				<TOKEN end_char="1272" id="token-6-19" start_char="1272">­</TOKEN>
				<TOKEN end_char="1279" id="token-6-20" start_char="1273">general</TOKEN>
				<TOKEN end_char="1280" id="token-6-21" start_char="1280">-</TOKEN>
				<TOKEN end_char="1289" id="token-6-22" start_char="1281">education</TOKEN>
				<TOKEN end_char="1298" id="token-6-23" start_char="1291">students</TOKEN>
				<TOKEN end_char="1299" id="token-6-24" start_char="1299">.</TOKEN>
				<TOKEN end_char="1304" id="token-6-25" start_char="1301">Most</TOKEN>
				<TOKEN end_char="1309" id="token-6-26" start_char="1306">high</TOKEN>
				<TOKEN end_char="1317" id="token-6-27" start_char="1311">schools</TOKEN>
				<TOKEN end_char="1318" id="token-6-28" start_char="1318">,</TOKEN>
				<TOKEN end_char="1324" id="token-6-29" start_char="1320">which</TOKEN>
				<TOKEN end_char="1332" id="token-6-30" start_char="1326">average</TOKEN>
				<TOKEN end_char="1340" id="token-6-31" start_char="1334">between</TOKEN>
				<TOKEN end_char="1342" id="token-6-32" start_char="1342">2</TOKEN>
				<TOKEN end_char="1343" id="token-6-33" start_char="1343">,</TOKEN>
				<TOKEN end_char="1346" id="token-6-34" start_char="1344">400</TOKEN>
				<TOKEN end_char="1350" id="token-6-35" start_char="1348">and</TOKEN>
				<TOKEN end_char="1352" id="token-6-36" start_char="1352">2</TOKEN>
				<TOKEN end_char="1353" id="token-6-37" start_char="1353">,</TOKEN>
				<TOKEN end_char="1356" id="token-6-38" start_char="1354">700</TOKEN>
				<TOKEN end_char="1365" id="token-6-39" start_char="1358">students</TOKEN>
				<TOKEN end_char="1366" id="token-6-40" start_char="1366">,</TOKEN>
				<TOKEN end_char="1371" id="token-6-41" start_char="1368">have</TOKEN>
				<TOKEN end_char="1376" id="token-6-42" start_char="1373">only</TOKEN>
				<TOKEN end_char="1380" id="token-6-43" start_char="1378">one</TOKEN>
				<TOKEN end_char="1387" id="token-6-44" start_char="1382">school</TOKEN>
				<TOKEN end_char="1400" id="token-6-45" start_char="1389">psychologist</TOKEN>
				<TOKEN end_char="1404" id="token-6-46" start_char="1402">and</TOKEN>
				<TOKEN end_char="1408" id="token-6-47" start_char="1406">one</TOKEN>
				<TOKEN end_char="1415" id="token-6-48" start_char="1410">social</TOKEN>
				<TOKEN end_char="1422" id="token-6-49" start_char="1417">worker</TOKEN>
				<TOKEN end_char="1423" id="token-6-50" start_char="1423">.</TOKEN>
			</SEG>
			<SEG end_char="1703" id="20130329_WAPO_2cb599a6-7aca-11e2-a044-676856536b40-7" start_char="1425">
				<ORIGINAL_TEXT>Fairfax staffing levels are far below national standards. The National Association for School Psychologists recommends one school psychologist per 500 students. The School Social Workers Association of America recommends one social worker with a master’s degree per 400 students.</ORIGINAL_TEXT>
				<TOKEN end_char="1431" id="token-7-0" start_char="1425">Fairfax</TOKEN>
				<TOKEN end_char="1440" id="token-7-1" start_char="1433">staffing</TOKEN>
				<TOKEN end_char="1447" id="token-7-2" start_char="1442">levels</TOKEN>
				<TOKEN end_char="1451" id="token-7-3" start_char="1449">are</TOKEN>
				<TOKEN end_char="1455" id="token-7-4" start_char="1453">far</TOKEN>
				<TOKEN end_char="1461" id="token-7-5" start_char="1457">below</TOKEN>
				<TOKEN end_char="1470" id="token-7-6" start_char="1463">national</TOKEN>
				<TOKEN end_char="1480" id="token-7-7" start_char="1472">standards</TOKEN>
				<TOKEN end_char="1481" id="token-7-8" start_char="1481">.</TOKEN>
				<TOKEN end_char="1485" id="token-7-9" start_char="1483">The</TOKEN>
				<TOKEN end_char="1494" id="token-7-10" start_char="1487">National</TOKEN>
				<TOKEN end_char="1506" id="token-7-11" start_char="1496">Association</TOKEN>
				<TOKEN end_char="1510" id="token-7-12" start_char="1508">for</TOKEN>
				<TOKEN end_char="1517" id="token-7-13" start_char="1512">School</TOKEN>
				<TOKEN end_char="1531" id="token-7-14" start_char="1519">Psychologists</TOKEN>
				<TOKEN end_char="1542" id="token-7-15" start_char="1533">recommends</TOKEN>
				<TOKEN end_char="1546" id="token-7-16" start_char="1544">one</TOKEN>
				<TOKEN end_char="1553" id="token-7-17" start_char="1548">school</TOKEN>
				<TOKEN end_char="1566" id="token-7-18" start_char="1555">psychologist</TOKEN>
				<TOKEN end_char="1570" id="token-7-19" start_char="1568">per</TOKEN>
				<TOKEN end_char="1574" id="token-7-20" start_char="1572">500</TOKEN>
				<TOKEN end_char="1583" id="token-7-21" start_char="1576">students</TOKEN>
				<TOKEN end_char="1584" id="token-7-22" start_char="1584">.</TOKEN>
				<TOKEN end_char="1588" id="token-7-23" start_char="1586">The</TOKEN>
				<TOKEN end_char="1595" id="token-7-24" start_char="1590">School</TOKEN>
				<TOKEN end_char="1602" id="token-7-25" start_char="1597">Social</TOKEN>
				<TOKEN end_char="1610" id="token-7-26" start_char="1604">Workers</TOKEN>
				<TOKEN end_char="1622" id="token-7-27" start_char="1612">Association</TOKEN>
				<TOKEN end_char="1625" id="token-7-28" start_char="1624">of</TOKEN>
				<TOKEN end_char="1633" id="token-7-29" start_char="1627">America</TOKEN>
				<TOKEN end_char="1644" id="token-7-30" start_char="1635">recommends</TOKEN>
				<TOKEN end_char="1648" id="token-7-31" start_char="1646">one</TOKEN>
				<TOKEN end_char="1655" id="token-7-32" start_char="1650">social</TOKEN>
				<TOKEN end_char="1662" id="token-7-33" start_char="1657">worker</TOKEN>
				<TOKEN end_char="1667" id="token-7-34" start_char="1664">with</TOKEN>
				<TOKEN end_char="1669" id="token-7-35" start_char="1669">a</TOKEN>
				<TOKEN end_char="1676" id="token-7-36" start_char="1671">master</TOKEN>
				<TOKEN end_char="1677" id="token-7-37" start_char="1677">’</TOKEN>
				<TOKEN end_char="1678" id="token-7-38" start_char="1678">s</TOKEN>
				<TOKEN end_char="1685" id="token-7-39" start_char="1680">degree</TOKEN>
				<TOKEN end_char="1689" id="token-7-40" start_char="1687">per</TOKEN>
				<TOKEN end_char="1693" id="token-7-41" start_char="1691">400</TOKEN>
				<TOKEN end_char="1702" id="token-7-42" start_char="1695">students</TOKEN>
				<TOKEN end_char="1703" id="token-7-43" start_char="1703">.</TOKEN>
			</SEG>
			<SEG end_char="1891" id="20130329_WAPO_2cb599a6-7aca-11e2-a044-676856536b40-8" start_char="1705">
				<ORIGINAL_TEXT>The ratio in Fairfax worsened during the recession, when the school system eliminated social worker and psychologist positions to save money while student enrollment continued to balloon.</ORIGINAL_TEXT>
				<TOKEN end_char="1707" id="token-8-0" start_char="1705">The</TOKEN>
				<TOKEN end_char="1713" id="token-8-1" start_char="1709">ratio</TOKEN>
				<TOKEN end_char="1716" id="token-8-2" start_char="1715">in</TOKEN>
				<TOKEN end_char="1724" id="token-8-3" start_char="1718">Fairfax</TOKEN>
				<TOKEN end_char="1733" id="token-8-4" start_char="1726">worsened</TOKEN>
				<TOKEN end_char="1740" id="token-8-5" start_char="1735">during</TOKEN>
				<TOKEN end_char="1744" id="token-8-6" start_char="1742">the</TOKEN>
				<TOKEN end_char="1754" id="token-8-7" start_char="1746">recession</TOKEN>
				<TOKEN end_char="1755" id="token-8-8" start_char="1755">,</TOKEN>
				<TOKEN end_char="1760" id="token-8-9" start_char="1757">when</TOKEN>
				<TOKEN end_char="1764" id="token-8-10" start_char="1762">the</TOKEN>
				<TOKEN end_char="1771" id="token-8-11" start_char="1766">school</TOKEN>
				<TOKEN end_char="1778" id="token-8-12" start_char="1773">system</TOKEN>
				<TOKEN end_char="1789" id="token-8-13" start_char="1780">eliminated</TOKEN>
				<TOKEN end_char="1796" id="token-8-14" start_char="1791">social</TOKEN>
				<TOKEN end_char="1803" id="token-8-15" start_char="1798">worker</TOKEN>
				<TOKEN end_char="1807" id="token-8-16" start_char="1805">and</TOKEN>
				<TOKEN end_char="1820" id="token-8-17" start_char="1809">psychologist</TOKEN>
				<TOKEN end_char="1830" id="token-8-18" start_char="1822">positions</TOKEN>
				<TOKEN end_char="1833" id="token-8-19" start_char="1832">to</TOKEN>
				<TOKEN end_char="1838" id="token-8-20" start_char="1835">save</TOKEN>
				<TOKEN end_char="1844" id="token-8-21" start_char="1840">money</TOKEN>
				<TOKEN end_char="1850" id="token-8-22" start_char="1846">while</TOKEN>
				<TOKEN end_char="1858" id="token-8-23" start_char="1852">student</TOKEN>
				<TOKEN end_char="1869" id="token-8-24" start_char="1860">enrollment</TOKEN>
				<TOKEN end_char="1879" id="token-8-25" start_char="1871">continued</TOKEN>
				<TOKEN end_char="1882" id="token-8-26" start_char="1881">to</TOKEN>
				<TOKEN end_char="1890" id="token-8-27" start_char="1884">balloon</TOKEN>
				<TOKEN end_char="1891" id="token-8-28" start_char="1891">.</TOKEN>
			</SEG>
			<SEG end_char="2207" id="20130329_WAPO_2cb599a6-7aca-11e2-a044-676856536b40-9" start_char="1893">
				<ORIGINAL_TEXT>“I would never say we have enough” mental-health professionals, said Dede Bailer, who coordinates psychology services for the Fairfax schools. “It would be wonderful if we had additional staffing. But we don’t have the same number of positions that we had 10 years ago, and since then our population has increased.”</ORIGINAL_TEXT>
				<TOKEN end_char="1893" id="token-9-0" start_char="1893">“</TOKEN>
				<TOKEN end_char="1894" id="token-9-1" start_char="1894">I</TOKEN>
				<TOKEN end_char="1900" id="token-9-2" start_char="1896">would</TOKEN>
				<TOKEN end_char="1906" id="token-9-3" start_char="1902">never</TOKEN>
				<TOKEN end_char="1910" id="token-9-4" start_char="1908">say</TOKEN>
				<TOKEN end_char="1913" id="token-9-5" start_char="1912">we</TOKEN>
				<TOKEN end_char="1918" id="token-9-6" start_char="1915">have</TOKEN>
				<TOKEN end_char="1925" id="token-9-7" start_char="1920">enough</TOKEN>
				<TOKEN end_char="1926" id="token-9-8" start_char="1926">”</TOKEN>
				<TOKEN end_char="1933" id="token-9-9" start_char="1928">mental</TOKEN>
				<TOKEN end_char="1934" id="token-9-10" start_char="1934">-</TOKEN>
				<TOKEN end_char="1940" id="token-9-11" start_char="1935">health</TOKEN>
				<TOKEN end_char="1954" id="token-9-12" start_char="1942">professionals</TOKEN>
				<TOKEN end_char="1955" id="token-9-13" start_char="1955">,</TOKEN>
				<TOKEN end_char="1960" id="token-9-14" start_char="1957">said</TOKEN>
				<TOKEN end_char="1965" id="token-9-15" start_char="1962">Dede</TOKEN>
				<TOKEN end_char="1972" id="token-9-16" start_char="1967">Bailer</TOKEN>
				<TOKEN end_char="1973" id="token-9-17" start_char="1973">,</TOKEN>
				<TOKEN end_char="1977" id="token-9-18" start_char="1975">who</TOKEN>
				<TOKEN end_char="1989" id="token-9-19" start_char="1979">coordinates</TOKEN>
				<TOKEN end_char="2000" id="token-9-20" start_char="1991">psychology</TOKEN>
				<TOKEN end_char="2009" id="token-9-21" start_char="2002">services</TOKEN>
				<TOKEN end_char="2013" id="token-9-22" start_char="2011">for</TOKEN>
				<TOKEN end_char="2017" id="token-9-23" start_char="2015">the</TOKEN>
				<TOKEN end_char="2025" id="token-9-24" start_char="2019">Fairfax</TOKEN>
				<TOKEN end_char="2033" id="token-9-25" start_char="2027">schools</TOKEN>
				<TOKEN end_char="2034" id="token-9-26" start_char="2034">.</TOKEN>
				<TOKEN end_char="2036" id="token-9-27" start_char="2036">“</TOKEN>
				<TOKEN end_char="2038" id="token-9-28" start_char="2037">It</TOKEN>
				<TOKEN end_char="2044" id="token-9-29" start_char="2040">would</TOKEN>
				<TOKEN end_char="2047" id="token-9-30" start_char="2046">be</TOKEN>
				<TOKEN end_char="2057" id="token-9-31" start_char="2049">wonderful</TOKEN>
				<TOKEN end_char="2060" id="token-9-32" start_char="2059">if</TOKEN>
				<TOKEN end_char="2063" id="token-9-33" start_char="2062">we</TOKEN>
				<TOKEN end_char="2067" id="token-9-34" start_char="2065">had</TOKEN>
				<TOKEN end_char="2078" id="token-9-35" start_char="2069">additional</TOKEN>
				<TOKEN end_char="2087" id="token-9-36" start_char="2080">staffing</TOKEN>
				<TOKEN end_char="2088" id="token-9-37" start_char="2088">.</TOKEN>
				<TOKEN end_char="2092" id="token-9-38" start_char="2090">But</TOKEN>
				<TOKEN end_char="2095" id="token-9-39" start_char="2094">we</TOKEN>
				<TOKEN end_char="2099" id="token-9-40" start_char="2097">don</TOKEN>
				<TOKEN end_char="2100" id="token-9-41" start_char="2100">’</TOKEN>
				<TOKEN end_char="2101" id="token-9-42" start_char="2101">t</TOKEN>
				<TOKEN end_char="2106" id="token-9-43" start_char="2103">have</TOKEN>
				<TOKEN end_char="2110" id="token-9-44" start_char="2108">the</TOKEN>
				<TOKEN end_char="2115" id="token-9-45" start_char="2112">same</TOKEN>
				<TOKEN end_char="2122" id="token-9-46" start_char="2117">number</TOKEN>
				<TOKEN end_char="2125" id="token-9-47" start_char="2124">of</TOKEN>
				<TOKEN end_char="2135" id="token-9-48" start_char="2127">positions</TOKEN>
				<TOKEN end_char="2140" id="token-9-49" start_char="2137">that</TOKEN>
				<TOKEN end_char="2143" id="token-9-50" start_char="2142">we</TOKEN>
				<TOKEN end_char="2147" id="token-9-51" start_char="2145">had</TOKEN>
				<TOKEN end_char="2150" id="token-9-52" start_char="2149">10</TOKEN>
				<TOKEN end_char="2156" id="token-9-53" start_char="2152">years</TOKEN>
				<TOKEN end_char="2160" id="token-9-54" start_char="2158">ago</TOKEN>
				<TOKEN end_char="2161" id="token-9-55" start_char="2161">,</TOKEN>
				<TOKEN end_char="2165" id="token-9-56" start_char="2163">and</TOKEN>
				<TOKEN end_char="2171" id="token-9-57" start_char="2167">since</TOKEN>
				<TOKEN end_char="2176" id="token-9-58" start_char="2173">then</TOKEN>
				<TOKEN end_char="2180" id="token-9-59" start_char="2178">our</TOKEN>
				<TOKEN end_char="2191" id="token-9-60" start_char="2182">population</TOKEN>
				<TOKEN end_char="2195" id="token-9-61" start_char="2193">has</TOKEN>
				<TOKEN end_char="2205" id="token-9-62" start_char="2197">increased</TOKEN>
				<TOKEN end_char="2207" id="token-9-63" start_char="2206">.”</TOKEN>
			</SEG>
			<SEG end_char="2663" id="20130329_WAPO_2cb599a6-7aca-11e2-a044-676856536b40-10" start_char="2209">
				<ORIGINAL_TEXT>Kim Dockery, assistant superintendent for special services, said that social workers and psychologists can be the first line of defense in schools, helping to do proactive screenings to address students’ issues before they are manifested in bigger problems. But since most clinicians have such a high workload, they are often acting more like a last resort, attending to students who are in crisis. Crucial prevention work rarely happens, clinicians said.</ORIGINAL_TEXT>
				<TOKEN end_char="2211" id="token-10-0" start_char="2209">Kim</TOKEN>
				<TOKEN end_char="2219" id="token-10-1" start_char="2213">Dockery</TOKEN>
				<TOKEN end_char="2220" id="token-10-2" start_char="2220">,</TOKEN>
				<TOKEN end_char="2230" id="token-10-3" start_char="2222">assistant</TOKEN>
				<TOKEN end_char="2245" id="token-10-4" start_char="2232">superintendent</TOKEN>
				<TOKEN end_char="2249" id="token-10-5" start_char="2247">for</TOKEN>
				<TOKEN end_char="2257" id="token-10-6" start_char="2251">special</TOKEN>
				<TOKEN end_char="2266" id="token-10-7" start_char="2259">services</TOKEN>
				<TOKEN end_char="2267" id="token-10-8" start_char="2267">,</TOKEN>
				<TOKEN end_char="2272" id="token-10-9" start_char="2269">said</TOKEN>
				<TOKEN end_char="2277" id="token-10-10" start_char="2274">that</TOKEN>
				<TOKEN end_char="2284" id="token-10-11" start_char="2279">social</TOKEN>
				<TOKEN end_char="2292" id="token-10-12" start_char="2286">workers</TOKEN>
				<TOKEN end_char="2296" id="token-10-13" start_char="2294">and</TOKEN>
				<TOKEN end_char="2310" id="token-10-14" start_char="2298">psychologists</TOKEN>
				<TOKEN end_char="2314" id="token-10-15" start_char="2312">can</TOKEN>
				<TOKEN end_char="2317" id="token-10-16" start_char="2316">be</TOKEN>
				<TOKEN end_char="2321" id="token-10-17" start_char="2319">the</TOKEN>
				<TOKEN end_char="2327" id="token-10-18" start_char="2323">first</TOKEN>
				<TOKEN end_char="2332" id="token-10-19" start_char="2329">line</TOKEN>
				<TOKEN end_char="2335" id="token-10-20" start_char="2334">of</TOKEN>
				<TOKEN end_char="2343" id="token-10-21" start_char="2337">defense</TOKEN>
				<TOKEN end_char="2346" id="token-10-22" start_char="2345">in</TOKEN>
				<TOKEN end_char="2354" id="token-10-23" start_char="2348">schools</TOKEN>
				<TOKEN end_char="2355" id="token-10-24" start_char="2355">,</TOKEN>
				<TOKEN end_char="2363" id="token-10-25" start_char="2357">helping</TOKEN>
				<TOKEN end_char="2366" id="token-10-26" start_char="2365">to</TOKEN>
				<TOKEN end_char="2369" id="token-10-27" start_char="2368">do</TOKEN>
				<TOKEN end_char="2379" id="token-10-28" start_char="2371">proactive</TOKEN>
				<TOKEN end_char="2390" id="token-10-29" start_char="2381">screenings</TOKEN>
				<TOKEN end_char="2393" id="token-10-30" start_char="2392">to</TOKEN>
				<TOKEN end_char="2401" id="token-10-31" start_char="2395">address</TOKEN>
				<TOKEN end_char="2410" id="token-10-32" start_char="2403">students</TOKEN>
				<TOKEN end_char="2411" id="token-10-33" start_char="2411">’</TOKEN>
				<TOKEN end_char="2418" id="token-10-34" start_char="2413">issues</TOKEN>
				<TOKEN end_char="2425" id="token-10-35" start_char="2420">before</TOKEN>
				<TOKEN end_char="2430" id="token-10-36" start_char="2427">they</TOKEN>
				<TOKEN end_char="2434" id="token-10-37" start_char="2432">are</TOKEN>
				<TOKEN end_char="2445" id="token-10-38" start_char="2436">manifested</TOKEN>
				<TOKEN end_char="2448" id="token-10-39" start_char="2447">in</TOKEN>
				<TOKEN end_char="2455" id="token-10-40" start_char="2450">bigger</TOKEN>
				<TOKEN end_char="2464" id="token-10-41" start_char="2457">problems</TOKEN>
				<TOKEN end_char="2465" id="token-10-42" start_char="2465">.</TOKEN>
				<TOKEN end_char="2469" id="token-10-43" start_char="2467">But</TOKEN>
				<TOKEN end_char="2475" id="token-10-44" start_char="2471">since</TOKEN>
				<TOKEN end_char="2480" id="token-10-45" start_char="2477">most</TOKEN>
				<TOKEN end_char="2491" id="token-10-46" start_char="2482">clinicians</TOKEN>
				<TOKEN end_char="2496" id="token-10-47" start_char="2493">have</TOKEN>
				<TOKEN end_char="2501" id="token-10-48" start_char="2498">such</TOKEN>
				<TOKEN end_char="2503" id="token-10-49" start_char="2503">a</TOKEN>
				<TOKEN end_char="2508" id="token-10-50" start_char="2505">high</TOKEN>
				<TOKEN end_char="2517" id="token-10-51" start_char="2510">workload</TOKEN>
				<TOKEN end_char="2518" id="token-10-52" start_char="2518">,</TOKEN>
				<TOKEN end_char="2523" id="token-10-53" start_char="2520">they</TOKEN>
				<TOKEN end_char="2527" id="token-10-54" start_char="2525">are</TOKEN>
				<TOKEN end_char="2533" id="token-10-55" start_char="2529">often</TOKEN>
				<TOKEN end_char="2540" id="token-10-56" start_char="2535">acting</TOKEN>
				<TOKEN end_char="2545" id="token-10-57" start_char="2542">more</TOKEN>
				<TOKEN end_char="2550" id="token-10-58" start_char="2547">like</TOKEN>
				<TOKEN end_char="2552" id="token-10-59" start_char="2552">a</TOKEN>
				<TOKEN end_char="2557" id="token-10-60" start_char="2554">last</TOKEN>
				<TOKEN end_char="2564" id="token-10-61" start_char="2559">resort</TOKEN>
				<TOKEN end_char="2565" id="token-10-62" start_char="2565">,</TOKEN>
				<TOKEN end_char="2575" id="token-10-63" start_char="2567">attending</TOKEN>
				<TOKEN end_char="2578" id="token-10-64" start_char="2577">to</TOKEN>
				<TOKEN end_char="2587" id="token-10-65" start_char="2580">students</TOKEN>
				<TOKEN end_char="2591" id="token-10-66" start_char="2589">who</TOKEN>
				<TOKEN end_char="2595" id="token-10-67" start_char="2593">are</TOKEN>
				<TOKEN end_char="2598" id="token-10-68" start_char="2597">in</TOKEN>
				<TOKEN end_char="2605" id="token-10-69" start_char="2600">crisis</TOKEN>
				<TOKEN end_char="2606" id="token-10-70" start_char="2606">.</TOKEN>
				<TOKEN end_char="2614" id="token-10-71" start_char="2608">Crucial</TOKEN>
				<TOKEN end_char="2625" id="token-10-72" start_char="2616">prevention</TOKEN>
				<TOKEN end_char="2630" id="token-10-73" start_char="2627">work</TOKEN>
				<TOKEN end_char="2637" id="token-10-74" start_char="2632">rarely</TOKEN>
				<TOKEN end_char="2645" id="token-10-75" start_char="2639">happens</TOKEN>
				<TOKEN end_char="2646" id="token-10-76" start_char="2646">,</TOKEN>
				<TOKEN end_char="2657" id="token-10-77" start_char="2648">clinicians</TOKEN>
				<TOKEN end_char="2662" id="token-10-78" start_char="2659">said</TOKEN>
				<TOKEN end_char="2663" id="token-10-79" start_char="2663">.</TOKEN>
			</SEG>
			<SEG end_char="2929" id="20130329_WAPO_2cb599a6-7aca-11e2-a044-676856536b40-11" start_char="2665">
				<ORIGINAL_TEXT>Clinicians said they tackle a variety of issues, including depression, anxiety, bullying, substance and alcohol abuse, family deaths and parents’ divorces. Often, the clinicians are the only people students feel they can talk to openly about very personal concerns.</ORIGINAL_TEXT>
				<TOKEN end_char="2674" id="token-11-0" start_char="2665">Clinicians</TOKEN>
				<TOKEN end_char="2679" id="token-11-1" start_char="2676">said</TOKEN>
				<TOKEN end_char="2684" id="token-11-2" start_char="2681">they</TOKEN>
				<TOKEN end_char="2691" id="token-11-3" start_char="2686">tackle</TOKEN>
				<TOKEN end_char="2693" id="token-11-4" start_char="2693">a</TOKEN>
				<TOKEN end_char="2701" id="token-11-5" start_char="2695">variety</TOKEN>
				<TOKEN end_char="2704" id="token-11-6" start_char="2703">of</TOKEN>
				<TOKEN end_char="2711" id="token-11-7" start_char="2706">issues</TOKEN>
				<TOKEN end_char="2712" id="token-11-8" start_char="2712">,</TOKEN>
				<TOKEN end_char="2722" id="token-11-9" start_char="2714">including</TOKEN>
				<TOKEN end_char="2733" id="token-11-10" start_char="2724">depression</TOKEN>
				<TOKEN end_char="2734" id="token-11-11" start_char="2734">,</TOKEN>
				<TOKEN end_char="2742" id="token-11-12" start_char="2736">anxiety</TOKEN>
				<TOKEN end_char="2743" id="token-11-13" start_char="2743">,</TOKEN>
				<TOKEN end_char="2752" id="token-11-14" start_char="2745">bullying</TOKEN>
				<TOKEN end_char="2753" id="token-11-15" start_char="2753">,</TOKEN>
				<TOKEN end_char="2763" id="token-11-16" start_char="2755">substance</TOKEN>
				<TOKEN end_char="2767" id="token-11-17" start_char="2765">and</TOKEN>
				<TOKEN end_char="2775" id="token-11-18" start_char="2769">alcohol</TOKEN>
				<TOKEN end_char="2781" id="token-11-19" start_char="2777">abuse</TOKEN>
				<TOKEN end_char="2782" id="token-11-20" start_char="2782">,</TOKEN>
				<TOKEN end_char="2789" id="token-11-21" start_char="2784">family</TOKEN>
				<TOKEN end_char="2796" id="token-11-22" start_char="2791">deaths</TOKEN>
				<TOKEN end_char="2800" id="token-11-23" start_char="2798">and</TOKEN>
				<TOKEN end_char="2808" id="token-11-24" start_char="2802">parents</TOKEN>
				<TOKEN end_char="2809" id="token-11-25" start_char="2809">’</TOKEN>
				<TOKEN end_char="2818" id="token-11-26" start_char="2811">divorces</TOKEN>
				<TOKEN end_char="2819" id="token-11-27" start_char="2819">.</TOKEN>
				<TOKEN end_char="2825" id="token-11-28" start_char="2821">Often</TOKEN>
				<TOKEN end_char="2826" id="token-11-29" start_char="2826">,</TOKEN>
				<TOKEN end_char="2830" id="token-11-30" start_char="2828">the</TOKEN>
				<TOKEN end_char="2841" id="token-11-31" start_char="2832">clinicians</TOKEN>
				<TOKEN end_char="2845" id="token-11-32" start_char="2843">are</TOKEN>
				<TOKEN end_char="2849" id="token-11-33" start_char="2847">the</TOKEN>
				<TOKEN end_char="2854" id="token-11-34" start_char="2851">only</TOKEN>
				<TOKEN end_char="2861" id="token-11-35" start_char="2856">people</TOKEN>
				<TOKEN end_char="2870" id="token-11-36" start_char="2863">students</TOKEN>
				<TOKEN end_char="2875" id="token-11-37" start_char="2872">feel</TOKEN>
				<TOKEN end_char="2880" id="token-11-38" start_char="2877">they</TOKEN>
				<TOKEN end_char="2884" id="token-11-39" start_char="2882">can</TOKEN>
				<TOKEN end_char="2889" id="token-11-40" start_char="2886">talk</TOKEN>
				<TOKEN end_char="2892" id="token-11-41" start_char="2891">to</TOKEN>
				<TOKEN end_char="2899" id="token-11-42" start_char="2894">openly</TOKEN>
				<TOKEN end_char="2905" id="token-11-43" start_char="2901">about</TOKEN>
				<TOKEN end_char="2910" id="token-11-44" start_char="2907">very</TOKEN>
				<TOKEN end_char="2919" id="token-11-45" start_char="2912">personal</TOKEN>
				<TOKEN end_char="2928" id="token-11-46" start_char="2921">concerns</TOKEN>
				<TOKEN end_char="2929" id="token-11-47" start_char="2929">.</TOKEN>
			</SEG>
			<SEG end_char="3167" id="20130329_WAPO_2cb599a6-7aca-11e2-a044-676856536b40-12" start_char="2931">
				<ORIGINAL_TEXT>Nikki Simmons, the mother of an 18-year-old former Fairfax student, credits the school system’s clinicians with helping to save her daughter’s life. “They really helped her get out of her bad times,” said Simmons. “It was hell and back.”</ORIGINAL_TEXT>
				<TOKEN end_char="2935" id="token-12-0" start_char="2931">Nikki</TOKEN>
				<TOKEN end_char="2943" id="token-12-1" start_char="2937">Simmons</TOKEN>
				<TOKEN end_char="2944" id="token-12-2" start_char="2944">,</TOKEN>
				<TOKEN end_char="2948" id="token-12-3" start_char="2946">the</TOKEN>
				<TOKEN end_char="2955" id="token-12-4" start_char="2950">mother</TOKEN>
				<TOKEN end_char="2958" id="token-12-5" start_char="2957">of</TOKEN>
				<TOKEN end_char="2961" id="token-12-6" start_char="2960">an</TOKEN>
				<TOKEN end_char="2964" id="token-12-7" start_char="2963">18</TOKEN>
				<TOKEN end_char="2965" id="token-12-8" start_char="2965">-</TOKEN>
				<TOKEN end_char="2969" id="token-12-9" start_char="2966">year</TOKEN>
				<TOKEN end_char="2970" id="token-12-10" start_char="2970">-</TOKEN>
				<TOKEN end_char="2973" id="token-12-11" start_char="2971">old</TOKEN>
				<TOKEN end_char="2980" id="token-12-12" start_char="2975">former</TOKEN>
				<TOKEN end_char="2988" id="token-12-13" start_char="2982">Fairfax</TOKEN>
				<TOKEN end_char="2996" id="token-12-14" start_char="2990">student</TOKEN>
				<TOKEN end_char="2997" id="token-12-15" start_char="2997">,</TOKEN>
				<TOKEN end_char="3005" id="token-12-16" start_char="2999">credits</TOKEN>
				<TOKEN end_char="3009" id="token-12-17" start_char="3007">the</TOKEN>
				<TOKEN end_char="3016" id="token-12-18" start_char="3011">school</TOKEN>
				<TOKEN end_char="3023" id="token-12-19" start_char="3018">system</TOKEN>
				<TOKEN end_char="3024" id="token-12-20" start_char="3024">’</TOKEN>
				<TOKEN end_char="3025" id="token-12-21" start_char="3025">s</TOKEN>
				<TOKEN end_char="3036" id="token-12-22" start_char="3027">clinicians</TOKEN>
				<TOKEN end_char="3041" id="token-12-23" start_char="3038">with</TOKEN>
				<TOKEN end_char="3049" id="token-12-24" start_char="3043">helping</TOKEN>
				<TOKEN end_char="3052" id="token-12-25" start_char="3051">to</TOKEN>
				<TOKEN end_char="3057" id="token-12-26" start_char="3054">save</TOKEN>
				<TOKEN end_char="3061" id="token-12-27" start_char="3059">her</TOKEN>
				<TOKEN end_char="3070" id="token-12-28" start_char="3063">daughter</TOKEN>
				<TOKEN end_char="3071" id="token-12-29" start_char="3071">’</TOKEN>
				<TOKEN end_char="3072" id="token-12-30" start_char="3072">s</TOKEN>
				<TOKEN end_char="3077" id="token-12-31" start_char="3074">life</TOKEN>
				<TOKEN end_char="3078" id="token-12-32" start_char="3078">.</TOKEN>
				<TOKEN end_char="3080" id="token-12-33" start_char="3080">“</TOKEN>
				<TOKEN end_char="3084" id="token-12-34" start_char="3081">They</TOKEN>
				<TOKEN end_char="3091" id="token-12-35" start_char="3086">really</TOKEN>
				<TOKEN end_char="3098" id="token-12-36" start_char="3093">helped</TOKEN>
				<TOKEN end_char="3102" id="token-12-37" start_char="3100">her</TOKEN>
				<TOKEN end_char="3106" id="token-12-38" start_char="3104">get</TOKEN>
				<TOKEN end_char="3110" id="token-12-39" start_char="3108">out</TOKEN>
				<TOKEN end_char="3113" id="token-12-40" start_char="3112">of</TOKEN>
				<TOKEN end_char="3117" id="token-12-41" start_char="3115">her</TOKEN>
				<TOKEN end_char="3121" id="token-12-42" start_char="3119">bad</TOKEN>
				<TOKEN end_char="3127" id="token-12-43" start_char="3123">times</TOKEN>
				<TOKEN end_char="3129" id="token-12-44" start_char="3128">,”</TOKEN>
				<TOKEN end_char="3134" id="token-12-45" start_char="3131">said</TOKEN>
				<TOKEN end_char="3142" id="token-12-46" start_char="3136">Simmons</TOKEN>
				<TOKEN end_char="3143" id="token-12-47" start_char="3143">.</TOKEN>
				<TOKEN end_char="3145" id="token-12-48" start_char="3145">“</TOKEN>
				<TOKEN end_char="3147" id="token-12-49" start_char="3146">It</TOKEN>
				<TOKEN end_char="3151" id="token-12-50" start_char="3149">was</TOKEN>
				<TOKEN end_char="3156" id="token-12-51" start_char="3153">hell</TOKEN>
				<TOKEN end_char="3160" id="token-12-52" start_char="3158">and</TOKEN>
				<TOKEN end_char="3165" id="token-12-53" start_char="3162">back</TOKEN>
				<TOKEN end_char="3167" id="token-12-54" start_char="3166">.”</TOKEN>
			</SEG>
			<SEG end_char="3309" id="20130329_WAPO_2cb599a6-7aca-11e2-a044-676856536b40-13" start_char="3169">
				<ORIGINAL_TEXT>Simmons said that funding for more mental-health professionals is crucial and described Fairfax’s clinicians as among the best in the region.</ORIGINAL_TEXT>
				<TOKEN end_char="3175" id="token-13-0" start_char="3169">Simmons</TOKEN>
				<TOKEN end_char="3180" id="token-13-1" start_char="3177">said</TOKEN>
				<TOKEN end_char="3185" id="token-13-2" start_char="3182">that</TOKEN>
				<TOKEN end_char="3193" id="token-13-3" start_char="3187">funding</TOKEN>
				<TOKEN end_char="3197" id="token-13-4" start_char="3195">for</TOKEN>
				<TOKEN end_char="3202" id="token-13-5" start_char="3199">more</TOKEN>
				<TOKEN end_char="3209" id="token-13-6" start_char="3204">mental</TOKEN>
				<TOKEN end_char="3210" id="token-13-7" start_char="3210">-</TOKEN>
				<TOKEN end_char="3216" id="token-13-8" start_char="3211">health</TOKEN>
				<TOKEN end_char="3230" id="token-13-9" start_char="3218">professionals</TOKEN>
				<TOKEN end_char="3233" id="token-13-10" start_char="3232">is</TOKEN>
				<TOKEN end_char="3241" id="token-13-11" start_char="3235">crucial</TOKEN>
				<TOKEN end_char="3245" id="token-13-12" start_char="3243">and</TOKEN>
				<TOKEN end_char="3255" id="token-13-13" start_char="3247">described</TOKEN>
				<TOKEN end_char="3263" id="token-13-14" start_char="3257">Fairfax</TOKEN>
				<TOKEN end_char="3264" id="token-13-15" start_char="3264">’</TOKEN>
				<TOKEN end_char="3265" id="token-13-16" start_char="3265">s</TOKEN>
				<TOKEN end_char="3276" id="token-13-17" start_char="3267">clinicians</TOKEN>
				<TOKEN end_char="3279" id="token-13-18" start_char="3278">as</TOKEN>
				<TOKEN end_char="3285" id="token-13-19" start_char="3281">among</TOKEN>
				<TOKEN end_char="3289" id="token-13-20" start_char="3287">the</TOKEN>
				<TOKEN end_char="3294" id="token-13-21" start_char="3291">best</TOKEN>
				<TOKEN end_char="3297" id="token-13-22" start_char="3296">in</TOKEN>
				<TOKEN end_char="3301" id="token-13-23" start_char="3299">the</TOKEN>
				<TOKEN end_char="3308" id="token-13-24" start_char="3303">region</TOKEN>
				<TOKEN end_char="3309" id="token-13-25" start_char="3309">.</TOKEN>
			</SEG>
			<SEG end_char="3479" id="20130329_WAPO_2cb599a6-7aca-11e2-a044-676856536b40-14" start_char="3311">
				<ORIGINAL_TEXT>She said her daughter began having mood swings during her freshman year. She started using drugs, drinking alcohol and cutting herself. The girl had thoughts of suicide.</ORIGINAL_TEXT>
				<TOKEN end_char="3313" id="token-14-0" start_char="3311">She</TOKEN>
				<TOKEN end_char="3318" id="token-14-1" start_char="3315">said</TOKEN>
				<TOKEN end_char="3322" id="token-14-2" start_char="3320">her</TOKEN>
				<TOKEN end_char="3331" id="token-14-3" start_char="3324">daughter</TOKEN>
				<TOKEN end_char="3337" id="token-14-4" start_char="3333">began</TOKEN>
				<TOKEN end_char="3344" id="token-14-5" start_char="3339">having</TOKEN>
				<TOKEN end_char="3349" id="token-14-6" start_char="3346">mood</TOKEN>
				<TOKEN end_char="3356" id="token-14-7" start_char="3351">swings</TOKEN>
				<TOKEN end_char="3363" id="token-14-8" start_char="3358">during</TOKEN>
				<TOKEN end_char="3367" id="token-14-9" start_char="3365">her</TOKEN>
				<TOKEN end_char="3376" id="token-14-10" start_char="3369">freshman</TOKEN>
				<TOKEN end_char="3381" id="token-14-11" start_char="3378">year</TOKEN>
				<TOKEN end_char="3382" id="token-14-12" start_char="3382">.</TOKEN>
				<TOKEN end_char="3386" id="token-14-13" start_char="3384">She</TOKEN>
				<TOKEN end_char="3394" id="token-14-14" start_char="3388">started</TOKEN>
				<TOKEN end_char="3400" id="token-14-15" start_char="3396">using</TOKEN>
				<TOKEN end_char="3406" id="token-14-16" start_char="3402">drugs</TOKEN>
				<TOKEN end_char="3407" id="token-14-17" start_char="3407">,</TOKEN>
				<TOKEN end_char="3416" id="token-14-18" start_char="3409">drinking</TOKEN>
				<TOKEN end_char="3424" id="token-14-19" start_char="3418">alcohol</TOKEN>
				<TOKEN end_char="3428" id="token-14-20" start_char="3426">and</TOKEN>
				<TOKEN end_char="3436" id="token-14-21" start_char="3430">cutting</TOKEN>
				<TOKEN end_char="3444" id="token-14-22" start_char="3438">herself</TOKEN>
				<TOKEN end_char="3445" id="token-14-23" start_char="3445">.</TOKEN>
				<TOKEN end_char="3449" id="token-14-24" start_char="3447">The</TOKEN>
				<TOKEN end_char="3454" id="token-14-25" start_char="3451">girl</TOKEN>
				<TOKEN end_char="3458" id="token-14-26" start_char="3456">had</TOKEN>
				<TOKEN end_char="3467" id="token-14-27" start_char="3460">thoughts</TOKEN>
				<TOKEN end_char="3470" id="token-14-28" start_char="3469">of</TOKEN>
				<TOKEN end_char="3478" id="token-14-29" start_char="3472">suicide</TOKEN>
				<TOKEN end_char="3479" id="token-14-30" start_char="3479">.</TOKEN>
			</SEG>
			<SEG end_char="3576" id="20130329_WAPO_2cb599a6-7aca-11e2-a044-676856536b40-15" start_char="3481">
				<ORIGINAL_TEXT>“You’re talking about an honor roll student to D’s and F’s in a matter of months,” Simmons said.</ORIGINAL_TEXT>
				<TOKEN end_char="3481" id="token-15-0" start_char="3481">“</TOKEN>
				<TOKEN end_char="3484" id="token-15-1" start_char="3482">You</TOKEN>
				<TOKEN end_char="3485" id="token-15-2" start_char="3485">’</TOKEN>
				<TOKEN end_char="3487" id="token-15-3" start_char="3486">re</TOKEN>
				<TOKEN end_char="3495" id="token-15-4" start_char="3489">talking</TOKEN>
				<TOKEN end_char="3501" id="token-15-5" start_char="3497">about</TOKEN>
				<TOKEN end_char="3504" id="token-15-6" start_char="3503">an</TOKEN>
				<TOKEN end_char="3510" id="token-15-7" start_char="3506">honor</TOKEN>
				<TOKEN end_char="3515" id="token-15-8" start_char="3512">roll</TOKEN>
				<TOKEN end_char="3523" id="token-15-9" start_char="3517">student</TOKEN>
				<TOKEN end_char="3526" id="token-15-10" start_char="3525">to</TOKEN>
				<TOKEN end_char="3528" id="token-15-11" start_char="3528">D</TOKEN>
				<TOKEN end_char="3529" id="token-15-12" start_char="3529">’</TOKEN>
				<TOKEN end_char="3530" id="token-15-13" start_char="3530">s</TOKEN>
				<TOKEN end_char="3534" id="token-15-14" start_char="3532">and</TOKEN>
				<TOKEN end_char="3536" id="token-15-15" start_char="3536">F</TOKEN>
				<TOKEN end_char="3537" id="token-15-16" start_char="3537">’</TOKEN>
				<TOKEN end_char="3538" id="token-15-17" start_char="3538">s</TOKEN>
				<TOKEN end_char="3541" id="token-15-18" start_char="3540">in</TOKEN>
				<TOKEN end_char="3543" id="token-15-19" start_char="3543">a</TOKEN>
				<TOKEN end_char="3550" id="token-15-20" start_char="3545">matter</TOKEN>
				<TOKEN end_char="3553" id="token-15-21" start_char="3552">of</TOKEN>
				<TOKEN end_char="3560" id="token-15-22" start_char="3555">months</TOKEN>
				<TOKEN end_char="3562" id="token-15-23" start_char="3561">,”</TOKEN>
				<TOKEN end_char="3570" id="token-15-24" start_char="3564">Simmons</TOKEN>
				<TOKEN end_char="3575" id="token-15-25" start_char="3572">said</TOKEN>
				<TOKEN end_char="3576" id="token-15-26" start_char="3576">.</TOKEN>
			</SEG>
			<SEG end_char="3710" id="20130329_WAPO_2cb599a6-7aca-11e2-a044-676856536b40-16" start_char="3578">
				<ORIGINAL_TEXT>As a sophomore at Woodson High, her daughter met with Fairfax clinicians for about 30 minutes a day. Her dark moods began to lighten.</ORIGINAL_TEXT>
				<TOKEN end_char="3579" id="token-16-0" start_char="3578">As</TOKEN>
				<TOKEN end_char="3581" id="token-16-1" start_char="3581">a</TOKEN>
				<TOKEN end_char="3591" id="token-16-2" start_char="3583">sophomore</TOKEN>
				<TOKEN end_char="3594" id="token-16-3" start_char="3593">at</TOKEN>
				<TOKEN end_char="3602" id="token-16-4" start_char="3596">Woodson</TOKEN>
				<TOKEN end_char="3607" id="token-16-5" start_char="3604">High</TOKEN>
				<TOKEN end_char="3608" id="token-16-6" start_char="3608">,</TOKEN>
				<TOKEN end_char="3612" id="token-16-7" start_char="3610">her</TOKEN>
				<TOKEN end_char="3621" id="token-16-8" start_char="3614">daughter</TOKEN>
				<TOKEN end_char="3625" id="token-16-9" start_char="3623">met</TOKEN>
				<TOKEN end_char="3630" id="token-16-10" start_char="3627">with</TOKEN>
				<TOKEN end_char="3638" id="token-16-11" start_char="3632">Fairfax</TOKEN>
				<TOKEN end_char="3649" id="token-16-12" start_char="3640">clinicians</TOKEN>
				<TOKEN end_char="3653" id="token-16-13" start_char="3651">for</TOKEN>
				<TOKEN end_char="3659" id="token-16-14" start_char="3655">about</TOKEN>
				<TOKEN end_char="3662" id="token-16-15" start_char="3661">30</TOKEN>
				<TOKEN end_char="3670" id="token-16-16" start_char="3664">minutes</TOKEN>
				<TOKEN end_char="3672" id="token-16-17" start_char="3672">a</TOKEN>
				<TOKEN end_char="3676" id="token-16-18" start_char="3674">day</TOKEN>
				<TOKEN end_char="3677" id="token-16-19" start_char="3677">.</TOKEN>
				<TOKEN end_char="3681" id="token-16-20" start_char="3679">Her</TOKEN>
				<TOKEN end_char="3686" id="token-16-21" start_char="3683">dark</TOKEN>
				<TOKEN end_char="3692" id="token-16-22" start_char="3688">moods</TOKEN>
				<TOKEN end_char="3698" id="token-16-23" start_char="3694">began</TOKEN>
				<TOKEN end_char="3701" id="token-16-24" start_char="3700">to</TOKEN>
				<TOKEN end_char="3709" id="token-16-25" start_char="3703">lighten</TOKEN>
				<TOKEN end_char="3710" id="token-16-26" start_char="3710">.</TOKEN>
			</SEG>
			<SEG end_char="3794" id="20130329_WAPO_2cb599a6-7aca-11e2-a044-676856536b40-17" start_char="3712">
				<ORIGINAL_TEXT>“She always had someone to go to whenever there was something wrong,” Simmons said.</ORIGINAL_TEXT>
				<TOKEN end_char="3712" id="token-17-0" start_char="3712">“</TOKEN>
				<TOKEN end_char="3715" id="token-17-1" start_char="3713">She</TOKEN>
				<TOKEN end_char="3722" id="token-17-2" start_char="3717">always</TOKEN>
				<TOKEN end_char="3726" id="token-17-3" start_char="3724">had</TOKEN>
				<TOKEN end_char="3734" id="token-17-4" start_char="3728">someone</TOKEN>
				<TOKEN end_char="3737" id="token-17-5" start_char="3736">to</TOKEN>
				<TOKEN end_char="3740" id="token-17-6" start_char="3739">go</TOKEN>
				<TOKEN end_char="3743" id="token-17-7" start_char="3742">to</TOKEN>
				<TOKEN end_char="3752" id="token-17-8" start_char="3745">whenever</TOKEN>
				<TOKEN end_char="3758" id="token-17-9" start_char="3754">there</TOKEN>
				<TOKEN end_char="3762" id="token-17-10" start_char="3760">was</TOKEN>
				<TOKEN end_char="3772" id="token-17-11" start_char="3764">something</TOKEN>
				<TOKEN end_char="3778" id="token-17-12" start_char="3774">wrong</TOKEN>
				<TOKEN end_char="3780" id="token-17-13" start_char="3779">,”</TOKEN>
				<TOKEN end_char="3788" id="token-17-14" start_char="3782">Simmons</TOKEN>
				<TOKEN end_char="3793" id="token-17-15" start_char="3790">said</TOKEN>
				<TOKEN end_char="3794" id="token-17-16" start_char="3794">.</TOKEN>
			</SEG>
			<SEG end_char="4106" id="20130329_WAPO_2cb599a6-7aca-11e2-a044-676856536b40-18" start_char="3796">
				<ORIGINAL_TEXT>Fairfax school psychologists said the county’s increase in students directly correlates with an increase in need for mental-health services. In a 2011 survey, almost 30 percent of Fairfax students reported feeling symptoms of depression, and 16 percent said they had considered suicide during the previous year.</ORIGINAL_TEXT>
				<TOKEN end_char="3802" id="token-18-0" start_char="3796">Fairfax</TOKEN>
				<TOKEN end_char="3809" id="token-18-1" start_char="3804">school</TOKEN>
				<TOKEN end_char="3823" id="token-18-2" start_char="3811">psychologists</TOKEN>
				<TOKEN end_char="3828" id="token-18-3" start_char="3825">said</TOKEN>
				<TOKEN end_char="3832" id="token-18-4" start_char="3830">the</TOKEN>
				<TOKEN end_char="3839" id="token-18-5" start_char="3834">county</TOKEN>
				<TOKEN end_char="3840" id="token-18-6" start_char="3840">’</TOKEN>
				<TOKEN end_char="3841" id="token-18-7" start_char="3841">s</TOKEN>
				<TOKEN end_char="3850" id="token-18-8" start_char="3843">increase</TOKEN>
				<TOKEN end_char="3853" id="token-18-9" start_char="3852">in</TOKEN>
				<TOKEN end_char="3862" id="token-18-10" start_char="3855">students</TOKEN>
				<TOKEN end_char="3871" id="token-18-11" start_char="3864">directly</TOKEN>
				<TOKEN end_char="3882" id="token-18-12" start_char="3873">correlates</TOKEN>
				<TOKEN end_char="3887" id="token-18-13" start_char="3884">with</TOKEN>
				<TOKEN end_char="3890" id="token-18-14" start_char="3889">an</TOKEN>
				<TOKEN end_char="3899" id="token-18-15" start_char="3892">increase</TOKEN>
				<TOKEN end_char="3902" id="token-18-16" start_char="3901">in</TOKEN>
				<TOKEN end_char="3907" id="token-18-17" start_char="3904">need</TOKEN>
				<TOKEN end_char="3911" id="token-18-18" start_char="3909">for</TOKEN>
				<TOKEN end_char="3918" id="token-18-19" start_char="3913">mental</TOKEN>
				<TOKEN end_char="3919" id="token-18-20" start_char="3919">-</TOKEN>
				<TOKEN end_char="3925" id="token-18-21" start_char="3920">health</TOKEN>
				<TOKEN end_char="3934" id="token-18-22" start_char="3927">services</TOKEN>
				<TOKEN end_char="3935" id="token-18-23" start_char="3935">.</TOKEN>
				<TOKEN end_char="3938" id="token-18-24" start_char="3937">In</TOKEN>
				<TOKEN end_char="3940" id="token-18-25" start_char="3940">a</TOKEN>
				<TOKEN end_char="3945" id="token-18-26" start_char="3942">2011</TOKEN>
				<TOKEN end_char="3952" id="token-18-27" start_char="3947">survey</TOKEN>
				<TOKEN end_char="3953" id="token-18-28" start_char="3953">,</TOKEN>
				<TOKEN end_char="3960" id="token-18-29" start_char="3955">almost</TOKEN>
				<TOKEN end_char="3963" id="token-18-30" start_char="3962">30</TOKEN>
				<TOKEN end_char="3971" id="token-18-31" start_char="3965">percent</TOKEN>
				<TOKEN end_char="3974" id="token-18-32" start_char="3973">of</TOKEN>
				<TOKEN end_char="3982" id="token-18-33" start_char="3976">Fairfax</TOKEN>
				<TOKEN end_char="3991" id="token-18-34" start_char="3984">students</TOKEN>
				<TOKEN end_char="4000" id="token-18-35" start_char="3993">reported</TOKEN>
				<TOKEN end_char="4008" id="token-18-36" start_char="4002">feeling</TOKEN>
				<TOKEN end_char="4017" id="token-18-37" start_char="4010">symptoms</TOKEN>
				<TOKEN end_char="4020" id="token-18-38" start_char="4019">of</TOKEN>
				<TOKEN end_char="4031" id="token-18-39" start_char="4022">depression</TOKEN>
				<TOKEN end_char="4032" id="token-18-40" start_char="4032">,</TOKEN>
				<TOKEN end_char="4036" id="token-18-41" start_char="4034">and</TOKEN>
				<TOKEN end_char="4039" id="token-18-42" start_char="4038">16</TOKEN>
				<TOKEN end_char="4047" id="token-18-43" start_char="4041">percent</TOKEN>
				<TOKEN end_char="4052" id="token-18-44" start_char="4049">said</TOKEN>
				<TOKEN end_char="4057" id="token-18-45" start_char="4054">they</TOKEN>
				<TOKEN end_char="4061" id="token-18-46" start_char="4059">had</TOKEN>
				<TOKEN end_char="4072" id="token-18-47" start_char="4063">considered</TOKEN>
				<TOKEN end_char="4080" id="token-18-48" start_char="4074">suicide</TOKEN>
				<TOKEN end_char="4087" id="token-18-49" start_char="4082">during</TOKEN>
				<TOKEN end_char="4091" id="token-18-50" start_char="4089">the</TOKEN>
				<TOKEN end_char="4100" id="token-18-51" start_char="4093">previous</TOKEN>
				<TOKEN end_char="4105" id="token-18-52" start_char="4102">year</TOKEN>
				<TOKEN end_char="4106" id="token-18-53" start_char="4106">.</TOKEN>
			</SEG>
		</TEXT>
	</DOC>
</LCTL_TEXT>
