<?xml version="1.0" encoding="utf-8"?>
<LCTL_TEXT>
	<DOC id="20130716_WAPO_9d36feae058224b0ec71551846f3c41a">
		<TEXT>
			<SEG end_char="68" id="20130716_WAPO_9d36feae058224b0ec71551846f3c41a-0" start_char="0">
				<ORIGINAL_TEXT>The bizarre story of a North Korean ship detained in the Panama Canal</ORIGINAL_TEXT>
				<TOKEN end_char="2" id="token-0-0" start_char="0">The</TOKEN>
				<TOKEN end_char="10" id="token-0-1" start_char="4">bizarre</TOKEN>
				<TOKEN end_char="16" id="token-0-2" start_char="12">story</TOKEN>
				<TOKEN end_char="19" id="token-0-3" start_char="18">of</TOKEN>
				<TOKEN end_char="21" id="token-0-4" start_char="21">a</TOKEN>
				<TOKEN end_char="27" id="token-0-5" start_char="23">North</TOKEN>
				<TOKEN end_char="34" id="token-0-6" start_char="29">Korean</TOKEN>
				<TOKEN end_char="39" id="token-0-7" start_char="36">ship</TOKEN>
				<TOKEN end_char="48" id="token-0-8" start_char="41">detained</TOKEN>
				<TOKEN end_char="51" id="token-0-9" start_char="50">in</TOKEN>
				<TOKEN end_char="55" id="token-0-10" start_char="53">the</TOKEN>
				<TOKEN end_char="62" id="token-0-11" start_char="57">Panama</TOKEN>
				<TOKEN end_char="68" id="token-0-12" start_char="64">Canal</TOKEN>
			</SEG>
			<SEG end_char="110" id="20130716_WAPO_9d36feae058224b0ec71551846f3c41a-1" start_char="70">
				<ORIGINAL_TEXT>Tuesday, July 16, 2013 10:37:51 GMT-05:00</ORIGINAL_TEXT>
				<TOKEN end_char="76" id="token-1-0" start_char="70">Tuesday</TOKEN>
				<TOKEN end_char="77" id="token-1-1" start_char="77">,</TOKEN>
				<TOKEN end_char="82" id="token-1-2" start_char="79">July</TOKEN>
				<TOKEN end_char="85" id="token-1-3" start_char="84">16</TOKEN>
				<TOKEN end_char="86" id="token-1-4" start_char="86">,</TOKEN>
				<TOKEN end_char="91" id="token-1-5" start_char="88">2013</TOKEN>
				<TOKEN end_char="94" id="token-1-6" start_char="93">10</TOKEN>
				<TOKEN end_char="95" id="token-1-7" start_char="95">:</TOKEN>
				<TOKEN end_char="97" id="token-1-8" start_char="96">37</TOKEN>
				<TOKEN end_char="98" id="token-1-9" start_char="98">:</TOKEN>
				<TOKEN end_char="100" id="token-1-10" start_char="99">51</TOKEN>
				<TOKEN end_char="104" id="token-1-11" start_char="102">GMT</TOKEN>
				<TOKEN end_char="105" id="token-1-12" start_char="105">-</TOKEN>
				<TOKEN end_char="107" id="token-1-13" start_char="106">05</TOKEN>
				<TOKEN end_char="108" id="token-1-14" start_char="108">:</TOKEN>
				<TOKEN end_char="110" id="token-1-15" start_char="109">00</TOKEN>
			</SEG>
			<SEG end_char="256" id="20130716_WAPO_9d36feae058224b0ec71551846f3c41a-2" start_char="112">
				<ORIGINAL_TEXT>When Panama detained a North Korea-flagged ship on its way through the canal from Cuba, Panamanian President Ricardo Martinelli flew into action.</ORIGINAL_TEXT>
				<TOKEN end_char="115" id="token-2-0" start_char="112">When</TOKEN>
				<TOKEN end_char="122" id="token-2-1" start_char="117">Panama</TOKEN>
				<TOKEN end_char="131" id="token-2-2" start_char="124">detained</TOKEN>
				<TOKEN end_char="133" id="token-2-3" start_char="133">a</TOKEN>
				<TOKEN end_char="139" id="token-2-4" start_char="135">North</TOKEN>
				<TOKEN end_char="145" id="token-2-5" start_char="141">Korea</TOKEN>
				<TOKEN end_char="146" id="token-2-6" start_char="146">-</TOKEN>
				<TOKEN end_char="153" id="token-2-7" start_char="147">flagged</TOKEN>
				<TOKEN end_char="158" id="token-2-8" start_char="155">ship</TOKEN>
				<TOKEN end_char="161" id="token-2-9" start_char="160">on</TOKEN>
				<TOKEN end_char="165" id="token-2-10" start_char="163">its</TOKEN>
				<TOKEN end_char="169" id="token-2-11" start_char="167">way</TOKEN>
				<TOKEN end_char="177" id="token-2-12" start_char="171">through</TOKEN>
				<TOKEN end_char="181" id="token-2-13" start_char="179">the</TOKEN>
				<TOKEN end_char="187" id="token-2-14" start_char="183">canal</TOKEN>
				<TOKEN end_char="192" id="token-2-15" start_char="189">from</TOKEN>
				<TOKEN end_char="197" id="token-2-16" start_char="194">Cuba</TOKEN>
				<TOKEN end_char="198" id="token-2-17" start_char="198">,</TOKEN>
				<TOKEN end_char="209" id="token-2-18" start_char="200">Panamanian</TOKEN>
				<TOKEN end_char="219" id="token-2-19" start_char="211">President</TOKEN>
				<TOKEN end_char="227" id="token-2-20" start_char="221">Ricardo</TOKEN>
				<TOKEN end_char="238" id="token-2-21" start_char="229">Martinelli</TOKEN>
				<TOKEN end_char="243" id="token-2-22" start_char="240">flew</TOKEN>
				<TOKEN end_char="248" id="token-2-23" start_char="245">into</TOKEN>
				<TOKEN end_char="255" id="token-2-24" start_char="250">action</TOKEN>
				<TOKEN end_char="256" id="token-2-25" start_char="256">.</TOKEN>
			</SEG>
			<SEG end_char="555" id="20130716_WAPO_9d36feae058224b0ec71551846f3c41a-3" start_char="258">
				<ORIGINAL_TEXT>A video from inside the ship shows Martinelli investigating the ship personally, poking around the hull of the Chong Chon Gang. He took to Twitter to post a photo of the ship's mysterious cargo, saying it had been hidden under bags of sugar. He referred to the hidden cargo as &quot;undeclared weapons.&quot;</ORIGINAL_TEXT>
				<TOKEN end_char="258" id="token-3-0" start_char="258">A</TOKEN>
				<TOKEN end_char="264" id="token-3-1" start_char="260">video</TOKEN>
				<TOKEN end_char="269" id="token-3-2" start_char="266">from</TOKEN>
				<TOKEN end_char="276" id="token-3-3" start_char="271">inside</TOKEN>
				<TOKEN end_char="280" id="token-3-4" start_char="278">the</TOKEN>
				<TOKEN end_char="285" id="token-3-5" start_char="282">ship</TOKEN>
				<TOKEN end_char="291" id="token-3-6" start_char="287">shows</TOKEN>
				<TOKEN end_char="302" id="token-3-7" start_char="293">Martinelli</TOKEN>
				<TOKEN end_char="316" id="token-3-8" start_char="304">investigating</TOKEN>
				<TOKEN end_char="320" id="token-3-9" start_char="318">the</TOKEN>
				<TOKEN end_char="325" id="token-3-10" start_char="322">ship</TOKEN>
				<TOKEN end_char="336" id="token-3-11" start_char="327">personally</TOKEN>
				<TOKEN end_char="337" id="token-3-12" start_char="337">,</TOKEN>
				<TOKEN end_char="344" id="token-3-13" start_char="339">poking</TOKEN>
				<TOKEN end_char="351" id="token-3-14" start_char="346">around</TOKEN>
				<TOKEN end_char="355" id="token-3-15" start_char="353">the</TOKEN>
				<TOKEN end_char="360" id="token-3-16" start_char="357">hull</TOKEN>
				<TOKEN end_char="363" id="token-3-17" start_char="362">of</TOKEN>
				<TOKEN end_char="367" id="token-3-18" start_char="365">the</TOKEN>
				<TOKEN end_char="373" id="token-3-19" start_char="369">Chong</TOKEN>
				<TOKEN end_char="378" id="token-3-20" start_char="375">Chon</TOKEN>
				<TOKEN end_char="383" id="token-3-21" start_char="380">Gang</TOKEN>
				<TOKEN end_char="384" id="token-3-22" start_char="384">.</TOKEN>
				<TOKEN end_char="387" id="token-3-23" start_char="386">He</TOKEN>
				<TOKEN end_char="392" id="token-3-24" start_char="389">took</TOKEN>
				<TOKEN end_char="395" id="token-3-25" start_char="394">to</TOKEN>
				<TOKEN end_char="403" id="token-3-26" start_char="397">Twitter</TOKEN>
				<TOKEN end_char="406" id="token-3-27" start_char="405">to</TOKEN>
				<TOKEN end_char="411" id="token-3-28" start_char="408">post</TOKEN>
				<TOKEN end_char="413" id="token-3-29" start_char="413">a</TOKEN>
				<TOKEN end_char="419" id="token-3-30" start_char="415">photo</TOKEN>
				<TOKEN end_char="422" id="token-3-31" start_char="421">of</TOKEN>
				<TOKEN end_char="426" id="token-3-32" start_char="424">the</TOKEN>
				<TOKEN end_char="431" id="token-3-33" start_char="428">ship</TOKEN>
				<TOKEN end_char="432" id="token-3-34" start_char="432">'</TOKEN>
				<TOKEN end_char="433" id="token-3-35" start_char="433">s</TOKEN>
				<TOKEN end_char="444" id="token-3-36" start_char="435">mysterious</TOKEN>
				<TOKEN end_char="450" id="token-3-37" start_char="446">cargo</TOKEN>
				<TOKEN end_char="451" id="token-3-38" start_char="451">,</TOKEN>
				<TOKEN end_char="458" id="token-3-39" start_char="453">saying</TOKEN>
				<TOKEN end_char="461" id="token-3-40" start_char="460">it</TOKEN>
				<TOKEN end_char="465" id="token-3-41" start_char="463">had</TOKEN>
				<TOKEN end_char="470" id="token-3-42" start_char="467">been</TOKEN>
				<TOKEN end_char="477" id="token-3-43" start_char="472">hidden</TOKEN>
				<TOKEN end_char="483" id="token-3-44" start_char="479">under</TOKEN>
				<TOKEN end_char="488" id="token-3-45" start_char="485">bags</TOKEN>
				<TOKEN end_char="491" id="token-3-46" start_char="490">of</TOKEN>
				<TOKEN end_char="497" id="token-3-47" start_char="493">sugar</TOKEN>
				<TOKEN end_char="498" id="token-3-48" start_char="498">.</TOKEN>
				<TOKEN end_char="501" id="token-3-49" start_char="500">He</TOKEN>
				<TOKEN end_char="510" id="token-3-50" start_char="503">referred</TOKEN>
				<TOKEN end_char="513" id="token-3-51" start_char="512">to</TOKEN>
				<TOKEN end_char="517" id="token-3-52" start_char="515">the</TOKEN>
				<TOKEN end_char="524" id="token-3-53" start_char="519">hidden</TOKEN>
				<TOKEN end_char="530" id="token-3-54" start_char="526">cargo</TOKEN>
				<TOKEN end_char="533" id="token-3-55" start_char="532">as</TOKEN>
				<TOKEN end_char="535" id="token-3-56" start_char="535">&quot;</TOKEN>
				<TOKEN end_char="545" id="token-3-57" start_char="536">undeclared</TOKEN>
				<TOKEN end_char="553" id="token-3-58" start_char="547">weapons</TOKEN>
				<TOKEN end_char="555" id="token-3-59" start_char="554">.&quot;</TOKEN>
			</SEG>
			<SEG end_char="706" id="20130716_WAPO_9d36feae058224b0ec71551846f3c41a-4" start_char="557">
				<ORIGINAL_TEXT>According to the military consulting group Jane's, the equipment appears to be RSN-75 ‘Fan Song’ fire control radars for SA-2 surface-to-air missiles.</ORIGINAL_TEXT>
				<TOKEN end_char="565" id="token-4-0" start_char="557">According</TOKEN>
				<TOKEN end_char="568" id="token-4-1" start_char="567">to</TOKEN>
				<TOKEN end_char="572" id="token-4-2" start_char="570">the</TOKEN>
				<TOKEN end_char="581" id="token-4-3" start_char="574">military</TOKEN>
				<TOKEN end_char="592" id="token-4-4" start_char="583">consulting</TOKEN>
				<TOKEN end_char="598" id="token-4-5" start_char="594">group</TOKEN>
				<TOKEN end_char="603" id="token-4-6" start_char="600">Jane</TOKEN>
				<TOKEN end_char="604" id="token-4-7" start_char="604">'</TOKEN>
				<TOKEN end_char="605" id="token-4-8" start_char="605">s</TOKEN>
				<TOKEN end_char="606" id="token-4-9" start_char="606">,</TOKEN>
				<TOKEN end_char="610" id="token-4-10" start_char="608">the</TOKEN>
				<TOKEN end_char="620" id="token-4-11" start_char="612">equipment</TOKEN>
				<TOKEN end_char="628" id="token-4-12" start_char="622">appears</TOKEN>
				<TOKEN end_char="631" id="token-4-13" start_char="630">to</TOKEN>
				<TOKEN end_char="634" id="token-4-14" start_char="633">be</TOKEN>
				<TOKEN end_char="638" id="token-4-15" start_char="636">RSN</TOKEN>
				<TOKEN end_char="639" id="token-4-16" start_char="639">-</TOKEN>
				<TOKEN end_char="641" id="token-4-17" start_char="640">75</TOKEN>
				<TOKEN end_char="643" id="token-4-18" start_char="643">‘</TOKEN>
				<TOKEN end_char="646" id="token-4-19" start_char="644">Fan</TOKEN>
				<TOKEN end_char="651" id="token-4-20" start_char="648">Song</TOKEN>
				<TOKEN end_char="652" id="token-4-21" start_char="652">’</TOKEN>
				<TOKEN end_char="657" id="token-4-22" start_char="654">fire</TOKEN>
				<TOKEN end_char="665" id="token-4-23" start_char="659">control</TOKEN>
				<TOKEN end_char="672" id="token-4-24" start_char="667">radars</TOKEN>
				<TOKEN end_char="676" id="token-4-25" start_char="674">for</TOKEN>
				<TOKEN end_char="679" id="token-4-26" start_char="678">SA</TOKEN>
				<TOKEN end_char="680" id="token-4-27" start_char="680">-</TOKEN>
				<TOKEN end_char="681" id="token-4-28" start_char="681">2</TOKEN>
				<TOKEN end_char="689" id="token-4-29" start_char="683">surface</TOKEN>
				<TOKEN end_char="690" id="token-4-30" start_char="690">-</TOKEN>
				<TOKEN end_char="692" id="token-4-31" start_char="691">to</TOKEN>
				<TOKEN end_char="693" id="token-4-32" start_char="693">-</TOKEN>
				<TOKEN end_char="696" id="token-4-33" start_char="694">air</TOKEN>
				<TOKEN end_char="705" id="token-4-34" start_char="698">missiles</TOKEN>
				<TOKEN end_char="706" id="token-4-35" start_char="706">.</TOKEN>
			</SEG>
			<SEG end_char="995" id="20130716_WAPO_9d36feae058224b0ec71551846f3c41a-5" start_char="708">
				<ORIGINAL_TEXT>Martinelli then went on Panama Radio, a national station, to tell the strange story of what happened when the North Korean ship tried to move through the canal – including a disturbing detail about the ship's captain allegedly trying to kill himself to evade capture. Here's what he said:</ORIGINAL_TEXT>
				<TOKEN end_char="717" id="token-5-0" start_char="708">Martinelli</TOKEN>
				<TOKEN end_char="722" id="token-5-1" start_char="719">then</TOKEN>
				<TOKEN end_char="727" id="token-5-2" start_char="724">went</TOKEN>
				<TOKEN end_char="730" id="token-5-3" start_char="729">on</TOKEN>
				<TOKEN end_char="737" id="token-5-4" start_char="732">Panama</TOKEN>
				<TOKEN end_char="743" id="token-5-5" start_char="739">Radio</TOKEN>
				<TOKEN end_char="744" id="token-5-6" start_char="744">,</TOKEN>
				<TOKEN end_char="746" id="token-5-7" start_char="746">a</TOKEN>
				<TOKEN end_char="755" id="token-5-8" start_char="748">national</TOKEN>
				<TOKEN end_char="763" id="token-5-9" start_char="757">station</TOKEN>
				<TOKEN end_char="764" id="token-5-10" start_char="764">,</TOKEN>
				<TOKEN end_char="767" id="token-5-11" start_char="766">to</TOKEN>
				<TOKEN end_char="772" id="token-5-12" start_char="769">tell</TOKEN>
				<TOKEN end_char="776" id="token-5-13" start_char="774">the</TOKEN>
				<TOKEN end_char="784" id="token-5-14" start_char="778">strange</TOKEN>
				<TOKEN end_char="790" id="token-5-15" start_char="786">story</TOKEN>
				<TOKEN end_char="793" id="token-5-16" start_char="792">of</TOKEN>
				<TOKEN end_char="798" id="token-5-17" start_char="795">what</TOKEN>
				<TOKEN end_char="807" id="token-5-18" start_char="800">happened</TOKEN>
				<TOKEN end_char="812" id="token-5-19" start_char="809">when</TOKEN>
				<TOKEN end_char="816" id="token-5-20" start_char="814">the</TOKEN>
				<TOKEN end_char="822" id="token-5-21" start_char="818">North</TOKEN>
				<TOKEN end_char="829" id="token-5-22" start_char="824">Korean</TOKEN>
				<TOKEN end_char="834" id="token-5-23" start_char="831">ship</TOKEN>
				<TOKEN end_char="840" id="token-5-24" start_char="836">tried</TOKEN>
				<TOKEN end_char="843" id="token-5-25" start_char="842">to</TOKEN>
				<TOKEN end_char="848" id="token-5-26" start_char="845">move</TOKEN>
				<TOKEN end_char="856" id="token-5-27" start_char="850">through</TOKEN>
				<TOKEN end_char="860" id="token-5-28" start_char="858">the</TOKEN>
				<TOKEN end_char="866" id="token-5-29" start_char="862">canal</TOKEN>
				<TOKEN end_char="868" id="token-5-30" start_char="868">–</TOKEN>
				<TOKEN end_char="878" id="token-5-31" start_char="870">including</TOKEN>
				<TOKEN end_char="880" id="token-5-32" start_char="880">a</TOKEN>
				<TOKEN end_char="891" id="token-5-33" start_char="882">disturbing</TOKEN>
				<TOKEN end_char="898" id="token-5-34" start_char="893">detail</TOKEN>
				<TOKEN end_char="904" id="token-5-35" start_char="900">about</TOKEN>
				<TOKEN end_char="908" id="token-5-36" start_char="906">the</TOKEN>
				<TOKEN end_char="913" id="token-5-37" start_char="910">ship</TOKEN>
				<TOKEN end_char="914" id="token-5-38" start_char="914">'</TOKEN>
				<TOKEN end_char="915" id="token-5-39" start_char="915">s</TOKEN>
				<TOKEN end_char="923" id="token-5-40" start_char="917">captain</TOKEN>
				<TOKEN end_char="933" id="token-5-41" start_char="925">allegedly</TOKEN>
				<TOKEN end_char="940" id="token-5-42" start_char="935">trying</TOKEN>
				<TOKEN end_char="943" id="token-5-43" start_char="942">to</TOKEN>
				<TOKEN end_char="948" id="token-5-44" start_char="945">kill</TOKEN>
				<TOKEN end_char="956" id="token-5-45" start_char="950">himself</TOKEN>
				<TOKEN end_char="959" id="token-5-46" start_char="958">to</TOKEN>
				<TOKEN end_char="965" id="token-5-47" start_char="961">evade</TOKEN>
				<TOKEN end_char="973" id="token-5-48" start_char="967">capture</TOKEN>
				<TOKEN end_char="974" id="token-5-49" start_char="974">.</TOKEN>
				<TOKEN end_char="979" id="token-5-50" start_char="976">Here</TOKEN>
				<TOKEN end_char="980" id="token-5-51" start_char="980">'</TOKEN>
				<TOKEN end_char="981" id="token-5-52" start_char="981">s</TOKEN>
				<TOKEN end_char="986" id="token-5-53" start_char="983">what</TOKEN>
				<TOKEN end_char="989" id="token-5-54" start_char="988">he</TOKEN>
				<TOKEN end_char="994" id="token-5-55" start_char="991">said</TOKEN>
				<TOKEN end_char="995" id="token-5-56" start_char="995">:</TOKEN>
			</SEG>
			<SEG end_char="1659" id="20130716_WAPO_9d36feae058224b0ec71551846f3c41a-6" start_char="997">
				<ORIGINAL_TEXT>It's not clear who was shipping the equipment to whom. North Korea's surface-to-air missiles are many but rapidly aging. They could use upgrades, but the country also often ships military technology abroad. NKNews quotes a person familiar with the incident as suggesting these may have actually been sent from North Korea. &quot;Previous reports by the Panel of Experts have shown that the DPRK uses intricate indirect routes for its illegal shipments,&quot; the source said. &quot;So although this shipment was coming from Cuba this does not mean that it originated there. Perhaps it was originally from the DPRK and was being shipped via Cuba in an effort to avoid detection.&quot;</ORIGINAL_TEXT>
				<TOKEN end_char="998" id="token-6-0" start_char="997">It</TOKEN>
				<TOKEN end_char="999" id="token-6-1" start_char="999">'</TOKEN>
				<TOKEN end_char="1000" id="token-6-2" start_char="1000">s</TOKEN>
				<TOKEN end_char="1004" id="token-6-3" start_char="1002">not</TOKEN>
				<TOKEN end_char="1010" id="token-6-4" start_char="1006">clear</TOKEN>
				<TOKEN end_char="1014" id="token-6-5" start_char="1012">who</TOKEN>
				<TOKEN end_char="1018" id="token-6-6" start_char="1016">was</TOKEN>
				<TOKEN end_char="1027" id="token-6-7" start_char="1020">shipping</TOKEN>
				<TOKEN end_char="1031" id="token-6-8" start_char="1029">the</TOKEN>
				<TOKEN end_char="1041" id="token-6-9" start_char="1033">equipment</TOKEN>
				<TOKEN end_char="1044" id="token-6-10" start_char="1043">to</TOKEN>
				<TOKEN end_char="1049" id="token-6-11" start_char="1046">whom</TOKEN>
				<TOKEN end_char="1050" id="token-6-12" start_char="1050">.</TOKEN>
				<TOKEN end_char="1056" id="token-6-13" start_char="1052">North</TOKEN>
				<TOKEN end_char="1062" id="token-6-14" start_char="1058">Korea</TOKEN>
				<TOKEN end_char="1063" id="token-6-15" start_char="1063">'</TOKEN>
				<TOKEN end_char="1064" id="token-6-16" start_char="1064">s</TOKEN>
				<TOKEN end_char="1072" id="token-6-17" start_char="1066">surface</TOKEN>
				<TOKEN end_char="1073" id="token-6-18" start_char="1073">-</TOKEN>
				<TOKEN end_char="1075" id="token-6-19" start_char="1074">to</TOKEN>
				<TOKEN end_char="1076" id="token-6-20" start_char="1076">-</TOKEN>
				<TOKEN end_char="1079" id="token-6-21" start_char="1077">air</TOKEN>
				<TOKEN end_char="1088" id="token-6-22" start_char="1081">missiles</TOKEN>
				<TOKEN end_char="1092" id="token-6-23" start_char="1090">are</TOKEN>
				<TOKEN end_char="1097" id="token-6-24" start_char="1094">many</TOKEN>
				<TOKEN end_char="1101" id="token-6-25" start_char="1099">but</TOKEN>
				<TOKEN end_char="1109" id="token-6-26" start_char="1103">rapidly</TOKEN>
				<TOKEN end_char="1115" id="token-6-27" start_char="1111">aging</TOKEN>
				<TOKEN end_char="1116" id="token-6-28" start_char="1116">.</TOKEN>
				<TOKEN end_char="1121" id="token-6-29" start_char="1118">They</TOKEN>
				<TOKEN end_char="1127" id="token-6-30" start_char="1123">could</TOKEN>
				<TOKEN end_char="1131" id="token-6-31" start_char="1129">use</TOKEN>
				<TOKEN end_char="1140" id="token-6-32" start_char="1133">upgrades</TOKEN>
				<TOKEN end_char="1141" id="token-6-33" start_char="1141">,</TOKEN>
				<TOKEN end_char="1145" id="token-6-34" start_char="1143">but</TOKEN>
				<TOKEN end_char="1149" id="token-6-35" start_char="1147">the</TOKEN>
				<TOKEN end_char="1157" id="token-6-36" start_char="1151">country</TOKEN>
				<TOKEN end_char="1162" id="token-6-37" start_char="1159">also</TOKEN>
				<TOKEN end_char="1168" id="token-6-38" start_char="1164">often</TOKEN>
				<TOKEN end_char="1174" id="token-6-39" start_char="1170">ships</TOKEN>
				<TOKEN end_char="1183" id="token-6-40" start_char="1176">military</TOKEN>
				<TOKEN end_char="1194" id="token-6-41" start_char="1185">technology</TOKEN>
				<TOKEN end_char="1201" id="token-6-42" start_char="1196">abroad</TOKEN>
				<TOKEN end_char="1202" id="token-6-43" start_char="1202">.</TOKEN>
				<TOKEN end_char="1209" id="token-6-44" start_char="1204">NKNews</TOKEN>
				<TOKEN end_char="1216" id="token-6-45" start_char="1211">quotes</TOKEN>
				<TOKEN end_char="1218" id="token-6-46" start_char="1218">a</TOKEN>
				<TOKEN end_char="1225" id="token-6-47" start_char="1220">person</TOKEN>
				<TOKEN end_char="1234" id="token-6-48" start_char="1227">familiar</TOKEN>
				<TOKEN end_char="1239" id="token-6-49" start_char="1236">with</TOKEN>
				<TOKEN end_char="1243" id="token-6-50" start_char="1241">the</TOKEN>
				<TOKEN end_char="1252" id="token-6-51" start_char="1245">incident</TOKEN>
				<TOKEN end_char="1255" id="token-6-52" start_char="1254">as</TOKEN>
				<TOKEN end_char="1266" id="token-6-53" start_char="1257">suggesting</TOKEN>
				<TOKEN end_char="1272" id="token-6-54" start_char="1268">these</TOKEN>
				<TOKEN end_char="1276" id="token-6-55" start_char="1274">may</TOKEN>
				<TOKEN end_char="1281" id="token-6-56" start_char="1278">have</TOKEN>
				<TOKEN end_char="1290" id="token-6-57" start_char="1283">actually</TOKEN>
				<TOKEN end_char="1295" id="token-6-58" start_char="1292">been</TOKEN>
				<TOKEN end_char="1300" id="token-6-59" start_char="1297">sent</TOKEN>
				<TOKEN end_char="1305" id="token-6-60" start_char="1302">from</TOKEN>
				<TOKEN end_char="1311" id="token-6-61" start_char="1307">North</TOKEN>
				<TOKEN end_char="1317" id="token-6-62" start_char="1313">Korea</TOKEN>
				<TOKEN end_char="1318" id="token-6-63" start_char="1318">.</TOKEN>
				<TOKEN end_char="1320" id="token-6-64" start_char="1320">&quot;</TOKEN>
				<TOKEN end_char="1328" id="token-6-65" start_char="1321">Previous</TOKEN>
				<TOKEN end_char="1336" id="token-6-66" start_char="1330">reports</TOKEN>
				<TOKEN end_char="1339" id="token-6-67" start_char="1338">by</TOKEN>
				<TOKEN end_char="1343" id="token-6-68" start_char="1341">the</TOKEN>
				<TOKEN end_char="1349" id="token-6-69" start_char="1345">Panel</TOKEN>
				<TOKEN end_char="1352" id="token-6-70" start_char="1351">of</TOKEN>
				<TOKEN end_char="1360" id="token-6-71" start_char="1354">Experts</TOKEN>
				<TOKEN end_char="1365" id="token-6-72" start_char="1362">have</TOKEN>
				<TOKEN end_char="1371" id="token-6-73" start_char="1367">shown</TOKEN>
				<TOKEN end_char="1376" id="token-6-74" start_char="1373">that</TOKEN>
				<TOKEN end_char="1380" id="token-6-75" start_char="1378">the</TOKEN>
				<TOKEN end_char="1385" id="token-6-76" start_char="1382">DPRK</TOKEN>
				<TOKEN end_char="1390" id="token-6-77" start_char="1387">uses</TOKEN>
				<TOKEN end_char="1400" id="token-6-78" start_char="1392">intricate</TOKEN>
				<TOKEN end_char="1409" id="token-6-79" start_char="1402">indirect</TOKEN>
				<TOKEN end_char="1416" id="token-6-80" start_char="1411">routes</TOKEN>
				<TOKEN end_char="1420" id="token-6-81" start_char="1418">for</TOKEN>
				<TOKEN end_char="1424" id="token-6-82" start_char="1422">its</TOKEN>
				<TOKEN end_char="1432" id="token-6-83" start_char="1426">illegal</TOKEN>
				<TOKEN end_char="1442" id="token-6-84" start_char="1434">shipments</TOKEN>
				<TOKEN end_char="1444" id="token-6-85" start_char="1443">,&quot;</TOKEN>
				<TOKEN end_char="1448" id="token-6-86" start_char="1446">the</TOKEN>
				<TOKEN end_char="1455" id="token-6-87" start_char="1450">source</TOKEN>
				<TOKEN end_char="1460" id="token-6-88" start_char="1457">said</TOKEN>
				<TOKEN end_char="1461" id="token-6-89" start_char="1461">.</TOKEN>
				<TOKEN end_char="1463" id="token-6-90" start_char="1463">&quot;</TOKEN>
				<TOKEN end_char="1465" id="token-6-91" start_char="1464">So</TOKEN>
				<TOKEN end_char="1474" id="token-6-92" start_char="1467">although</TOKEN>
				<TOKEN end_char="1479" id="token-6-93" start_char="1476">this</TOKEN>
				<TOKEN end_char="1488" id="token-6-94" start_char="1481">shipment</TOKEN>
				<TOKEN end_char="1492" id="token-6-95" start_char="1490">was</TOKEN>
				<TOKEN end_char="1499" id="token-6-96" start_char="1494">coming</TOKEN>
				<TOKEN end_char="1504" id="token-6-97" start_char="1501">from</TOKEN>
				<TOKEN end_char="1509" id="token-6-98" start_char="1506">Cuba</TOKEN>
				<TOKEN end_char="1514" id="token-6-99" start_char="1511">this</TOKEN>
				<TOKEN end_char="1519" id="token-6-100" start_char="1516">does</TOKEN>
				<TOKEN end_char="1523" id="token-6-101" start_char="1521">not</TOKEN>
				<TOKEN end_char="1528" id="token-6-102" start_char="1525">mean</TOKEN>
				<TOKEN end_char="1533" id="token-6-103" start_char="1530">that</TOKEN>
				<TOKEN end_char="1536" id="token-6-104" start_char="1535">it</TOKEN>
				<TOKEN end_char="1547" id="token-6-105" start_char="1538">originated</TOKEN>
				<TOKEN end_char="1553" id="token-6-106" start_char="1549">there</TOKEN>
				<TOKEN end_char="1554" id="token-6-107" start_char="1554">.</TOKEN>
				<TOKEN end_char="1562" id="token-6-108" start_char="1556">Perhaps</TOKEN>
				<TOKEN end_char="1565" id="token-6-109" start_char="1564">it</TOKEN>
				<TOKEN end_char="1569" id="token-6-110" start_char="1567">was</TOKEN>
				<TOKEN end_char="1580" id="token-6-111" start_char="1571">originally</TOKEN>
				<TOKEN end_char="1585" id="token-6-112" start_char="1582">from</TOKEN>
				<TOKEN end_char="1589" id="token-6-113" start_char="1587">the</TOKEN>
				<TOKEN end_char="1594" id="token-6-114" start_char="1591">DPRK</TOKEN>
				<TOKEN end_char="1598" id="token-6-115" start_char="1596">and</TOKEN>
				<TOKEN end_char="1602" id="token-6-116" start_char="1600">was</TOKEN>
				<TOKEN end_char="1608" id="token-6-117" start_char="1604">being</TOKEN>
				<TOKEN end_char="1616" id="token-6-118" start_char="1610">shipped</TOKEN>
				<TOKEN end_char="1620" id="token-6-119" start_char="1618">via</TOKEN>
				<TOKEN end_char="1625" id="token-6-120" start_char="1622">Cuba</TOKEN>
				<TOKEN end_char="1628" id="token-6-121" start_char="1627">in</TOKEN>
				<TOKEN end_char="1631" id="token-6-122" start_char="1630">an</TOKEN>
				<TOKEN end_char="1638" id="token-6-123" start_char="1633">effort</TOKEN>
				<TOKEN end_char="1641" id="token-6-124" start_char="1640">to</TOKEN>
				<TOKEN end_char="1647" id="token-6-125" start_char="1643">avoid</TOKEN>
				<TOKEN end_char="1657" id="token-6-126" start_char="1649">detection</TOKEN>
				<TOKEN end_char="1659" id="token-6-127" start_char="1658">.&quot;</TOKEN>
			</SEG>
			<SEG end_char="1725" id="20130716_WAPO_9d36feae058224b0ec71551846f3c41a-7" start_char="1661">
				<ORIGINAL_TEXT>Panama has long expressed a strongly pro-American foreign policy.</ORIGINAL_TEXT>
				<TOKEN end_char="1666" id="token-7-0" start_char="1661">Panama</TOKEN>
				<TOKEN end_char="1670" id="token-7-1" start_char="1668">has</TOKEN>
				<TOKEN end_char="1675" id="token-7-2" start_char="1672">long</TOKEN>
				<TOKEN end_char="1685" id="token-7-3" start_char="1677">expressed</TOKEN>
				<TOKEN end_char="1687" id="token-7-4" start_char="1687">a</TOKEN>
				<TOKEN end_char="1696" id="token-7-5" start_char="1689">strongly</TOKEN>
				<TOKEN end_char="1700" id="token-7-6" start_char="1698">pro</TOKEN>
				<TOKEN end_char="1701" id="token-7-7" start_char="1701">-</TOKEN>
				<TOKEN end_char="1709" id="token-7-8" start_char="1702">American</TOKEN>
				<TOKEN end_char="1717" id="token-7-9" start_char="1711">foreign</TOKEN>
				<TOKEN end_char="1724" id="token-7-10" start_char="1719">policy</TOKEN>
				<TOKEN end_char="1725" id="token-7-11" start_char="1725">.</TOKEN>
			</SEG>
			<SEG end_char="1805" id="20130716_WAPO_9d36feae058224b0ec71551846f3c41a-8" start_char="1727">
				<ORIGINAL_TEXT>Here are two photos of the Chong Chon Gang, displaying its North Korean origin:</ORIGINAL_TEXT>
				<TOKEN end_char="1730" id="token-8-0" start_char="1727">Here</TOKEN>
				<TOKEN end_char="1734" id="token-8-1" start_char="1732">are</TOKEN>
				<TOKEN end_char="1738" id="token-8-2" start_char="1736">two</TOKEN>
				<TOKEN end_char="1745" id="token-8-3" start_char="1740">photos</TOKEN>
				<TOKEN end_char="1748" id="token-8-4" start_char="1747">of</TOKEN>
				<TOKEN end_char="1752" id="token-8-5" start_char="1750">the</TOKEN>
				<TOKEN end_char="1758" id="token-8-6" start_char="1754">Chong</TOKEN>
				<TOKEN end_char="1763" id="token-8-7" start_char="1760">Chon</TOKEN>
				<TOKEN end_char="1768" id="token-8-8" start_char="1765">Gang</TOKEN>
				<TOKEN end_char="1769" id="token-8-9" start_char="1769">,</TOKEN>
				<TOKEN end_char="1780" id="token-8-10" start_char="1771">displaying</TOKEN>
				<TOKEN end_char="1784" id="token-8-11" start_char="1782">its</TOKEN>
				<TOKEN end_char="1790" id="token-8-12" start_char="1786">North</TOKEN>
				<TOKEN end_char="1797" id="token-8-13" start_char="1792">Korean</TOKEN>
				<TOKEN end_char="1804" id="token-8-14" start_char="1799">origin</TOKEN>
				<TOKEN end_char="1805" id="token-8-15" start_char="1805">:</TOKEN>
			</SEG>
		</TEXT>
	</DOC>
</LCTL_TEXT>
