<?xml version="1.0" encoding="utf-8"?>
<LCTL_TEXT>
	<DOC id="20130305_WAPO_ad293c02-8536-11e2-98a3-b3db6b9ac586">
		<TEXT>
			<SEG end_char="51" id="20130305_WAPO_ad293c02-8536-11e2-98a3-b3db6b9ac586-0" start_char="0">
				<ORIGINAL_TEXT>Montgomery County loses collective bargaining appeal</ORIGINAL_TEXT>
				<TOKEN end_char="9" id="token-0-0" start_char="0">Montgomery</TOKEN>
				<TOKEN end_char="16" id="token-0-1" start_char="11">County</TOKEN>
				<TOKEN end_char="22" id="token-0-2" start_char="18">loses</TOKEN>
				<TOKEN end_char="33" id="token-0-3" start_char="24">collective</TOKEN>
				<TOKEN end_char="44" id="token-0-4" start_char="35">bargaining</TOKEN>
				<TOKEN end_char="51" id="token-0-5" start_char="46">appeal</TOKEN>
			</SEG>
			<SEG end_char="93" id="20130305_WAPO_ad293c02-8536-11e2-98a3-b3db6b9ac586-1" start_char="53">
				<ORIGINAL_TEXT>Tuesday, March 5, 2013 06:57:00 GMT-05:00</ORIGINAL_TEXT>
				<TOKEN end_char="59" id="token-1-0" start_char="53">Tuesday</TOKEN>
				<TOKEN end_char="60" id="token-1-1" start_char="60">,</TOKEN>
				<TOKEN end_char="66" id="token-1-2" start_char="62">March</TOKEN>
				<TOKEN end_char="68" id="token-1-3" start_char="68">5</TOKEN>
				<TOKEN end_char="69" id="token-1-4" start_char="69">,</TOKEN>
				<TOKEN end_char="74" id="token-1-5" start_char="71">2013</TOKEN>
				<TOKEN end_char="77" id="token-1-6" start_char="76">06</TOKEN>
				<TOKEN end_char="78" id="token-1-7" start_char="78">:</TOKEN>
				<TOKEN end_char="80" id="token-1-8" start_char="79">57</TOKEN>
				<TOKEN end_char="81" id="token-1-9" start_char="81">:</TOKEN>
				<TOKEN end_char="83" id="token-1-10" start_char="82">00</TOKEN>
				<TOKEN end_char="87" id="token-1-11" start_char="85">GMT</TOKEN>
				<TOKEN end_char="88" id="token-1-12" start_char="88">-</TOKEN>
				<TOKEN end_char="90" id="token-1-13" start_char="89">05</TOKEN>
				<TOKEN end_char="91" id="token-1-14" start_char="91">:</TOKEN>
				<TOKEN end_char="93" id="token-1-15" start_char="92">00</TOKEN>
			</SEG>
			<SEG end_char="377" id="20130305_WAPO_ad293c02-8536-11e2-98a3-b3db6b9ac586-2" start_char="95">
				<ORIGINAL_TEXT>Montgomery County lost a trio of key collective bargaining cases Monday, as the state Court of Special Appeals ruled that County Executive Isiah Leggett acted improperly two years ago when he refused to fully fund salary increases awarded to county unions by independent arbitrators.</ORIGINAL_TEXT>
				<TOKEN end_char="104" id="token-2-0" start_char="95">Montgomery</TOKEN>
				<TOKEN end_char="111" id="token-2-1" start_char="106">County</TOKEN>
				<TOKEN end_char="116" id="token-2-2" start_char="113">lost</TOKEN>
				<TOKEN end_char="118" id="token-2-3" start_char="118">a</TOKEN>
				<TOKEN end_char="123" id="token-2-4" start_char="120">trio</TOKEN>
				<TOKEN end_char="126" id="token-2-5" start_char="125">of</TOKEN>
				<TOKEN end_char="130" id="token-2-6" start_char="128">key</TOKEN>
				<TOKEN end_char="141" id="token-2-7" start_char="132">collective</TOKEN>
				<TOKEN end_char="152" id="token-2-8" start_char="143">bargaining</TOKEN>
				<TOKEN end_char="158" id="token-2-9" start_char="154">cases</TOKEN>
				<TOKEN end_char="165" id="token-2-10" start_char="160">Monday</TOKEN>
				<TOKEN end_char="166" id="token-2-11" start_char="166">,</TOKEN>
				<TOKEN end_char="169" id="token-2-12" start_char="168">as</TOKEN>
				<TOKEN end_char="173" id="token-2-13" start_char="171">the</TOKEN>
				<TOKEN end_char="179" id="token-2-14" start_char="175">state</TOKEN>
				<TOKEN end_char="185" id="token-2-15" start_char="181">Court</TOKEN>
				<TOKEN end_char="188" id="token-2-16" start_char="187">of</TOKEN>
				<TOKEN end_char="196" id="token-2-17" start_char="190">Special</TOKEN>
				<TOKEN end_char="204" id="token-2-18" start_char="198">Appeals</TOKEN>
				<TOKEN end_char="210" id="token-2-19" start_char="206">ruled</TOKEN>
				<TOKEN end_char="215" id="token-2-20" start_char="212">that</TOKEN>
				<TOKEN end_char="222" id="token-2-21" start_char="217">County</TOKEN>
				<TOKEN end_char="232" id="token-2-22" start_char="224">Executive</TOKEN>
				<TOKEN end_char="238" id="token-2-23" start_char="234">Isiah</TOKEN>
				<TOKEN end_char="246" id="token-2-24" start_char="240">Leggett</TOKEN>
				<TOKEN end_char="252" id="token-2-25" start_char="248">acted</TOKEN>
				<TOKEN end_char="263" id="token-2-26" start_char="254">improperly</TOKEN>
				<TOKEN end_char="267" id="token-2-27" start_char="265">two</TOKEN>
				<TOKEN end_char="273" id="token-2-28" start_char="269">years</TOKEN>
				<TOKEN end_char="277" id="token-2-29" start_char="275">ago</TOKEN>
				<TOKEN end_char="282" id="token-2-30" start_char="279">when</TOKEN>
				<TOKEN end_char="285" id="token-2-31" start_char="284">he</TOKEN>
				<TOKEN end_char="293" id="token-2-32" start_char="287">refused</TOKEN>
				<TOKEN end_char="296" id="token-2-33" start_char="295">to</TOKEN>
				<TOKEN end_char="302" id="token-2-34" start_char="298">fully</TOKEN>
				<TOKEN end_char="307" id="token-2-35" start_char="304">fund</TOKEN>
				<TOKEN end_char="314" id="token-2-36" start_char="309">salary</TOKEN>
				<TOKEN end_char="324" id="token-2-37" start_char="316">increases</TOKEN>
				<TOKEN end_char="332" id="token-2-38" start_char="326">awarded</TOKEN>
				<TOKEN end_char="335" id="token-2-39" start_char="334">to</TOKEN>
				<TOKEN end_char="342" id="token-2-40" start_char="337">county</TOKEN>
				<TOKEN end_char="349" id="token-2-41" start_char="344">unions</TOKEN>
				<TOKEN end_char="352" id="token-2-42" start_char="351">by</TOKEN>
				<TOKEN end_char="364" id="token-2-43" start_char="354">independent</TOKEN>
				<TOKEN end_char="376" id="token-2-44" start_char="366">arbitrators</TOKEN>
				<TOKEN end_char="377" id="token-2-45" start_char="377">.</TOKEN>
			</SEG>
			<SEG end_char="733" id="20130305_WAPO_ad293c02-8536-11e2-98a3-b3db6b9ac586-3" start_char="379">
				<ORIGINAL_TEXT>The court did not order the county to retroactively pay the raises to police, firefighters and other county employees, who sued in 2011. Leggett had argued that he was not bound by the county charter provision that requires binding arbitration in labor negotiations that reach impasse. A county circuit court ruled in Leggett’s favor, and unions appealed.</ORIGINAL_TEXT>
				<TOKEN end_char="381" id="token-3-0" start_char="379">The</TOKEN>
				<TOKEN end_char="387" id="token-3-1" start_char="383">court</TOKEN>
				<TOKEN end_char="391" id="token-3-2" start_char="389">did</TOKEN>
				<TOKEN end_char="395" id="token-3-3" start_char="393">not</TOKEN>
				<TOKEN end_char="401" id="token-3-4" start_char="397">order</TOKEN>
				<TOKEN end_char="405" id="token-3-5" start_char="403">the</TOKEN>
				<TOKEN end_char="412" id="token-3-6" start_char="407">county</TOKEN>
				<TOKEN end_char="415" id="token-3-7" start_char="414">to</TOKEN>
				<TOKEN end_char="429" id="token-3-8" start_char="417">retroactively</TOKEN>
				<TOKEN end_char="433" id="token-3-9" start_char="431">pay</TOKEN>
				<TOKEN end_char="437" id="token-3-10" start_char="435">the</TOKEN>
				<TOKEN end_char="444" id="token-3-11" start_char="439">raises</TOKEN>
				<TOKEN end_char="447" id="token-3-12" start_char="446">to</TOKEN>
				<TOKEN end_char="454" id="token-3-13" start_char="449">police</TOKEN>
				<TOKEN end_char="455" id="token-3-14" start_char="455">,</TOKEN>
				<TOKEN end_char="468" id="token-3-15" start_char="457">firefighters</TOKEN>
				<TOKEN end_char="472" id="token-3-16" start_char="470">and</TOKEN>
				<TOKEN end_char="478" id="token-3-17" start_char="474">other</TOKEN>
				<TOKEN end_char="485" id="token-3-18" start_char="480">county</TOKEN>
				<TOKEN end_char="495" id="token-3-19" start_char="487">employees</TOKEN>
				<TOKEN end_char="496" id="token-3-20" start_char="496">,</TOKEN>
				<TOKEN end_char="500" id="token-3-21" start_char="498">who</TOKEN>
				<TOKEN end_char="505" id="token-3-22" start_char="502">sued</TOKEN>
				<TOKEN end_char="508" id="token-3-23" start_char="507">in</TOKEN>
				<TOKEN end_char="513" id="token-3-24" start_char="510">2011</TOKEN>
				<TOKEN end_char="514" id="token-3-25" start_char="514">.</TOKEN>
				<TOKEN end_char="522" id="token-3-26" start_char="516">Leggett</TOKEN>
				<TOKEN end_char="526" id="token-3-27" start_char="524">had</TOKEN>
				<TOKEN end_char="533" id="token-3-28" start_char="528">argued</TOKEN>
				<TOKEN end_char="538" id="token-3-29" start_char="535">that</TOKEN>
				<TOKEN end_char="541" id="token-3-30" start_char="540">he</TOKEN>
				<TOKEN end_char="545" id="token-3-31" start_char="543">was</TOKEN>
				<TOKEN end_char="549" id="token-3-32" start_char="547">not</TOKEN>
				<TOKEN end_char="555" id="token-3-33" start_char="551">bound</TOKEN>
				<TOKEN end_char="558" id="token-3-34" start_char="557">by</TOKEN>
				<TOKEN end_char="562" id="token-3-35" start_char="560">the</TOKEN>
				<TOKEN end_char="569" id="token-3-36" start_char="564">county</TOKEN>
				<TOKEN end_char="577" id="token-3-37" start_char="571">charter</TOKEN>
				<TOKEN end_char="587" id="token-3-38" start_char="579">provision</TOKEN>
				<TOKEN end_char="592" id="token-3-39" start_char="589">that</TOKEN>
				<TOKEN end_char="601" id="token-3-40" start_char="594">requires</TOKEN>
				<TOKEN end_char="609" id="token-3-41" start_char="603">binding</TOKEN>
				<TOKEN end_char="621" id="token-3-42" start_char="611">arbitration</TOKEN>
				<TOKEN end_char="624" id="token-3-43" start_char="623">in</TOKEN>
				<TOKEN end_char="630" id="token-3-44" start_char="626">labor</TOKEN>
				<TOKEN end_char="643" id="token-3-45" start_char="632">negotiations</TOKEN>
				<TOKEN end_char="648" id="token-3-46" start_char="645">that</TOKEN>
				<TOKEN end_char="654" id="token-3-47" start_char="650">reach</TOKEN>
				<TOKEN end_char="662" id="token-3-48" start_char="656">impasse</TOKEN>
				<TOKEN end_char="663" id="token-3-49" start_char="663">.</TOKEN>
				<TOKEN end_char="665" id="token-3-50" start_char="665">A</TOKEN>
				<TOKEN end_char="672" id="token-3-51" start_char="667">county</TOKEN>
				<TOKEN end_char="680" id="token-3-52" start_char="674">circuit</TOKEN>
				<TOKEN end_char="686" id="token-3-53" start_char="682">court</TOKEN>
				<TOKEN end_char="692" id="token-3-54" start_char="688">ruled</TOKEN>
				<TOKEN end_char="695" id="token-3-55" start_char="694">in</TOKEN>
				<TOKEN end_char="703" id="token-3-56" start_char="697">Leggett</TOKEN>
				<TOKEN end_char="704" id="token-3-57" start_char="704">’</TOKEN>
				<TOKEN end_char="705" id="token-3-58" start_char="705">s</TOKEN>
				<TOKEN end_char="711" id="token-3-59" start_char="707">favor</TOKEN>
				<TOKEN end_char="712" id="token-3-60" start_char="712">,</TOKEN>
				<TOKEN end_char="716" id="token-3-61" start_char="714">and</TOKEN>
				<TOKEN end_char="723" id="token-3-62" start_char="718">unions</TOKEN>
				<TOKEN end_char="732" id="token-3-63" start_char="725">appealed</TOKEN>
				<TOKEN end_char="733" id="token-3-64" start_char="733">.</TOKEN>
			</SEG>
			<SEG end_char="1118" id="20130305_WAPO_ad293c02-8536-11e2-98a3-b3db6b9ac586-4" start_char="735">
				<ORIGINAL_TEXT>But the cases have had an impact on the FY 2014 budget Leggett will introduce next week. It will include significant salary hikes for union members--the first in four years--which Leggett said he negotiated because of the possibility that the county would ultimately lose its argument about arbitration in the courts, leaving taxpayers on the hook for much larger arbitrated payments.</ORIGINAL_TEXT>
				<TOKEN end_char="737" id="token-4-0" start_char="735">But</TOKEN>
				<TOKEN end_char="741" id="token-4-1" start_char="739">the</TOKEN>
				<TOKEN end_char="747" id="token-4-2" start_char="743">cases</TOKEN>
				<TOKEN end_char="752" id="token-4-3" start_char="749">have</TOKEN>
				<TOKEN end_char="756" id="token-4-4" start_char="754">had</TOKEN>
				<TOKEN end_char="759" id="token-4-5" start_char="758">an</TOKEN>
				<TOKEN end_char="766" id="token-4-6" start_char="761">impact</TOKEN>
				<TOKEN end_char="769" id="token-4-7" start_char="768">on</TOKEN>
				<TOKEN end_char="773" id="token-4-8" start_char="771">the</TOKEN>
				<TOKEN end_char="776" id="token-4-9" start_char="775">FY</TOKEN>
				<TOKEN end_char="781" id="token-4-10" start_char="778">2014</TOKEN>
				<TOKEN end_char="788" id="token-4-11" start_char="783">budget</TOKEN>
				<TOKEN end_char="796" id="token-4-12" start_char="790">Leggett</TOKEN>
				<TOKEN end_char="801" id="token-4-13" start_char="798">will</TOKEN>
				<TOKEN end_char="811" id="token-4-14" start_char="803">introduce</TOKEN>
				<TOKEN end_char="816" id="token-4-15" start_char="813">next</TOKEN>
				<TOKEN end_char="821" id="token-4-16" start_char="818">week</TOKEN>
				<TOKEN end_char="822" id="token-4-17" start_char="822">.</TOKEN>
				<TOKEN end_char="825" id="token-4-18" start_char="824">It</TOKEN>
				<TOKEN end_char="830" id="token-4-19" start_char="827">will</TOKEN>
				<TOKEN end_char="838" id="token-4-20" start_char="832">include</TOKEN>
				<TOKEN end_char="850" id="token-4-21" start_char="840">significant</TOKEN>
				<TOKEN end_char="857" id="token-4-22" start_char="852">salary</TOKEN>
				<TOKEN end_char="863" id="token-4-23" start_char="859">hikes</TOKEN>
				<TOKEN end_char="867" id="token-4-24" start_char="865">for</TOKEN>
				<TOKEN end_char="873" id="token-4-25" start_char="869">union</TOKEN>
				<TOKEN end_char="881" id="token-4-26" start_char="875">members</TOKEN>
				<TOKEN end_char="883" id="token-4-27" start_char="882">--</TOKEN>
				<TOKEN end_char="886" id="token-4-28" start_char="884">the</TOKEN>
				<TOKEN end_char="892" id="token-4-29" start_char="888">first</TOKEN>
				<TOKEN end_char="895" id="token-4-30" start_char="894">in</TOKEN>
				<TOKEN end_char="900" id="token-4-31" start_char="897">four</TOKEN>
				<TOKEN end_char="906" id="token-4-32" start_char="902">years</TOKEN>
				<TOKEN end_char="908" id="token-4-33" start_char="907">--</TOKEN>
				<TOKEN end_char="913" id="token-4-34" start_char="909">which</TOKEN>
				<TOKEN end_char="921" id="token-4-35" start_char="915">Leggett</TOKEN>
				<TOKEN end_char="926" id="token-4-36" start_char="923">said</TOKEN>
				<TOKEN end_char="929" id="token-4-37" start_char="928">he</TOKEN>
				<TOKEN end_char="940" id="token-4-38" start_char="931">negotiated</TOKEN>
				<TOKEN end_char="948" id="token-4-39" start_char="942">because</TOKEN>
				<TOKEN end_char="951" id="token-4-40" start_char="950">of</TOKEN>
				<TOKEN end_char="955" id="token-4-41" start_char="953">the</TOKEN>
				<TOKEN end_char="967" id="token-4-42" start_char="957">possibility</TOKEN>
				<TOKEN end_char="972" id="token-4-43" start_char="969">that</TOKEN>
				<TOKEN end_char="976" id="token-4-44" start_char="974">the</TOKEN>
				<TOKEN end_char="983" id="token-4-45" start_char="978">county</TOKEN>
				<TOKEN end_char="989" id="token-4-46" start_char="985">would</TOKEN>
				<TOKEN end_char="1000" id="token-4-47" start_char="991">ultimately</TOKEN>
				<TOKEN end_char="1005" id="token-4-48" start_char="1002">lose</TOKEN>
				<TOKEN end_char="1009" id="token-4-49" start_char="1007">its</TOKEN>
				<TOKEN end_char="1018" id="token-4-50" start_char="1011">argument</TOKEN>
				<TOKEN end_char="1024" id="token-4-51" start_char="1020">about</TOKEN>
				<TOKEN end_char="1036" id="token-4-52" start_char="1026">arbitration</TOKEN>
				<TOKEN end_char="1039" id="token-4-53" start_char="1038">in</TOKEN>
				<TOKEN end_char="1043" id="token-4-54" start_char="1041">the</TOKEN>
				<TOKEN end_char="1050" id="token-4-55" start_char="1045">courts</TOKEN>
				<TOKEN end_char="1051" id="token-4-56" start_char="1051">,</TOKEN>
				<TOKEN end_char="1059" id="token-4-57" start_char="1053">leaving</TOKEN>
				<TOKEN end_char="1069" id="token-4-58" start_char="1061">taxpayers</TOKEN>
				<TOKEN end_char="1072" id="token-4-59" start_char="1071">on</TOKEN>
				<TOKEN end_char="1076" id="token-4-60" start_char="1074">the</TOKEN>
				<TOKEN end_char="1081" id="token-4-61" start_char="1078">hook</TOKEN>
				<TOKEN end_char="1085" id="token-4-62" start_char="1083">for</TOKEN>
				<TOKEN end_char="1090" id="token-4-63" start_char="1087">much</TOKEN>
				<TOKEN end_char="1097" id="token-4-64" start_char="1092">larger</TOKEN>
				<TOKEN end_char="1108" id="token-4-65" start_char="1099">arbitrated</TOKEN>
				<TOKEN end_char="1117" id="token-4-66" start_char="1110">payments</TOKEN>
				<TOKEN end_char="1118" id="token-4-67" start_char="1118">.</TOKEN>
			</SEG>
			<SEG end_char="1207" id="20130305_WAPO_ad293c02-8536-11e2-98a3-b3db6b9ac586-5" start_char="1120">
				<ORIGINAL_TEXT>The county can ask the Court of Appeals, the state’s highest court, to review the cases.</ORIGINAL_TEXT>
				<TOKEN end_char="1122" id="token-5-0" start_char="1120">The</TOKEN>
				<TOKEN end_char="1129" id="token-5-1" start_char="1124">county</TOKEN>
				<TOKEN end_char="1133" id="token-5-2" start_char="1131">can</TOKEN>
				<TOKEN end_char="1137" id="token-5-3" start_char="1135">ask</TOKEN>
				<TOKEN end_char="1141" id="token-5-4" start_char="1139">the</TOKEN>
				<TOKEN end_char="1147" id="token-5-5" start_char="1143">Court</TOKEN>
				<TOKEN end_char="1150" id="token-5-6" start_char="1149">of</TOKEN>
				<TOKEN end_char="1158" id="token-5-7" start_char="1152">Appeals</TOKEN>
				<TOKEN end_char="1159" id="token-5-8" start_char="1159">,</TOKEN>
				<TOKEN end_char="1163" id="token-5-9" start_char="1161">the</TOKEN>
				<TOKEN end_char="1169" id="token-5-10" start_char="1165">state</TOKEN>
				<TOKEN end_char="1170" id="token-5-11" start_char="1170">’</TOKEN>
				<TOKEN end_char="1171" id="token-5-12" start_char="1171">s</TOKEN>
				<TOKEN end_char="1179" id="token-5-13" start_char="1173">highest</TOKEN>
				<TOKEN end_char="1185" id="token-5-14" start_char="1181">court</TOKEN>
				<TOKEN end_char="1186" id="token-5-15" start_char="1186">,</TOKEN>
				<TOKEN end_char="1189" id="token-5-16" start_char="1188">to</TOKEN>
				<TOKEN end_char="1196" id="token-5-17" start_char="1191">review</TOKEN>
				<TOKEN end_char="1200" id="token-5-18" start_char="1198">the</TOKEN>
				<TOKEN end_char="1206" id="token-5-19" start_char="1202">cases</TOKEN>
				<TOKEN end_char="1207" id="token-5-20" start_char="1207">.</TOKEN>
			</SEG>
		</TEXT>
	</DOC>
</LCTL_TEXT>
