<?xml version="1.0" encoding="utf-8"?>
<LCTL_TEXT>
	<DOC id="20130416_WAPO_2961dd6a-a6a7-11e2-a8e2-5b98cb59187f">
		<TEXT>
			<SEG end_char="66" id="20130416_WAPO_2961dd6a-a6a7-11e2-a8e2-5b98cb59187f-0" start_char="0">
				<ORIGINAL_TEXT>Heavy documentation of Boston Marathon is an asset to investigation</ORIGINAL_TEXT>
				<TOKEN end_char="4" id="token-0-0" start_char="0">Heavy</TOKEN>
				<TOKEN end_char="18" id="token-0-1" start_char="6">documentation</TOKEN>
				<TOKEN end_char="21" id="token-0-2" start_char="20">of</TOKEN>
				<TOKEN end_char="28" id="token-0-3" start_char="23">Boston</TOKEN>
				<TOKEN end_char="37" id="token-0-4" start_char="30">Marathon</TOKEN>
				<TOKEN end_char="40" id="token-0-5" start_char="39">is</TOKEN>
				<TOKEN end_char="43" id="token-0-6" start_char="42">an</TOKEN>
				<TOKEN end_char="49" id="token-0-7" start_char="45">asset</TOKEN>
				<TOKEN end_char="52" id="token-0-8" start_char="51">to</TOKEN>
				<TOKEN end_char="66" id="token-0-9" start_char="54">investigation</TOKEN>
			</SEG>
			<SEG end_char="109" id="20130416_WAPO_2961dd6a-a6a7-11e2-a8e2-5b98cb59187f-1" start_char="68">
				<ORIGINAL_TEXT>Tuesday, April 16, 2013 11:16:00 GMT-05:00</ORIGINAL_TEXT>
				<TOKEN end_char="74" id="token-1-0" start_char="68">Tuesday</TOKEN>
				<TOKEN end_char="75" id="token-1-1" start_char="75">,</TOKEN>
				<TOKEN end_char="81" id="token-1-2" start_char="77">April</TOKEN>
				<TOKEN end_char="84" id="token-1-3" start_char="83">16</TOKEN>
				<TOKEN end_char="85" id="token-1-4" start_char="85">,</TOKEN>
				<TOKEN end_char="90" id="token-1-5" start_char="87">2013</TOKEN>
				<TOKEN end_char="93" id="token-1-6" start_char="92">11</TOKEN>
				<TOKEN end_char="94" id="token-1-7" start_char="94">:</TOKEN>
				<TOKEN end_char="96" id="token-1-8" start_char="95">16</TOKEN>
				<TOKEN end_char="97" id="token-1-9" start_char="97">:</TOKEN>
				<TOKEN end_char="99" id="token-1-10" start_char="98">00</TOKEN>
				<TOKEN end_char="103" id="token-1-11" start_char="101">GMT</TOKEN>
				<TOKEN end_char="104" id="token-1-12" start_char="104">-</TOKEN>
				<TOKEN end_char="106" id="token-1-13" start_char="105">05</TOKEN>
				<TOKEN end_char="107" id="token-1-14" start_char="107">:</TOKEN>
				<TOKEN end_char="109" id="token-1-15" start_char="108">00</TOKEN>
			</SEG>
			<SEG end_char="381" id="20130416_WAPO_2961dd6a-a6a7-11e2-a8e2-5b98cb59187f-2" start_char="111">
				<ORIGINAL_TEXT>For all the horror of the Monday bombings in central Boston, investigators have been blessed with at least one advantage: a rich stream of possible evidence drawn not only from surveillance cameras but from personal photos and video footage, as well as cellphone records.</ORIGINAL_TEXT>
				<TOKEN end_char="113" id="token-2-0" start_char="111">For</TOKEN>
				<TOKEN end_char="117" id="token-2-1" start_char="115">all</TOKEN>
				<TOKEN end_char="121" id="token-2-2" start_char="119">the</TOKEN>
				<TOKEN end_char="128" id="token-2-3" start_char="123">horror</TOKEN>
				<TOKEN end_char="131" id="token-2-4" start_char="130">of</TOKEN>
				<TOKEN end_char="135" id="token-2-5" start_char="133">the</TOKEN>
				<TOKEN end_char="142" id="token-2-6" start_char="137">Monday</TOKEN>
				<TOKEN end_char="151" id="token-2-7" start_char="144">bombings</TOKEN>
				<TOKEN end_char="154" id="token-2-8" start_char="153">in</TOKEN>
				<TOKEN end_char="162" id="token-2-9" start_char="156">central</TOKEN>
				<TOKEN end_char="169" id="token-2-10" start_char="164">Boston</TOKEN>
				<TOKEN end_char="170" id="token-2-11" start_char="170">,</TOKEN>
				<TOKEN end_char="184" id="token-2-12" start_char="172">investigators</TOKEN>
				<TOKEN end_char="189" id="token-2-13" start_char="186">have</TOKEN>
				<TOKEN end_char="194" id="token-2-14" start_char="191">been</TOKEN>
				<TOKEN end_char="202" id="token-2-15" start_char="196">blessed</TOKEN>
				<TOKEN end_char="207" id="token-2-16" start_char="204">with</TOKEN>
				<TOKEN end_char="210" id="token-2-17" start_char="209">at</TOKEN>
				<TOKEN end_char="216" id="token-2-18" start_char="212">least</TOKEN>
				<TOKEN end_char="220" id="token-2-19" start_char="218">one</TOKEN>
				<TOKEN end_char="230" id="token-2-20" start_char="222">advantage</TOKEN>
				<TOKEN end_char="231" id="token-2-21" start_char="231">:</TOKEN>
				<TOKEN end_char="233" id="token-2-22" start_char="233">a</TOKEN>
				<TOKEN end_char="238" id="token-2-23" start_char="235">rich</TOKEN>
				<TOKEN end_char="245" id="token-2-24" start_char="240">stream</TOKEN>
				<TOKEN end_char="248" id="token-2-25" start_char="247">of</TOKEN>
				<TOKEN end_char="257" id="token-2-26" start_char="250">possible</TOKEN>
				<TOKEN end_char="266" id="token-2-27" start_char="259">evidence</TOKEN>
				<TOKEN end_char="272" id="token-2-28" start_char="268">drawn</TOKEN>
				<TOKEN end_char="276" id="token-2-29" start_char="274">not</TOKEN>
				<TOKEN end_char="281" id="token-2-30" start_char="278">only</TOKEN>
				<TOKEN end_char="286" id="token-2-31" start_char="283">from</TOKEN>
				<TOKEN end_char="299" id="token-2-32" start_char="288">surveillance</TOKEN>
				<TOKEN end_char="307" id="token-2-33" start_char="301">cameras</TOKEN>
				<TOKEN end_char="311" id="token-2-34" start_char="309">but</TOKEN>
				<TOKEN end_char="316" id="token-2-35" start_char="313">from</TOKEN>
				<TOKEN end_char="325" id="token-2-36" start_char="318">personal</TOKEN>
				<TOKEN end_char="332" id="token-2-37" start_char="327">photos</TOKEN>
				<TOKEN end_char="336" id="token-2-38" start_char="334">and</TOKEN>
				<TOKEN end_char="342" id="token-2-39" start_char="338">video</TOKEN>
				<TOKEN end_char="350" id="token-2-40" start_char="344">footage</TOKEN>
				<TOKEN end_char="351" id="token-2-41" start_char="351">,</TOKEN>
				<TOKEN end_char="354" id="token-2-42" start_char="353">as</TOKEN>
				<TOKEN end_char="359" id="token-2-43" start_char="356">well</TOKEN>
				<TOKEN end_char="362" id="token-2-44" start_char="361">as</TOKEN>
				<TOKEN end_char="372" id="token-2-45" start_char="364">cellphone</TOKEN>
				<TOKEN end_char="380" id="token-2-46" start_char="374">records</TOKEN>
				<TOKEN end_char="381" id="token-2-47" start_char="381">.</TOKEN>
			</SEG>
			<SEG end_char="742" id="20130416_WAPO_2961dd6a-a6a7-11e2-a8e2-5b98cb59187f-3" start_char="383">
				<ORIGINAL_TEXT>Authorities on Tuesday said that they planned to sift through footage from surveillance cameras near Boston’s Copley Square and that police had been assigned to review surveillance tapes from nearby businesses. The commissioner of the Boston Police, Ed Davis, vowed officials would go “through every frame of every video” taken during Monday’s Boston Marathon.</ORIGINAL_TEXT>
				<TOKEN end_char="393" id="token-3-0" start_char="383">Authorities</TOKEN>
				<TOKEN end_char="396" id="token-3-1" start_char="395">on</TOKEN>
				<TOKEN end_char="404" id="token-3-2" start_char="398">Tuesday</TOKEN>
				<TOKEN end_char="409" id="token-3-3" start_char="406">said</TOKEN>
				<TOKEN end_char="414" id="token-3-4" start_char="411">that</TOKEN>
				<TOKEN end_char="419" id="token-3-5" start_char="416">they</TOKEN>
				<TOKEN end_char="427" id="token-3-6" start_char="421">planned</TOKEN>
				<TOKEN end_char="430" id="token-3-7" start_char="429">to</TOKEN>
				<TOKEN end_char="435" id="token-3-8" start_char="432">sift</TOKEN>
				<TOKEN end_char="443" id="token-3-9" start_char="437">through</TOKEN>
				<TOKEN end_char="451" id="token-3-10" start_char="445">footage</TOKEN>
				<TOKEN end_char="456" id="token-3-11" start_char="453">from</TOKEN>
				<TOKEN end_char="469" id="token-3-12" start_char="458">surveillance</TOKEN>
				<TOKEN end_char="477" id="token-3-13" start_char="471">cameras</TOKEN>
				<TOKEN end_char="482" id="token-3-14" start_char="479">near</TOKEN>
				<TOKEN end_char="489" id="token-3-15" start_char="484">Boston</TOKEN>
				<TOKEN end_char="490" id="token-3-16" start_char="490">’</TOKEN>
				<TOKEN end_char="491" id="token-3-17" start_char="491">s</TOKEN>
				<TOKEN end_char="498" id="token-3-18" start_char="493">Copley</TOKEN>
				<TOKEN end_char="505" id="token-3-19" start_char="500">Square</TOKEN>
				<TOKEN end_char="509" id="token-3-20" start_char="507">and</TOKEN>
				<TOKEN end_char="514" id="token-3-21" start_char="511">that</TOKEN>
				<TOKEN end_char="521" id="token-3-22" start_char="516">police</TOKEN>
				<TOKEN end_char="525" id="token-3-23" start_char="523">had</TOKEN>
				<TOKEN end_char="530" id="token-3-24" start_char="527">been</TOKEN>
				<TOKEN end_char="539" id="token-3-25" start_char="532">assigned</TOKEN>
				<TOKEN end_char="542" id="token-3-26" start_char="541">to</TOKEN>
				<TOKEN end_char="549" id="token-3-27" start_char="544">review</TOKEN>
				<TOKEN end_char="562" id="token-3-28" start_char="551">surveillance</TOKEN>
				<TOKEN end_char="568" id="token-3-29" start_char="564">tapes</TOKEN>
				<TOKEN end_char="573" id="token-3-30" start_char="570">from</TOKEN>
				<TOKEN end_char="580" id="token-3-31" start_char="575">nearby</TOKEN>
				<TOKEN end_char="591" id="token-3-32" start_char="582">businesses</TOKEN>
				<TOKEN end_char="592" id="token-3-33" start_char="592">.</TOKEN>
				<TOKEN end_char="596" id="token-3-34" start_char="594">The</TOKEN>
				<TOKEN end_char="609" id="token-3-35" start_char="598">commissioner</TOKEN>
				<TOKEN end_char="612" id="token-3-36" start_char="611">of</TOKEN>
				<TOKEN end_char="616" id="token-3-37" start_char="614">the</TOKEN>
				<TOKEN end_char="623" id="token-3-38" start_char="618">Boston</TOKEN>
				<TOKEN end_char="630" id="token-3-39" start_char="625">Police</TOKEN>
				<TOKEN end_char="631" id="token-3-40" start_char="631">,</TOKEN>
				<TOKEN end_char="634" id="token-3-41" start_char="633">Ed</TOKEN>
				<TOKEN end_char="640" id="token-3-42" start_char="636">Davis</TOKEN>
				<TOKEN end_char="641" id="token-3-43" start_char="641">,</TOKEN>
				<TOKEN end_char="647" id="token-3-44" start_char="643">vowed</TOKEN>
				<TOKEN end_char="657" id="token-3-45" start_char="649">officials</TOKEN>
				<TOKEN end_char="663" id="token-3-46" start_char="659">would</TOKEN>
				<TOKEN end_char="666" id="token-3-47" start_char="665">go</TOKEN>
				<TOKEN end_char="668" id="token-3-48" start_char="668">“</TOKEN>
				<TOKEN end_char="675" id="token-3-49" start_char="669">through</TOKEN>
				<TOKEN end_char="681" id="token-3-50" start_char="677">every</TOKEN>
				<TOKEN end_char="687" id="token-3-51" start_char="683">frame</TOKEN>
				<TOKEN end_char="690" id="token-3-52" start_char="689">of</TOKEN>
				<TOKEN end_char="696" id="token-3-53" start_char="692">every</TOKEN>
				<TOKEN end_char="702" id="token-3-54" start_char="698">video</TOKEN>
				<TOKEN end_char="703" id="token-3-55" start_char="703">”</TOKEN>
				<TOKEN end_char="709" id="token-3-56" start_char="705">taken</TOKEN>
				<TOKEN end_char="716" id="token-3-57" start_char="711">during</TOKEN>
				<TOKEN end_char="723" id="token-3-58" start_char="718">Monday</TOKEN>
				<TOKEN end_char="724" id="token-3-59" start_char="724">’</TOKEN>
				<TOKEN end_char="725" id="token-3-60" start_char="725">s</TOKEN>
				<TOKEN end_char="732" id="token-3-61" start_char="727">Boston</TOKEN>
				<TOKEN end_char="741" id="token-3-62" start_char="734">Marathon</TOKEN>
				<TOKEN end_char="742" id="token-3-63" start_char="742">.</TOKEN>
			</SEG>
			<SEG end_char="844" id="20130416_WAPO_2961dd6a-a6a7-11e2-a8e2-5b98cb59187f-4" start_char="744">
				<ORIGINAL_TEXT>“This is probably one of the most photographed areas in the country yesterday,” Davis told reporters.</ORIGINAL_TEXT>
				<TOKEN end_char="744" id="token-4-0" start_char="744">“</TOKEN>
				<TOKEN end_char="748" id="token-4-1" start_char="745">This</TOKEN>
				<TOKEN end_char="751" id="token-4-2" start_char="750">is</TOKEN>
				<TOKEN end_char="760" id="token-4-3" start_char="753">probably</TOKEN>
				<TOKEN end_char="764" id="token-4-4" start_char="762">one</TOKEN>
				<TOKEN end_char="767" id="token-4-5" start_char="766">of</TOKEN>
				<TOKEN end_char="771" id="token-4-6" start_char="769">the</TOKEN>
				<TOKEN end_char="776" id="token-4-7" start_char="773">most</TOKEN>
				<TOKEN end_char="789" id="token-4-8" start_char="778">photographed</TOKEN>
				<TOKEN end_char="795" id="token-4-9" start_char="791">areas</TOKEN>
				<TOKEN end_char="798" id="token-4-10" start_char="797">in</TOKEN>
				<TOKEN end_char="802" id="token-4-11" start_char="800">the</TOKEN>
				<TOKEN end_char="810" id="token-4-12" start_char="804">country</TOKEN>
				<TOKEN end_char="820" id="token-4-13" start_char="812">yesterday</TOKEN>
				<TOKEN end_char="822" id="token-4-14" start_char="821">,”</TOKEN>
				<TOKEN end_char="828" id="token-4-15" start_char="824">Davis</TOKEN>
				<TOKEN end_char="833" id="token-4-16" start_char="830">told</TOKEN>
				<TOKEN end_char="843" id="token-4-17" start_char="835">reporters</TOKEN>
				<TOKEN end_char="844" id="token-4-18" start_char="844">.</TOKEN>
			</SEG>
			<SEG end_char="1054" id="20130416_WAPO_2961dd6a-a6a7-11e2-a8e2-5b98cb59187f-5" start_char="846">
				<ORIGINAL_TEXT>Investigators said they had already received a huge volume of tips, but appealed to the public to share any amateur photos or videos they might provide clues. Officials have said they do not have any suspects.</ORIGINAL_TEXT>
				<TOKEN end_char="858" id="token-5-0" start_char="846">Investigators</TOKEN>
				<TOKEN end_char="863" id="token-5-1" start_char="860">said</TOKEN>
				<TOKEN end_char="868" id="token-5-2" start_char="865">they</TOKEN>
				<TOKEN end_char="872" id="token-5-3" start_char="870">had</TOKEN>
				<TOKEN end_char="880" id="token-5-4" start_char="874">already</TOKEN>
				<TOKEN end_char="889" id="token-5-5" start_char="882">received</TOKEN>
				<TOKEN end_char="891" id="token-5-6" start_char="891">a</TOKEN>
				<TOKEN end_char="896" id="token-5-7" start_char="893">huge</TOKEN>
				<TOKEN end_char="903" id="token-5-8" start_char="898">volume</TOKEN>
				<TOKEN end_char="906" id="token-5-9" start_char="905">of</TOKEN>
				<TOKEN end_char="911" id="token-5-10" start_char="908">tips</TOKEN>
				<TOKEN end_char="912" id="token-5-11" start_char="912">,</TOKEN>
				<TOKEN end_char="916" id="token-5-12" start_char="914">but</TOKEN>
				<TOKEN end_char="925" id="token-5-13" start_char="918">appealed</TOKEN>
				<TOKEN end_char="928" id="token-5-14" start_char="927">to</TOKEN>
				<TOKEN end_char="932" id="token-5-15" start_char="930">the</TOKEN>
				<TOKEN end_char="939" id="token-5-16" start_char="934">public</TOKEN>
				<TOKEN end_char="942" id="token-5-17" start_char="941">to</TOKEN>
				<TOKEN end_char="948" id="token-5-18" start_char="944">share</TOKEN>
				<TOKEN end_char="952" id="token-5-19" start_char="950">any</TOKEN>
				<TOKEN end_char="960" id="token-5-20" start_char="954">amateur</TOKEN>
				<TOKEN end_char="967" id="token-5-21" start_char="962">photos</TOKEN>
				<TOKEN end_char="970" id="token-5-22" start_char="969">or</TOKEN>
				<TOKEN end_char="977" id="token-5-23" start_char="972">videos</TOKEN>
				<TOKEN end_char="982" id="token-5-24" start_char="979">they</TOKEN>
				<TOKEN end_char="988" id="token-5-25" start_char="984">might</TOKEN>
				<TOKEN end_char="996" id="token-5-26" start_char="990">provide</TOKEN>
				<TOKEN end_char="1002" id="token-5-27" start_char="998">clues</TOKEN>
				<TOKEN end_char="1003" id="token-5-28" start_char="1003">.</TOKEN>
				<TOKEN end_char="1013" id="token-5-29" start_char="1005">Officials</TOKEN>
				<TOKEN end_char="1018" id="token-5-30" start_char="1015">have</TOKEN>
				<TOKEN end_char="1023" id="token-5-31" start_char="1020">said</TOKEN>
				<TOKEN end_char="1028" id="token-5-32" start_char="1025">they</TOKEN>
				<TOKEN end_char="1031" id="token-5-33" start_char="1030">do</TOKEN>
				<TOKEN end_char="1035" id="token-5-34" start_char="1033">not</TOKEN>
				<TOKEN end_char="1040" id="token-5-35" start_char="1037">have</TOKEN>
				<TOKEN end_char="1044" id="token-5-36" start_char="1042">any</TOKEN>
				<TOKEN end_char="1053" id="token-5-37" start_char="1046">suspects</TOKEN>
				<TOKEN end_char="1054" id="token-5-38" start_char="1054">.</TOKEN>
			</SEG>
			<SEG end_char="1266" id="20130416_WAPO_2961dd6a-a6a7-11e2-a8e2-5b98cb59187f-6" start_char="1056">
				<ORIGINAL_TEXT>“There have to be hundreds if not thousands of photographs or videos or observations that were made down at that finish line yesterday,” said Col. Timothy Alben, superintendent of the Massachusetts State Police.</ORIGINAL_TEXT>
				<TOKEN end_char="1056" id="token-6-0" start_char="1056">“</TOKEN>
				<TOKEN end_char="1061" id="token-6-1" start_char="1057">There</TOKEN>
				<TOKEN end_char="1066" id="token-6-2" start_char="1063">have</TOKEN>
				<TOKEN end_char="1069" id="token-6-3" start_char="1068">to</TOKEN>
				<TOKEN end_char="1072" id="token-6-4" start_char="1071">be</TOKEN>
				<TOKEN end_char="1081" id="token-6-5" start_char="1074">hundreds</TOKEN>
				<TOKEN end_char="1084" id="token-6-6" start_char="1083">if</TOKEN>
				<TOKEN end_char="1088" id="token-6-7" start_char="1086">not</TOKEN>
				<TOKEN end_char="1098" id="token-6-8" start_char="1090">thousands</TOKEN>
				<TOKEN end_char="1101" id="token-6-9" start_char="1100">of</TOKEN>
				<TOKEN end_char="1113" id="token-6-10" start_char="1103">photographs</TOKEN>
				<TOKEN end_char="1116" id="token-6-11" start_char="1115">or</TOKEN>
				<TOKEN end_char="1123" id="token-6-12" start_char="1118">videos</TOKEN>
				<TOKEN end_char="1126" id="token-6-13" start_char="1125">or</TOKEN>
				<TOKEN end_char="1139" id="token-6-14" start_char="1128">observations</TOKEN>
				<TOKEN end_char="1144" id="token-6-15" start_char="1141">that</TOKEN>
				<TOKEN end_char="1149" id="token-6-16" start_char="1146">were</TOKEN>
				<TOKEN end_char="1154" id="token-6-17" start_char="1151">made</TOKEN>
				<TOKEN end_char="1159" id="token-6-18" start_char="1156">down</TOKEN>
				<TOKEN end_char="1162" id="token-6-19" start_char="1161">at</TOKEN>
				<TOKEN end_char="1167" id="token-6-20" start_char="1164">that</TOKEN>
				<TOKEN end_char="1174" id="token-6-21" start_char="1169">finish</TOKEN>
				<TOKEN end_char="1179" id="token-6-22" start_char="1176">line</TOKEN>
				<TOKEN end_char="1189" id="token-6-23" start_char="1181">yesterday</TOKEN>
				<TOKEN end_char="1191" id="token-6-24" start_char="1190">,”</TOKEN>
				<TOKEN end_char="1196" id="token-6-25" start_char="1193">said</TOKEN>
				<TOKEN end_char="1200" id="token-6-26" start_char="1198">Col</TOKEN>
				<TOKEN end_char="1201" id="token-6-27" start_char="1201">.</TOKEN>
				<TOKEN end_char="1209" id="token-6-28" start_char="1203">Timothy</TOKEN>
				<TOKEN end_char="1215" id="token-6-29" start_char="1211">Alben</TOKEN>
				<TOKEN end_char="1216" id="token-6-30" start_char="1216">,</TOKEN>
				<TOKEN end_char="1231" id="token-6-31" start_char="1218">superintendent</TOKEN>
				<TOKEN end_char="1234" id="token-6-32" start_char="1233">of</TOKEN>
				<TOKEN end_char="1238" id="token-6-33" start_char="1236">the</TOKEN>
				<TOKEN end_char="1252" id="token-6-34" start_char="1240">Massachusetts</TOKEN>
				<TOKEN end_char="1258" id="token-6-35" start_char="1254">State</TOKEN>
				<TOKEN end_char="1265" id="token-6-36" start_char="1260">Police</TOKEN>
				<TOKEN end_char="1266" id="token-6-37" start_char="1266">.</TOKEN>
			</SEG>
			<SEG end_char="1418" id="20130416_WAPO_2961dd6a-a6a7-11e2-a8e2-5b98cb59187f-7" start_char="1268">
				<ORIGINAL_TEXT>“I would encourage you to bring forward anything,” he said. “You might not think it’s significant, but it might have some value to this investigation.”</ORIGINAL_TEXT>
				<TOKEN end_char="1268" id="token-7-0" start_char="1268">“</TOKEN>
				<TOKEN end_char="1269" id="token-7-1" start_char="1269">I</TOKEN>
				<TOKEN end_char="1275" id="token-7-2" start_char="1271">would</TOKEN>
				<TOKEN end_char="1285" id="token-7-3" start_char="1277">encourage</TOKEN>
				<TOKEN end_char="1289" id="token-7-4" start_char="1287">you</TOKEN>
				<TOKEN end_char="1292" id="token-7-5" start_char="1291">to</TOKEN>
				<TOKEN end_char="1298" id="token-7-6" start_char="1294">bring</TOKEN>
				<TOKEN end_char="1306" id="token-7-7" start_char="1300">forward</TOKEN>
				<TOKEN end_char="1315" id="token-7-8" start_char="1308">anything</TOKEN>
				<TOKEN end_char="1317" id="token-7-9" start_char="1316">,”</TOKEN>
				<TOKEN end_char="1320" id="token-7-10" start_char="1319">he</TOKEN>
				<TOKEN end_char="1325" id="token-7-11" start_char="1322">said</TOKEN>
				<TOKEN end_char="1326" id="token-7-12" start_char="1326">.</TOKEN>
				<TOKEN end_char="1328" id="token-7-13" start_char="1328">“</TOKEN>
				<TOKEN end_char="1331" id="token-7-14" start_char="1329">You</TOKEN>
				<TOKEN end_char="1337" id="token-7-15" start_char="1333">might</TOKEN>
				<TOKEN end_char="1341" id="token-7-16" start_char="1339">not</TOKEN>
				<TOKEN end_char="1347" id="token-7-17" start_char="1343">think</TOKEN>
				<TOKEN end_char="1350" id="token-7-18" start_char="1349">it</TOKEN>
				<TOKEN end_char="1351" id="token-7-19" start_char="1351">’</TOKEN>
				<TOKEN end_char="1352" id="token-7-20" start_char="1352">s</TOKEN>
				<TOKEN end_char="1364" id="token-7-21" start_char="1354">significant</TOKEN>
				<TOKEN end_char="1365" id="token-7-22" start_char="1365">,</TOKEN>
				<TOKEN end_char="1369" id="token-7-23" start_char="1367">but</TOKEN>
				<TOKEN end_char="1372" id="token-7-24" start_char="1371">it</TOKEN>
				<TOKEN end_char="1378" id="token-7-25" start_char="1374">might</TOKEN>
				<TOKEN end_char="1383" id="token-7-26" start_char="1380">have</TOKEN>
				<TOKEN end_char="1388" id="token-7-27" start_char="1385">some</TOKEN>
				<TOKEN end_char="1394" id="token-7-28" start_char="1390">value</TOKEN>
				<TOKEN end_char="1397" id="token-7-29" start_char="1396">to</TOKEN>
				<TOKEN end_char="1402" id="token-7-30" start_char="1399">this</TOKEN>
				<TOKEN end_char="1416" id="token-7-31" start_char="1404">investigation</TOKEN>
				<TOKEN end_char="1418" id="token-7-32" start_char="1417">.”</TOKEN>
			</SEG>
			<SEG end_char="1698" id="20130416_WAPO_2961dd6a-a6a7-11e2-a8e2-5b98cb59187f-8" start_char="1420">
				<ORIGINAL_TEXT>A federal law enforcement official said the FBI is also checking cellphone activity on towers near the scene of the blasts. Experts say that data could be particularly useful if the explosives were detonated by phone, especially since they know the exact time the blast occurred.</ORIGINAL_TEXT>
				<TOKEN end_char="1420" id="token-8-0" start_char="1420">A</TOKEN>
				<TOKEN end_char="1428" id="token-8-1" start_char="1422">federal</TOKEN>
				<TOKEN end_char="1432" id="token-8-2" start_char="1430">law</TOKEN>
				<TOKEN end_char="1444" id="token-8-3" start_char="1434">enforcement</TOKEN>
				<TOKEN end_char="1453" id="token-8-4" start_char="1446">official</TOKEN>
				<TOKEN end_char="1458" id="token-8-5" start_char="1455">said</TOKEN>
				<TOKEN end_char="1462" id="token-8-6" start_char="1460">the</TOKEN>
				<TOKEN end_char="1466" id="token-8-7" start_char="1464">FBI</TOKEN>
				<TOKEN end_char="1469" id="token-8-8" start_char="1468">is</TOKEN>
				<TOKEN end_char="1474" id="token-8-9" start_char="1471">also</TOKEN>
				<TOKEN end_char="1483" id="token-8-10" start_char="1476">checking</TOKEN>
				<TOKEN end_char="1493" id="token-8-11" start_char="1485">cellphone</TOKEN>
				<TOKEN end_char="1502" id="token-8-12" start_char="1495">activity</TOKEN>
				<TOKEN end_char="1505" id="token-8-13" start_char="1504">on</TOKEN>
				<TOKEN end_char="1512" id="token-8-14" start_char="1507">towers</TOKEN>
				<TOKEN end_char="1517" id="token-8-15" start_char="1514">near</TOKEN>
				<TOKEN end_char="1521" id="token-8-16" start_char="1519">the</TOKEN>
				<TOKEN end_char="1527" id="token-8-17" start_char="1523">scene</TOKEN>
				<TOKEN end_char="1530" id="token-8-18" start_char="1529">of</TOKEN>
				<TOKEN end_char="1534" id="token-8-19" start_char="1532">the</TOKEN>
				<TOKEN end_char="1541" id="token-8-20" start_char="1536">blasts</TOKEN>
				<TOKEN end_char="1542" id="token-8-21" start_char="1542">.</TOKEN>
				<TOKEN end_char="1550" id="token-8-22" start_char="1544">Experts</TOKEN>
				<TOKEN end_char="1554" id="token-8-23" start_char="1552">say</TOKEN>
				<TOKEN end_char="1559" id="token-8-24" start_char="1556">that</TOKEN>
				<TOKEN end_char="1564" id="token-8-25" start_char="1561">data</TOKEN>
				<TOKEN end_char="1570" id="token-8-26" start_char="1566">could</TOKEN>
				<TOKEN end_char="1573" id="token-8-27" start_char="1572">be</TOKEN>
				<TOKEN end_char="1586" id="token-8-28" start_char="1575">particularly</TOKEN>
				<TOKEN end_char="1593" id="token-8-29" start_char="1588">useful</TOKEN>
				<TOKEN end_char="1596" id="token-8-30" start_char="1595">if</TOKEN>
				<TOKEN end_char="1600" id="token-8-31" start_char="1598">the</TOKEN>
				<TOKEN end_char="1611" id="token-8-32" start_char="1602">explosives</TOKEN>
				<TOKEN end_char="1616" id="token-8-33" start_char="1613">were</TOKEN>
				<TOKEN end_char="1626" id="token-8-34" start_char="1618">detonated</TOKEN>
				<TOKEN end_char="1629" id="token-8-35" start_char="1628">by</TOKEN>
				<TOKEN end_char="1635" id="token-8-36" start_char="1631">phone</TOKEN>
				<TOKEN end_char="1636" id="token-8-37" start_char="1636">,</TOKEN>
				<TOKEN end_char="1647" id="token-8-38" start_char="1638">especially</TOKEN>
				<TOKEN end_char="1653" id="token-8-39" start_char="1649">since</TOKEN>
				<TOKEN end_char="1658" id="token-8-40" start_char="1655">they</TOKEN>
				<TOKEN end_char="1663" id="token-8-41" start_char="1660">know</TOKEN>
				<TOKEN end_char="1667" id="token-8-42" start_char="1665">the</TOKEN>
				<TOKEN end_char="1673" id="token-8-43" start_char="1669">exact</TOKEN>
				<TOKEN end_char="1678" id="token-8-44" start_char="1675">time</TOKEN>
				<TOKEN end_char="1682" id="token-8-45" start_char="1680">the</TOKEN>
				<TOKEN end_char="1688" id="token-8-46" start_char="1684">blast</TOKEN>
				<TOKEN end_char="1697" id="token-8-47" start_char="1690">occurred</TOKEN>
				<TOKEN end_char="1698" id="token-8-48" start_char="1698">.</TOKEN>
			</SEG>
			<SEG end_char="2157" id="20130416_WAPO_2961dd6a-a6a7-11e2-a8e2-5b98cb59187f-9" start_char="1700">
				<ORIGINAL_TEXT>“Get a dump for the closest tower and look for all calls or texts terminating at the bomb site from 2:49 to 2:50 p.m.,” said Michael Sussmann, a former federal prosecutor who now represents wireless providers as a partner at Perkins Coie law firm in Washington. “If there are many, it will be a one to five second call, so look for short calls. Then correlate with the other blast site and see if the incoming number at the time of the second blast matches.”</ORIGINAL_TEXT>
				<TOKEN end_char="1700" id="token-9-0" start_char="1700">“</TOKEN>
				<TOKEN end_char="1703" id="token-9-1" start_char="1701">Get</TOKEN>
				<TOKEN end_char="1705" id="token-9-2" start_char="1705">a</TOKEN>
				<TOKEN end_char="1710" id="token-9-3" start_char="1707">dump</TOKEN>
				<TOKEN end_char="1714" id="token-9-4" start_char="1712">for</TOKEN>
				<TOKEN end_char="1718" id="token-9-5" start_char="1716">the</TOKEN>
				<TOKEN end_char="1726" id="token-9-6" start_char="1720">closest</TOKEN>
				<TOKEN end_char="1732" id="token-9-7" start_char="1728">tower</TOKEN>
				<TOKEN end_char="1736" id="token-9-8" start_char="1734">and</TOKEN>
				<TOKEN end_char="1741" id="token-9-9" start_char="1738">look</TOKEN>
				<TOKEN end_char="1745" id="token-9-10" start_char="1743">for</TOKEN>
				<TOKEN end_char="1749" id="token-9-11" start_char="1747">all</TOKEN>
				<TOKEN end_char="1755" id="token-9-12" start_char="1751">calls</TOKEN>
				<TOKEN end_char="1758" id="token-9-13" start_char="1757">or</TOKEN>
				<TOKEN end_char="1764" id="token-9-14" start_char="1760">texts</TOKEN>
				<TOKEN end_char="1776" id="token-9-15" start_char="1766">terminating</TOKEN>
				<TOKEN end_char="1779" id="token-9-16" start_char="1778">at</TOKEN>
				<TOKEN end_char="1783" id="token-9-17" start_char="1781">the</TOKEN>
				<TOKEN end_char="1788" id="token-9-18" start_char="1785">bomb</TOKEN>
				<TOKEN end_char="1793" id="token-9-19" start_char="1790">site</TOKEN>
				<TOKEN end_char="1798" id="token-9-20" start_char="1795">from</TOKEN>
				<TOKEN end_char="1800" id="token-9-21" start_char="1800">2</TOKEN>
				<TOKEN end_char="1801" id="token-9-22" start_char="1801">:</TOKEN>
				<TOKEN end_char="1803" id="token-9-23" start_char="1802">49</TOKEN>
				<TOKEN end_char="1806" id="token-9-24" start_char="1805">to</TOKEN>
				<TOKEN end_char="1808" id="token-9-25" start_char="1808">2</TOKEN>
				<TOKEN end_char="1809" id="token-9-26" start_char="1809">:</TOKEN>
				<TOKEN end_char="1811" id="token-9-27" start_char="1810">50</TOKEN>
				<TOKEN end_char="1813" id="token-9-28" start_char="1813">p</TOKEN>
				<TOKEN end_char="1814" id="token-9-29" start_char="1814">.</TOKEN>
				<TOKEN end_char="1815" id="token-9-30" start_char="1815">m</TOKEN>
				<TOKEN end_char="1818" id="token-9-31" start_char="1816">.,”</TOKEN>
				<TOKEN end_char="1823" id="token-9-32" start_char="1820">said</TOKEN>
				<TOKEN end_char="1831" id="token-9-33" start_char="1825">Michael</TOKEN>
				<TOKEN end_char="1840" id="token-9-34" start_char="1833">Sussmann</TOKEN>
				<TOKEN end_char="1841" id="token-9-35" start_char="1841">,</TOKEN>
				<TOKEN end_char="1843" id="token-9-36" start_char="1843">a</TOKEN>
				<TOKEN end_char="1850" id="token-9-37" start_char="1845">former</TOKEN>
				<TOKEN end_char="1858" id="token-9-38" start_char="1852">federal</TOKEN>
				<TOKEN end_char="1869" id="token-9-39" start_char="1860">prosecutor</TOKEN>
				<TOKEN end_char="1873" id="token-9-40" start_char="1871">who</TOKEN>
				<TOKEN end_char="1877" id="token-9-41" start_char="1875">now</TOKEN>
				<TOKEN end_char="1888" id="token-9-42" start_char="1879">represents</TOKEN>
				<TOKEN end_char="1897" id="token-9-43" start_char="1890">wireless</TOKEN>
				<TOKEN end_char="1907" id="token-9-44" start_char="1899">providers</TOKEN>
				<TOKEN end_char="1910" id="token-9-45" start_char="1909">as</TOKEN>
				<TOKEN end_char="1912" id="token-9-46" start_char="1912">a</TOKEN>
				<TOKEN end_char="1920" id="token-9-47" start_char="1914">partner</TOKEN>
				<TOKEN end_char="1923" id="token-9-48" start_char="1922">at</TOKEN>
				<TOKEN end_char="1931" id="token-9-49" start_char="1925">Perkins</TOKEN>
				<TOKEN end_char="1936" id="token-9-50" start_char="1933">Coie</TOKEN>
				<TOKEN end_char="1940" id="token-9-51" start_char="1938">law</TOKEN>
				<TOKEN end_char="1945" id="token-9-52" start_char="1942">firm</TOKEN>
				<TOKEN end_char="1948" id="token-9-53" start_char="1947">in</TOKEN>
				<TOKEN end_char="1959" id="token-9-54" start_char="1950">Washington</TOKEN>
				<TOKEN end_char="1960" id="token-9-55" start_char="1960">.</TOKEN>
				<TOKEN end_char="1962" id="token-9-56" start_char="1962">“</TOKEN>
				<TOKEN end_char="1964" id="token-9-57" start_char="1963">If</TOKEN>
				<TOKEN end_char="1970" id="token-9-58" start_char="1966">there</TOKEN>
				<TOKEN end_char="1974" id="token-9-59" start_char="1972">are</TOKEN>
				<TOKEN end_char="1979" id="token-9-60" start_char="1976">many</TOKEN>
				<TOKEN end_char="1980" id="token-9-61" start_char="1980">,</TOKEN>
				<TOKEN end_char="1983" id="token-9-62" start_char="1982">it</TOKEN>
				<TOKEN end_char="1988" id="token-9-63" start_char="1985">will</TOKEN>
				<TOKEN end_char="1991" id="token-9-64" start_char="1990">be</TOKEN>
				<TOKEN end_char="1993" id="token-9-65" start_char="1993">a</TOKEN>
				<TOKEN end_char="1997" id="token-9-66" start_char="1995">one</TOKEN>
				<TOKEN end_char="2000" id="token-9-67" start_char="1999">to</TOKEN>
				<TOKEN end_char="2005" id="token-9-68" start_char="2002">five</TOKEN>
				<TOKEN end_char="2012" id="token-9-69" start_char="2007">second</TOKEN>
				<TOKEN end_char="2017" id="token-9-70" start_char="2014">call</TOKEN>
				<TOKEN end_char="2018" id="token-9-71" start_char="2018">,</TOKEN>
				<TOKEN end_char="2021" id="token-9-72" start_char="2020">so</TOKEN>
				<TOKEN end_char="2026" id="token-9-73" start_char="2023">look</TOKEN>
				<TOKEN end_char="2030" id="token-9-74" start_char="2028">for</TOKEN>
				<TOKEN end_char="2036" id="token-9-75" start_char="2032">short</TOKEN>
				<TOKEN end_char="2042" id="token-9-76" start_char="2038">calls</TOKEN>
				<TOKEN end_char="2043" id="token-9-77" start_char="2043">.</TOKEN>
				<TOKEN end_char="2048" id="token-9-78" start_char="2045">Then</TOKEN>
				<TOKEN end_char="2058" id="token-9-79" start_char="2050">correlate</TOKEN>
				<TOKEN end_char="2063" id="token-9-80" start_char="2060">with</TOKEN>
				<TOKEN end_char="2067" id="token-9-81" start_char="2065">the</TOKEN>
				<TOKEN end_char="2073" id="token-9-82" start_char="2069">other</TOKEN>
				<TOKEN end_char="2079" id="token-9-83" start_char="2075">blast</TOKEN>
				<TOKEN end_char="2084" id="token-9-84" start_char="2081">site</TOKEN>
				<TOKEN end_char="2088" id="token-9-85" start_char="2086">and</TOKEN>
				<TOKEN end_char="2092" id="token-9-86" start_char="2090">see</TOKEN>
				<TOKEN end_char="2095" id="token-9-87" start_char="2094">if</TOKEN>
				<TOKEN end_char="2099" id="token-9-88" start_char="2097">the</TOKEN>
				<TOKEN end_char="2108" id="token-9-89" start_char="2101">incoming</TOKEN>
				<TOKEN end_char="2115" id="token-9-90" start_char="2110">number</TOKEN>
				<TOKEN end_char="2118" id="token-9-91" start_char="2117">at</TOKEN>
				<TOKEN end_char="2122" id="token-9-92" start_char="2120">the</TOKEN>
				<TOKEN end_char="2127" id="token-9-93" start_char="2124">time</TOKEN>
				<TOKEN end_char="2130" id="token-9-94" start_char="2129">of</TOKEN>
				<TOKEN end_char="2134" id="token-9-95" start_char="2132">the</TOKEN>
				<TOKEN end_char="2141" id="token-9-96" start_char="2136">second</TOKEN>
				<TOKEN end_char="2147" id="token-9-97" start_char="2143">blast</TOKEN>
				<TOKEN end_char="2155" id="token-9-98" start_char="2149">matches</TOKEN>
				<TOKEN end_char="2157" id="token-9-99" start_char="2156">.”</TOKEN>
			</SEG>
			<SEG end_char="2517" id="20130416_WAPO_2961dd6a-a6a7-11e2-a8e2-5b98cb59187f-10" start_char="2159">
				<ORIGINAL_TEXT>If the tower data yield suspect numbers, investigators can obtain from the phone company subscriber information giving name, address and billing information. If the phone was a disposable model, it’s possible to learn where the phone was purchased. Surveillance cameras near the point of sale could provide further clues, some former federal prosecutors said.</ORIGINAL_TEXT>
				<TOKEN end_char="2160" id="token-10-0" start_char="2159">If</TOKEN>
				<TOKEN end_char="2164" id="token-10-1" start_char="2162">the</TOKEN>
				<TOKEN end_char="2170" id="token-10-2" start_char="2166">tower</TOKEN>
				<TOKEN end_char="2175" id="token-10-3" start_char="2172">data</TOKEN>
				<TOKEN end_char="2181" id="token-10-4" start_char="2177">yield</TOKEN>
				<TOKEN end_char="2189" id="token-10-5" start_char="2183">suspect</TOKEN>
				<TOKEN end_char="2197" id="token-10-6" start_char="2191">numbers</TOKEN>
				<TOKEN end_char="2198" id="token-10-7" start_char="2198">,</TOKEN>
				<TOKEN end_char="2212" id="token-10-8" start_char="2200">investigators</TOKEN>
				<TOKEN end_char="2216" id="token-10-9" start_char="2214">can</TOKEN>
				<TOKEN end_char="2223" id="token-10-10" start_char="2218">obtain</TOKEN>
				<TOKEN end_char="2228" id="token-10-11" start_char="2225">from</TOKEN>
				<TOKEN end_char="2232" id="token-10-12" start_char="2230">the</TOKEN>
				<TOKEN end_char="2238" id="token-10-13" start_char="2234">phone</TOKEN>
				<TOKEN end_char="2246" id="token-10-14" start_char="2240">company</TOKEN>
				<TOKEN end_char="2257" id="token-10-15" start_char="2248">subscriber</TOKEN>
				<TOKEN end_char="2269" id="token-10-16" start_char="2259">information</TOKEN>
				<TOKEN end_char="2276" id="token-10-17" start_char="2271">giving</TOKEN>
				<TOKEN end_char="2281" id="token-10-18" start_char="2278">name</TOKEN>
				<TOKEN end_char="2282" id="token-10-19" start_char="2282">,</TOKEN>
				<TOKEN end_char="2290" id="token-10-20" start_char="2284">address</TOKEN>
				<TOKEN end_char="2294" id="token-10-21" start_char="2292">and</TOKEN>
				<TOKEN end_char="2302" id="token-10-22" start_char="2296">billing</TOKEN>
				<TOKEN end_char="2314" id="token-10-23" start_char="2304">information</TOKEN>
				<TOKEN end_char="2315" id="token-10-24" start_char="2315">.</TOKEN>
				<TOKEN end_char="2318" id="token-10-25" start_char="2317">If</TOKEN>
				<TOKEN end_char="2322" id="token-10-26" start_char="2320">the</TOKEN>
				<TOKEN end_char="2328" id="token-10-27" start_char="2324">phone</TOKEN>
				<TOKEN end_char="2332" id="token-10-28" start_char="2330">was</TOKEN>
				<TOKEN end_char="2334" id="token-10-29" start_char="2334">a</TOKEN>
				<TOKEN end_char="2345" id="token-10-30" start_char="2336">disposable</TOKEN>
				<TOKEN end_char="2351" id="token-10-31" start_char="2347">model</TOKEN>
				<TOKEN end_char="2352" id="token-10-32" start_char="2352">,</TOKEN>
				<TOKEN end_char="2355" id="token-10-33" start_char="2354">it</TOKEN>
				<TOKEN end_char="2356" id="token-10-34" start_char="2356">’</TOKEN>
				<TOKEN end_char="2357" id="token-10-35" start_char="2357">s</TOKEN>
				<TOKEN end_char="2366" id="token-10-36" start_char="2359">possible</TOKEN>
				<TOKEN end_char="2369" id="token-10-37" start_char="2368">to</TOKEN>
				<TOKEN end_char="2375" id="token-10-38" start_char="2371">learn</TOKEN>
				<TOKEN end_char="2381" id="token-10-39" start_char="2377">where</TOKEN>
				<TOKEN end_char="2385" id="token-10-40" start_char="2383">the</TOKEN>
				<TOKEN end_char="2391" id="token-10-41" start_char="2387">phone</TOKEN>
				<TOKEN end_char="2395" id="token-10-42" start_char="2393">was</TOKEN>
				<TOKEN end_char="2405" id="token-10-43" start_char="2397">purchased</TOKEN>
				<TOKEN end_char="2406" id="token-10-44" start_char="2406">.</TOKEN>
				<TOKEN end_char="2419" id="token-10-45" start_char="2408">Surveillance</TOKEN>
				<TOKEN end_char="2427" id="token-10-46" start_char="2421">cameras</TOKEN>
				<TOKEN end_char="2432" id="token-10-47" start_char="2429">near</TOKEN>
				<TOKEN end_char="2436" id="token-10-48" start_char="2434">the</TOKEN>
				<TOKEN end_char="2442" id="token-10-49" start_char="2438">point</TOKEN>
				<TOKEN end_char="2445" id="token-10-50" start_char="2444">of</TOKEN>
				<TOKEN end_char="2450" id="token-10-51" start_char="2447">sale</TOKEN>
				<TOKEN end_char="2456" id="token-10-52" start_char="2452">could</TOKEN>
				<TOKEN end_char="2464" id="token-10-53" start_char="2458">provide</TOKEN>
				<TOKEN end_char="2472" id="token-10-54" start_char="2466">further</TOKEN>
				<TOKEN end_char="2478" id="token-10-55" start_char="2474">clues</TOKEN>
				<TOKEN end_char="2479" id="token-10-56" start_char="2479">,</TOKEN>
				<TOKEN end_char="2484" id="token-10-57" start_char="2481">some</TOKEN>
				<TOKEN end_char="2491" id="token-10-58" start_char="2486">former</TOKEN>
				<TOKEN end_char="2499" id="token-10-59" start_char="2493">federal</TOKEN>
				<TOKEN end_char="2511" id="token-10-60" start_char="2501">prosecutors</TOKEN>
				<TOKEN end_char="2516" id="token-10-61" start_char="2513">said</TOKEN>
				<TOKEN end_char="2517" id="token-10-62" start_char="2517">.</TOKEN>
			</SEG>
			<SEG end_char="2614" id="20130416_WAPO_2961dd6a-a6a7-11e2-a8e2-5b98cb59187f-11" start_char="2519">
				<ORIGINAL_TEXT>If the bomber used two different cell phones, then that makes tracking them back more difficult.</ORIGINAL_TEXT>
				<TOKEN end_char="2520" id="token-11-0" start_char="2519">If</TOKEN>
				<TOKEN end_char="2524" id="token-11-1" start_char="2522">the</TOKEN>
				<TOKEN end_char="2531" id="token-11-2" start_char="2526">bomber</TOKEN>
				<TOKEN end_char="2536" id="token-11-3" start_char="2533">used</TOKEN>
				<TOKEN end_char="2540" id="token-11-4" start_char="2538">two</TOKEN>
				<TOKEN end_char="2550" id="token-11-5" start_char="2542">different</TOKEN>
				<TOKEN end_char="2555" id="token-11-6" start_char="2552">cell</TOKEN>
				<TOKEN end_char="2562" id="token-11-7" start_char="2557">phones</TOKEN>
				<TOKEN end_char="2563" id="token-11-8" start_char="2563">,</TOKEN>
				<TOKEN end_char="2568" id="token-11-9" start_char="2565">then</TOKEN>
				<TOKEN end_char="2573" id="token-11-10" start_char="2570">that</TOKEN>
				<TOKEN end_char="2579" id="token-11-11" start_char="2575">makes</TOKEN>
				<TOKEN end_char="2588" id="token-11-12" start_char="2581">tracking</TOKEN>
				<TOKEN end_char="2593" id="token-11-13" start_char="2590">them</TOKEN>
				<TOKEN end_char="2598" id="token-11-14" start_char="2595">back</TOKEN>
				<TOKEN end_char="2603" id="token-11-15" start_char="2600">more</TOKEN>
				<TOKEN end_char="2613" id="token-11-16" start_char="2605">difficult</TOKEN>
				<TOKEN end_char="2614" id="token-11-17" start_char="2614">.</TOKEN>
			</SEG>
			<SEG end_char="2932" id="20130416_WAPO_2961dd6a-a6a7-11e2-a8e2-5b98cb59187f-12" start_char="2616">
				<ORIGINAL_TEXT>In general, cell tower data will be more useful once investigators have a lead on a suspect. But collecting that data now makes sense to have it on hand to sift through later, officials said. Each clue is a piece to a jigsaw puzzle, and the tower records may have that piece that later helps the picture become clear.</ORIGINAL_TEXT>
				<TOKEN end_char="2617" id="token-12-0" start_char="2616">In</TOKEN>
				<TOKEN end_char="2625" id="token-12-1" start_char="2619">general</TOKEN>
				<TOKEN end_char="2626" id="token-12-2" start_char="2626">,</TOKEN>
				<TOKEN end_char="2631" id="token-12-3" start_char="2628">cell</TOKEN>
				<TOKEN end_char="2637" id="token-12-4" start_char="2633">tower</TOKEN>
				<TOKEN end_char="2642" id="token-12-5" start_char="2639">data</TOKEN>
				<TOKEN end_char="2647" id="token-12-6" start_char="2644">will</TOKEN>
				<TOKEN end_char="2650" id="token-12-7" start_char="2649">be</TOKEN>
				<TOKEN end_char="2655" id="token-12-8" start_char="2652">more</TOKEN>
				<TOKEN end_char="2662" id="token-12-9" start_char="2657">useful</TOKEN>
				<TOKEN end_char="2667" id="token-12-10" start_char="2664">once</TOKEN>
				<TOKEN end_char="2681" id="token-12-11" start_char="2669">investigators</TOKEN>
				<TOKEN end_char="2686" id="token-12-12" start_char="2683">have</TOKEN>
				<TOKEN end_char="2688" id="token-12-13" start_char="2688">a</TOKEN>
				<TOKEN end_char="2693" id="token-12-14" start_char="2690">lead</TOKEN>
				<TOKEN end_char="2696" id="token-12-15" start_char="2695">on</TOKEN>
				<TOKEN end_char="2698" id="token-12-16" start_char="2698">a</TOKEN>
				<TOKEN end_char="2706" id="token-12-17" start_char="2700">suspect</TOKEN>
				<TOKEN end_char="2707" id="token-12-18" start_char="2707">.</TOKEN>
				<TOKEN end_char="2711" id="token-12-19" start_char="2709">But</TOKEN>
				<TOKEN end_char="2722" id="token-12-20" start_char="2713">collecting</TOKEN>
				<TOKEN end_char="2727" id="token-12-21" start_char="2724">that</TOKEN>
				<TOKEN end_char="2732" id="token-12-22" start_char="2729">data</TOKEN>
				<TOKEN end_char="2736" id="token-12-23" start_char="2734">now</TOKEN>
				<TOKEN end_char="2742" id="token-12-24" start_char="2738">makes</TOKEN>
				<TOKEN end_char="2748" id="token-12-25" start_char="2744">sense</TOKEN>
				<TOKEN end_char="2751" id="token-12-26" start_char="2750">to</TOKEN>
				<TOKEN end_char="2756" id="token-12-27" start_char="2753">have</TOKEN>
				<TOKEN end_char="2759" id="token-12-28" start_char="2758">it</TOKEN>
				<TOKEN end_char="2762" id="token-12-29" start_char="2761">on</TOKEN>
				<TOKEN end_char="2767" id="token-12-30" start_char="2764">hand</TOKEN>
				<TOKEN end_char="2770" id="token-12-31" start_char="2769">to</TOKEN>
				<TOKEN end_char="2775" id="token-12-32" start_char="2772">sift</TOKEN>
				<TOKEN end_char="2783" id="token-12-33" start_char="2777">through</TOKEN>
				<TOKEN end_char="2789" id="token-12-34" start_char="2785">later</TOKEN>
				<TOKEN end_char="2790" id="token-12-35" start_char="2790">,</TOKEN>
				<TOKEN end_char="2800" id="token-12-36" start_char="2792">officials</TOKEN>
				<TOKEN end_char="2805" id="token-12-37" start_char="2802">said</TOKEN>
				<TOKEN end_char="2806" id="token-12-38" start_char="2806">.</TOKEN>
				<TOKEN end_char="2811" id="token-12-39" start_char="2808">Each</TOKEN>
				<TOKEN end_char="2816" id="token-12-40" start_char="2813">clue</TOKEN>
				<TOKEN end_char="2819" id="token-12-41" start_char="2818">is</TOKEN>
				<TOKEN end_char="2821" id="token-12-42" start_char="2821">a</TOKEN>
				<TOKEN end_char="2827" id="token-12-43" start_char="2823">piece</TOKEN>
				<TOKEN end_char="2830" id="token-12-44" start_char="2829">to</TOKEN>
				<TOKEN end_char="2832" id="token-12-45" start_char="2832">a</TOKEN>
				<TOKEN end_char="2839" id="token-12-46" start_char="2834">jigsaw</TOKEN>
				<TOKEN end_char="2846" id="token-12-47" start_char="2841">puzzle</TOKEN>
				<TOKEN end_char="2847" id="token-12-48" start_char="2847">,</TOKEN>
				<TOKEN end_char="2851" id="token-12-49" start_char="2849">and</TOKEN>
				<TOKEN end_char="2855" id="token-12-50" start_char="2853">the</TOKEN>
				<TOKEN end_char="2861" id="token-12-51" start_char="2857">tower</TOKEN>
				<TOKEN end_char="2869" id="token-12-52" start_char="2863">records</TOKEN>
				<TOKEN end_char="2873" id="token-12-53" start_char="2871">may</TOKEN>
				<TOKEN end_char="2878" id="token-12-54" start_char="2875">have</TOKEN>
				<TOKEN end_char="2883" id="token-12-55" start_char="2880">that</TOKEN>
				<TOKEN end_char="2889" id="token-12-56" start_char="2885">piece</TOKEN>
				<TOKEN end_char="2894" id="token-12-57" start_char="2891">that</TOKEN>
				<TOKEN end_char="2900" id="token-12-58" start_char="2896">later</TOKEN>
				<TOKEN end_char="2906" id="token-12-59" start_char="2902">helps</TOKEN>
				<TOKEN end_char="2910" id="token-12-60" start_char="2908">the</TOKEN>
				<TOKEN end_char="2918" id="token-12-61" start_char="2912">picture</TOKEN>
				<TOKEN end_char="2925" id="token-12-62" start_char="2920">become</TOKEN>
				<TOKEN end_char="2931" id="token-12-63" start_char="2927">clear</TOKEN>
				<TOKEN end_char="2932" id="token-12-64" start_char="2932">.</TOKEN>
			</SEG>
		</TEXT>
	</DOC>
</LCTL_TEXT>
