<?xml version="1.0" encoding="utf-8"?>
<LCTL_TEXT>
	<DOC id="20131021_WAPO_fb37301a-3a27-11e3-b0e7-716179a2c2c7">
		<TEXT>
			<SEG end_char="52" id="20131021_WAPO_fb37301a-3a27-11e3-b0e7-716179a2c2c7-0" start_char="0">
				<ORIGINAL_TEXT>Pakistan train derails in bombing, killing at least 7</ORIGINAL_TEXT>
				<TOKEN end_char="7" id="token-0-0" start_char="0">Pakistan</TOKEN>
				<TOKEN end_char="13" id="token-0-1" start_char="9">train</TOKEN>
				<TOKEN end_char="21" id="token-0-2" start_char="15">derails</TOKEN>
				<TOKEN end_char="24" id="token-0-3" start_char="23">in</TOKEN>
				<TOKEN end_char="32" id="token-0-4" start_char="26">bombing</TOKEN>
				<TOKEN end_char="33" id="token-0-5" start_char="33">,</TOKEN>
				<TOKEN end_char="41" id="token-0-6" start_char="35">killing</TOKEN>
				<TOKEN end_char="44" id="token-0-7" start_char="43">at</TOKEN>
				<TOKEN end_char="50" id="token-0-8" start_char="46">least</TOKEN>
				<TOKEN end_char="52" id="token-0-9" start_char="52">7</TOKEN>
			</SEG>
			<SEG end_char="96" id="20131021_WAPO_fb37301a-3a27-11e3-b0e7-716179a2c2c7-1" start_char="54">
				<ORIGINAL_TEXT>Monday, October 21, 2013 03:49:00 GMT-05:00</ORIGINAL_TEXT>
				<TOKEN end_char="59" id="token-1-0" start_char="54">Monday</TOKEN>
				<TOKEN end_char="60" id="token-1-1" start_char="60">,</TOKEN>
				<TOKEN end_char="68" id="token-1-2" start_char="62">October</TOKEN>
				<TOKEN end_char="71" id="token-1-3" start_char="70">21</TOKEN>
				<TOKEN end_char="72" id="token-1-4" start_char="72">,</TOKEN>
				<TOKEN end_char="77" id="token-1-5" start_char="74">2013</TOKEN>
				<TOKEN end_char="80" id="token-1-6" start_char="79">03</TOKEN>
				<TOKEN end_char="81" id="token-1-7" start_char="81">:</TOKEN>
				<TOKEN end_char="83" id="token-1-8" start_char="82">49</TOKEN>
				<TOKEN end_char="84" id="token-1-9" start_char="84">:</TOKEN>
				<TOKEN end_char="86" id="token-1-10" start_char="85">00</TOKEN>
				<TOKEN end_char="90" id="token-1-11" start_char="88">GMT</TOKEN>
				<TOKEN end_char="91" id="token-1-12" start_char="91">-</TOKEN>
				<TOKEN end_char="93" id="token-1-13" start_char="92">05</TOKEN>
				<TOKEN end_char="94" id="token-1-14" start_char="94">:</TOKEN>
				<TOKEN end_char="96" id="token-1-15" start_char="95">00</TOKEN>
			</SEG>
			<SEG end_char="276" id="20131021_WAPO_fb37301a-3a27-11e3-b0e7-716179a2c2c7-2" start_char="98">
				<ORIGINAL_TEXT>ISLAMABAD, Pakistan — A passenger train derailed Monday in Pakistan’s restive Baluchistan province when a bomb detonated next to it, killing at least seven people, officials said.</ORIGINAL_TEXT>
				<TOKEN end_char="106" id="token-2-0" start_char="98">ISLAMABAD</TOKEN>
				<TOKEN end_char="107" id="token-2-1" start_char="107">,</TOKEN>
				<TOKEN end_char="116" id="token-2-2" start_char="109">Pakistan</TOKEN>
				<TOKEN end_char="118" id="token-2-3" start_char="118">—</TOKEN>
				<TOKEN end_char="120" id="token-2-4" start_char="120">A</TOKEN>
				<TOKEN end_char="130" id="token-2-5" start_char="122">passenger</TOKEN>
				<TOKEN end_char="136" id="token-2-6" start_char="132">train</TOKEN>
				<TOKEN end_char="145" id="token-2-7" start_char="138">derailed</TOKEN>
				<TOKEN end_char="152" id="token-2-8" start_char="147">Monday</TOKEN>
				<TOKEN end_char="155" id="token-2-9" start_char="154">in</TOKEN>
				<TOKEN end_char="164" id="token-2-10" start_char="157">Pakistan</TOKEN>
				<TOKEN end_char="165" id="token-2-11" start_char="165">’</TOKEN>
				<TOKEN end_char="166" id="token-2-12" start_char="166">s</TOKEN>
				<TOKEN end_char="174" id="token-2-13" start_char="168">restive</TOKEN>
				<TOKEN end_char="186" id="token-2-14" start_char="176">Baluchistan</TOKEN>
				<TOKEN end_char="195" id="token-2-15" start_char="188">province</TOKEN>
				<TOKEN end_char="200" id="token-2-16" start_char="197">when</TOKEN>
				<TOKEN end_char="202" id="token-2-17" start_char="202">a</TOKEN>
				<TOKEN end_char="207" id="token-2-18" start_char="204">bomb</TOKEN>
				<TOKEN end_char="217" id="token-2-19" start_char="209">detonated</TOKEN>
				<TOKEN end_char="222" id="token-2-20" start_char="219">next</TOKEN>
				<TOKEN end_char="225" id="token-2-21" start_char="224">to</TOKEN>
				<TOKEN end_char="228" id="token-2-22" start_char="227">it</TOKEN>
				<TOKEN end_char="229" id="token-2-23" start_char="229">,</TOKEN>
				<TOKEN end_char="237" id="token-2-24" start_char="231">killing</TOKEN>
				<TOKEN end_char="240" id="token-2-25" start_char="239">at</TOKEN>
				<TOKEN end_char="246" id="token-2-26" start_char="242">least</TOKEN>
				<TOKEN end_char="252" id="token-2-27" start_char="248">seven</TOKEN>
				<TOKEN end_char="259" id="token-2-28" start_char="254">people</TOKEN>
				<TOKEN end_char="260" id="token-2-29" start_char="260">,</TOKEN>
				<TOKEN end_char="270" id="token-2-30" start_char="262">officials</TOKEN>
				<TOKEN end_char="275" id="token-2-31" start_char="272">said</TOKEN>
				<TOKEN end_char="276" id="token-2-32" start_char="276">.</TOKEN>
			</SEG>
			<SEG end_char="417" id="20131021_WAPO_fb37301a-3a27-11e3-b0e7-716179a2c2c7-3" start_char="278">
				<ORIGINAL_TEXT>The Jaffar Express train was traveling from Rawalpindi to Quetta when the attack occurred mid-morning, about 300 miles from its destination.</ORIGINAL_TEXT>
				<TOKEN end_char="280" id="token-3-0" start_char="278">The</TOKEN>
				<TOKEN end_char="287" id="token-3-1" start_char="282">Jaffar</TOKEN>
				<TOKEN end_char="295" id="token-3-2" start_char="289">Express</TOKEN>
				<TOKEN end_char="301" id="token-3-3" start_char="297">train</TOKEN>
				<TOKEN end_char="305" id="token-3-4" start_char="303">was</TOKEN>
				<TOKEN end_char="315" id="token-3-5" start_char="307">traveling</TOKEN>
				<TOKEN end_char="320" id="token-3-6" start_char="317">from</TOKEN>
				<TOKEN end_char="331" id="token-3-7" start_char="322">Rawalpindi</TOKEN>
				<TOKEN end_char="334" id="token-3-8" start_char="333">to</TOKEN>
				<TOKEN end_char="341" id="token-3-9" start_char="336">Quetta</TOKEN>
				<TOKEN end_char="346" id="token-3-10" start_char="343">when</TOKEN>
				<TOKEN end_char="350" id="token-3-11" start_char="348">the</TOKEN>
				<TOKEN end_char="357" id="token-3-12" start_char="352">attack</TOKEN>
				<TOKEN end_char="366" id="token-3-13" start_char="359">occurred</TOKEN>
				<TOKEN end_char="370" id="token-3-14" start_char="368">mid</TOKEN>
				<TOKEN end_char="371" id="token-3-15" start_char="371">-</TOKEN>
				<TOKEN end_char="378" id="token-3-16" start_char="372">morning</TOKEN>
				<TOKEN end_char="379" id="token-3-17" start_char="379">,</TOKEN>
				<TOKEN end_char="385" id="token-3-18" start_char="381">about</TOKEN>
				<TOKEN end_char="389" id="token-3-19" start_char="387">300</TOKEN>
				<TOKEN end_char="395" id="token-3-20" start_char="391">miles</TOKEN>
				<TOKEN end_char="400" id="token-3-21" start_char="397">from</TOKEN>
				<TOKEN end_char="404" id="token-3-22" start_char="402">its</TOKEN>
				<TOKEN end_char="416" id="token-3-23" start_char="406">destination</TOKEN>
				<TOKEN end_char="417" id="token-3-24" start_char="417">.</TOKEN>
			</SEG>
			<SEG end_char="669" id="20131021_WAPO_fb37301a-3a27-11e3-b0e7-716179a2c2c7-4" start_char="419">
				<ORIGINAL_TEXT>Riaz Ahmed, a railway police officer in Quetta, said the bomb had been planted on the tracks. But Pakistan’s railway minister, Khwaja Saad Rafiq, told local news media that authorities also are investigating whether a suicide bomber could be to blame.</ORIGINAL_TEXT>
				<TOKEN end_char="422" id="token-4-0" start_char="419">Riaz</TOKEN>
				<TOKEN end_char="428" id="token-4-1" start_char="424">Ahmed</TOKEN>
				<TOKEN end_char="429" id="token-4-2" start_char="429">,</TOKEN>
				<TOKEN end_char="431" id="token-4-3" start_char="431">a</TOKEN>
				<TOKEN end_char="439" id="token-4-4" start_char="433">railway</TOKEN>
				<TOKEN end_char="446" id="token-4-5" start_char="441">police</TOKEN>
				<TOKEN end_char="454" id="token-4-6" start_char="448">officer</TOKEN>
				<TOKEN end_char="457" id="token-4-7" start_char="456">in</TOKEN>
				<TOKEN end_char="464" id="token-4-8" start_char="459">Quetta</TOKEN>
				<TOKEN end_char="465" id="token-4-9" start_char="465">,</TOKEN>
				<TOKEN end_char="470" id="token-4-10" start_char="467">said</TOKEN>
				<TOKEN end_char="474" id="token-4-11" start_char="472">the</TOKEN>
				<TOKEN end_char="479" id="token-4-12" start_char="476">bomb</TOKEN>
				<TOKEN end_char="483" id="token-4-13" start_char="481">had</TOKEN>
				<TOKEN end_char="488" id="token-4-14" start_char="485">been</TOKEN>
				<TOKEN end_char="496" id="token-4-15" start_char="490">planted</TOKEN>
				<TOKEN end_char="499" id="token-4-16" start_char="498">on</TOKEN>
				<TOKEN end_char="503" id="token-4-17" start_char="501">the</TOKEN>
				<TOKEN end_char="510" id="token-4-18" start_char="505">tracks</TOKEN>
				<TOKEN end_char="511" id="token-4-19" start_char="511">.</TOKEN>
				<TOKEN end_char="515" id="token-4-20" start_char="513">But</TOKEN>
				<TOKEN end_char="524" id="token-4-21" start_char="517">Pakistan</TOKEN>
				<TOKEN end_char="525" id="token-4-22" start_char="525">’</TOKEN>
				<TOKEN end_char="526" id="token-4-23" start_char="526">s</TOKEN>
				<TOKEN end_char="534" id="token-4-24" start_char="528">railway</TOKEN>
				<TOKEN end_char="543" id="token-4-25" start_char="536">minister</TOKEN>
				<TOKEN end_char="544" id="token-4-26" start_char="544">,</TOKEN>
				<TOKEN end_char="551" id="token-4-27" start_char="546">Khwaja</TOKEN>
				<TOKEN end_char="556" id="token-4-28" start_char="553">Saad</TOKEN>
				<TOKEN end_char="562" id="token-4-29" start_char="558">Rafiq</TOKEN>
				<TOKEN end_char="563" id="token-4-30" start_char="563">,</TOKEN>
				<TOKEN end_char="568" id="token-4-31" start_char="565">told</TOKEN>
				<TOKEN end_char="574" id="token-4-32" start_char="570">local</TOKEN>
				<TOKEN end_char="579" id="token-4-33" start_char="576">news</TOKEN>
				<TOKEN end_char="585" id="token-4-34" start_char="581">media</TOKEN>
				<TOKEN end_char="590" id="token-4-35" start_char="587">that</TOKEN>
				<TOKEN end_char="602" id="token-4-36" start_char="592">authorities</TOKEN>
				<TOKEN end_char="607" id="token-4-37" start_char="604">also</TOKEN>
				<TOKEN end_char="611" id="token-4-38" start_char="609">are</TOKEN>
				<TOKEN end_char="625" id="token-4-39" start_char="613">investigating</TOKEN>
				<TOKEN end_char="633" id="token-4-40" start_char="627">whether</TOKEN>
				<TOKEN end_char="635" id="token-4-41" start_char="635">a</TOKEN>
				<TOKEN end_char="643" id="token-4-42" start_char="637">suicide</TOKEN>
				<TOKEN end_char="650" id="token-4-43" start_char="645">bomber</TOKEN>
				<TOKEN end_char="656" id="token-4-44" start_char="652">could</TOKEN>
				<TOKEN end_char="659" id="token-4-45" start_char="658">be</TOKEN>
				<TOKEN end_char="662" id="token-4-46" start_char="661">to</TOKEN>
				<TOKEN end_char="668" id="token-4-47" start_char="664">blame</TOKEN>
				<TOKEN end_char="669" id="token-4-48" start_char="669">.</TOKEN>
			</SEG>
			<SEG end_char="858" id="20131021_WAPO_fb37301a-3a27-11e3-b0e7-716179a2c2c7-5" start_char="671">
				<ORIGINAL_TEXT>Seven passengers, including three brothers traveling together, were killed, and at least a dozen others were injured, Ahmed said. Four train cars flipped when the bomb detonated, he added.</ORIGINAL_TEXT>
				<TOKEN end_char="675" id="token-5-0" start_char="671">Seven</TOKEN>
				<TOKEN end_char="686" id="token-5-1" start_char="677">passengers</TOKEN>
				<TOKEN end_char="687" id="token-5-2" start_char="687">,</TOKEN>
				<TOKEN end_char="697" id="token-5-3" start_char="689">including</TOKEN>
				<TOKEN end_char="703" id="token-5-4" start_char="699">three</TOKEN>
				<TOKEN end_char="712" id="token-5-5" start_char="705">brothers</TOKEN>
				<TOKEN end_char="722" id="token-5-6" start_char="714">traveling</TOKEN>
				<TOKEN end_char="731" id="token-5-7" start_char="724">together</TOKEN>
				<TOKEN end_char="732" id="token-5-8" start_char="732">,</TOKEN>
				<TOKEN end_char="737" id="token-5-9" start_char="734">were</TOKEN>
				<TOKEN end_char="744" id="token-5-10" start_char="739">killed</TOKEN>
				<TOKEN end_char="745" id="token-5-11" start_char="745">,</TOKEN>
				<TOKEN end_char="749" id="token-5-12" start_char="747">and</TOKEN>
				<TOKEN end_char="752" id="token-5-13" start_char="751">at</TOKEN>
				<TOKEN end_char="758" id="token-5-14" start_char="754">least</TOKEN>
				<TOKEN end_char="760" id="token-5-15" start_char="760">a</TOKEN>
				<TOKEN end_char="766" id="token-5-16" start_char="762">dozen</TOKEN>
				<TOKEN end_char="773" id="token-5-17" start_char="768">others</TOKEN>
				<TOKEN end_char="778" id="token-5-18" start_char="775">were</TOKEN>
				<TOKEN end_char="786" id="token-5-19" start_char="780">injured</TOKEN>
				<TOKEN end_char="787" id="token-5-20" start_char="787">,</TOKEN>
				<TOKEN end_char="793" id="token-5-21" start_char="789">Ahmed</TOKEN>
				<TOKEN end_char="798" id="token-5-22" start_char="795">said</TOKEN>
				<TOKEN end_char="799" id="token-5-23" start_char="799">.</TOKEN>
				<TOKEN end_char="804" id="token-5-24" start_char="801">Four</TOKEN>
				<TOKEN end_char="810" id="token-5-25" start_char="806">train</TOKEN>
				<TOKEN end_char="815" id="token-5-26" start_char="812">cars</TOKEN>
				<TOKEN end_char="823" id="token-5-27" start_char="817">flipped</TOKEN>
				<TOKEN end_char="828" id="token-5-28" start_char="825">when</TOKEN>
				<TOKEN end_char="832" id="token-5-29" start_char="830">the</TOKEN>
				<TOKEN end_char="837" id="token-5-30" start_char="834">bomb</TOKEN>
				<TOKEN end_char="847" id="token-5-31" start_char="839">detonated</TOKEN>
				<TOKEN end_char="848" id="token-5-32" start_char="848">,</TOKEN>
				<TOKEN end_char="851" id="token-5-33" start_char="850">he</TOKEN>
				<TOKEN end_char="857" id="token-5-34" start_char="853">added</TOKEN>
				<TOKEN end_char="858" id="token-5-35" start_char="858">.</TOKEN>
			</SEG>
			<SEG end_char="1010" id="20131021_WAPO_fb37301a-3a27-11e3-b0e7-716179a2c2c7-6" start_char="860">
				<ORIGINAL_TEXT>There was no assertion of responsibility for the bombing, but Pakistan’s military has been battling separatists for years in resource-rich Baluchistan.</ORIGINAL_TEXT>
				<TOKEN end_char="864" id="token-6-0" start_char="860">There</TOKEN>
				<TOKEN end_char="868" id="token-6-1" start_char="866">was</TOKEN>
				<TOKEN end_char="871" id="token-6-2" start_char="870">no</TOKEN>
				<TOKEN end_char="881" id="token-6-3" start_char="873">assertion</TOKEN>
				<TOKEN end_char="884" id="token-6-4" start_char="883">of</TOKEN>
				<TOKEN end_char="899" id="token-6-5" start_char="886">responsibility</TOKEN>
				<TOKEN end_char="903" id="token-6-6" start_char="901">for</TOKEN>
				<TOKEN end_char="907" id="token-6-7" start_char="905">the</TOKEN>
				<TOKEN end_char="915" id="token-6-8" start_char="909">bombing</TOKEN>
				<TOKEN end_char="916" id="token-6-9" start_char="916">,</TOKEN>
				<TOKEN end_char="920" id="token-6-10" start_char="918">but</TOKEN>
				<TOKEN end_char="929" id="token-6-11" start_char="922">Pakistan</TOKEN>
				<TOKEN end_char="930" id="token-6-12" start_char="930">’</TOKEN>
				<TOKEN end_char="931" id="token-6-13" start_char="931">s</TOKEN>
				<TOKEN end_char="940" id="token-6-14" start_char="933">military</TOKEN>
				<TOKEN end_char="944" id="token-6-15" start_char="942">has</TOKEN>
				<TOKEN end_char="949" id="token-6-16" start_char="946">been</TOKEN>
				<TOKEN end_char="958" id="token-6-17" start_char="951">battling</TOKEN>
				<TOKEN end_char="970" id="token-6-18" start_char="960">separatists</TOKEN>
				<TOKEN end_char="974" id="token-6-19" start_char="972">for</TOKEN>
				<TOKEN end_char="980" id="token-6-20" start_char="976">years</TOKEN>
				<TOKEN end_char="983" id="token-6-21" start_char="982">in</TOKEN>
				<TOKEN end_char="992" id="token-6-22" start_char="985">resource</TOKEN>
				<TOKEN end_char="993" id="token-6-23" start_char="993">-</TOKEN>
				<TOKEN end_char="997" id="token-6-24" start_char="994">rich</TOKEN>
				<TOKEN end_char="1009" id="token-6-25" start_char="999">Baluchistan</TOKEN>
				<TOKEN end_char="1010" id="token-6-26" start_char="1010">.</TOKEN>
			</SEG>
			<SEG end_char="1342" id="20131021_WAPO_fb37301a-3a27-11e3-b0e7-716179a2c2c7-7" start_char="1012">
				<ORIGINAL_TEXT>In 2011, another Quetta-bound train derailed in the southwestern province after a remote-controlled bomb exploded. The Baluch Republic Army, a militant group fighting for secession that has been banned by Pakistan’s government, asserted responsibility for that blast. At the time, the group vowed that such assaults would continue.</ORIGINAL_TEXT>
				<TOKEN end_char="1013" id="token-7-0" start_char="1012">In</TOKEN>
				<TOKEN end_char="1018" id="token-7-1" start_char="1015">2011</TOKEN>
				<TOKEN end_char="1019" id="token-7-2" start_char="1019">,</TOKEN>
				<TOKEN end_char="1027" id="token-7-3" start_char="1021">another</TOKEN>
				<TOKEN end_char="1034" id="token-7-4" start_char="1029">Quetta</TOKEN>
				<TOKEN end_char="1035" id="token-7-5" start_char="1035">-</TOKEN>
				<TOKEN end_char="1040" id="token-7-6" start_char="1036">bound</TOKEN>
				<TOKEN end_char="1046" id="token-7-7" start_char="1042">train</TOKEN>
				<TOKEN end_char="1055" id="token-7-8" start_char="1048">derailed</TOKEN>
				<TOKEN end_char="1058" id="token-7-9" start_char="1057">in</TOKEN>
				<TOKEN end_char="1062" id="token-7-10" start_char="1060">the</TOKEN>
				<TOKEN end_char="1075" id="token-7-11" start_char="1064">southwestern</TOKEN>
				<TOKEN end_char="1084" id="token-7-12" start_char="1077">province</TOKEN>
				<TOKEN end_char="1090" id="token-7-13" start_char="1086">after</TOKEN>
				<TOKEN end_char="1092" id="token-7-14" start_char="1092">a</TOKEN>
				<TOKEN end_char="1099" id="token-7-15" start_char="1094">remote</TOKEN>
				<TOKEN end_char="1100" id="token-7-16" start_char="1100">-</TOKEN>
				<TOKEN end_char="1110" id="token-7-17" start_char="1101">controlled</TOKEN>
				<TOKEN end_char="1115" id="token-7-18" start_char="1112">bomb</TOKEN>
				<TOKEN end_char="1124" id="token-7-19" start_char="1117">exploded</TOKEN>
				<TOKEN end_char="1125" id="token-7-20" start_char="1125">.</TOKEN>
				<TOKEN end_char="1129" id="token-7-21" start_char="1127">The</TOKEN>
				<TOKEN end_char="1136" id="token-7-22" start_char="1131">Baluch</TOKEN>
				<TOKEN end_char="1145" id="token-7-23" start_char="1138">Republic</TOKEN>
				<TOKEN end_char="1150" id="token-7-24" start_char="1147">Army</TOKEN>
				<TOKEN end_char="1151" id="token-7-25" start_char="1151">,</TOKEN>
				<TOKEN end_char="1153" id="token-7-26" start_char="1153">a</TOKEN>
				<TOKEN end_char="1162" id="token-7-27" start_char="1155">militant</TOKEN>
				<TOKEN end_char="1168" id="token-7-28" start_char="1164">group</TOKEN>
				<TOKEN end_char="1177" id="token-7-29" start_char="1170">fighting</TOKEN>
				<TOKEN end_char="1181" id="token-7-30" start_char="1179">for</TOKEN>
				<TOKEN end_char="1191" id="token-7-31" start_char="1183">secession</TOKEN>
				<TOKEN end_char="1196" id="token-7-32" start_char="1193">that</TOKEN>
				<TOKEN end_char="1200" id="token-7-33" start_char="1198">has</TOKEN>
				<TOKEN end_char="1205" id="token-7-34" start_char="1202">been</TOKEN>
				<TOKEN end_char="1212" id="token-7-35" start_char="1207">banned</TOKEN>
				<TOKEN end_char="1215" id="token-7-36" start_char="1214">by</TOKEN>
				<TOKEN end_char="1224" id="token-7-37" start_char="1217">Pakistan</TOKEN>
				<TOKEN end_char="1225" id="token-7-38" start_char="1225">’</TOKEN>
				<TOKEN end_char="1226" id="token-7-39" start_char="1226">s</TOKEN>
				<TOKEN end_char="1237" id="token-7-40" start_char="1228">government</TOKEN>
				<TOKEN end_char="1238" id="token-7-41" start_char="1238">,</TOKEN>
				<TOKEN end_char="1247" id="token-7-42" start_char="1240">asserted</TOKEN>
				<TOKEN end_char="1262" id="token-7-43" start_char="1249">responsibility</TOKEN>
				<TOKEN end_char="1266" id="token-7-44" start_char="1264">for</TOKEN>
				<TOKEN end_char="1271" id="token-7-45" start_char="1268">that</TOKEN>
				<TOKEN end_char="1277" id="token-7-46" start_char="1273">blast</TOKEN>
				<TOKEN end_char="1278" id="token-7-47" start_char="1278">.</TOKEN>
				<TOKEN end_char="1281" id="token-7-48" start_char="1280">At</TOKEN>
				<TOKEN end_char="1285" id="token-7-49" start_char="1283">the</TOKEN>
				<TOKEN end_char="1290" id="token-7-50" start_char="1287">time</TOKEN>
				<TOKEN end_char="1291" id="token-7-51" start_char="1291">,</TOKEN>
				<TOKEN end_char="1295" id="token-7-52" start_char="1293">the</TOKEN>
				<TOKEN end_char="1301" id="token-7-53" start_char="1297">group</TOKEN>
				<TOKEN end_char="1307" id="token-7-54" start_char="1303">vowed</TOKEN>
				<TOKEN end_char="1312" id="token-7-55" start_char="1309">that</TOKEN>
				<TOKEN end_char="1317" id="token-7-56" start_char="1314">such</TOKEN>
				<TOKEN end_char="1326" id="token-7-57" start_char="1319">assaults</TOKEN>
				<TOKEN end_char="1332" id="token-7-58" start_char="1328">would</TOKEN>
				<TOKEN end_char="1341" id="token-7-59" start_char="1334">continue</TOKEN>
				<TOKEN end_char="1342" id="token-7-60" start_char="1342">.</TOKEN>
			</SEG>
			<SEG end_char="1524" id="20131021_WAPO_fb37301a-3a27-11e3-b0e7-716179a2c2c7-8" start_char="1344">
				<ORIGINAL_TEXT>But attacks on trains in Pakistan extend beyond Baluchistan, where officials are still trying to recover from a 7.7-magnitude earthquake last month that killed more than 500 people.</ORIGINAL_TEXT>
				<TOKEN end_char="1346" id="token-8-0" start_char="1344">But</TOKEN>
				<TOKEN end_char="1354" id="token-8-1" start_char="1348">attacks</TOKEN>
				<TOKEN end_char="1357" id="token-8-2" start_char="1356">on</TOKEN>
				<TOKEN end_char="1364" id="token-8-3" start_char="1359">trains</TOKEN>
				<TOKEN end_char="1367" id="token-8-4" start_char="1366">in</TOKEN>
				<TOKEN end_char="1376" id="token-8-5" start_char="1369">Pakistan</TOKEN>
				<TOKEN end_char="1383" id="token-8-6" start_char="1378">extend</TOKEN>
				<TOKEN end_char="1390" id="token-8-7" start_char="1385">beyond</TOKEN>
				<TOKEN end_char="1402" id="token-8-8" start_char="1392">Baluchistan</TOKEN>
				<TOKEN end_char="1403" id="token-8-9" start_char="1403">,</TOKEN>
				<TOKEN end_char="1409" id="token-8-10" start_char="1405">where</TOKEN>
				<TOKEN end_char="1419" id="token-8-11" start_char="1411">officials</TOKEN>
				<TOKEN end_char="1423" id="token-8-12" start_char="1421">are</TOKEN>
				<TOKEN end_char="1429" id="token-8-13" start_char="1425">still</TOKEN>
				<TOKEN end_char="1436" id="token-8-14" start_char="1431">trying</TOKEN>
				<TOKEN end_char="1439" id="token-8-15" start_char="1438">to</TOKEN>
				<TOKEN end_char="1447" id="token-8-16" start_char="1441">recover</TOKEN>
				<TOKEN end_char="1452" id="token-8-17" start_char="1449">from</TOKEN>
				<TOKEN end_char="1454" id="token-8-18" start_char="1454">a</TOKEN>
				<TOKEN end_char="1456" id="token-8-19" start_char="1456">7</TOKEN>
				<TOKEN end_char="1457" id="token-8-20" start_char="1457">.</TOKEN>
				<TOKEN end_char="1458" id="token-8-21" start_char="1458">7</TOKEN>
				<TOKEN end_char="1459" id="token-8-22" start_char="1459">-</TOKEN>
				<TOKEN end_char="1468" id="token-8-23" start_char="1460">magnitude</TOKEN>
				<TOKEN end_char="1479" id="token-8-24" start_char="1470">earthquake</TOKEN>
				<TOKEN end_char="1484" id="token-8-25" start_char="1481">last</TOKEN>
				<TOKEN end_char="1490" id="token-8-26" start_char="1486">month</TOKEN>
				<TOKEN end_char="1495" id="token-8-27" start_char="1492">that</TOKEN>
				<TOKEN end_char="1502" id="token-8-28" start_char="1497">killed</TOKEN>
				<TOKEN end_char="1507" id="token-8-29" start_char="1504">more</TOKEN>
				<TOKEN end_char="1512" id="token-8-30" start_char="1509">than</TOKEN>
				<TOKEN end_char="1516" id="token-8-31" start_char="1514">500</TOKEN>
				<TOKEN end_char="1523" id="token-8-32" start_char="1518">people</TOKEN>
				<TOKEN end_char="1524" id="token-8-33" start_char="1524">.</TOKEN>
			</SEG>
			<SEG end_char="1817" id="20131021_WAPO_fb37301a-3a27-11e3-b0e7-716179a2c2c7-9" start_char="1526">
				<ORIGINAL_TEXT>In August, a bomb detonated on a passenger train in the Punjab province en route from Lahore to Karachi. Three people were killed in that attack. A train heading from Karachi to Peshawar was targeted in a bombing in 2012 that killed two passengers, according to the Express Tribune newspaper.</ORIGINAL_TEXT>
				<TOKEN end_char="1527" id="token-9-0" start_char="1526">In</TOKEN>
				<TOKEN end_char="1534" id="token-9-1" start_char="1529">August</TOKEN>
				<TOKEN end_char="1535" id="token-9-2" start_char="1535">,</TOKEN>
				<TOKEN end_char="1537" id="token-9-3" start_char="1537">a</TOKEN>
				<TOKEN end_char="1542" id="token-9-4" start_char="1539">bomb</TOKEN>
				<TOKEN end_char="1552" id="token-9-5" start_char="1544">detonated</TOKEN>
				<TOKEN end_char="1555" id="token-9-6" start_char="1554">on</TOKEN>
				<TOKEN end_char="1557" id="token-9-7" start_char="1557">a</TOKEN>
				<TOKEN end_char="1567" id="token-9-8" start_char="1559">passenger</TOKEN>
				<TOKEN end_char="1573" id="token-9-9" start_char="1569">train</TOKEN>
				<TOKEN end_char="1576" id="token-9-10" start_char="1575">in</TOKEN>
				<TOKEN end_char="1580" id="token-9-11" start_char="1578">the</TOKEN>
				<TOKEN end_char="1587" id="token-9-12" start_char="1582">Punjab</TOKEN>
				<TOKEN end_char="1596" id="token-9-13" start_char="1589">province</TOKEN>
				<TOKEN end_char="1599" id="token-9-14" start_char="1598">en</TOKEN>
				<TOKEN end_char="1605" id="token-9-15" start_char="1601">route</TOKEN>
				<TOKEN end_char="1610" id="token-9-16" start_char="1607">from</TOKEN>
				<TOKEN end_char="1617" id="token-9-17" start_char="1612">Lahore</TOKEN>
				<TOKEN end_char="1620" id="token-9-18" start_char="1619">to</TOKEN>
				<TOKEN end_char="1628" id="token-9-19" start_char="1622">Karachi</TOKEN>
				<TOKEN end_char="1629" id="token-9-20" start_char="1629">.</TOKEN>
				<TOKEN end_char="1635" id="token-9-21" start_char="1631">Three</TOKEN>
				<TOKEN end_char="1642" id="token-9-22" start_char="1637">people</TOKEN>
				<TOKEN end_char="1647" id="token-9-23" start_char="1644">were</TOKEN>
				<TOKEN end_char="1654" id="token-9-24" start_char="1649">killed</TOKEN>
				<TOKEN end_char="1657" id="token-9-25" start_char="1656">in</TOKEN>
				<TOKEN end_char="1662" id="token-9-26" start_char="1659">that</TOKEN>
				<TOKEN end_char="1669" id="token-9-27" start_char="1664">attack</TOKEN>
				<TOKEN end_char="1670" id="token-9-28" start_char="1670">.</TOKEN>
				<TOKEN end_char="1672" id="token-9-29" start_char="1672">A</TOKEN>
				<TOKEN end_char="1678" id="token-9-30" start_char="1674">train</TOKEN>
				<TOKEN end_char="1686" id="token-9-31" start_char="1680">heading</TOKEN>
				<TOKEN end_char="1691" id="token-9-32" start_char="1688">from</TOKEN>
				<TOKEN end_char="1699" id="token-9-33" start_char="1693">Karachi</TOKEN>
				<TOKEN end_char="1702" id="token-9-34" start_char="1701">to</TOKEN>
				<TOKEN end_char="1711" id="token-9-35" start_char="1704">Peshawar</TOKEN>
				<TOKEN end_char="1715" id="token-9-36" start_char="1713">was</TOKEN>
				<TOKEN end_char="1724" id="token-9-37" start_char="1717">targeted</TOKEN>
				<TOKEN end_char="1727" id="token-9-38" start_char="1726">in</TOKEN>
				<TOKEN end_char="1729" id="token-9-39" start_char="1729">a</TOKEN>
				<TOKEN end_char="1737" id="token-9-40" start_char="1731">bombing</TOKEN>
				<TOKEN end_char="1740" id="token-9-41" start_char="1739">in</TOKEN>
				<TOKEN end_char="1745" id="token-9-42" start_char="1742">2012</TOKEN>
				<TOKEN end_char="1750" id="token-9-43" start_char="1747">that</TOKEN>
				<TOKEN end_char="1757" id="token-9-44" start_char="1752">killed</TOKEN>
				<TOKEN end_char="1761" id="token-9-45" start_char="1759">two</TOKEN>
				<TOKEN end_char="1772" id="token-9-46" start_char="1763">passengers</TOKEN>
				<TOKEN end_char="1773" id="token-9-47" start_char="1773">,</TOKEN>
				<TOKEN end_char="1783" id="token-9-48" start_char="1775">according</TOKEN>
				<TOKEN end_char="1786" id="token-9-49" start_char="1785">to</TOKEN>
				<TOKEN end_char="1790" id="token-9-50" start_char="1788">the</TOKEN>
				<TOKEN end_char="1798" id="token-9-51" start_char="1792">Express</TOKEN>
				<TOKEN end_char="1806" id="token-9-52" start_char="1800">Tribune</TOKEN>
				<TOKEN end_char="1816" id="token-9-53" start_char="1808">newspaper</TOKEN>
				<TOKEN end_char="1817" id="token-9-54" start_char="1817">.</TOKEN>
			</SEG>
			<SEG end_char="1956" id="20131021_WAPO_fb37301a-3a27-11e3-b0e7-716179a2c2c7-10" start_char="1820">
				<ORIGINAL_TEXT>After Monday’s bombing, train service to and from Quetta was suspended pending a security review, said Ahmed, the railway police officer.</ORIGINAL_TEXT>
				<TOKEN end_char="1824" id="token-10-0" start_char="1820">After</TOKEN>
				<TOKEN end_char="1831" id="token-10-1" start_char="1826">Monday</TOKEN>
				<TOKEN end_char="1832" id="token-10-2" start_char="1832">’</TOKEN>
				<TOKEN end_char="1833" id="token-10-3" start_char="1833">s</TOKEN>
				<TOKEN end_char="1841" id="token-10-4" start_char="1835">bombing</TOKEN>
				<TOKEN end_char="1842" id="token-10-5" start_char="1842">,</TOKEN>
				<TOKEN end_char="1848" id="token-10-6" start_char="1844">train</TOKEN>
				<TOKEN end_char="1856" id="token-10-7" start_char="1850">service</TOKEN>
				<TOKEN end_char="1859" id="token-10-8" start_char="1858">to</TOKEN>
				<TOKEN end_char="1863" id="token-10-9" start_char="1861">and</TOKEN>
				<TOKEN end_char="1868" id="token-10-10" start_char="1865">from</TOKEN>
				<TOKEN end_char="1875" id="token-10-11" start_char="1870">Quetta</TOKEN>
				<TOKEN end_char="1879" id="token-10-12" start_char="1877">was</TOKEN>
				<TOKEN end_char="1889" id="token-10-13" start_char="1881">suspended</TOKEN>
				<TOKEN end_char="1897" id="token-10-14" start_char="1891">pending</TOKEN>
				<TOKEN end_char="1899" id="token-10-15" start_char="1899">a</TOKEN>
				<TOKEN end_char="1908" id="token-10-16" start_char="1901">security</TOKEN>
				<TOKEN end_char="1915" id="token-10-17" start_char="1910">review</TOKEN>
				<TOKEN end_char="1916" id="token-10-18" start_char="1916">,</TOKEN>
				<TOKEN end_char="1921" id="token-10-19" start_char="1918">said</TOKEN>
				<TOKEN end_char="1927" id="token-10-20" start_char="1923">Ahmed</TOKEN>
				<TOKEN end_char="1928" id="token-10-21" start_char="1928">,</TOKEN>
				<TOKEN end_char="1932" id="token-10-22" start_char="1930">the</TOKEN>
				<TOKEN end_char="1940" id="token-10-23" start_char="1934">railway</TOKEN>
				<TOKEN end_char="1947" id="token-10-24" start_char="1942">police</TOKEN>
				<TOKEN end_char="1955" id="token-10-25" start_char="1949">officer</TOKEN>
				<TOKEN end_char="1956" id="token-10-26" start_char="1956">.</TOKEN>
			</SEG>
			<SEG end_char="2055" id="20131021_WAPO_fb37301a-3a27-11e3-b0e7-716179a2c2c7-11" start_char="1958">
				<ORIGINAL_TEXT>“This was a cowardly attack and an act of terrorism,” Rafiq, the railway minister, told reporters.</ORIGINAL_TEXT>
				<TOKEN end_char="1958" id="token-11-0" start_char="1958">“</TOKEN>
				<TOKEN end_char="1962" id="token-11-1" start_char="1959">This</TOKEN>
				<TOKEN end_char="1966" id="token-11-2" start_char="1964">was</TOKEN>
				<TOKEN end_char="1968" id="token-11-3" start_char="1968">a</TOKEN>
				<TOKEN end_char="1977" id="token-11-4" start_char="1970">cowardly</TOKEN>
				<TOKEN end_char="1984" id="token-11-5" start_char="1979">attack</TOKEN>
				<TOKEN end_char="1988" id="token-11-6" start_char="1986">and</TOKEN>
				<TOKEN end_char="1991" id="token-11-7" start_char="1990">an</TOKEN>
				<TOKEN end_char="1995" id="token-11-8" start_char="1993">act</TOKEN>
				<TOKEN end_char="1998" id="token-11-9" start_char="1997">of</TOKEN>
				<TOKEN end_char="2008" id="token-11-10" start_char="2000">terrorism</TOKEN>
				<TOKEN end_char="2010" id="token-11-11" start_char="2009">,”</TOKEN>
				<TOKEN end_char="2016" id="token-11-12" start_char="2012">Rafiq</TOKEN>
				<TOKEN end_char="2017" id="token-11-13" start_char="2017">,</TOKEN>
				<TOKEN end_char="2021" id="token-11-14" start_char="2019">the</TOKEN>
				<TOKEN end_char="2029" id="token-11-15" start_char="2023">railway</TOKEN>
				<TOKEN end_char="2038" id="token-11-16" start_char="2031">minister</TOKEN>
				<TOKEN end_char="2039" id="token-11-17" start_char="2039">,</TOKEN>
				<TOKEN end_char="2044" id="token-11-18" start_char="2041">told</TOKEN>
				<TOKEN end_char="2054" id="token-11-19" start_char="2046">reporters</TOKEN>
				<TOKEN end_char="2055" id="token-11-20" start_char="2055">.</TOKEN>
			</SEG>
		</TEXT>
	</DOC>
</LCTL_TEXT>
