<?xml version="1.0" encoding="utf-8"?>
<LCTL_TEXT>
	<DOC id="20130919_WAPO_29093452-2146-11e3-ad1a-1a919f2ed890">
		<TEXT>
			<SEG end_char="38" id="20130919_WAPO_29093452-2146-11e3-ad1a-1a919f2ed890-0" start_char="0">
				<ORIGINAL_TEXT>Mexico hit again by strengthened Manuel</ORIGINAL_TEXT>
				<TOKEN end_char="5" id="token-0-0" start_char="0">Mexico</TOKEN>
				<TOKEN end_char="9" id="token-0-1" start_char="7">hit</TOKEN>
				<TOKEN end_char="15" id="token-0-2" start_char="11">again</TOKEN>
				<TOKEN end_char="18" id="token-0-3" start_char="17">by</TOKEN>
				<TOKEN end_char="31" id="token-0-4" start_char="20">strengthened</TOKEN>
				<TOKEN end_char="38" id="token-0-5" start_char="33">Manuel</TOKEN>
			</SEG>
			<SEG end_char="86" id="20130919_WAPO_29093452-2146-11e3-ad1a-1a919f2ed890-1" start_char="40">
				<ORIGINAL_TEXT>Thursday, September 19, 2013 11:48:00 GMT-05:00</ORIGINAL_TEXT>
				<TOKEN end_char="47" id="token-1-0" start_char="40">Thursday</TOKEN>
				<TOKEN end_char="48" id="token-1-1" start_char="48">,</TOKEN>
				<TOKEN end_char="58" id="token-1-2" start_char="50">September</TOKEN>
				<TOKEN end_char="61" id="token-1-3" start_char="60">19</TOKEN>
				<TOKEN end_char="62" id="token-1-4" start_char="62">,</TOKEN>
				<TOKEN end_char="67" id="token-1-5" start_char="64">2013</TOKEN>
				<TOKEN end_char="70" id="token-1-6" start_char="69">11</TOKEN>
				<TOKEN end_char="71" id="token-1-7" start_char="71">:</TOKEN>
				<TOKEN end_char="73" id="token-1-8" start_char="72">48</TOKEN>
				<TOKEN end_char="74" id="token-1-9" start_char="74">:</TOKEN>
				<TOKEN end_char="76" id="token-1-10" start_char="75">00</TOKEN>
				<TOKEN end_char="80" id="token-1-11" start_char="78">GMT</TOKEN>
				<TOKEN end_char="81" id="token-1-12" start_char="81">-</TOKEN>
				<TOKEN end_char="83" id="token-1-13" start_char="82">05</TOKEN>
				<TOKEN end_char="84" id="token-1-14" start_char="84">:</TOKEN>
				<TOKEN end_char="86" id="token-1-15" start_char="85">00</TOKEN>
			</SEG>
			<SEG end_char="309" id="20130919_WAPO_29093452-2146-11e3-ad1a-1a919f2ed890-2" start_char="88">
				<ORIGINAL_TEXT>MEXICO CITY — Storm-battered Mexico absorbed more damage Thursday from the drenching Pacific system known as Manuel, which inflicted its second strike on the country in less than five days, this time at hurricane strength.</ORIGINAL_TEXT>
				<TOKEN end_char="93" id="token-2-0" start_char="88">MEXICO</TOKEN>
				<TOKEN end_char="98" id="token-2-1" start_char="95">CITY</TOKEN>
				<TOKEN end_char="100" id="token-2-2" start_char="100">—</TOKEN>
				<TOKEN end_char="106" id="token-2-3" start_char="102">Storm</TOKEN>
				<TOKEN end_char="107" id="token-2-4" start_char="107">-</TOKEN>
				<TOKEN end_char="115" id="token-2-5" start_char="108">battered</TOKEN>
				<TOKEN end_char="122" id="token-2-6" start_char="117">Mexico</TOKEN>
				<TOKEN end_char="131" id="token-2-7" start_char="124">absorbed</TOKEN>
				<TOKEN end_char="136" id="token-2-8" start_char="133">more</TOKEN>
				<TOKEN end_char="143" id="token-2-9" start_char="138">damage</TOKEN>
				<TOKEN end_char="152" id="token-2-10" start_char="145">Thursday</TOKEN>
				<TOKEN end_char="157" id="token-2-11" start_char="154">from</TOKEN>
				<TOKEN end_char="161" id="token-2-12" start_char="159">the</TOKEN>
				<TOKEN end_char="171" id="token-2-13" start_char="163">drenching</TOKEN>
				<TOKEN end_char="179" id="token-2-14" start_char="173">Pacific</TOKEN>
				<TOKEN end_char="186" id="token-2-15" start_char="181">system</TOKEN>
				<TOKEN end_char="192" id="token-2-16" start_char="188">known</TOKEN>
				<TOKEN end_char="195" id="token-2-17" start_char="194">as</TOKEN>
				<TOKEN end_char="202" id="token-2-18" start_char="197">Manuel</TOKEN>
				<TOKEN end_char="203" id="token-2-19" start_char="203">,</TOKEN>
				<TOKEN end_char="209" id="token-2-20" start_char="205">which</TOKEN>
				<TOKEN end_char="219" id="token-2-21" start_char="211">inflicted</TOKEN>
				<TOKEN end_char="223" id="token-2-22" start_char="221">its</TOKEN>
				<TOKEN end_char="230" id="token-2-23" start_char="225">second</TOKEN>
				<TOKEN end_char="237" id="token-2-24" start_char="232">strike</TOKEN>
				<TOKEN end_char="240" id="token-2-25" start_char="239">on</TOKEN>
				<TOKEN end_char="244" id="token-2-26" start_char="242">the</TOKEN>
				<TOKEN end_char="252" id="token-2-27" start_char="246">country</TOKEN>
				<TOKEN end_char="255" id="token-2-28" start_char="254">in</TOKEN>
				<TOKEN end_char="260" id="token-2-29" start_char="257">less</TOKEN>
				<TOKEN end_char="265" id="token-2-30" start_char="262">than</TOKEN>
				<TOKEN end_char="270" id="token-2-31" start_char="267">five</TOKEN>
				<TOKEN end_char="275" id="token-2-32" start_char="272">days</TOKEN>
				<TOKEN end_char="276" id="token-2-33" start_char="276">,</TOKEN>
				<TOKEN end_char="281" id="token-2-34" start_char="278">this</TOKEN>
				<TOKEN end_char="286" id="token-2-35" start_char="283">time</TOKEN>
				<TOKEN end_char="289" id="token-2-36" start_char="288">at</TOKEN>
				<TOKEN end_char="299" id="token-2-37" start_char="291">hurricane</TOKEN>
				<TOKEN end_char="308" id="token-2-38" start_char="301">strength</TOKEN>
				<TOKEN end_char="309" id="token-2-39" start_char="309">.</TOKEN>
			</SEG>
			<SEG end_char="524" id="20130919_WAPO_29093452-2146-11e3-ad1a-1a919f2ed890-3" start_char="311">
				<ORIGINAL_TEXT>Manuel and a system that has swamped Mexico’s gulf coast, Ingrid, are blamed for at least 97 deaths so far this week and have washed out roads, ruined crops and severed communications in wide swaths of the country.</ORIGINAL_TEXT>
				<TOKEN end_char="316" id="token-3-0" start_char="311">Manuel</TOKEN>
				<TOKEN end_char="320" id="token-3-1" start_char="318">and</TOKEN>
				<TOKEN end_char="322" id="token-3-2" start_char="322">a</TOKEN>
				<TOKEN end_char="329" id="token-3-3" start_char="324">system</TOKEN>
				<TOKEN end_char="334" id="token-3-4" start_char="331">that</TOKEN>
				<TOKEN end_char="338" id="token-3-5" start_char="336">has</TOKEN>
				<TOKEN end_char="346" id="token-3-6" start_char="340">swamped</TOKEN>
				<TOKEN end_char="353" id="token-3-7" start_char="348">Mexico</TOKEN>
				<TOKEN end_char="354" id="token-3-8" start_char="354">’</TOKEN>
				<TOKEN end_char="355" id="token-3-9" start_char="355">s</TOKEN>
				<TOKEN end_char="360" id="token-3-10" start_char="357">gulf</TOKEN>
				<TOKEN end_char="366" id="token-3-11" start_char="362">coast</TOKEN>
				<TOKEN end_char="367" id="token-3-12" start_char="367">,</TOKEN>
				<TOKEN end_char="374" id="token-3-13" start_char="369">Ingrid</TOKEN>
				<TOKEN end_char="375" id="token-3-14" start_char="375">,</TOKEN>
				<TOKEN end_char="379" id="token-3-15" start_char="377">are</TOKEN>
				<TOKEN end_char="386" id="token-3-16" start_char="381">blamed</TOKEN>
				<TOKEN end_char="390" id="token-3-17" start_char="388">for</TOKEN>
				<TOKEN end_char="393" id="token-3-18" start_char="392">at</TOKEN>
				<TOKEN end_char="399" id="token-3-19" start_char="395">least</TOKEN>
				<TOKEN end_char="402" id="token-3-20" start_char="401">97</TOKEN>
				<TOKEN end_char="409" id="token-3-21" start_char="404">deaths</TOKEN>
				<TOKEN end_char="412" id="token-3-22" start_char="411">so</TOKEN>
				<TOKEN end_char="416" id="token-3-23" start_char="414">far</TOKEN>
				<TOKEN end_char="421" id="token-3-24" start_char="418">this</TOKEN>
				<TOKEN end_char="426" id="token-3-25" start_char="423">week</TOKEN>
				<TOKEN end_char="430" id="token-3-26" start_char="428">and</TOKEN>
				<TOKEN end_char="435" id="token-3-27" start_char="432">have</TOKEN>
				<TOKEN end_char="442" id="token-3-28" start_char="437">washed</TOKEN>
				<TOKEN end_char="446" id="token-3-29" start_char="444">out</TOKEN>
				<TOKEN end_char="452" id="token-3-30" start_char="448">roads</TOKEN>
				<TOKEN end_char="453" id="token-3-31" start_char="453">,</TOKEN>
				<TOKEN end_char="460" id="token-3-32" start_char="455">ruined</TOKEN>
				<TOKEN end_char="466" id="token-3-33" start_char="462">crops</TOKEN>
				<TOKEN end_char="470" id="token-3-34" start_char="468">and</TOKEN>
				<TOKEN end_char="478" id="token-3-35" start_char="472">severed</TOKEN>
				<TOKEN end_char="493" id="token-3-36" start_char="480">communications</TOKEN>
				<TOKEN end_char="496" id="token-3-37" start_char="495">in</TOKEN>
				<TOKEN end_char="501" id="token-3-38" start_char="498">wide</TOKEN>
				<TOKEN end_char="508" id="token-3-39" start_char="503">swaths</TOKEN>
				<TOKEN end_char="511" id="token-3-40" start_char="510">of</TOKEN>
				<TOKEN end_char="515" id="token-3-41" start_char="513">the</TOKEN>
				<TOKEN end_char="523" id="token-3-42" start_char="517">country</TOKEN>
				<TOKEN end_char="524" id="token-3-43" start_char="524">.</TOKEN>
			</SEG>
			<SEG end_char="932" id="20130919_WAPO_29093452-2146-11e3-ad1a-1a919f2ed890-4" start_char="526">
				<ORIGINAL_TEXT>After delivering its first blow as a tropical storm Sunday in southwestern Mexico, Manuel returned to the Pacific and drifted northward, reorganizing and gathering new momentum. It made landfall again Thursday as a Category 1 hurricane and flooded fishing villages along the Sea of Cortez, in the northwestern state of Sinaloa. At least 100,000 people suffered damage to their homes, state authorities said.</ORIGINAL_TEXT>
				<TOKEN end_char="530" id="token-4-0" start_char="526">After</TOKEN>
				<TOKEN end_char="541" id="token-4-1" start_char="532">delivering</TOKEN>
				<TOKEN end_char="545" id="token-4-2" start_char="543">its</TOKEN>
				<TOKEN end_char="551" id="token-4-3" start_char="547">first</TOKEN>
				<TOKEN end_char="556" id="token-4-4" start_char="553">blow</TOKEN>
				<TOKEN end_char="559" id="token-4-5" start_char="558">as</TOKEN>
				<TOKEN end_char="561" id="token-4-6" start_char="561">a</TOKEN>
				<TOKEN end_char="570" id="token-4-7" start_char="563">tropical</TOKEN>
				<TOKEN end_char="576" id="token-4-8" start_char="572">storm</TOKEN>
				<TOKEN end_char="583" id="token-4-9" start_char="578">Sunday</TOKEN>
				<TOKEN end_char="586" id="token-4-10" start_char="585">in</TOKEN>
				<TOKEN end_char="599" id="token-4-11" start_char="588">southwestern</TOKEN>
				<TOKEN end_char="606" id="token-4-12" start_char="601">Mexico</TOKEN>
				<TOKEN end_char="607" id="token-4-13" start_char="607">,</TOKEN>
				<TOKEN end_char="614" id="token-4-14" start_char="609">Manuel</TOKEN>
				<TOKEN end_char="623" id="token-4-15" start_char="616">returned</TOKEN>
				<TOKEN end_char="626" id="token-4-16" start_char="625">to</TOKEN>
				<TOKEN end_char="630" id="token-4-17" start_char="628">the</TOKEN>
				<TOKEN end_char="638" id="token-4-18" start_char="632">Pacific</TOKEN>
				<TOKEN end_char="642" id="token-4-19" start_char="640">and</TOKEN>
				<TOKEN end_char="650" id="token-4-20" start_char="644">drifted</TOKEN>
				<TOKEN end_char="660" id="token-4-21" start_char="652">northward</TOKEN>
				<TOKEN end_char="661" id="token-4-22" start_char="661">,</TOKEN>
				<TOKEN end_char="674" id="token-4-23" start_char="663">reorganizing</TOKEN>
				<TOKEN end_char="678" id="token-4-24" start_char="676">and</TOKEN>
				<TOKEN end_char="688" id="token-4-25" start_char="680">gathering</TOKEN>
				<TOKEN end_char="692" id="token-4-26" start_char="690">new</TOKEN>
				<TOKEN end_char="701" id="token-4-27" start_char="694">momentum</TOKEN>
				<TOKEN end_char="702" id="token-4-28" start_char="702">.</TOKEN>
				<TOKEN end_char="705" id="token-4-29" start_char="704">It</TOKEN>
				<TOKEN end_char="710" id="token-4-30" start_char="707">made</TOKEN>
				<TOKEN end_char="719" id="token-4-31" start_char="712">landfall</TOKEN>
				<TOKEN end_char="725" id="token-4-32" start_char="721">again</TOKEN>
				<TOKEN end_char="734" id="token-4-33" start_char="727">Thursday</TOKEN>
				<TOKEN end_char="737" id="token-4-34" start_char="736">as</TOKEN>
				<TOKEN end_char="739" id="token-4-35" start_char="739">a</TOKEN>
				<TOKEN end_char="748" id="token-4-36" start_char="741">Category</TOKEN>
				<TOKEN end_char="750" id="token-4-37" start_char="750">1</TOKEN>
				<TOKEN end_char="760" id="token-4-38" start_char="752">hurricane</TOKEN>
				<TOKEN end_char="764" id="token-4-39" start_char="762">and</TOKEN>
				<TOKEN end_char="772" id="token-4-40" start_char="766">flooded</TOKEN>
				<TOKEN end_char="780" id="token-4-41" start_char="774">fishing</TOKEN>
				<TOKEN end_char="789" id="token-4-42" start_char="782">villages</TOKEN>
				<TOKEN end_char="795" id="token-4-43" start_char="791">along</TOKEN>
				<TOKEN end_char="799" id="token-4-44" start_char="797">the</TOKEN>
				<TOKEN end_char="803" id="token-4-45" start_char="801">Sea</TOKEN>
				<TOKEN end_char="806" id="token-4-46" start_char="805">of</TOKEN>
				<TOKEN end_char="813" id="token-4-47" start_char="808">Cortez</TOKEN>
				<TOKEN end_char="814" id="token-4-48" start_char="814">,</TOKEN>
				<TOKEN end_char="817" id="token-4-49" start_char="816">in</TOKEN>
				<TOKEN end_char="821" id="token-4-50" start_char="819">the</TOKEN>
				<TOKEN end_char="834" id="token-4-51" start_char="823">northwestern</TOKEN>
				<TOKEN end_char="840" id="token-4-52" start_char="836">state</TOKEN>
				<TOKEN end_char="843" id="token-4-53" start_char="842">of</TOKEN>
				<TOKEN end_char="851" id="token-4-54" start_char="845">Sinaloa</TOKEN>
				<TOKEN end_char="852" id="token-4-55" start_char="852">.</TOKEN>
				<TOKEN end_char="855" id="token-4-56" start_char="854">At</TOKEN>
				<TOKEN end_char="861" id="token-4-57" start_char="857">least</TOKEN>
				<TOKEN end_char="865" id="token-4-58" start_char="863">100</TOKEN>
				<TOKEN end_char="866" id="token-4-59" start_char="866">,</TOKEN>
				<TOKEN end_char="869" id="token-4-60" start_char="867">000</TOKEN>
				<TOKEN end_char="876" id="token-4-61" start_char="871">people</TOKEN>
				<TOKEN end_char="885" id="token-4-62" start_char="878">suffered</TOKEN>
				<TOKEN end_char="892" id="token-4-63" start_char="887">damage</TOKEN>
				<TOKEN end_char="895" id="token-4-64" start_char="894">to</TOKEN>
				<TOKEN end_char="901" id="token-4-65" start_char="897">their</TOKEN>
				<TOKEN end_char="907" id="token-4-66" start_char="903">homes</TOKEN>
				<TOKEN end_char="908" id="token-4-67" start_char="908">,</TOKEN>
				<TOKEN end_char="914" id="token-4-68" start_char="910">state</TOKEN>
				<TOKEN end_char="926" id="token-4-69" start_char="916">authorities</TOKEN>
				<TOKEN end_char="931" id="token-4-70" start_char="928">said</TOKEN>
				<TOKEN end_char="932" id="token-4-71" start_char="932">.</TOKEN>
			</SEG>
			<SEG end_char="1186" id="20130919_WAPO_29093452-2146-11e3-ad1a-1a919f2ed890-5" start_char="934">
				<ORIGINAL_TEXT>Mexico’s hardest-hit region has been the southwestern coastal state of Guerrero, including the resort area of Acapulco, where Manuel’s landfall Sunday left tens of thousands of tourists stranded and triggered devastating mudslides in nearby communities.</ORIGINAL_TEXT>
				<TOKEN end_char="939" id="token-5-0" start_char="934">Mexico</TOKEN>
				<TOKEN end_char="940" id="token-5-1" start_char="940">’</TOKEN>
				<TOKEN end_char="941" id="token-5-2" start_char="941">s</TOKEN>
				<TOKEN end_char="949" id="token-5-3" start_char="943">hardest</TOKEN>
				<TOKEN end_char="950" id="token-5-4" start_char="950">-</TOKEN>
				<TOKEN end_char="953" id="token-5-5" start_char="951">hit</TOKEN>
				<TOKEN end_char="960" id="token-5-6" start_char="955">region</TOKEN>
				<TOKEN end_char="964" id="token-5-7" start_char="962">has</TOKEN>
				<TOKEN end_char="969" id="token-5-8" start_char="966">been</TOKEN>
				<TOKEN end_char="973" id="token-5-9" start_char="971">the</TOKEN>
				<TOKEN end_char="986" id="token-5-10" start_char="975">southwestern</TOKEN>
				<TOKEN end_char="994" id="token-5-11" start_char="988">coastal</TOKEN>
				<TOKEN end_char="1000" id="token-5-12" start_char="996">state</TOKEN>
				<TOKEN end_char="1003" id="token-5-13" start_char="1002">of</TOKEN>
				<TOKEN end_char="1012" id="token-5-14" start_char="1005">Guerrero</TOKEN>
				<TOKEN end_char="1013" id="token-5-15" start_char="1013">,</TOKEN>
				<TOKEN end_char="1023" id="token-5-16" start_char="1015">including</TOKEN>
				<TOKEN end_char="1027" id="token-5-17" start_char="1025">the</TOKEN>
				<TOKEN end_char="1034" id="token-5-18" start_char="1029">resort</TOKEN>
				<TOKEN end_char="1039" id="token-5-19" start_char="1036">area</TOKEN>
				<TOKEN end_char="1042" id="token-5-20" start_char="1041">of</TOKEN>
				<TOKEN end_char="1051" id="token-5-21" start_char="1044">Acapulco</TOKEN>
				<TOKEN end_char="1052" id="token-5-22" start_char="1052">,</TOKEN>
				<TOKEN end_char="1058" id="token-5-23" start_char="1054">where</TOKEN>
				<TOKEN end_char="1065" id="token-5-24" start_char="1060">Manuel</TOKEN>
				<TOKEN end_char="1066" id="token-5-25" start_char="1066">’</TOKEN>
				<TOKEN end_char="1067" id="token-5-26" start_char="1067">s</TOKEN>
				<TOKEN end_char="1076" id="token-5-27" start_char="1069">landfall</TOKEN>
				<TOKEN end_char="1083" id="token-5-28" start_char="1078">Sunday</TOKEN>
				<TOKEN end_char="1088" id="token-5-29" start_char="1085">left</TOKEN>
				<TOKEN end_char="1093" id="token-5-30" start_char="1090">tens</TOKEN>
				<TOKEN end_char="1096" id="token-5-31" start_char="1095">of</TOKEN>
				<TOKEN end_char="1106" id="token-5-32" start_char="1098">thousands</TOKEN>
				<TOKEN end_char="1109" id="token-5-33" start_char="1108">of</TOKEN>
				<TOKEN end_char="1118" id="token-5-34" start_char="1111">tourists</TOKEN>
				<TOKEN end_char="1127" id="token-5-35" start_char="1120">stranded</TOKEN>
				<TOKEN end_char="1131" id="token-5-36" start_char="1129">and</TOKEN>
				<TOKEN end_char="1141" id="token-5-37" start_char="1133">triggered</TOKEN>
				<TOKEN end_char="1153" id="token-5-38" start_char="1143">devastating</TOKEN>
				<TOKEN end_char="1163" id="token-5-39" start_char="1155">mudslides</TOKEN>
				<TOKEN end_char="1166" id="token-5-40" start_char="1165">in</TOKEN>
				<TOKEN end_char="1173" id="token-5-41" start_char="1168">nearby</TOKEN>
				<TOKEN end_char="1185" id="token-5-42" start_char="1175">communities</TOKEN>
				<TOKEN end_char="1186" id="token-5-43" start_char="1186">.</TOKEN>
			</SEG>
			<SEG end_char="1509" id="20130919_WAPO_29093452-2146-11e3-ad1a-1a919f2ed890-6" start_char="1188">
				<ORIGINAL_TEXT>The Mexican government has mobilized troops and organized relief flights to Acapulco to deliver supplies and evacuate tourists, but large portions of the city remain flooded, including the airport terminal. Television footage has shown looters ransacking a local Costco and a crocodile thrashing around on one city street.</ORIGINAL_TEXT>
				<TOKEN end_char="1190" id="token-6-0" start_char="1188">The</TOKEN>
				<TOKEN end_char="1198" id="token-6-1" start_char="1192">Mexican</TOKEN>
				<TOKEN end_char="1209" id="token-6-2" start_char="1200">government</TOKEN>
				<TOKEN end_char="1213" id="token-6-3" start_char="1211">has</TOKEN>
				<TOKEN end_char="1223" id="token-6-4" start_char="1215">mobilized</TOKEN>
				<TOKEN end_char="1230" id="token-6-5" start_char="1225">troops</TOKEN>
				<TOKEN end_char="1234" id="token-6-6" start_char="1232">and</TOKEN>
				<TOKEN end_char="1244" id="token-6-7" start_char="1236">organized</TOKEN>
				<TOKEN end_char="1251" id="token-6-8" start_char="1246">relief</TOKEN>
				<TOKEN end_char="1259" id="token-6-9" start_char="1253">flights</TOKEN>
				<TOKEN end_char="1262" id="token-6-10" start_char="1261">to</TOKEN>
				<TOKEN end_char="1271" id="token-6-11" start_char="1264">Acapulco</TOKEN>
				<TOKEN end_char="1274" id="token-6-12" start_char="1273">to</TOKEN>
				<TOKEN end_char="1282" id="token-6-13" start_char="1276">deliver</TOKEN>
				<TOKEN end_char="1291" id="token-6-14" start_char="1284">supplies</TOKEN>
				<TOKEN end_char="1295" id="token-6-15" start_char="1293">and</TOKEN>
				<TOKEN end_char="1304" id="token-6-16" start_char="1297">evacuate</TOKEN>
				<TOKEN end_char="1313" id="token-6-17" start_char="1306">tourists</TOKEN>
				<TOKEN end_char="1314" id="token-6-18" start_char="1314">,</TOKEN>
				<TOKEN end_char="1318" id="token-6-19" start_char="1316">but</TOKEN>
				<TOKEN end_char="1324" id="token-6-20" start_char="1320">large</TOKEN>
				<TOKEN end_char="1333" id="token-6-21" start_char="1326">portions</TOKEN>
				<TOKEN end_char="1336" id="token-6-22" start_char="1335">of</TOKEN>
				<TOKEN end_char="1340" id="token-6-23" start_char="1338">the</TOKEN>
				<TOKEN end_char="1345" id="token-6-24" start_char="1342">city</TOKEN>
				<TOKEN end_char="1352" id="token-6-25" start_char="1347">remain</TOKEN>
				<TOKEN end_char="1360" id="token-6-26" start_char="1354">flooded</TOKEN>
				<TOKEN end_char="1361" id="token-6-27" start_char="1361">,</TOKEN>
				<TOKEN end_char="1371" id="token-6-28" start_char="1363">including</TOKEN>
				<TOKEN end_char="1375" id="token-6-29" start_char="1373">the</TOKEN>
				<TOKEN end_char="1383" id="token-6-30" start_char="1377">airport</TOKEN>
				<TOKEN end_char="1392" id="token-6-31" start_char="1385">terminal</TOKEN>
				<TOKEN end_char="1393" id="token-6-32" start_char="1393">.</TOKEN>
				<TOKEN end_char="1404" id="token-6-33" start_char="1395">Television</TOKEN>
				<TOKEN end_char="1412" id="token-6-34" start_char="1406">footage</TOKEN>
				<TOKEN end_char="1416" id="token-6-35" start_char="1414">has</TOKEN>
				<TOKEN end_char="1422" id="token-6-36" start_char="1418">shown</TOKEN>
				<TOKEN end_char="1430" id="token-6-37" start_char="1424">looters</TOKEN>
				<TOKEN end_char="1441" id="token-6-38" start_char="1432">ransacking</TOKEN>
				<TOKEN end_char="1443" id="token-6-39" start_char="1443">a</TOKEN>
				<TOKEN end_char="1449" id="token-6-40" start_char="1445">local</TOKEN>
				<TOKEN end_char="1456" id="token-6-41" start_char="1451">Costco</TOKEN>
				<TOKEN end_char="1460" id="token-6-42" start_char="1458">and</TOKEN>
				<TOKEN end_char="1462" id="token-6-43" start_char="1462">a</TOKEN>
				<TOKEN end_char="1472" id="token-6-44" start_char="1464">crocodile</TOKEN>
				<TOKEN end_char="1482" id="token-6-45" start_char="1474">thrashing</TOKEN>
				<TOKEN end_char="1489" id="token-6-46" start_char="1484">around</TOKEN>
				<TOKEN end_char="1492" id="token-6-47" start_char="1491">on</TOKEN>
				<TOKEN end_char="1496" id="token-6-48" start_char="1494">one</TOKEN>
				<TOKEN end_char="1501" id="token-6-49" start_char="1498">city</TOKEN>
				<TOKEN end_char="1508" id="token-6-50" start_char="1503">street</TOKEN>
				<TOKEN end_char="1509" id="token-6-51" start_char="1509">.</TOKEN>
			</SEG>
			<SEG end_char="1765" id="20130919_WAPO_29093452-2146-11e3-ad1a-1a919f2ed890-7" start_char="1511">
				<ORIGINAL_TEXT>The death toll from the storms is expected to rise as authorities reach remote mountain towns cut off by mudslides. In La Pintada, a village outside Acapulco, at least 58 people remained missing after a hillside collapsed, swamping homes with gushing mud.</ORIGINAL_TEXT>
				<TOKEN end_char="1513" id="token-7-0" start_char="1511">The</TOKEN>
				<TOKEN end_char="1519" id="token-7-1" start_char="1515">death</TOKEN>
				<TOKEN end_char="1524" id="token-7-2" start_char="1521">toll</TOKEN>
				<TOKEN end_char="1529" id="token-7-3" start_char="1526">from</TOKEN>
				<TOKEN end_char="1533" id="token-7-4" start_char="1531">the</TOKEN>
				<TOKEN end_char="1540" id="token-7-5" start_char="1535">storms</TOKEN>
				<TOKEN end_char="1543" id="token-7-6" start_char="1542">is</TOKEN>
				<TOKEN end_char="1552" id="token-7-7" start_char="1545">expected</TOKEN>
				<TOKEN end_char="1555" id="token-7-8" start_char="1554">to</TOKEN>
				<TOKEN end_char="1560" id="token-7-9" start_char="1557">rise</TOKEN>
				<TOKEN end_char="1563" id="token-7-10" start_char="1562">as</TOKEN>
				<TOKEN end_char="1575" id="token-7-11" start_char="1565">authorities</TOKEN>
				<TOKEN end_char="1581" id="token-7-12" start_char="1577">reach</TOKEN>
				<TOKEN end_char="1588" id="token-7-13" start_char="1583">remote</TOKEN>
				<TOKEN end_char="1597" id="token-7-14" start_char="1590">mountain</TOKEN>
				<TOKEN end_char="1603" id="token-7-15" start_char="1599">towns</TOKEN>
				<TOKEN end_char="1607" id="token-7-16" start_char="1605">cut</TOKEN>
				<TOKEN end_char="1611" id="token-7-17" start_char="1609">off</TOKEN>
				<TOKEN end_char="1614" id="token-7-18" start_char="1613">by</TOKEN>
				<TOKEN end_char="1624" id="token-7-19" start_char="1616">mudslides</TOKEN>
				<TOKEN end_char="1625" id="token-7-20" start_char="1625">.</TOKEN>
				<TOKEN end_char="1628" id="token-7-21" start_char="1627">In</TOKEN>
				<TOKEN end_char="1631" id="token-7-22" start_char="1630">La</TOKEN>
				<TOKEN end_char="1639" id="token-7-23" start_char="1633">Pintada</TOKEN>
				<TOKEN end_char="1640" id="token-7-24" start_char="1640">,</TOKEN>
				<TOKEN end_char="1642" id="token-7-25" start_char="1642">a</TOKEN>
				<TOKEN end_char="1650" id="token-7-26" start_char="1644">village</TOKEN>
				<TOKEN end_char="1658" id="token-7-27" start_char="1652">outside</TOKEN>
				<TOKEN end_char="1667" id="token-7-28" start_char="1660">Acapulco</TOKEN>
				<TOKEN end_char="1668" id="token-7-29" start_char="1668">,</TOKEN>
				<TOKEN end_char="1671" id="token-7-30" start_char="1670">at</TOKEN>
				<TOKEN end_char="1677" id="token-7-31" start_char="1673">least</TOKEN>
				<TOKEN end_char="1680" id="token-7-32" start_char="1679">58</TOKEN>
				<TOKEN end_char="1687" id="token-7-33" start_char="1682">people</TOKEN>
				<TOKEN end_char="1696" id="token-7-34" start_char="1689">remained</TOKEN>
				<TOKEN end_char="1704" id="token-7-35" start_char="1698">missing</TOKEN>
				<TOKEN end_char="1710" id="token-7-36" start_char="1706">after</TOKEN>
				<TOKEN end_char="1712" id="token-7-37" start_char="1712">a</TOKEN>
				<TOKEN end_char="1721" id="token-7-38" start_char="1714">hillside</TOKEN>
				<TOKEN end_char="1731" id="token-7-39" start_char="1723">collapsed</TOKEN>
				<TOKEN end_char="1732" id="token-7-40" start_char="1732">,</TOKEN>
				<TOKEN end_char="1741" id="token-7-41" start_char="1734">swamping</TOKEN>
				<TOKEN end_char="1747" id="token-7-42" start_char="1743">homes</TOKEN>
				<TOKEN end_char="1752" id="token-7-43" start_char="1749">with</TOKEN>
				<TOKEN end_char="1760" id="token-7-44" start_char="1754">gushing</TOKEN>
				<TOKEN end_char="1764" id="token-7-45" start_char="1762">mud</TOKEN>
				<TOKEN end_char="1765" id="token-7-46" start_char="1765">.</TOKEN>
			</SEG>
			<SEG end_char="2003" id="20130919_WAPO_29093452-2146-11e3-ad1a-1a919f2ed890-8" start_char="1767">
				<ORIGINAL_TEXT>“It was as if the mountain exploded,” said Amelia Saldaña Gregorio, telling Mexico’s El Universal that her four children and mother were entombed in the sludge. “It came crashing down in seconds, carrying away houses and burying others.”</ORIGINAL_TEXT>
				<TOKEN end_char="1767" id="token-8-0" start_char="1767">“</TOKEN>
				<TOKEN end_char="1769" id="token-8-1" start_char="1768">It</TOKEN>
				<TOKEN end_char="1773" id="token-8-2" start_char="1771">was</TOKEN>
				<TOKEN end_char="1776" id="token-8-3" start_char="1775">as</TOKEN>
				<TOKEN end_char="1779" id="token-8-4" start_char="1778">if</TOKEN>
				<TOKEN end_char="1783" id="token-8-5" start_char="1781">the</TOKEN>
				<TOKEN end_char="1792" id="token-8-6" start_char="1785">mountain</TOKEN>
				<TOKEN end_char="1801" id="token-8-7" start_char="1794">exploded</TOKEN>
				<TOKEN end_char="1803" id="token-8-8" start_char="1802">,”</TOKEN>
				<TOKEN end_char="1808" id="token-8-9" start_char="1805">said</TOKEN>
				<TOKEN end_char="1815" id="token-8-10" start_char="1810">Amelia</TOKEN>
				<TOKEN end_char="1823" id="token-8-11" start_char="1817">Saldaña</TOKEN>
				<TOKEN end_char="1832" id="token-8-12" start_char="1825">Gregorio</TOKEN>
				<TOKEN end_char="1833" id="token-8-13" start_char="1833">,</TOKEN>
				<TOKEN end_char="1841" id="token-8-14" start_char="1835">telling</TOKEN>
				<TOKEN end_char="1848" id="token-8-15" start_char="1843">Mexico</TOKEN>
				<TOKEN end_char="1849" id="token-8-16" start_char="1849">’</TOKEN>
				<TOKEN end_char="1850" id="token-8-17" start_char="1850">s</TOKEN>
				<TOKEN end_char="1853" id="token-8-18" start_char="1852">El</TOKEN>
				<TOKEN end_char="1863" id="token-8-19" start_char="1855">Universal</TOKEN>
				<TOKEN end_char="1868" id="token-8-20" start_char="1865">that</TOKEN>
				<TOKEN end_char="1872" id="token-8-21" start_char="1870">her</TOKEN>
				<TOKEN end_char="1877" id="token-8-22" start_char="1874">four</TOKEN>
				<TOKEN end_char="1886" id="token-8-23" start_char="1879">children</TOKEN>
				<TOKEN end_char="1890" id="token-8-24" start_char="1888">and</TOKEN>
				<TOKEN end_char="1897" id="token-8-25" start_char="1892">mother</TOKEN>
				<TOKEN end_char="1902" id="token-8-26" start_char="1899">were</TOKEN>
				<TOKEN end_char="1911" id="token-8-27" start_char="1904">entombed</TOKEN>
				<TOKEN end_char="1914" id="token-8-28" start_char="1913">in</TOKEN>
				<TOKEN end_char="1918" id="token-8-29" start_char="1916">the</TOKEN>
				<TOKEN end_char="1925" id="token-8-30" start_char="1920">sludge</TOKEN>
				<TOKEN end_char="1926" id="token-8-31" start_char="1926">.</TOKEN>
				<TOKEN end_char="1928" id="token-8-32" start_char="1928">“</TOKEN>
				<TOKEN end_char="1930" id="token-8-33" start_char="1929">It</TOKEN>
				<TOKEN end_char="1935" id="token-8-34" start_char="1932">came</TOKEN>
				<TOKEN end_char="1944" id="token-8-35" start_char="1937">crashing</TOKEN>
				<TOKEN end_char="1949" id="token-8-36" start_char="1946">down</TOKEN>
				<TOKEN end_char="1952" id="token-8-37" start_char="1951">in</TOKEN>
				<TOKEN end_char="1960" id="token-8-38" start_char="1954">seconds</TOKEN>
				<TOKEN end_char="1961" id="token-8-39" start_char="1961">,</TOKEN>
				<TOKEN end_char="1970" id="token-8-40" start_char="1963">carrying</TOKEN>
				<TOKEN end_char="1975" id="token-8-41" start_char="1972">away</TOKEN>
				<TOKEN end_char="1982" id="token-8-42" start_char="1977">houses</TOKEN>
				<TOKEN end_char="1986" id="token-8-43" start_char="1984">and</TOKEN>
				<TOKEN end_char="1994" id="token-8-44" start_char="1988">burying</TOKEN>
				<TOKEN end_char="2001" id="token-8-45" start_char="1996">others</TOKEN>
				<TOKEN end_char="2003" id="token-8-46" start_char="2002">.”</TOKEN>
			</SEG>
			<SEG end_char="2381" id="20130919_WAPO_29093452-2146-11e3-ad1a-1a919f2ed890-9" start_char="2005">
				<ORIGINAL_TEXT>The government has yet to release estimates of the overall damage caused by Manuel and Ingrid, but Treasury officials said they had set aside $1 billion in relief funds. Aerial photos released by federal officials show several roadways and bridges washed out by the storms, including portions of major arteries, such as the “Highway of the Sun” linking Acapulco to Mexico City.</ORIGINAL_TEXT>
				<TOKEN end_char="2007" id="token-9-0" start_char="2005">The</TOKEN>
				<TOKEN end_char="2018" id="token-9-1" start_char="2009">government</TOKEN>
				<TOKEN end_char="2022" id="token-9-2" start_char="2020">has</TOKEN>
				<TOKEN end_char="2026" id="token-9-3" start_char="2024">yet</TOKEN>
				<TOKEN end_char="2029" id="token-9-4" start_char="2028">to</TOKEN>
				<TOKEN end_char="2037" id="token-9-5" start_char="2031">release</TOKEN>
				<TOKEN end_char="2047" id="token-9-6" start_char="2039">estimates</TOKEN>
				<TOKEN end_char="2050" id="token-9-7" start_char="2049">of</TOKEN>
				<TOKEN end_char="2054" id="token-9-8" start_char="2052">the</TOKEN>
				<TOKEN end_char="2062" id="token-9-9" start_char="2056">overall</TOKEN>
				<TOKEN end_char="2069" id="token-9-10" start_char="2064">damage</TOKEN>
				<TOKEN end_char="2076" id="token-9-11" start_char="2071">caused</TOKEN>
				<TOKEN end_char="2079" id="token-9-12" start_char="2078">by</TOKEN>
				<TOKEN end_char="2086" id="token-9-13" start_char="2081">Manuel</TOKEN>
				<TOKEN end_char="2090" id="token-9-14" start_char="2088">and</TOKEN>
				<TOKEN end_char="2097" id="token-9-15" start_char="2092">Ingrid</TOKEN>
				<TOKEN end_char="2098" id="token-9-16" start_char="2098">,</TOKEN>
				<TOKEN end_char="2102" id="token-9-17" start_char="2100">but</TOKEN>
				<TOKEN end_char="2111" id="token-9-18" start_char="2104">Treasury</TOKEN>
				<TOKEN end_char="2121" id="token-9-19" start_char="2113">officials</TOKEN>
				<TOKEN end_char="2126" id="token-9-20" start_char="2123">said</TOKEN>
				<TOKEN end_char="2131" id="token-9-21" start_char="2128">they</TOKEN>
				<TOKEN end_char="2135" id="token-9-22" start_char="2133">had</TOKEN>
				<TOKEN end_char="2139" id="token-9-23" start_char="2137">set</TOKEN>
				<TOKEN end_char="2145" id="token-9-24" start_char="2141">aside</TOKEN>
				<TOKEN end_char="2147" id="token-9-25" start_char="2147">$</TOKEN>
				<TOKEN end_char="2148" id="token-9-26" start_char="2148">1</TOKEN>
				<TOKEN end_char="2156" id="token-9-27" start_char="2150">billion</TOKEN>
				<TOKEN end_char="2159" id="token-9-28" start_char="2158">in</TOKEN>
				<TOKEN end_char="2166" id="token-9-29" start_char="2161">relief</TOKEN>
				<TOKEN end_char="2172" id="token-9-30" start_char="2168">funds</TOKEN>
				<TOKEN end_char="2173" id="token-9-31" start_char="2173">.</TOKEN>
				<TOKEN end_char="2180" id="token-9-32" start_char="2175">Aerial</TOKEN>
				<TOKEN end_char="2187" id="token-9-33" start_char="2182">photos</TOKEN>
				<TOKEN end_char="2196" id="token-9-34" start_char="2189">released</TOKEN>
				<TOKEN end_char="2199" id="token-9-35" start_char="2198">by</TOKEN>
				<TOKEN end_char="2207" id="token-9-36" start_char="2201">federal</TOKEN>
				<TOKEN end_char="2217" id="token-9-37" start_char="2209">officials</TOKEN>
				<TOKEN end_char="2222" id="token-9-38" start_char="2219">show</TOKEN>
				<TOKEN end_char="2230" id="token-9-39" start_char="2224">several</TOKEN>
				<TOKEN end_char="2239" id="token-9-40" start_char="2232">roadways</TOKEN>
				<TOKEN end_char="2243" id="token-9-41" start_char="2241">and</TOKEN>
				<TOKEN end_char="2251" id="token-9-42" start_char="2245">bridges</TOKEN>
				<TOKEN end_char="2258" id="token-9-43" start_char="2253">washed</TOKEN>
				<TOKEN end_char="2262" id="token-9-44" start_char="2260">out</TOKEN>
				<TOKEN end_char="2265" id="token-9-45" start_char="2264">by</TOKEN>
				<TOKEN end_char="2269" id="token-9-46" start_char="2267">the</TOKEN>
				<TOKEN end_char="2276" id="token-9-47" start_char="2271">storms</TOKEN>
				<TOKEN end_char="2277" id="token-9-48" start_char="2277">,</TOKEN>
				<TOKEN end_char="2287" id="token-9-49" start_char="2279">including</TOKEN>
				<TOKEN end_char="2296" id="token-9-50" start_char="2289">portions</TOKEN>
				<TOKEN end_char="2299" id="token-9-51" start_char="2298">of</TOKEN>
				<TOKEN end_char="2305" id="token-9-52" start_char="2301">major</TOKEN>
				<TOKEN end_char="2314" id="token-9-53" start_char="2307">arteries</TOKEN>
				<TOKEN end_char="2315" id="token-9-54" start_char="2315">,</TOKEN>
				<TOKEN end_char="2320" id="token-9-55" start_char="2317">such</TOKEN>
				<TOKEN end_char="2323" id="token-9-56" start_char="2322">as</TOKEN>
				<TOKEN end_char="2327" id="token-9-57" start_char="2325">the</TOKEN>
				<TOKEN end_char="2329" id="token-9-58" start_char="2329">“</TOKEN>
				<TOKEN end_char="2336" id="token-9-59" start_char="2330">Highway</TOKEN>
				<TOKEN end_char="2339" id="token-9-60" start_char="2338">of</TOKEN>
				<TOKEN end_char="2343" id="token-9-61" start_char="2341">the</TOKEN>
				<TOKEN end_char="2347" id="token-9-62" start_char="2345">Sun</TOKEN>
				<TOKEN end_char="2348" id="token-9-63" start_char="2348">”</TOKEN>
				<TOKEN end_char="2356" id="token-9-64" start_char="2350">linking</TOKEN>
				<TOKEN end_char="2365" id="token-9-65" start_char="2358">Acapulco</TOKEN>
				<TOKEN end_char="2368" id="token-9-66" start_char="2367">to</TOKEN>
				<TOKEN end_char="2375" id="token-9-67" start_char="2370">Mexico</TOKEN>
				<TOKEN end_char="2380" id="token-9-68" start_char="2377">City</TOKEN>
				<TOKEN end_char="2381" id="token-9-69" start_char="2381">.</TOKEN>
			</SEG>
			<SEG end_char="2527" id="20130919_WAPO_29093452-2146-11e3-ad1a-1a919f2ed890-10" start_char="2383">
				<ORIGINAL_TEXT>Yet another storm system was brewing Thursday near Mexico’s Yucatan Peninsula. It would be dubbed “Jerry” if it achieves tropical storm strength.</ORIGINAL_TEXT>
				<TOKEN end_char="2385" id="token-10-0" start_char="2383">Yet</TOKEN>
				<TOKEN end_char="2393" id="token-10-1" start_char="2387">another</TOKEN>
				<TOKEN end_char="2399" id="token-10-2" start_char="2395">storm</TOKEN>
				<TOKEN end_char="2406" id="token-10-3" start_char="2401">system</TOKEN>
				<TOKEN end_char="2410" id="token-10-4" start_char="2408">was</TOKEN>
				<TOKEN end_char="2418" id="token-10-5" start_char="2412">brewing</TOKEN>
				<TOKEN end_char="2427" id="token-10-6" start_char="2420">Thursday</TOKEN>
				<TOKEN end_char="2432" id="token-10-7" start_char="2429">near</TOKEN>
				<TOKEN end_char="2439" id="token-10-8" start_char="2434">Mexico</TOKEN>
				<TOKEN end_char="2440" id="token-10-9" start_char="2440">’</TOKEN>
				<TOKEN end_char="2441" id="token-10-10" start_char="2441">s</TOKEN>
				<TOKEN end_char="2449" id="token-10-11" start_char="2443">Yucatan</TOKEN>
				<TOKEN end_char="2459" id="token-10-12" start_char="2451">Peninsula</TOKEN>
				<TOKEN end_char="2460" id="token-10-13" start_char="2460">.</TOKEN>
				<TOKEN end_char="2463" id="token-10-14" start_char="2462">It</TOKEN>
				<TOKEN end_char="2469" id="token-10-15" start_char="2465">would</TOKEN>
				<TOKEN end_char="2472" id="token-10-16" start_char="2471">be</TOKEN>
				<TOKEN end_char="2479" id="token-10-17" start_char="2474">dubbed</TOKEN>
				<TOKEN end_char="2481" id="token-10-18" start_char="2481">“</TOKEN>
				<TOKEN end_char="2486" id="token-10-19" start_char="2482">Jerry</TOKEN>
				<TOKEN end_char="2487" id="token-10-20" start_char="2487">”</TOKEN>
				<TOKEN end_char="2490" id="token-10-21" start_char="2489">if</TOKEN>
				<TOKEN end_char="2493" id="token-10-22" start_char="2492">it</TOKEN>
				<TOKEN end_char="2502" id="token-10-23" start_char="2495">achieves</TOKEN>
				<TOKEN end_char="2511" id="token-10-24" start_char="2504">tropical</TOKEN>
				<TOKEN end_char="2517" id="token-10-25" start_char="2513">storm</TOKEN>
				<TOKEN end_char="2526" id="token-10-26" start_char="2519">strength</TOKEN>
				<TOKEN end_char="2527" id="token-10-27" start_char="2527">.</TOKEN>
			</SEG>
		</TEXT>
	</DOC>
</LCTL_TEXT>
