<?xml version="1.0" encoding="utf-8"?>
<LCTL_TEXT>
	<DOC id="20130213_WAPO_c9e6e21e-7603-11e2-aa12-e6cf1d31106b">
		<TEXT>
			<SEG end_char="59" id="20130213_WAPO_c9e6e21e-7603-11e2-aa12-e6cf1d31106b-0" start_char="0">
				<ORIGINAL_TEXT>Group prays on Capitol Hill in support of immigration reform</ORIGINAL_TEXT>
				<TOKEN end_char="4" id="token-0-0" start_char="0">Group</TOKEN>
				<TOKEN end_char="10" id="token-0-1" start_char="6">prays</TOKEN>
				<TOKEN end_char="13" id="token-0-2" start_char="12">on</TOKEN>
				<TOKEN end_char="21" id="token-0-3" start_char="15">Capitol</TOKEN>
				<TOKEN end_char="26" id="token-0-4" start_char="23">Hill</TOKEN>
				<TOKEN end_char="29" id="token-0-5" start_char="28">in</TOKEN>
				<TOKEN end_char="37" id="token-0-6" start_char="31">support</TOKEN>
				<TOKEN end_char="40" id="token-0-7" start_char="39">of</TOKEN>
				<TOKEN end_char="52" id="token-0-8" start_char="42">immigration</TOKEN>
				<TOKEN end_char="59" id="token-0-9" start_char="54">reform</TOKEN>
			</SEG>
			<SEG end_char="107" id="20130213_WAPO_c9e6e21e-7603-11e2-aa12-e6cf1d31106b-1" start_char="61">
				<ORIGINAL_TEXT>Wednesday, February 13, 2013 12:01:00 GMT-05:00</ORIGINAL_TEXT>
				<TOKEN end_char="69" id="token-1-0" start_char="61">Wednesday</TOKEN>
				<TOKEN end_char="70" id="token-1-1" start_char="70">,</TOKEN>
				<TOKEN end_char="79" id="token-1-2" start_char="72">February</TOKEN>
				<TOKEN end_char="82" id="token-1-3" start_char="81">13</TOKEN>
				<TOKEN end_char="83" id="token-1-4" start_char="83">,</TOKEN>
				<TOKEN end_char="88" id="token-1-5" start_char="85">2013</TOKEN>
				<TOKEN end_char="91" id="token-1-6" start_char="90">12</TOKEN>
				<TOKEN end_char="92" id="token-1-7" start_char="92">:</TOKEN>
				<TOKEN end_char="94" id="token-1-8" start_char="93">01</TOKEN>
				<TOKEN end_char="95" id="token-1-9" start_char="95">:</TOKEN>
				<TOKEN end_char="97" id="token-1-10" start_char="96">00</TOKEN>
				<TOKEN end_char="101" id="token-1-11" start_char="99">GMT</TOKEN>
				<TOKEN end_char="102" id="token-1-12" start_char="102">-</TOKEN>
				<TOKEN end_char="104" id="token-1-13" start_char="103">05</TOKEN>
				<TOKEN end_char="105" id="token-1-14" start_char="105">:</TOKEN>
				<TOKEN end_char="107" id="token-1-15" start_char="106">00</TOKEN>
			</SEG>
			<SEG end_char="409" id="20130213_WAPO_c9e6e21e-7603-11e2-aa12-e6cf1d31106b-2" start_char="109">
				<ORIGINAL_TEXT>A circle of people gathered around a makeshift outdoor altar on Capitol Hill early Wednesday, praying that senators at a hearing nearby would reform a failed immigration system that they said has caused millions of people to face “constant fear of deportation” and spend years “living in the shadows.”</ORIGINAL_TEXT>
				<TOKEN end_char="109" id="token-2-0" start_char="109">A</TOKEN>
				<TOKEN end_char="116" id="token-2-1" start_char="111">circle</TOKEN>
				<TOKEN end_char="119" id="token-2-2" start_char="118">of</TOKEN>
				<TOKEN end_char="126" id="token-2-3" start_char="121">people</TOKEN>
				<TOKEN end_char="135" id="token-2-4" start_char="128">gathered</TOKEN>
				<TOKEN end_char="142" id="token-2-5" start_char="137">around</TOKEN>
				<TOKEN end_char="144" id="token-2-6" start_char="144">a</TOKEN>
				<TOKEN end_char="154" id="token-2-7" start_char="146">makeshift</TOKEN>
				<TOKEN end_char="162" id="token-2-8" start_char="156">outdoor</TOKEN>
				<TOKEN end_char="168" id="token-2-9" start_char="164">altar</TOKEN>
				<TOKEN end_char="171" id="token-2-10" start_char="170">on</TOKEN>
				<TOKEN end_char="179" id="token-2-11" start_char="173">Capitol</TOKEN>
				<TOKEN end_char="184" id="token-2-12" start_char="181">Hill</TOKEN>
				<TOKEN end_char="190" id="token-2-13" start_char="186">early</TOKEN>
				<TOKEN end_char="200" id="token-2-14" start_char="192">Wednesday</TOKEN>
				<TOKEN end_char="201" id="token-2-15" start_char="201">,</TOKEN>
				<TOKEN end_char="209" id="token-2-16" start_char="203">praying</TOKEN>
				<TOKEN end_char="214" id="token-2-17" start_char="211">that</TOKEN>
				<TOKEN end_char="223" id="token-2-18" start_char="216">senators</TOKEN>
				<TOKEN end_char="226" id="token-2-19" start_char="225">at</TOKEN>
				<TOKEN end_char="228" id="token-2-20" start_char="228">a</TOKEN>
				<TOKEN end_char="236" id="token-2-21" start_char="230">hearing</TOKEN>
				<TOKEN end_char="243" id="token-2-22" start_char="238">nearby</TOKEN>
				<TOKEN end_char="249" id="token-2-23" start_char="245">would</TOKEN>
				<TOKEN end_char="256" id="token-2-24" start_char="251">reform</TOKEN>
				<TOKEN end_char="258" id="token-2-25" start_char="258">a</TOKEN>
				<TOKEN end_char="265" id="token-2-26" start_char="260">failed</TOKEN>
				<TOKEN end_char="277" id="token-2-27" start_char="267">immigration</TOKEN>
				<TOKEN end_char="284" id="token-2-28" start_char="279">system</TOKEN>
				<TOKEN end_char="289" id="token-2-29" start_char="286">that</TOKEN>
				<TOKEN end_char="294" id="token-2-30" start_char="291">they</TOKEN>
				<TOKEN end_char="299" id="token-2-31" start_char="296">said</TOKEN>
				<TOKEN end_char="303" id="token-2-32" start_char="301">has</TOKEN>
				<TOKEN end_char="310" id="token-2-33" start_char="305">caused</TOKEN>
				<TOKEN end_char="319" id="token-2-34" start_char="312">millions</TOKEN>
				<TOKEN end_char="322" id="token-2-35" start_char="321">of</TOKEN>
				<TOKEN end_char="329" id="token-2-36" start_char="324">people</TOKEN>
				<TOKEN end_char="332" id="token-2-37" start_char="331">to</TOKEN>
				<TOKEN end_char="337" id="token-2-38" start_char="334">face</TOKEN>
				<TOKEN end_char="339" id="token-2-39" start_char="339">“</TOKEN>
				<TOKEN end_char="347" id="token-2-40" start_char="340">constant</TOKEN>
				<TOKEN end_char="352" id="token-2-41" start_char="349">fear</TOKEN>
				<TOKEN end_char="355" id="token-2-42" start_char="354">of</TOKEN>
				<TOKEN end_char="367" id="token-2-43" start_char="357">deportation</TOKEN>
				<TOKEN end_char="368" id="token-2-44" start_char="368">”</TOKEN>
				<TOKEN end_char="372" id="token-2-45" start_char="370">and</TOKEN>
				<TOKEN end_char="378" id="token-2-46" start_char="374">spend</TOKEN>
				<TOKEN end_char="384" id="token-2-47" start_char="380">years</TOKEN>
				<TOKEN end_char="386" id="token-2-48" start_char="386">“</TOKEN>
				<TOKEN end_char="392" id="token-2-49" start_char="387">living</TOKEN>
				<TOKEN end_char="395" id="token-2-50" start_char="394">in</TOKEN>
				<TOKEN end_char="399" id="token-2-51" start_char="397">the</TOKEN>
				<TOKEN end_char="407" id="token-2-52" start_char="401">shadows</TOKEN>
				<TOKEN end_char="409" id="token-2-53" start_char="408">.”</TOKEN>
			</SEG>
			<SEG end_char="814" id="20130213_WAPO_c9e6e21e-7603-11e2-aa12-e6cf1d31106b-3" start_char="411">
				<ORIGINAL_TEXT>About 20 participants observed Ash Wednesday as clergymen smeared ashes on their foreheads, and the service invoked Christian values and metaphors in calling for compassion and welcome to all immigrants. One hymn asked God’s help to “shatter the wall of fear and help us build a bridge of hope.” A prayer said that Jesus had “crossed every border between divinity and humanity to make your home with us.”</ORIGINAL_TEXT>
				<TOKEN end_char="415" id="token-3-0" start_char="411">About</TOKEN>
				<TOKEN end_char="418" id="token-3-1" start_char="417">20</TOKEN>
				<TOKEN end_char="431" id="token-3-2" start_char="420">participants</TOKEN>
				<TOKEN end_char="440" id="token-3-3" start_char="433">observed</TOKEN>
				<TOKEN end_char="444" id="token-3-4" start_char="442">Ash</TOKEN>
				<TOKEN end_char="454" id="token-3-5" start_char="446">Wednesday</TOKEN>
				<TOKEN end_char="457" id="token-3-6" start_char="456">as</TOKEN>
				<TOKEN end_char="467" id="token-3-7" start_char="459">clergymen</TOKEN>
				<TOKEN end_char="475" id="token-3-8" start_char="469">smeared</TOKEN>
				<TOKEN end_char="481" id="token-3-9" start_char="477">ashes</TOKEN>
				<TOKEN end_char="484" id="token-3-10" start_char="483">on</TOKEN>
				<TOKEN end_char="490" id="token-3-11" start_char="486">their</TOKEN>
				<TOKEN end_char="500" id="token-3-12" start_char="492">foreheads</TOKEN>
				<TOKEN end_char="501" id="token-3-13" start_char="501">,</TOKEN>
				<TOKEN end_char="505" id="token-3-14" start_char="503">and</TOKEN>
				<TOKEN end_char="509" id="token-3-15" start_char="507">the</TOKEN>
				<TOKEN end_char="517" id="token-3-16" start_char="511">service</TOKEN>
				<TOKEN end_char="525" id="token-3-17" start_char="519">invoked</TOKEN>
				<TOKEN end_char="535" id="token-3-18" start_char="527">Christian</TOKEN>
				<TOKEN end_char="542" id="token-3-19" start_char="537">values</TOKEN>
				<TOKEN end_char="546" id="token-3-20" start_char="544">and</TOKEN>
				<TOKEN end_char="556" id="token-3-21" start_char="548">metaphors</TOKEN>
				<TOKEN end_char="559" id="token-3-22" start_char="558">in</TOKEN>
				<TOKEN end_char="567" id="token-3-23" start_char="561">calling</TOKEN>
				<TOKEN end_char="571" id="token-3-24" start_char="569">for</TOKEN>
				<TOKEN end_char="582" id="token-3-25" start_char="573">compassion</TOKEN>
				<TOKEN end_char="586" id="token-3-26" start_char="584">and</TOKEN>
				<TOKEN end_char="594" id="token-3-27" start_char="588">welcome</TOKEN>
				<TOKEN end_char="597" id="token-3-28" start_char="596">to</TOKEN>
				<TOKEN end_char="601" id="token-3-29" start_char="599">all</TOKEN>
				<TOKEN end_char="612" id="token-3-30" start_char="603">immigrants</TOKEN>
				<TOKEN end_char="613" id="token-3-31" start_char="613">.</TOKEN>
				<TOKEN end_char="617" id="token-3-32" start_char="615">One</TOKEN>
				<TOKEN end_char="622" id="token-3-33" start_char="619">hymn</TOKEN>
				<TOKEN end_char="628" id="token-3-34" start_char="624">asked</TOKEN>
				<TOKEN end_char="632" id="token-3-35" start_char="630">God</TOKEN>
				<TOKEN end_char="633" id="token-3-36" start_char="633">’</TOKEN>
				<TOKEN end_char="634" id="token-3-37" start_char="634">s</TOKEN>
				<TOKEN end_char="639" id="token-3-38" start_char="636">help</TOKEN>
				<TOKEN end_char="642" id="token-3-39" start_char="641">to</TOKEN>
				<TOKEN end_char="644" id="token-3-40" start_char="644">“</TOKEN>
				<TOKEN end_char="651" id="token-3-41" start_char="645">shatter</TOKEN>
				<TOKEN end_char="655" id="token-3-42" start_char="653">the</TOKEN>
				<TOKEN end_char="660" id="token-3-43" start_char="657">wall</TOKEN>
				<TOKEN end_char="663" id="token-3-44" start_char="662">of</TOKEN>
				<TOKEN end_char="668" id="token-3-45" start_char="665">fear</TOKEN>
				<TOKEN end_char="672" id="token-3-46" start_char="670">and</TOKEN>
				<TOKEN end_char="677" id="token-3-47" start_char="674">help</TOKEN>
				<TOKEN end_char="680" id="token-3-48" start_char="679">us</TOKEN>
				<TOKEN end_char="686" id="token-3-49" start_char="682">build</TOKEN>
				<TOKEN end_char="688" id="token-3-50" start_char="688">a</TOKEN>
				<TOKEN end_char="695" id="token-3-51" start_char="690">bridge</TOKEN>
				<TOKEN end_char="698" id="token-3-52" start_char="697">of</TOKEN>
				<TOKEN end_char="703" id="token-3-53" start_char="700">hope</TOKEN>
				<TOKEN end_char="705" id="token-3-54" start_char="704">.”</TOKEN>
				<TOKEN end_char="707" id="token-3-55" start_char="707">A</TOKEN>
				<TOKEN end_char="714" id="token-3-56" start_char="709">prayer</TOKEN>
				<TOKEN end_char="719" id="token-3-57" start_char="716">said</TOKEN>
				<TOKEN end_char="724" id="token-3-58" start_char="721">that</TOKEN>
				<TOKEN end_char="730" id="token-3-59" start_char="726">Jesus</TOKEN>
				<TOKEN end_char="734" id="token-3-60" start_char="732">had</TOKEN>
				<TOKEN end_char="736" id="token-3-61" start_char="736">“</TOKEN>
				<TOKEN end_char="743" id="token-3-62" start_char="737">crossed</TOKEN>
				<TOKEN end_char="749" id="token-3-63" start_char="745">every</TOKEN>
				<TOKEN end_char="756" id="token-3-64" start_char="751">border</TOKEN>
				<TOKEN end_char="764" id="token-3-65" start_char="758">between</TOKEN>
				<TOKEN end_char="773" id="token-3-66" start_char="766">divinity</TOKEN>
				<TOKEN end_char="777" id="token-3-67" start_char="775">and</TOKEN>
				<TOKEN end_char="786" id="token-3-68" start_char="779">humanity</TOKEN>
				<TOKEN end_char="789" id="token-3-69" start_char="788">to</TOKEN>
				<TOKEN end_char="794" id="token-3-70" start_char="791">make</TOKEN>
				<TOKEN end_char="799" id="token-3-71" start_char="796">your</TOKEN>
				<TOKEN end_char="804" id="token-3-72" start_char="801">home</TOKEN>
				<TOKEN end_char="809" id="token-3-73" start_char="806">with</TOKEN>
				<TOKEN end_char="812" id="token-3-74" start_char="811">us</TOKEN>
				<TOKEN end_char="814" id="token-3-75" start_char="813">.”</TOKEN>
			</SEG>
			<SEG end_char="1095" id="20130213_WAPO_c9e6e21e-7603-11e2-aa12-e6cf1d31106b-4" start_char="816">
				<ORIGINAL_TEXT>The gathering outside the United Methodist Building, organized by Church World Service, was held just before the Senate Judiciary Committee opened the first of several hearings on proposals for comprehensive immigration reform that have been produced by a bipartisan Senate group.</ORIGINAL_TEXT>
				<TOKEN end_char="818" id="token-4-0" start_char="816">The</TOKEN>
				<TOKEN end_char="828" id="token-4-1" start_char="820">gathering</TOKEN>
				<TOKEN end_char="836" id="token-4-2" start_char="830">outside</TOKEN>
				<TOKEN end_char="840" id="token-4-3" start_char="838">the</TOKEN>
				<TOKEN end_char="847" id="token-4-4" start_char="842">United</TOKEN>
				<TOKEN end_char="857" id="token-4-5" start_char="849">Methodist</TOKEN>
				<TOKEN end_char="866" id="token-4-6" start_char="859">Building</TOKEN>
				<TOKEN end_char="867" id="token-4-7" start_char="867">,</TOKEN>
				<TOKEN end_char="877" id="token-4-8" start_char="869">organized</TOKEN>
				<TOKEN end_char="880" id="token-4-9" start_char="879">by</TOKEN>
				<TOKEN end_char="887" id="token-4-10" start_char="882">Church</TOKEN>
				<TOKEN end_char="893" id="token-4-11" start_char="889">World</TOKEN>
				<TOKEN end_char="901" id="token-4-12" start_char="895">Service</TOKEN>
				<TOKEN end_char="902" id="token-4-13" start_char="902">,</TOKEN>
				<TOKEN end_char="906" id="token-4-14" start_char="904">was</TOKEN>
				<TOKEN end_char="911" id="token-4-15" start_char="908">held</TOKEN>
				<TOKEN end_char="916" id="token-4-16" start_char="913">just</TOKEN>
				<TOKEN end_char="923" id="token-4-17" start_char="918">before</TOKEN>
				<TOKEN end_char="927" id="token-4-18" start_char="925">the</TOKEN>
				<TOKEN end_char="934" id="token-4-19" start_char="929">Senate</TOKEN>
				<TOKEN end_char="944" id="token-4-20" start_char="936">Judiciary</TOKEN>
				<TOKEN end_char="954" id="token-4-21" start_char="946">Committee</TOKEN>
				<TOKEN end_char="961" id="token-4-22" start_char="956">opened</TOKEN>
				<TOKEN end_char="965" id="token-4-23" start_char="963">the</TOKEN>
				<TOKEN end_char="971" id="token-4-24" start_char="967">first</TOKEN>
				<TOKEN end_char="974" id="token-4-25" start_char="973">of</TOKEN>
				<TOKEN end_char="982" id="token-4-26" start_char="976">several</TOKEN>
				<TOKEN end_char="991" id="token-4-27" start_char="984">hearings</TOKEN>
				<TOKEN end_char="994" id="token-4-28" start_char="993">on</TOKEN>
				<TOKEN end_char="1004" id="token-4-29" start_char="996">proposals</TOKEN>
				<TOKEN end_char="1008" id="token-4-30" start_char="1006">for</TOKEN>
				<TOKEN end_char="1022" id="token-4-31" start_char="1010">comprehensive</TOKEN>
				<TOKEN end_char="1034" id="token-4-32" start_char="1024">immigration</TOKEN>
				<TOKEN end_char="1041" id="token-4-33" start_char="1036">reform</TOKEN>
				<TOKEN end_char="1046" id="token-4-34" start_char="1043">that</TOKEN>
				<TOKEN end_char="1051" id="token-4-35" start_char="1048">have</TOKEN>
				<TOKEN end_char="1056" id="token-4-36" start_char="1053">been</TOKEN>
				<TOKEN end_char="1065" id="token-4-37" start_char="1058">produced</TOKEN>
				<TOKEN end_char="1068" id="token-4-38" start_char="1067">by</TOKEN>
				<TOKEN end_char="1070" id="token-4-39" start_char="1070">a</TOKEN>
				<TOKEN end_char="1081" id="token-4-40" start_char="1072">bipartisan</TOKEN>
				<TOKEN end_char="1088" id="token-4-41" start_char="1083">Senate</TOKEN>
				<TOKEN end_char="1094" id="token-4-42" start_char="1090">group</TOKEN>
				<TOKEN end_char="1095" id="token-4-43" start_char="1095">.</TOKEN>
			</SEG>
			<SEG end_char="1350" id="20130213_WAPO_c9e6e21e-7603-11e2-aa12-e6cf1d31106b-5" start_char="1097">
				<ORIGINAL_TEXT>The Senate panel has called for a path to legalization for the country’s estimated 11 million illegal immigrants, echoing proposals by President Obama. Clergymen, participants and speakers at the outdoor service said they strongly endorsed this proposal.</ORIGINAL_TEXT>
				<TOKEN end_char="1099" id="token-5-0" start_char="1097">The</TOKEN>
				<TOKEN end_char="1106" id="token-5-1" start_char="1101">Senate</TOKEN>
				<TOKEN end_char="1112" id="token-5-2" start_char="1108">panel</TOKEN>
				<TOKEN end_char="1116" id="token-5-3" start_char="1114">has</TOKEN>
				<TOKEN end_char="1123" id="token-5-4" start_char="1118">called</TOKEN>
				<TOKEN end_char="1127" id="token-5-5" start_char="1125">for</TOKEN>
				<TOKEN end_char="1129" id="token-5-6" start_char="1129">a</TOKEN>
				<TOKEN end_char="1134" id="token-5-7" start_char="1131">path</TOKEN>
				<TOKEN end_char="1137" id="token-5-8" start_char="1136">to</TOKEN>
				<TOKEN end_char="1150" id="token-5-9" start_char="1139">legalization</TOKEN>
				<TOKEN end_char="1154" id="token-5-10" start_char="1152">for</TOKEN>
				<TOKEN end_char="1158" id="token-5-11" start_char="1156">the</TOKEN>
				<TOKEN end_char="1166" id="token-5-12" start_char="1160">country</TOKEN>
				<TOKEN end_char="1167" id="token-5-13" start_char="1167">’</TOKEN>
				<TOKEN end_char="1168" id="token-5-14" start_char="1168">s</TOKEN>
				<TOKEN end_char="1178" id="token-5-15" start_char="1170">estimated</TOKEN>
				<TOKEN end_char="1181" id="token-5-16" start_char="1180">11</TOKEN>
				<TOKEN end_char="1189" id="token-5-17" start_char="1183">million</TOKEN>
				<TOKEN end_char="1197" id="token-5-18" start_char="1191">illegal</TOKEN>
				<TOKEN end_char="1208" id="token-5-19" start_char="1199">immigrants</TOKEN>
				<TOKEN end_char="1209" id="token-5-20" start_char="1209">,</TOKEN>
				<TOKEN end_char="1217" id="token-5-21" start_char="1211">echoing</TOKEN>
				<TOKEN end_char="1227" id="token-5-22" start_char="1219">proposals</TOKEN>
				<TOKEN end_char="1230" id="token-5-23" start_char="1229">by</TOKEN>
				<TOKEN end_char="1240" id="token-5-24" start_char="1232">President</TOKEN>
				<TOKEN end_char="1246" id="token-5-25" start_char="1242">Obama</TOKEN>
				<TOKEN end_char="1247" id="token-5-26" start_char="1247">.</TOKEN>
				<TOKEN end_char="1257" id="token-5-27" start_char="1249">Clergymen</TOKEN>
				<TOKEN end_char="1258" id="token-5-28" start_char="1258">,</TOKEN>
				<TOKEN end_char="1271" id="token-5-29" start_char="1260">participants</TOKEN>
				<TOKEN end_char="1275" id="token-5-30" start_char="1273">and</TOKEN>
				<TOKEN end_char="1284" id="token-5-31" start_char="1277">speakers</TOKEN>
				<TOKEN end_char="1287" id="token-5-32" start_char="1286">at</TOKEN>
				<TOKEN end_char="1291" id="token-5-33" start_char="1289">the</TOKEN>
				<TOKEN end_char="1299" id="token-5-34" start_char="1293">outdoor</TOKEN>
				<TOKEN end_char="1307" id="token-5-35" start_char="1301">service</TOKEN>
				<TOKEN end_char="1312" id="token-5-36" start_char="1309">said</TOKEN>
				<TOKEN end_char="1317" id="token-5-37" start_char="1314">they</TOKEN>
				<TOKEN end_char="1326" id="token-5-38" start_char="1319">strongly</TOKEN>
				<TOKEN end_char="1335" id="token-5-39" start_char="1328">endorsed</TOKEN>
				<TOKEN end_char="1340" id="token-5-40" start_char="1337">this</TOKEN>
				<TOKEN end_char="1349" id="token-5-41" start_char="1342">proposal</TOKEN>
				<TOKEN end_char="1350" id="token-5-42" start_char="1350">.</TOKEN>
			</SEG>
			<SEG end_char="1724" id="20130213_WAPO_c9e6e21e-7603-11e2-aa12-e6cf1d31106b-6" start_char="1352">
				<ORIGINAL_TEXT>Josue Aguiluz, 21, a Honduran student from Colesville, Md., told the group that he and his family had come to the United States without authorization years ago to help pay for medical bills and to give him and his siblings a better life. He said he had won a reprieve from deportation last year under Obama’s new policy on some illegal immigrant youths known as “dreamers.”</ORIGINAL_TEXT>
				<TOKEN end_char="1356" id="token-6-0" start_char="1352">Josue</TOKEN>
				<TOKEN end_char="1364" id="token-6-1" start_char="1358">Aguiluz</TOKEN>
				<TOKEN end_char="1365" id="token-6-2" start_char="1365">,</TOKEN>
				<TOKEN end_char="1368" id="token-6-3" start_char="1367">21</TOKEN>
				<TOKEN end_char="1369" id="token-6-4" start_char="1369">,</TOKEN>
				<TOKEN end_char="1371" id="token-6-5" start_char="1371">a</TOKEN>
				<TOKEN end_char="1380" id="token-6-6" start_char="1373">Honduran</TOKEN>
				<TOKEN end_char="1388" id="token-6-7" start_char="1382">student</TOKEN>
				<TOKEN end_char="1393" id="token-6-8" start_char="1390">from</TOKEN>
				<TOKEN end_char="1404" id="token-6-9" start_char="1395">Colesville</TOKEN>
				<TOKEN end_char="1405" id="token-6-10" start_char="1405">,</TOKEN>
				<TOKEN end_char="1408" id="token-6-11" start_char="1407">Md</TOKEN>
				<TOKEN end_char="1410" id="token-6-12" start_char="1409">.,</TOKEN>
				<TOKEN end_char="1415" id="token-6-13" start_char="1412">told</TOKEN>
				<TOKEN end_char="1419" id="token-6-14" start_char="1417">the</TOKEN>
				<TOKEN end_char="1425" id="token-6-15" start_char="1421">group</TOKEN>
				<TOKEN end_char="1430" id="token-6-16" start_char="1427">that</TOKEN>
				<TOKEN end_char="1433" id="token-6-17" start_char="1432">he</TOKEN>
				<TOKEN end_char="1437" id="token-6-18" start_char="1435">and</TOKEN>
				<TOKEN end_char="1441" id="token-6-19" start_char="1439">his</TOKEN>
				<TOKEN end_char="1448" id="token-6-20" start_char="1443">family</TOKEN>
				<TOKEN end_char="1452" id="token-6-21" start_char="1450">had</TOKEN>
				<TOKEN end_char="1457" id="token-6-22" start_char="1454">come</TOKEN>
				<TOKEN end_char="1460" id="token-6-23" start_char="1459">to</TOKEN>
				<TOKEN end_char="1464" id="token-6-24" start_char="1462">the</TOKEN>
				<TOKEN end_char="1471" id="token-6-25" start_char="1466">United</TOKEN>
				<TOKEN end_char="1478" id="token-6-26" start_char="1473">States</TOKEN>
				<TOKEN end_char="1486" id="token-6-27" start_char="1480">without</TOKEN>
				<TOKEN end_char="1500" id="token-6-28" start_char="1488">authorization</TOKEN>
				<TOKEN end_char="1506" id="token-6-29" start_char="1502">years</TOKEN>
				<TOKEN end_char="1510" id="token-6-30" start_char="1508">ago</TOKEN>
				<TOKEN end_char="1513" id="token-6-31" start_char="1512">to</TOKEN>
				<TOKEN end_char="1518" id="token-6-32" start_char="1515">help</TOKEN>
				<TOKEN end_char="1522" id="token-6-33" start_char="1520">pay</TOKEN>
				<TOKEN end_char="1526" id="token-6-34" start_char="1524">for</TOKEN>
				<TOKEN end_char="1534" id="token-6-35" start_char="1528">medical</TOKEN>
				<TOKEN end_char="1540" id="token-6-36" start_char="1536">bills</TOKEN>
				<TOKEN end_char="1544" id="token-6-37" start_char="1542">and</TOKEN>
				<TOKEN end_char="1547" id="token-6-38" start_char="1546">to</TOKEN>
				<TOKEN end_char="1552" id="token-6-39" start_char="1549">give</TOKEN>
				<TOKEN end_char="1556" id="token-6-40" start_char="1554">him</TOKEN>
				<TOKEN end_char="1560" id="token-6-41" start_char="1558">and</TOKEN>
				<TOKEN end_char="1564" id="token-6-42" start_char="1562">his</TOKEN>
				<TOKEN end_char="1573" id="token-6-43" start_char="1566">siblings</TOKEN>
				<TOKEN end_char="1575" id="token-6-44" start_char="1575">a</TOKEN>
				<TOKEN end_char="1582" id="token-6-45" start_char="1577">better</TOKEN>
				<TOKEN end_char="1587" id="token-6-46" start_char="1584">life</TOKEN>
				<TOKEN end_char="1588" id="token-6-47" start_char="1588">.</TOKEN>
				<TOKEN end_char="1591" id="token-6-48" start_char="1590">He</TOKEN>
				<TOKEN end_char="1596" id="token-6-49" start_char="1593">said</TOKEN>
				<TOKEN end_char="1599" id="token-6-50" start_char="1598">he</TOKEN>
				<TOKEN end_char="1603" id="token-6-51" start_char="1601">had</TOKEN>
				<TOKEN end_char="1607" id="token-6-52" start_char="1605">won</TOKEN>
				<TOKEN end_char="1609" id="token-6-53" start_char="1609">a</TOKEN>
				<TOKEN end_char="1618" id="token-6-54" start_char="1611">reprieve</TOKEN>
				<TOKEN end_char="1623" id="token-6-55" start_char="1620">from</TOKEN>
				<TOKEN end_char="1635" id="token-6-56" start_char="1625">deportation</TOKEN>
				<TOKEN end_char="1640" id="token-6-57" start_char="1637">last</TOKEN>
				<TOKEN end_char="1645" id="token-6-58" start_char="1642">year</TOKEN>
				<TOKEN end_char="1651" id="token-6-59" start_char="1647">under</TOKEN>
				<TOKEN end_char="1657" id="token-6-60" start_char="1653">Obama</TOKEN>
				<TOKEN end_char="1658" id="token-6-61" start_char="1658">’</TOKEN>
				<TOKEN end_char="1659" id="token-6-62" start_char="1659">s</TOKEN>
				<TOKEN end_char="1663" id="token-6-63" start_char="1661">new</TOKEN>
				<TOKEN end_char="1670" id="token-6-64" start_char="1665">policy</TOKEN>
				<TOKEN end_char="1673" id="token-6-65" start_char="1672">on</TOKEN>
				<TOKEN end_char="1678" id="token-6-66" start_char="1675">some</TOKEN>
				<TOKEN end_char="1686" id="token-6-67" start_char="1680">illegal</TOKEN>
				<TOKEN end_char="1696" id="token-6-68" start_char="1688">immigrant</TOKEN>
				<TOKEN end_char="1703" id="token-6-69" start_char="1698">youths</TOKEN>
				<TOKEN end_char="1709" id="token-6-70" start_char="1705">known</TOKEN>
				<TOKEN end_char="1712" id="token-6-71" start_char="1711">as</TOKEN>
				<TOKEN end_char="1714" id="token-6-72" start_char="1714">“</TOKEN>
				<TOKEN end_char="1722" id="token-6-73" start_char="1715">dreamers</TOKEN>
				<TOKEN end_char="1724" id="token-6-74" start_char="1723">.”</TOKEN>
			</SEG>
			<SEG end_char="2083" id="20130213_WAPO_c9e6e21e-7603-11e2-aa12-e6cf1d31106b-7" start_char="1726">
				<ORIGINAL_TEXT>“I am a dreamer. My mother left everything behind to give us a chance to fulfill our dreams, so she is a dreamer too,” said Aguiluz, who is studying to become an accountant at Montgomery Community College. “It is unfair and un-Christian for someone like her to be excluded from our country. Every immigrant is a human, and every immigrant will be a dreamer.”</ORIGINAL_TEXT>
				<TOKEN end_char="1726" id="token-7-0" start_char="1726">“</TOKEN>
				<TOKEN end_char="1727" id="token-7-1" start_char="1727">I</TOKEN>
				<TOKEN end_char="1730" id="token-7-2" start_char="1729">am</TOKEN>
				<TOKEN end_char="1732" id="token-7-3" start_char="1732">a</TOKEN>
				<TOKEN end_char="1740" id="token-7-4" start_char="1734">dreamer</TOKEN>
				<TOKEN end_char="1741" id="token-7-5" start_char="1741">.</TOKEN>
				<TOKEN end_char="1744" id="token-7-6" start_char="1743">My</TOKEN>
				<TOKEN end_char="1751" id="token-7-7" start_char="1746">mother</TOKEN>
				<TOKEN end_char="1756" id="token-7-8" start_char="1753">left</TOKEN>
				<TOKEN end_char="1767" id="token-7-9" start_char="1758">everything</TOKEN>
				<TOKEN end_char="1774" id="token-7-10" start_char="1769">behind</TOKEN>
				<TOKEN end_char="1777" id="token-7-11" start_char="1776">to</TOKEN>
				<TOKEN end_char="1782" id="token-7-12" start_char="1779">give</TOKEN>
				<TOKEN end_char="1785" id="token-7-13" start_char="1784">us</TOKEN>
				<TOKEN end_char="1787" id="token-7-14" start_char="1787">a</TOKEN>
				<TOKEN end_char="1794" id="token-7-15" start_char="1789">chance</TOKEN>
				<TOKEN end_char="1797" id="token-7-16" start_char="1796">to</TOKEN>
				<TOKEN end_char="1805" id="token-7-17" start_char="1799">fulfill</TOKEN>
				<TOKEN end_char="1809" id="token-7-18" start_char="1807">our</TOKEN>
				<TOKEN end_char="1816" id="token-7-19" start_char="1811">dreams</TOKEN>
				<TOKEN end_char="1817" id="token-7-20" start_char="1817">,</TOKEN>
				<TOKEN end_char="1820" id="token-7-21" start_char="1819">so</TOKEN>
				<TOKEN end_char="1824" id="token-7-22" start_char="1822">she</TOKEN>
				<TOKEN end_char="1827" id="token-7-23" start_char="1826">is</TOKEN>
				<TOKEN end_char="1829" id="token-7-24" start_char="1829">a</TOKEN>
				<TOKEN end_char="1837" id="token-7-25" start_char="1831">dreamer</TOKEN>
				<TOKEN end_char="1841" id="token-7-26" start_char="1839">too</TOKEN>
				<TOKEN end_char="1843" id="token-7-27" start_char="1842">,”</TOKEN>
				<TOKEN end_char="1848" id="token-7-28" start_char="1845">said</TOKEN>
				<TOKEN end_char="1856" id="token-7-29" start_char="1850">Aguiluz</TOKEN>
				<TOKEN end_char="1857" id="token-7-30" start_char="1857">,</TOKEN>
				<TOKEN end_char="1861" id="token-7-31" start_char="1859">who</TOKEN>
				<TOKEN end_char="1864" id="token-7-32" start_char="1863">is</TOKEN>
				<TOKEN end_char="1873" id="token-7-33" start_char="1866">studying</TOKEN>
				<TOKEN end_char="1876" id="token-7-34" start_char="1875">to</TOKEN>
				<TOKEN end_char="1883" id="token-7-35" start_char="1878">become</TOKEN>
				<TOKEN end_char="1886" id="token-7-36" start_char="1885">an</TOKEN>
				<TOKEN end_char="1897" id="token-7-37" start_char="1888">accountant</TOKEN>
				<TOKEN end_char="1900" id="token-7-38" start_char="1899">at</TOKEN>
				<TOKEN end_char="1911" id="token-7-39" start_char="1902">Montgomery</TOKEN>
				<TOKEN end_char="1921" id="token-7-40" start_char="1913">Community</TOKEN>
				<TOKEN end_char="1929" id="token-7-41" start_char="1923">College</TOKEN>
				<TOKEN end_char="1930" id="token-7-42" start_char="1930">.</TOKEN>
				<TOKEN end_char="1932" id="token-7-43" start_char="1932">“</TOKEN>
				<TOKEN end_char="1934" id="token-7-44" start_char="1933">It</TOKEN>
				<TOKEN end_char="1937" id="token-7-45" start_char="1936">is</TOKEN>
				<TOKEN end_char="1944" id="token-7-46" start_char="1939">unfair</TOKEN>
				<TOKEN end_char="1948" id="token-7-47" start_char="1946">and</TOKEN>
				<TOKEN end_char="1951" id="token-7-48" start_char="1950">un</TOKEN>
				<TOKEN end_char="1952" id="token-7-49" start_char="1952">-</TOKEN>
				<TOKEN end_char="1961" id="token-7-50" start_char="1953">Christian</TOKEN>
				<TOKEN end_char="1965" id="token-7-51" start_char="1963">for</TOKEN>
				<TOKEN end_char="1973" id="token-7-52" start_char="1967">someone</TOKEN>
				<TOKEN end_char="1978" id="token-7-53" start_char="1975">like</TOKEN>
				<TOKEN end_char="1982" id="token-7-54" start_char="1980">her</TOKEN>
				<TOKEN end_char="1985" id="token-7-55" start_char="1984">to</TOKEN>
				<TOKEN end_char="1988" id="token-7-56" start_char="1987">be</TOKEN>
				<TOKEN end_char="1997" id="token-7-57" start_char="1990">excluded</TOKEN>
				<TOKEN end_char="2002" id="token-7-58" start_char="1999">from</TOKEN>
				<TOKEN end_char="2006" id="token-7-59" start_char="2004">our</TOKEN>
				<TOKEN end_char="2014" id="token-7-60" start_char="2008">country</TOKEN>
				<TOKEN end_char="2015" id="token-7-61" start_char="2015">.</TOKEN>
				<TOKEN end_char="2021" id="token-7-62" start_char="2017">Every</TOKEN>
				<TOKEN end_char="2031" id="token-7-63" start_char="2023">immigrant</TOKEN>
				<TOKEN end_char="2034" id="token-7-64" start_char="2033">is</TOKEN>
				<TOKEN end_char="2036" id="token-7-65" start_char="2036">a</TOKEN>
				<TOKEN end_char="2042" id="token-7-66" start_char="2038">human</TOKEN>
				<TOKEN end_char="2043" id="token-7-67" start_char="2043">,</TOKEN>
				<TOKEN end_char="2047" id="token-7-68" start_char="2045">and</TOKEN>
				<TOKEN end_char="2053" id="token-7-69" start_char="2049">every</TOKEN>
				<TOKEN end_char="2063" id="token-7-70" start_char="2055">immigrant</TOKEN>
				<TOKEN end_char="2068" id="token-7-71" start_char="2065">will</TOKEN>
				<TOKEN end_char="2071" id="token-7-72" start_char="2070">be</TOKEN>
				<TOKEN end_char="2073" id="token-7-73" start_char="2073">a</TOKEN>
				<TOKEN end_char="2081" id="token-7-74" start_char="2075">dreamer</TOKEN>
				<TOKEN end_char="2083" id="token-7-75" start_char="2082">.”</TOKEN>
			</SEG>
			<SEG end_char="2462" id="20130213_WAPO_c9e6e21e-7603-11e2-aa12-e6cf1d31106b-8" start_char="2085">
				<ORIGINAL_TEXT>The Rev. Jacek Orzechowski, a member of the Franciscan Action Network, called on Congress to “find the political will to pass common-sense immigration reform,” and asked American leaders to see immigrants through God’s eyes, “not as a threat, but as a blessing” to the nation. After the service, he and the others walked to the Hart Senate Office Building to attend the hearing.</ORIGINAL_TEXT>
				<TOKEN end_char="2087" id="token-8-0" start_char="2085">The</TOKEN>
				<TOKEN end_char="2091" id="token-8-1" start_char="2089">Rev</TOKEN>
				<TOKEN end_char="2092" id="token-8-2" start_char="2092">.</TOKEN>
				<TOKEN end_char="2098" id="token-8-3" start_char="2094">Jacek</TOKEN>
				<TOKEN end_char="2110" id="token-8-4" start_char="2100">Orzechowski</TOKEN>
				<TOKEN end_char="2111" id="token-8-5" start_char="2111">,</TOKEN>
				<TOKEN end_char="2113" id="token-8-6" start_char="2113">a</TOKEN>
				<TOKEN end_char="2120" id="token-8-7" start_char="2115">member</TOKEN>
				<TOKEN end_char="2123" id="token-8-8" start_char="2122">of</TOKEN>
				<TOKEN end_char="2127" id="token-8-9" start_char="2125">the</TOKEN>
				<TOKEN end_char="2138" id="token-8-10" start_char="2129">Franciscan</TOKEN>
				<TOKEN end_char="2145" id="token-8-11" start_char="2140">Action</TOKEN>
				<TOKEN end_char="2153" id="token-8-12" start_char="2147">Network</TOKEN>
				<TOKEN end_char="2154" id="token-8-13" start_char="2154">,</TOKEN>
				<TOKEN end_char="2161" id="token-8-14" start_char="2156">called</TOKEN>
				<TOKEN end_char="2164" id="token-8-15" start_char="2163">on</TOKEN>
				<TOKEN end_char="2173" id="token-8-16" start_char="2166">Congress</TOKEN>
				<TOKEN end_char="2176" id="token-8-17" start_char="2175">to</TOKEN>
				<TOKEN end_char="2178" id="token-8-18" start_char="2178">“</TOKEN>
				<TOKEN end_char="2182" id="token-8-19" start_char="2179">find</TOKEN>
				<TOKEN end_char="2186" id="token-8-20" start_char="2184">the</TOKEN>
				<TOKEN end_char="2196" id="token-8-21" start_char="2188">political</TOKEN>
				<TOKEN end_char="2201" id="token-8-22" start_char="2198">will</TOKEN>
				<TOKEN end_char="2204" id="token-8-23" start_char="2203">to</TOKEN>
				<TOKEN end_char="2209" id="token-8-24" start_char="2206">pass</TOKEN>
				<TOKEN end_char="2216" id="token-8-25" start_char="2211">common</TOKEN>
				<TOKEN end_char="2217" id="token-8-26" start_char="2217">-</TOKEN>
				<TOKEN end_char="2222" id="token-8-27" start_char="2218">sense</TOKEN>
				<TOKEN end_char="2234" id="token-8-28" start_char="2224">immigration</TOKEN>
				<TOKEN end_char="2241" id="token-8-29" start_char="2236">reform</TOKEN>
				<TOKEN end_char="2243" id="token-8-30" start_char="2242">,”</TOKEN>
				<TOKEN end_char="2247" id="token-8-31" start_char="2245">and</TOKEN>
				<TOKEN end_char="2253" id="token-8-32" start_char="2249">asked</TOKEN>
				<TOKEN end_char="2262" id="token-8-33" start_char="2255">American</TOKEN>
				<TOKEN end_char="2270" id="token-8-34" start_char="2264">leaders</TOKEN>
				<TOKEN end_char="2273" id="token-8-35" start_char="2272">to</TOKEN>
				<TOKEN end_char="2277" id="token-8-36" start_char="2275">see</TOKEN>
				<TOKEN end_char="2288" id="token-8-37" start_char="2279">immigrants</TOKEN>
				<TOKEN end_char="2296" id="token-8-38" start_char="2290">through</TOKEN>
				<TOKEN end_char="2300" id="token-8-39" start_char="2298">God</TOKEN>
				<TOKEN end_char="2301" id="token-8-40" start_char="2301">’</TOKEN>
				<TOKEN end_char="2302" id="token-8-41" start_char="2302">s</TOKEN>
				<TOKEN end_char="2307" id="token-8-42" start_char="2304">eyes</TOKEN>
				<TOKEN end_char="2308" id="token-8-43" start_char="2308">,</TOKEN>
				<TOKEN end_char="2310" id="token-8-44" start_char="2310">“</TOKEN>
				<TOKEN end_char="2313" id="token-8-45" start_char="2311">not</TOKEN>
				<TOKEN end_char="2316" id="token-8-46" start_char="2315">as</TOKEN>
				<TOKEN end_char="2318" id="token-8-47" start_char="2318">a</TOKEN>
				<TOKEN end_char="2325" id="token-8-48" start_char="2320">threat</TOKEN>
				<TOKEN end_char="2326" id="token-8-49" start_char="2326">,</TOKEN>
				<TOKEN end_char="2330" id="token-8-50" start_char="2328">but</TOKEN>
				<TOKEN end_char="2333" id="token-8-51" start_char="2332">as</TOKEN>
				<TOKEN end_char="2335" id="token-8-52" start_char="2335">a</TOKEN>
				<TOKEN end_char="2344" id="token-8-53" start_char="2337">blessing</TOKEN>
				<TOKEN end_char="2345" id="token-8-54" start_char="2345">”</TOKEN>
				<TOKEN end_char="2348" id="token-8-55" start_char="2347">to</TOKEN>
				<TOKEN end_char="2352" id="token-8-56" start_char="2350">the</TOKEN>
				<TOKEN end_char="2359" id="token-8-57" start_char="2354">nation</TOKEN>
				<TOKEN end_char="2360" id="token-8-58" start_char="2360">.</TOKEN>
				<TOKEN end_char="2366" id="token-8-59" start_char="2362">After</TOKEN>
				<TOKEN end_char="2370" id="token-8-60" start_char="2368">the</TOKEN>
				<TOKEN end_char="2378" id="token-8-61" start_char="2372">service</TOKEN>
				<TOKEN end_char="2379" id="token-8-62" start_char="2379">,</TOKEN>
				<TOKEN end_char="2382" id="token-8-63" start_char="2381">he</TOKEN>
				<TOKEN end_char="2386" id="token-8-64" start_char="2384">and</TOKEN>
				<TOKEN end_char="2390" id="token-8-65" start_char="2388">the</TOKEN>
				<TOKEN end_char="2397" id="token-8-66" start_char="2392">others</TOKEN>
				<TOKEN end_char="2404" id="token-8-67" start_char="2399">walked</TOKEN>
				<TOKEN end_char="2407" id="token-8-68" start_char="2406">to</TOKEN>
				<TOKEN end_char="2411" id="token-8-69" start_char="2409">the</TOKEN>
				<TOKEN end_char="2416" id="token-8-70" start_char="2413">Hart</TOKEN>
				<TOKEN end_char="2423" id="token-8-71" start_char="2418">Senate</TOKEN>
				<TOKEN end_char="2430" id="token-8-72" start_char="2425">Office</TOKEN>
				<TOKEN end_char="2439" id="token-8-73" start_char="2432">Building</TOKEN>
				<TOKEN end_char="2442" id="token-8-74" start_char="2441">to</TOKEN>
				<TOKEN end_char="2449" id="token-8-75" start_char="2444">attend</TOKEN>
				<TOKEN end_char="2453" id="token-8-76" start_char="2451">the</TOKEN>
				<TOKEN end_char="2461" id="token-8-77" start_char="2455">hearing</TOKEN>
				<TOKEN end_char="2462" id="token-8-78" start_char="2462">.</TOKEN>
			</SEG>
		</TEXT>
	</DOC>
</LCTL_TEXT>
