<?xml version="1.0" encoding="utf-8"?>
<LCTL_TEXT>
	<DOC id="20130227_WAPO_1ca48f159d503c347fb2a6ecf69a1d1a">
		<TEXT>
			<SEG end_char="35" id="20130227_WAPO_1ca48f159d503c347fb2a6ecf69a1d1a-0" start_char="0">
				<ORIGINAL_TEXT>Is the Voting Rights Act in trouble?</ORIGINAL_TEXT>
				<TOKEN end_char="1" id="token-0-0" start_char="0">Is</TOKEN>
				<TOKEN end_char="5" id="token-0-1" start_char="3">the</TOKEN>
				<TOKEN end_char="12" id="token-0-2" start_char="7">Voting</TOKEN>
				<TOKEN end_char="19" id="token-0-3" start_char="14">Rights</TOKEN>
				<TOKEN end_char="23" id="token-0-4" start_char="21">Act</TOKEN>
				<TOKEN end_char="26" id="token-0-5" start_char="25">in</TOKEN>
				<TOKEN end_char="34" id="token-0-6" start_char="28">trouble</TOKEN>
				<TOKEN end_char="35" id="token-0-7" start_char="35">?</TOKEN>
			</SEG>
			<SEG end_char="83" id="20130227_WAPO_1ca48f159d503c347fb2a6ecf69a1d1a-1" start_char="37">
				<ORIGINAL_TEXT>Wednesday, February 27, 2013 12:53:41 GMT-05:00</ORIGINAL_TEXT>
				<TOKEN end_char="45" id="token-1-0" start_char="37">Wednesday</TOKEN>
				<TOKEN end_char="46" id="token-1-1" start_char="46">,</TOKEN>
				<TOKEN end_char="55" id="token-1-2" start_char="48">February</TOKEN>
				<TOKEN end_char="58" id="token-1-3" start_char="57">27</TOKEN>
				<TOKEN end_char="59" id="token-1-4" start_char="59">,</TOKEN>
				<TOKEN end_char="64" id="token-1-5" start_char="61">2013</TOKEN>
				<TOKEN end_char="67" id="token-1-6" start_char="66">12</TOKEN>
				<TOKEN end_char="68" id="token-1-7" start_char="68">:</TOKEN>
				<TOKEN end_char="70" id="token-1-8" start_char="69">53</TOKEN>
				<TOKEN end_char="71" id="token-1-9" start_char="71">:</TOKEN>
				<TOKEN end_char="73" id="token-1-10" start_char="72">41</TOKEN>
				<TOKEN end_char="77" id="token-1-11" start_char="75">GMT</TOKEN>
				<TOKEN end_char="78" id="token-1-12" start_char="78">-</TOKEN>
				<TOKEN end_char="80" id="token-1-13" start_char="79">05</TOKEN>
				<TOKEN end_char="81" id="token-1-14" start_char="81">:</TOKEN>
				<TOKEN end_char="83" id="token-1-15" start_char="82">00</TOKEN>
			</SEG>
			<SEG end_char="420" id="20130227_WAPO_1ca48f159d503c347fb2a6ecf69a1d1a-2" start_char="85">
				<ORIGINAL_TEXT>Judging by all the early reporting on the first round of Supreme Court arguments about a key section of the Voting Rights Act, that provision may be in real peril. Conservative justices expressed sharp skepticism of the law, with much attention being paid to Antonin Scalia’s description of it as a “perpetuation of racial entitlement.”</ORIGINAL_TEXT>
				<TOKEN end_char="91" id="token-2-0" start_char="85">Judging</TOKEN>
				<TOKEN end_char="94" id="token-2-1" start_char="93">by</TOKEN>
				<TOKEN end_char="98" id="token-2-2" start_char="96">all</TOKEN>
				<TOKEN end_char="102" id="token-2-3" start_char="100">the</TOKEN>
				<TOKEN end_char="108" id="token-2-4" start_char="104">early</TOKEN>
				<TOKEN end_char="118" id="token-2-5" start_char="110">reporting</TOKEN>
				<TOKEN end_char="121" id="token-2-6" start_char="120">on</TOKEN>
				<TOKEN end_char="125" id="token-2-7" start_char="123">the</TOKEN>
				<TOKEN end_char="131" id="token-2-8" start_char="127">first</TOKEN>
				<TOKEN end_char="137" id="token-2-9" start_char="133">round</TOKEN>
				<TOKEN end_char="140" id="token-2-10" start_char="139">of</TOKEN>
				<TOKEN end_char="148" id="token-2-11" start_char="142">Supreme</TOKEN>
				<TOKEN end_char="154" id="token-2-12" start_char="150">Court</TOKEN>
				<TOKEN end_char="164" id="token-2-13" start_char="156">arguments</TOKEN>
				<TOKEN end_char="170" id="token-2-14" start_char="166">about</TOKEN>
				<TOKEN end_char="172" id="token-2-15" start_char="172">a</TOKEN>
				<TOKEN end_char="176" id="token-2-16" start_char="174">key</TOKEN>
				<TOKEN end_char="184" id="token-2-17" start_char="178">section</TOKEN>
				<TOKEN end_char="187" id="token-2-18" start_char="186">of</TOKEN>
				<TOKEN end_char="191" id="token-2-19" start_char="189">the</TOKEN>
				<TOKEN end_char="198" id="token-2-20" start_char="193">Voting</TOKEN>
				<TOKEN end_char="205" id="token-2-21" start_char="200">Rights</TOKEN>
				<TOKEN end_char="209" id="token-2-22" start_char="207">Act</TOKEN>
				<TOKEN end_char="210" id="token-2-23" start_char="210">,</TOKEN>
				<TOKEN end_char="215" id="token-2-24" start_char="212">that</TOKEN>
				<TOKEN end_char="225" id="token-2-25" start_char="217">provision</TOKEN>
				<TOKEN end_char="229" id="token-2-26" start_char="227">may</TOKEN>
				<TOKEN end_char="232" id="token-2-27" start_char="231">be</TOKEN>
				<TOKEN end_char="235" id="token-2-28" start_char="234">in</TOKEN>
				<TOKEN end_char="240" id="token-2-29" start_char="237">real</TOKEN>
				<TOKEN end_char="246" id="token-2-30" start_char="242">peril</TOKEN>
				<TOKEN end_char="247" id="token-2-31" start_char="247">.</TOKEN>
				<TOKEN end_char="260" id="token-2-32" start_char="249">Conservative</TOKEN>
				<TOKEN end_char="269" id="token-2-33" start_char="262">justices</TOKEN>
				<TOKEN end_char="279" id="token-2-34" start_char="271">expressed</TOKEN>
				<TOKEN end_char="285" id="token-2-35" start_char="281">sharp</TOKEN>
				<TOKEN end_char="296" id="token-2-36" start_char="287">skepticism</TOKEN>
				<TOKEN end_char="299" id="token-2-37" start_char="298">of</TOKEN>
				<TOKEN end_char="303" id="token-2-38" start_char="301">the</TOKEN>
				<TOKEN end_char="307" id="token-2-39" start_char="305">law</TOKEN>
				<TOKEN end_char="308" id="token-2-40" start_char="308">,</TOKEN>
				<TOKEN end_char="313" id="token-2-41" start_char="310">with</TOKEN>
				<TOKEN end_char="318" id="token-2-42" start_char="315">much</TOKEN>
				<TOKEN end_char="328" id="token-2-43" start_char="320">attention</TOKEN>
				<TOKEN end_char="334" id="token-2-44" start_char="330">being</TOKEN>
				<TOKEN end_char="339" id="token-2-45" start_char="336">paid</TOKEN>
				<TOKEN end_char="342" id="token-2-46" start_char="341">to</TOKEN>
				<TOKEN end_char="350" id="token-2-47" start_char="344">Antonin</TOKEN>
				<TOKEN end_char="357" id="token-2-48" start_char="352">Scalia</TOKEN>
				<TOKEN end_char="358" id="token-2-49" start_char="358">’</TOKEN>
				<TOKEN end_char="359" id="token-2-50" start_char="359">s</TOKEN>
				<TOKEN end_char="371" id="token-2-51" start_char="361">description</TOKEN>
				<TOKEN end_char="374" id="token-2-52" start_char="373">of</TOKEN>
				<TOKEN end_char="377" id="token-2-53" start_char="376">it</TOKEN>
				<TOKEN end_char="380" id="token-2-54" start_char="379">as</TOKEN>
				<TOKEN end_char="382" id="token-2-55" start_char="382">a</TOKEN>
				<TOKEN end_char="384" id="token-2-56" start_char="384">“</TOKEN>
				<TOKEN end_char="396" id="token-2-57" start_char="385">perpetuation</TOKEN>
				<TOKEN end_char="399" id="token-2-58" start_char="398">of</TOKEN>
				<TOKEN end_char="406" id="token-2-59" start_char="401">racial</TOKEN>
				<TOKEN end_char="418" id="token-2-60" start_char="408">entitlement</TOKEN>
				<TOKEN end_char="420" id="token-2-61" start_char="419">.”</TOKEN>
			</SEG>
			<SEG end_char="927" id="20130227_WAPO_1ca48f159d503c347fb2a6ecf69a1d1a-3" start_char="422">
				<ORIGINAL_TEXT>Scalia also said that members of Congress can’t be trusted to do the right thing about the law, because it is popular: “They’re going to lose votes if they vote against the Voting Rights Act. Even the name is wonderful.” This is a curious attitude towards democracy — it’s automatically suspect if members of Congress support laws favored by their constituents? And John Roberts actually asked this: “Is it the government’s submission that citizens in the South are more racist than citizens in the North?”</ORIGINAL_TEXT>
				<TOKEN end_char="427" id="token-3-0" start_char="422">Scalia</TOKEN>
				<TOKEN end_char="432" id="token-3-1" start_char="429">also</TOKEN>
				<TOKEN end_char="437" id="token-3-2" start_char="434">said</TOKEN>
				<TOKEN end_char="442" id="token-3-3" start_char="439">that</TOKEN>
				<TOKEN end_char="450" id="token-3-4" start_char="444">members</TOKEN>
				<TOKEN end_char="453" id="token-3-5" start_char="452">of</TOKEN>
				<TOKEN end_char="462" id="token-3-6" start_char="455">Congress</TOKEN>
				<TOKEN end_char="466" id="token-3-7" start_char="464">can</TOKEN>
				<TOKEN end_char="467" id="token-3-8" start_char="467">’</TOKEN>
				<TOKEN end_char="468" id="token-3-9" start_char="468">t</TOKEN>
				<TOKEN end_char="471" id="token-3-10" start_char="470">be</TOKEN>
				<TOKEN end_char="479" id="token-3-11" start_char="473">trusted</TOKEN>
				<TOKEN end_char="482" id="token-3-12" start_char="481">to</TOKEN>
				<TOKEN end_char="485" id="token-3-13" start_char="484">do</TOKEN>
				<TOKEN end_char="489" id="token-3-14" start_char="487">the</TOKEN>
				<TOKEN end_char="495" id="token-3-15" start_char="491">right</TOKEN>
				<TOKEN end_char="501" id="token-3-16" start_char="497">thing</TOKEN>
				<TOKEN end_char="507" id="token-3-17" start_char="503">about</TOKEN>
				<TOKEN end_char="511" id="token-3-18" start_char="509">the</TOKEN>
				<TOKEN end_char="515" id="token-3-19" start_char="513">law</TOKEN>
				<TOKEN end_char="516" id="token-3-20" start_char="516">,</TOKEN>
				<TOKEN end_char="524" id="token-3-21" start_char="518">because</TOKEN>
				<TOKEN end_char="527" id="token-3-22" start_char="526">it</TOKEN>
				<TOKEN end_char="530" id="token-3-23" start_char="529">is</TOKEN>
				<TOKEN end_char="538" id="token-3-24" start_char="532">popular</TOKEN>
				<TOKEN end_char="539" id="token-3-25" start_char="539">:</TOKEN>
				<TOKEN end_char="541" id="token-3-26" start_char="541">“</TOKEN>
				<TOKEN end_char="545" id="token-3-27" start_char="542">They</TOKEN>
				<TOKEN end_char="546" id="token-3-28" start_char="546">’</TOKEN>
				<TOKEN end_char="548" id="token-3-29" start_char="547">re</TOKEN>
				<TOKEN end_char="554" id="token-3-30" start_char="550">going</TOKEN>
				<TOKEN end_char="557" id="token-3-31" start_char="556">to</TOKEN>
				<TOKEN end_char="562" id="token-3-32" start_char="559">lose</TOKEN>
				<TOKEN end_char="568" id="token-3-33" start_char="564">votes</TOKEN>
				<TOKEN end_char="571" id="token-3-34" start_char="570">if</TOKEN>
				<TOKEN end_char="576" id="token-3-35" start_char="573">they</TOKEN>
				<TOKEN end_char="581" id="token-3-36" start_char="578">vote</TOKEN>
				<TOKEN end_char="589" id="token-3-37" start_char="583">against</TOKEN>
				<TOKEN end_char="593" id="token-3-38" start_char="591">the</TOKEN>
				<TOKEN end_char="600" id="token-3-39" start_char="595">Voting</TOKEN>
				<TOKEN end_char="607" id="token-3-40" start_char="602">Rights</TOKEN>
				<TOKEN end_char="611" id="token-3-41" start_char="609">Act</TOKEN>
				<TOKEN end_char="612" id="token-3-42" start_char="612">.</TOKEN>
				<TOKEN end_char="617" id="token-3-43" start_char="614">Even</TOKEN>
				<TOKEN end_char="621" id="token-3-44" start_char="619">the</TOKEN>
				<TOKEN end_char="626" id="token-3-45" start_char="623">name</TOKEN>
				<TOKEN end_char="629" id="token-3-46" start_char="628">is</TOKEN>
				<TOKEN end_char="639" id="token-3-47" start_char="631">wonderful</TOKEN>
				<TOKEN end_char="641" id="token-3-48" start_char="640">.”</TOKEN>
				<TOKEN end_char="646" id="token-3-49" start_char="643">This</TOKEN>
				<TOKEN end_char="649" id="token-3-50" start_char="648">is</TOKEN>
				<TOKEN end_char="651" id="token-3-51" start_char="651">a</TOKEN>
				<TOKEN end_char="659" id="token-3-52" start_char="653">curious</TOKEN>
				<TOKEN end_char="668" id="token-3-53" start_char="661">attitude</TOKEN>
				<TOKEN end_char="676" id="token-3-54" start_char="670">towards</TOKEN>
				<TOKEN end_char="686" id="token-3-55" start_char="678">democracy</TOKEN>
				<TOKEN end_char="688" id="token-3-56" start_char="688">—</TOKEN>
				<TOKEN end_char="691" id="token-3-57" start_char="690">it</TOKEN>
				<TOKEN end_char="692" id="token-3-58" start_char="692">’</TOKEN>
				<TOKEN end_char="693" id="token-3-59" start_char="693">s</TOKEN>
				<TOKEN end_char="707" id="token-3-60" start_char="695">automatically</TOKEN>
				<TOKEN end_char="715" id="token-3-61" start_char="709">suspect</TOKEN>
				<TOKEN end_char="718" id="token-3-62" start_char="717">if</TOKEN>
				<TOKEN end_char="726" id="token-3-63" start_char="720">members</TOKEN>
				<TOKEN end_char="729" id="token-3-64" start_char="728">of</TOKEN>
				<TOKEN end_char="738" id="token-3-65" start_char="731">Congress</TOKEN>
				<TOKEN end_char="746" id="token-3-66" start_char="740">support</TOKEN>
				<TOKEN end_char="751" id="token-3-67" start_char="748">laws</TOKEN>
				<TOKEN end_char="759" id="token-3-68" start_char="753">favored</TOKEN>
				<TOKEN end_char="762" id="token-3-69" start_char="761">by</TOKEN>
				<TOKEN end_char="768" id="token-3-70" start_char="764">their</TOKEN>
				<TOKEN end_char="781" id="token-3-71" start_char="770">constituents</TOKEN>
				<TOKEN end_char="782" id="token-3-72" start_char="782">?</TOKEN>
				<TOKEN end_char="786" id="token-3-73" start_char="784">And</TOKEN>
				<TOKEN end_char="791" id="token-3-74" start_char="788">John</TOKEN>
				<TOKEN end_char="799" id="token-3-75" start_char="793">Roberts</TOKEN>
				<TOKEN end_char="808" id="token-3-76" start_char="801">actually</TOKEN>
				<TOKEN end_char="814" id="token-3-77" start_char="810">asked</TOKEN>
				<TOKEN end_char="819" id="token-3-78" start_char="816">this</TOKEN>
				<TOKEN end_char="820" id="token-3-79" start_char="820">:</TOKEN>
				<TOKEN end_char="822" id="token-3-80" start_char="822">“</TOKEN>
				<TOKEN end_char="824" id="token-3-81" start_char="823">Is</TOKEN>
				<TOKEN end_char="827" id="token-3-82" start_char="826">it</TOKEN>
				<TOKEN end_char="831" id="token-3-83" start_char="829">the</TOKEN>
				<TOKEN end_char="842" id="token-3-84" start_char="833">government</TOKEN>
				<TOKEN end_char="843" id="token-3-85" start_char="843">’</TOKEN>
				<TOKEN end_char="844" id="token-3-86" start_char="844">s</TOKEN>
				<TOKEN end_char="855" id="token-3-87" start_char="846">submission</TOKEN>
				<TOKEN end_char="860" id="token-3-88" start_char="857">that</TOKEN>
				<TOKEN end_char="869" id="token-3-89" start_char="862">citizens</TOKEN>
				<TOKEN end_char="872" id="token-3-90" start_char="871">in</TOKEN>
				<TOKEN end_char="876" id="token-3-91" start_char="874">the</TOKEN>
				<TOKEN end_char="882" id="token-3-92" start_char="878">South</TOKEN>
				<TOKEN end_char="886" id="token-3-93" start_char="884">are</TOKEN>
				<TOKEN end_char="891" id="token-3-94" start_char="888">more</TOKEN>
				<TOKEN end_char="898" id="token-3-95" start_char="893">racist</TOKEN>
				<TOKEN end_char="903" id="token-3-96" start_char="900">than</TOKEN>
				<TOKEN end_char="912" id="token-3-97" start_char="905">citizens</TOKEN>
				<TOKEN end_char="915" id="token-3-98" start_char="914">in</TOKEN>
				<TOKEN end_char="919" id="token-3-99" start_char="917">the</TOKEN>
				<TOKEN end_char="925" id="token-3-100" start_char="921">North</TOKEN>
				<TOKEN end_char="927" id="token-3-101" start_char="926">?”</TOKEN>
			</SEG>
			<SEG end_char="1072" id="20130227_WAPO_1ca48f159d503c347fb2a6ecf69a1d1a-4" start_char="929">
				<ORIGINAL_TEXT>That aside, all may not be lost. That’s because proponents of the Voting Rights Act are focused mainly on holding on to Justice Anthony Kennedy.</ORIGINAL_TEXT>
				<TOKEN end_char="932" id="token-4-0" start_char="929">That</TOKEN>
				<TOKEN end_char="938" id="token-4-1" start_char="934">aside</TOKEN>
				<TOKEN end_char="939" id="token-4-2" start_char="939">,</TOKEN>
				<TOKEN end_char="943" id="token-4-3" start_char="941">all</TOKEN>
				<TOKEN end_char="947" id="token-4-4" start_char="945">may</TOKEN>
				<TOKEN end_char="951" id="token-4-5" start_char="949">not</TOKEN>
				<TOKEN end_char="954" id="token-4-6" start_char="953">be</TOKEN>
				<TOKEN end_char="959" id="token-4-7" start_char="956">lost</TOKEN>
				<TOKEN end_char="960" id="token-4-8" start_char="960">.</TOKEN>
				<TOKEN end_char="965" id="token-4-9" start_char="962">That</TOKEN>
				<TOKEN end_char="966" id="token-4-10" start_char="966">’</TOKEN>
				<TOKEN end_char="967" id="token-4-11" start_char="967">s</TOKEN>
				<TOKEN end_char="975" id="token-4-12" start_char="969">because</TOKEN>
				<TOKEN end_char="986" id="token-4-13" start_char="977">proponents</TOKEN>
				<TOKEN end_char="989" id="token-4-14" start_char="988">of</TOKEN>
				<TOKEN end_char="993" id="token-4-15" start_char="991">the</TOKEN>
				<TOKEN end_char="1000" id="token-4-16" start_char="995">Voting</TOKEN>
				<TOKEN end_char="1007" id="token-4-17" start_char="1002">Rights</TOKEN>
				<TOKEN end_char="1011" id="token-4-18" start_char="1009">Act</TOKEN>
				<TOKEN end_char="1015" id="token-4-19" start_char="1013">are</TOKEN>
				<TOKEN end_char="1023" id="token-4-20" start_char="1017">focused</TOKEN>
				<TOKEN end_char="1030" id="token-4-21" start_char="1025">mainly</TOKEN>
				<TOKEN end_char="1033" id="token-4-22" start_char="1032">on</TOKEN>
				<TOKEN end_char="1041" id="token-4-23" start_char="1035">holding</TOKEN>
				<TOKEN end_char="1044" id="token-4-24" start_char="1043">on</TOKEN>
				<TOKEN end_char="1047" id="token-4-25" start_char="1046">to</TOKEN>
				<TOKEN end_char="1055" id="token-4-26" start_char="1049">Justice</TOKEN>
				<TOKEN end_char="1063" id="token-4-27" start_char="1057">Anthony</TOKEN>
				<TOKEN end_char="1071" id="token-4-28" start_char="1065">Kennedy</TOKEN>
				<TOKEN end_char="1072" id="token-4-29" start_char="1072">.</TOKEN>
			</SEG>
			<SEG end_char="1468" id="20130227_WAPO_1ca48f159d503c347fb2a6ecf69a1d1a-5" start_char="1074">
				<ORIGINAL_TEXT>Kennedy’s comments were skeptical of the Act, too, but his line of questioning left room for him to uphold the law, according to Myrna Perez, a senior counsel with the Brennan Center, who was at the court today and spoke to me by phone. Kennedy’s main objection to the law, she noted, was that it constitutes “reverse engineering.” He also suggested that times have changed since it was enacted.</ORIGINAL_TEXT>
				<TOKEN end_char="1080" id="token-5-0" start_char="1074">Kennedy</TOKEN>
				<TOKEN end_char="1081" id="token-5-1" start_char="1081">’</TOKEN>
				<TOKEN end_char="1082" id="token-5-2" start_char="1082">s</TOKEN>
				<TOKEN end_char="1091" id="token-5-3" start_char="1084">comments</TOKEN>
				<TOKEN end_char="1096" id="token-5-4" start_char="1093">were</TOKEN>
				<TOKEN end_char="1106" id="token-5-5" start_char="1098">skeptical</TOKEN>
				<TOKEN end_char="1109" id="token-5-6" start_char="1108">of</TOKEN>
				<TOKEN end_char="1113" id="token-5-7" start_char="1111">the</TOKEN>
				<TOKEN end_char="1117" id="token-5-8" start_char="1115">Act</TOKEN>
				<TOKEN end_char="1118" id="token-5-9" start_char="1118">,</TOKEN>
				<TOKEN end_char="1122" id="token-5-10" start_char="1120">too</TOKEN>
				<TOKEN end_char="1123" id="token-5-11" start_char="1123">,</TOKEN>
				<TOKEN end_char="1127" id="token-5-12" start_char="1125">but</TOKEN>
				<TOKEN end_char="1131" id="token-5-13" start_char="1129">his</TOKEN>
				<TOKEN end_char="1136" id="token-5-14" start_char="1133">line</TOKEN>
				<TOKEN end_char="1139" id="token-5-15" start_char="1138">of</TOKEN>
				<TOKEN end_char="1151" id="token-5-16" start_char="1141">questioning</TOKEN>
				<TOKEN end_char="1156" id="token-5-17" start_char="1153">left</TOKEN>
				<TOKEN end_char="1161" id="token-5-18" start_char="1158">room</TOKEN>
				<TOKEN end_char="1165" id="token-5-19" start_char="1163">for</TOKEN>
				<TOKEN end_char="1169" id="token-5-20" start_char="1167">him</TOKEN>
				<TOKEN end_char="1172" id="token-5-21" start_char="1171">to</TOKEN>
				<TOKEN end_char="1179" id="token-5-22" start_char="1174">uphold</TOKEN>
				<TOKEN end_char="1183" id="token-5-23" start_char="1181">the</TOKEN>
				<TOKEN end_char="1187" id="token-5-24" start_char="1185">law</TOKEN>
				<TOKEN end_char="1188" id="token-5-25" start_char="1188">,</TOKEN>
				<TOKEN end_char="1198" id="token-5-26" start_char="1190">according</TOKEN>
				<TOKEN end_char="1201" id="token-5-27" start_char="1200">to</TOKEN>
				<TOKEN end_char="1207" id="token-5-28" start_char="1203">Myrna</TOKEN>
				<TOKEN end_char="1213" id="token-5-29" start_char="1209">Perez</TOKEN>
				<TOKEN end_char="1214" id="token-5-30" start_char="1214">,</TOKEN>
				<TOKEN end_char="1216" id="token-5-31" start_char="1216">a</TOKEN>
				<TOKEN end_char="1223" id="token-5-32" start_char="1218">senior</TOKEN>
				<TOKEN end_char="1231" id="token-5-33" start_char="1225">counsel</TOKEN>
				<TOKEN end_char="1236" id="token-5-34" start_char="1233">with</TOKEN>
				<TOKEN end_char="1240" id="token-5-35" start_char="1238">the</TOKEN>
				<TOKEN end_char="1248" id="token-5-36" start_char="1242">Brennan</TOKEN>
				<TOKEN end_char="1255" id="token-5-37" start_char="1250">Center</TOKEN>
				<TOKEN end_char="1256" id="token-5-38" start_char="1256">,</TOKEN>
				<TOKEN end_char="1260" id="token-5-39" start_char="1258">who</TOKEN>
				<TOKEN end_char="1264" id="token-5-40" start_char="1262">was</TOKEN>
				<TOKEN end_char="1267" id="token-5-41" start_char="1266">at</TOKEN>
				<TOKEN end_char="1271" id="token-5-42" start_char="1269">the</TOKEN>
				<TOKEN end_char="1277" id="token-5-43" start_char="1273">court</TOKEN>
				<TOKEN end_char="1283" id="token-5-44" start_char="1279">today</TOKEN>
				<TOKEN end_char="1287" id="token-5-45" start_char="1285">and</TOKEN>
				<TOKEN end_char="1293" id="token-5-46" start_char="1289">spoke</TOKEN>
				<TOKEN end_char="1296" id="token-5-47" start_char="1295">to</TOKEN>
				<TOKEN end_char="1299" id="token-5-48" start_char="1298">me</TOKEN>
				<TOKEN end_char="1302" id="token-5-49" start_char="1301">by</TOKEN>
				<TOKEN end_char="1308" id="token-5-50" start_char="1304">phone</TOKEN>
				<TOKEN end_char="1309" id="token-5-51" start_char="1309">.</TOKEN>
				<TOKEN end_char="1317" id="token-5-52" start_char="1311">Kennedy</TOKEN>
				<TOKEN end_char="1318" id="token-5-53" start_char="1318">’</TOKEN>
				<TOKEN end_char="1319" id="token-5-54" start_char="1319">s</TOKEN>
				<TOKEN end_char="1324" id="token-5-55" start_char="1321">main</TOKEN>
				<TOKEN end_char="1334" id="token-5-56" start_char="1326">objection</TOKEN>
				<TOKEN end_char="1337" id="token-5-57" start_char="1336">to</TOKEN>
				<TOKEN end_char="1341" id="token-5-58" start_char="1339">the</TOKEN>
				<TOKEN end_char="1345" id="token-5-59" start_char="1343">law</TOKEN>
				<TOKEN end_char="1346" id="token-5-60" start_char="1346">,</TOKEN>
				<TOKEN end_char="1350" id="token-5-61" start_char="1348">she</TOKEN>
				<TOKEN end_char="1356" id="token-5-62" start_char="1352">noted</TOKEN>
				<TOKEN end_char="1357" id="token-5-63" start_char="1357">,</TOKEN>
				<TOKEN end_char="1361" id="token-5-64" start_char="1359">was</TOKEN>
				<TOKEN end_char="1366" id="token-5-65" start_char="1363">that</TOKEN>
				<TOKEN end_char="1369" id="token-5-66" start_char="1368">it</TOKEN>
				<TOKEN end_char="1381" id="token-5-67" start_char="1371">constitutes</TOKEN>
				<TOKEN end_char="1383" id="token-5-68" start_char="1383">“</TOKEN>
				<TOKEN end_char="1390" id="token-5-69" start_char="1384">reverse</TOKEN>
				<TOKEN end_char="1402" id="token-5-70" start_char="1392">engineering</TOKEN>
				<TOKEN end_char="1404" id="token-5-71" start_char="1403">.”</TOKEN>
				<TOKEN end_char="1407" id="token-5-72" start_char="1406">He</TOKEN>
				<TOKEN end_char="1412" id="token-5-73" start_char="1409">also</TOKEN>
				<TOKEN end_char="1422" id="token-5-74" start_char="1414">suggested</TOKEN>
				<TOKEN end_char="1427" id="token-5-75" start_char="1424">that</TOKEN>
				<TOKEN end_char="1433" id="token-5-76" start_char="1429">times</TOKEN>
				<TOKEN end_char="1438" id="token-5-77" start_char="1435">have</TOKEN>
				<TOKEN end_char="1446" id="token-5-78" start_char="1440">changed</TOKEN>
				<TOKEN end_char="1452" id="token-5-79" start_char="1448">since</TOKEN>
				<TOKEN end_char="1455" id="token-5-80" start_char="1454">it</TOKEN>
				<TOKEN end_char="1459" id="token-5-81" start_char="1457">was</TOKEN>
				<TOKEN end_char="1467" id="token-5-82" start_char="1461">enacted</TOKEN>
				<TOKEN end_char="1468" id="token-5-83" start_char="1468">.</TOKEN>
			</SEG>
			<SEG end_char="2205" id="20130227_WAPO_1ca48f159d503c347fb2a6ecf69a1d1a-6" start_char="1470">
				<ORIGINAL_TEXT>The question is whether Kennedy’s line of questioning pinpointed anything in particular that would justify labeling the law unconstitutional. Proponents are hoping Kennedy will make the call based on very specific criteria: First, whether or not Congress, in passing the law and renewing it in 2006, carefully evaluated whether the conclusions it reached — about the states and localities that require federal “pre-clearance” before changing voting laws — are reasonable. And second, whether the remedy Congress picked (Section 5) was within the proper scope of Congress’ power. When Congress renewed the law in 2006, proponents note that it undertook very careful review to determine whether the evidence still justifies pre-clearance.</ORIGINAL_TEXT>
				<TOKEN end_char="1472" id="token-6-0" start_char="1470">The</TOKEN>
				<TOKEN end_char="1481" id="token-6-1" start_char="1474">question</TOKEN>
				<TOKEN end_char="1484" id="token-6-2" start_char="1483">is</TOKEN>
				<TOKEN end_char="1492" id="token-6-3" start_char="1486">whether</TOKEN>
				<TOKEN end_char="1500" id="token-6-4" start_char="1494">Kennedy</TOKEN>
				<TOKEN end_char="1501" id="token-6-5" start_char="1501">’</TOKEN>
				<TOKEN end_char="1502" id="token-6-6" start_char="1502">s</TOKEN>
				<TOKEN end_char="1507" id="token-6-7" start_char="1504">line</TOKEN>
				<TOKEN end_char="1510" id="token-6-8" start_char="1509">of</TOKEN>
				<TOKEN end_char="1522" id="token-6-9" start_char="1512">questioning</TOKEN>
				<TOKEN end_char="1533" id="token-6-10" start_char="1524">pinpointed</TOKEN>
				<TOKEN end_char="1542" id="token-6-11" start_char="1535">anything</TOKEN>
				<TOKEN end_char="1545" id="token-6-12" start_char="1544">in</TOKEN>
				<TOKEN end_char="1556" id="token-6-13" start_char="1547">particular</TOKEN>
				<TOKEN end_char="1561" id="token-6-14" start_char="1558">that</TOKEN>
				<TOKEN end_char="1567" id="token-6-15" start_char="1563">would</TOKEN>
				<TOKEN end_char="1575" id="token-6-16" start_char="1569">justify</TOKEN>
				<TOKEN end_char="1584" id="token-6-17" start_char="1577">labeling</TOKEN>
				<TOKEN end_char="1588" id="token-6-18" start_char="1586">the</TOKEN>
				<TOKEN end_char="1592" id="token-6-19" start_char="1590">law</TOKEN>
				<TOKEN end_char="1609" id="token-6-20" start_char="1594">unconstitutional</TOKEN>
				<TOKEN end_char="1610" id="token-6-21" start_char="1610">.</TOKEN>
				<TOKEN end_char="1621" id="token-6-22" start_char="1612">Proponents</TOKEN>
				<TOKEN end_char="1625" id="token-6-23" start_char="1623">are</TOKEN>
				<TOKEN end_char="1632" id="token-6-24" start_char="1627">hoping</TOKEN>
				<TOKEN end_char="1640" id="token-6-25" start_char="1634">Kennedy</TOKEN>
				<TOKEN end_char="1645" id="token-6-26" start_char="1642">will</TOKEN>
				<TOKEN end_char="1650" id="token-6-27" start_char="1647">make</TOKEN>
				<TOKEN end_char="1654" id="token-6-28" start_char="1652">the</TOKEN>
				<TOKEN end_char="1659" id="token-6-29" start_char="1656">call</TOKEN>
				<TOKEN end_char="1665" id="token-6-30" start_char="1661">based</TOKEN>
				<TOKEN end_char="1668" id="token-6-31" start_char="1667">on</TOKEN>
				<TOKEN end_char="1673" id="token-6-32" start_char="1670">very</TOKEN>
				<TOKEN end_char="1682" id="token-6-33" start_char="1675">specific</TOKEN>
				<TOKEN end_char="1691" id="token-6-34" start_char="1684">criteria</TOKEN>
				<TOKEN end_char="1692" id="token-6-35" start_char="1692">:</TOKEN>
				<TOKEN end_char="1698" id="token-6-36" start_char="1694">First</TOKEN>
				<TOKEN end_char="1699" id="token-6-37" start_char="1699">,</TOKEN>
				<TOKEN end_char="1707" id="token-6-38" start_char="1701">whether</TOKEN>
				<TOKEN end_char="1710" id="token-6-39" start_char="1709">or</TOKEN>
				<TOKEN end_char="1714" id="token-6-40" start_char="1712">not</TOKEN>
				<TOKEN end_char="1723" id="token-6-41" start_char="1716">Congress</TOKEN>
				<TOKEN end_char="1724" id="token-6-42" start_char="1724">,</TOKEN>
				<TOKEN end_char="1727" id="token-6-43" start_char="1726">in</TOKEN>
				<TOKEN end_char="1735" id="token-6-44" start_char="1729">passing</TOKEN>
				<TOKEN end_char="1739" id="token-6-45" start_char="1737">the</TOKEN>
				<TOKEN end_char="1743" id="token-6-46" start_char="1741">law</TOKEN>
				<TOKEN end_char="1747" id="token-6-47" start_char="1745">and</TOKEN>
				<TOKEN end_char="1756" id="token-6-48" start_char="1749">renewing</TOKEN>
				<TOKEN end_char="1759" id="token-6-49" start_char="1758">it</TOKEN>
				<TOKEN end_char="1762" id="token-6-50" start_char="1761">in</TOKEN>
				<TOKEN end_char="1767" id="token-6-51" start_char="1764">2006</TOKEN>
				<TOKEN end_char="1768" id="token-6-52" start_char="1768">,</TOKEN>
				<TOKEN end_char="1778" id="token-6-53" start_char="1770">carefully</TOKEN>
				<TOKEN end_char="1788" id="token-6-54" start_char="1780">evaluated</TOKEN>
				<TOKEN end_char="1796" id="token-6-55" start_char="1790">whether</TOKEN>
				<TOKEN end_char="1800" id="token-6-56" start_char="1798">the</TOKEN>
				<TOKEN end_char="1812" id="token-6-57" start_char="1802">conclusions</TOKEN>
				<TOKEN end_char="1815" id="token-6-58" start_char="1814">it</TOKEN>
				<TOKEN end_char="1823" id="token-6-59" start_char="1817">reached</TOKEN>
				<TOKEN end_char="1825" id="token-6-60" start_char="1825">—</TOKEN>
				<TOKEN end_char="1831" id="token-6-61" start_char="1827">about</TOKEN>
				<TOKEN end_char="1835" id="token-6-62" start_char="1833">the</TOKEN>
				<TOKEN end_char="1842" id="token-6-63" start_char="1837">states</TOKEN>
				<TOKEN end_char="1846" id="token-6-64" start_char="1844">and</TOKEN>
				<TOKEN end_char="1857" id="token-6-65" start_char="1848">localities</TOKEN>
				<TOKEN end_char="1862" id="token-6-66" start_char="1859">that</TOKEN>
				<TOKEN end_char="1870" id="token-6-67" start_char="1864">require</TOKEN>
				<TOKEN end_char="1878" id="token-6-68" start_char="1872">federal</TOKEN>
				<TOKEN end_char="1880" id="token-6-69" start_char="1880">“</TOKEN>
				<TOKEN end_char="1883" id="token-6-70" start_char="1881">pre</TOKEN>
				<TOKEN end_char="1884" id="token-6-71" start_char="1884">-</TOKEN>
				<TOKEN end_char="1893" id="token-6-72" start_char="1885">clearance</TOKEN>
				<TOKEN end_char="1894" id="token-6-73" start_char="1894">”</TOKEN>
				<TOKEN end_char="1901" id="token-6-74" start_char="1896">before</TOKEN>
				<TOKEN end_char="1910" id="token-6-75" start_char="1903">changing</TOKEN>
				<TOKEN end_char="1917" id="token-6-76" start_char="1912">voting</TOKEN>
				<TOKEN end_char="1922" id="token-6-77" start_char="1919">laws</TOKEN>
				<TOKEN end_char="1924" id="token-6-78" start_char="1924">—</TOKEN>
				<TOKEN end_char="1928" id="token-6-79" start_char="1926">are</TOKEN>
				<TOKEN end_char="1939" id="token-6-80" start_char="1930">reasonable</TOKEN>
				<TOKEN end_char="1940" id="token-6-81" start_char="1940">.</TOKEN>
				<TOKEN end_char="1944" id="token-6-82" start_char="1942">And</TOKEN>
				<TOKEN end_char="1951" id="token-6-83" start_char="1946">second</TOKEN>
				<TOKEN end_char="1952" id="token-6-84" start_char="1952">,</TOKEN>
				<TOKEN end_char="1960" id="token-6-85" start_char="1954">whether</TOKEN>
				<TOKEN end_char="1964" id="token-6-86" start_char="1962">the</TOKEN>
				<TOKEN end_char="1971" id="token-6-87" start_char="1966">remedy</TOKEN>
				<TOKEN end_char="1980" id="token-6-88" start_char="1973">Congress</TOKEN>
				<TOKEN end_char="1987" id="token-6-89" start_char="1982">picked</TOKEN>
				<TOKEN end_char="1989" id="token-6-90" start_char="1989">(</TOKEN>
				<TOKEN end_char="1996" id="token-6-91" start_char="1990">Section</TOKEN>
				<TOKEN end_char="1998" id="token-6-92" start_char="1998">5</TOKEN>
				<TOKEN end_char="1999" id="token-6-93" start_char="1999">)</TOKEN>
				<TOKEN end_char="2003" id="token-6-94" start_char="2001">was</TOKEN>
				<TOKEN end_char="2010" id="token-6-95" start_char="2005">within</TOKEN>
				<TOKEN end_char="2014" id="token-6-96" start_char="2012">the</TOKEN>
				<TOKEN end_char="2021" id="token-6-97" start_char="2016">proper</TOKEN>
				<TOKEN end_char="2027" id="token-6-98" start_char="2023">scope</TOKEN>
				<TOKEN end_char="2030" id="token-6-99" start_char="2029">of</TOKEN>
				<TOKEN end_char="2039" id="token-6-100" start_char="2032">Congress</TOKEN>
				<TOKEN end_char="2040" id="token-6-101" start_char="2040">’</TOKEN>
				<TOKEN end_char="2046" id="token-6-102" start_char="2042">power</TOKEN>
				<TOKEN end_char="2047" id="token-6-103" start_char="2047">.</TOKEN>
				<TOKEN end_char="2052" id="token-6-104" start_char="2049">When</TOKEN>
				<TOKEN end_char="2061" id="token-6-105" start_char="2054">Congress</TOKEN>
				<TOKEN end_char="2069" id="token-6-106" start_char="2063">renewed</TOKEN>
				<TOKEN end_char="2073" id="token-6-107" start_char="2071">the</TOKEN>
				<TOKEN end_char="2077" id="token-6-108" start_char="2075">law</TOKEN>
				<TOKEN end_char="2080" id="token-6-109" start_char="2079">in</TOKEN>
				<TOKEN end_char="2085" id="token-6-110" start_char="2082">2006</TOKEN>
				<TOKEN end_char="2086" id="token-6-111" start_char="2086">,</TOKEN>
				<TOKEN end_char="2097" id="token-6-112" start_char="2088">proponents</TOKEN>
				<TOKEN end_char="2102" id="token-6-113" start_char="2099">note</TOKEN>
				<TOKEN end_char="2107" id="token-6-114" start_char="2104">that</TOKEN>
				<TOKEN end_char="2110" id="token-6-115" start_char="2109">it</TOKEN>
				<TOKEN end_char="2120" id="token-6-116" start_char="2112">undertook</TOKEN>
				<TOKEN end_char="2125" id="token-6-117" start_char="2122">very</TOKEN>
				<TOKEN end_char="2133" id="token-6-118" start_char="2127">careful</TOKEN>
				<TOKEN end_char="2140" id="token-6-119" start_char="2135">review</TOKEN>
				<TOKEN end_char="2143" id="token-6-120" start_char="2142">to</TOKEN>
				<TOKEN end_char="2153" id="token-6-121" start_char="2145">determine</TOKEN>
				<TOKEN end_char="2161" id="token-6-122" start_char="2155">whether</TOKEN>
				<TOKEN end_char="2165" id="token-6-123" start_char="2163">the</TOKEN>
				<TOKEN end_char="2174" id="token-6-124" start_char="2167">evidence</TOKEN>
				<TOKEN end_char="2180" id="token-6-125" start_char="2176">still</TOKEN>
				<TOKEN end_char="2190" id="token-6-126" start_char="2182">justifies</TOKEN>
				<TOKEN end_char="2194" id="token-6-127" start_char="2192">pre</TOKEN>
				<TOKEN end_char="2195" id="token-6-128" start_char="2195">-</TOKEN>
				<TOKEN end_char="2204" id="token-6-129" start_char="2196">clearance</TOKEN>
				<TOKEN end_char="2205" id="token-6-130" start_char="2205">.</TOKEN>
			</SEG>
			<SEG end_char="2699" id="20130227_WAPO_1ca48f159d503c347fb2a6ecf69a1d1a-7" start_char="2207">
				<ORIGINAL_TEXT>Last May, a federal appeals court upheld the law on the grounds that Congress had indeed reached reasonable conclusions about the need for pre-clearance in these states and localities, and declared that the remedy Congress took was within its powers. There is nothing specific in Kennedy’s questioning that necessarily means he’ll disagree, Perez noted. She said that Kennedy’s objection to “reverse engineering” doesn’t go to the core question of whether the law passes those two basic tests.</ORIGINAL_TEXT>
				<TOKEN end_char="2210" id="token-7-0" start_char="2207">Last</TOKEN>
				<TOKEN end_char="2214" id="token-7-1" start_char="2212">May</TOKEN>
				<TOKEN end_char="2215" id="token-7-2" start_char="2215">,</TOKEN>
				<TOKEN end_char="2217" id="token-7-3" start_char="2217">a</TOKEN>
				<TOKEN end_char="2225" id="token-7-4" start_char="2219">federal</TOKEN>
				<TOKEN end_char="2233" id="token-7-5" start_char="2227">appeals</TOKEN>
				<TOKEN end_char="2239" id="token-7-6" start_char="2235">court</TOKEN>
				<TOKEN end_char="2246" id="token-7-7" start_char="2241">upheld</TOKEN>
				<TOKEN end_char="2250" id="token-7-8" start_char="2248">the</TOKEN>
				<TOKEN end_char="2254" id="token-7-9" start_char="2252">law</TOKEN>
				<TOKEN end_char="2257" id="token-7-10" start_char="2256">on</TOKEN>
				<TOKEN end_char="2261" id="token-7-11" start_char="2259">the</TOKEN>
				<TOKEN end_char="2269" id="token-7-12" start_char="2263">grounds</TOKEN>
				<TOKEN end_char="2274" id="token-7-13" start_char="2271">that</TOKEN>
				<TOKEN end_char="2283" id="token-7-14" start_char="2276">Congress</TOKEN>
				<TOKEN end_char="2287" id="token-7-15" start_char="2285">had</TOKEN>
				<TOKEN end_char="2294" id="token-7-16" start_char="2289">indeed</TOKEN>
				<TOKEN end_char="2302" id="token-7-17" start_char="2296">reached</TOKEN>
				<TOKEN end_char="2313" id="token-7-18" start_char="2304">reasonable</TOKEN>
				<TOKEN end_char="2325" id="token-7-19" start_char="2315">conclusions</TOKEN>
				<TOKEN end_char="2331" id="token-7-20" start_char="2327">about</TOKEN>
				<TOKEN end_char="2335" id="token-7-21" start_char="2333">the</TOKEN>
				<TOKEN end_char="2340" id="token-7-22" start_char="2337">need</TOKEN>
				<TOKEN end_char="2344" id="token-7-23" start_char="2342">for</TOKEN>
				<TOKEN end_char="2348" id="token-7-24" start_char="2346">pre</TOKEN>
				<TOKEN end_char="2349" id="token-7-25" start_char="2349">-</TOKEN>
				<TOKEN end_char="2358" id="token-7-26" start_char="2350">clearance</TOKEN>
				<TOKEN end_char="2361" id="token-7-27" start_char="2360">in</TOKEN>
				<TOKEN end_char="2367" id="token-7-28" start_char="2363">these</TOKEN>
				<TOKEN end_char="2374" id="token-7-29" start_char="2369">states</TOKEN>
				<TOKEN end_char="2378" id="token-7-30" start_char="2376">and</TOKEN>
				<TOKEN end_char="2389" id="token-7-31" start_char="2380">localities</TOKEN>
				<TOKEN end_char="2390" id="token-7-32" start_char="2390">,</TOKEN>
				<TOKEN end_char="2394" id="token-7-33" start_char="2392">and</TOKEN>
				<TOKEN end_char="2403" id="token-7-34" start_char="2396">declared</TOKEN>
				<TOKEN end_char="2408" id="token-7-35" start_char="2405">that</TOKEN>
				<TOKEN end_char="2412" id="token-7-36" start_char="2410">the</TOKEN>
				<TOKEN end_char="2419" id="token-7-37" start_char="2414">remedy</TOKEN>
				<TOKEN end_char="2428" id="token-7-38" start_char="2421">Congress</TOKEN>
				<TOKEN end_char="2433" id="token-7-39" start_char="2430">took</TOKEN>
				<TOKEN end_char="2437" id="token-7-40" start_char="2435">was</TOKEN>
				<TOKEN end_char="2444" id="token-7-41" start_char="2439">within</TOKEN>
				<TOKEN end_char="2448" id="token-7-42" start_char="2446">its</TOKEN>
				<TOKEN end_char="2455" id="token-7-43" start_char="2450">powers</TOKEN>
				<TOKEN end_char="2456" id="token-7-44" start_char="2456">.</TOKEN>
				<TOKEN end_char="2462" id="token-7-45" start_char="2458">There</TOKEN>
				<TOKEN end_char="2465" id="token-7-46" start_char="2464">is</TOKEN>
				<TOKEN end_char="2473" id="token-7-47" start_char="2467">nothing</TOKEN>
				<TOKEN end_char="2482" id="token-7-48" start_char="2475">specific</TOKEN>
				<TOKEN end_char="2485" id="token-7-49" start_char="2484">in</TOKEN>
				<TOKEN end_char="2493" id="token-7-50" start_char="2487">Kennedy</TOKEN>
				<TOKEN end_char="2494" id="token-7-51" start_char="2494">’</TOKEN>
				<TOKEN end_char="2495" id="token-7-52" start_char="2495">s</TOKEN>
				<TOKEN end_char="2507" id="token-7-53" start_char="2497">questioning</TOKEN>
				<TOKEN end_char="2512" id="token-7-54" start_char="2509">that</TOKEN>
				<TOKEN end_char="2524" id="token-7-55" start_char="2514">necessarily</TOKEN>
				<TOKEN end_char="2530" id="token-7-56" start_char="2526">means</TOKEN>
				<TOKEN end_char="2533" id="token-7-57" start_char="2532">he</TOKEN>
				<TOKEN end_char="2534" id="token-7-58" start_char="2534">’</TOKEN>
				<TOKEN end_char="2536" id="token-7-59" start_char="2535">ll</TOKEN>
				<TOKEN end_char="2545" id="token-7-60" start_char="2538">disagree</TOKEN>
				<TOKEN end_char="2546" id="token-7-61" start_char="2546">,</TOKEN>
				<TOKEN end_char="2552" id="token-7-62" start_char="2548">Perez</TOKEN>
				<TOKEN end_char="2558" id="token-7-63" start_char="2554">noted</TOKEN>
				<TOKEN end_char="2559" id="token-7-64" start_char="2559">.</TOKEN>
				<TOKEN end_char="2563" id="token-7-65" start_char="2561">She</TOKEN>
				<TOKEN end_char="2568" id="token-7-66" start_char="2565">said</TOKEN>
				<TOKEN end_char="2573" id="token-7-67" start_char="2570">that</TOKEN>
				<TOKEN end_char="2581" id="token-7-68" start_char="2575">Kennedy</TOKEN>
				<TOKEN end_char="2582" id="token-7-69" start_char="2582">’</TOKEN>
				<TOKEN end_char="2583" id="token-7-70" start_char="2583">s</TOKEN>
				<TOKEN end_char="2593" id="token-7-71" start_char="2585">objection</TOKEN>
				<TOKEN end_char="2596" id="token-7-72" start_char="2595">to</TOKEN>
				<TOKEN end_char="2598" id="token-7-73" start_char="2598">“</TOKEN>
				<TOKEN end_char="2605" id="token-7-74" start_char="2599">reverse</TOKEN>
				<TOKEN end_char="2617" id="token-7-75" start_char="2607">engineering</TOKEN>
				<TOKEN end_char="2618" id="token-7-76" start_char="2618">”</TOKEN>
				<TOKEN end_char="2624" id="token-7-77" start_char="2620">doesn</TOKEN>
				<TOKEN end_char="2625" id="token-7-78" start_char="2625">’</TOKEN>
				<TOKEN end_char="2626" id="token-7-79" start_char="2626">t</TOKEN>
				<TOKEN end_char="2629" id="token-7-80" start_char="2628">go</TOKEN>
				<TOKEN end_char="2632" id="token-7-81" start_char="2631">to</TOKEN>
				<TOKEN end_char="2636" id="token-7-82" start_char="2634">the</TOKEN>
				<TOKEN end_char="2641" id="token-7-83" start_char="2638">core</TOKEN>
				<TOKEN end_char="2650" id="token-7-84" start_char="2643">question</TOKEN>
				<TOKEN end_char="2653" id="token-7-85" start_char="2652">of</TOKEN>
				<TOKEN end_char="2661" id="token-7-86" start_char="2655">whether</TOKEN>
				<TOKEN end_char="2665" id="token-7-87" start_char="2663">the</TOKEN>
				<TOKEN end_char="2669" id="token-7-88" start_char="2667">law</TOKEN>
				<TOKEN end_char="2676" id="token-7-89" start_char="2671">passes</TOKEN>
				<TOKEN end_char="2682" id="token-7-90" start_char="2678">those</TOKEN>
				<TOKEN end_char="2686" id="token-7-91" start_char="2684">two</TOKEN>
				<TOKEN end_char="2692" id="token-7-92" start_char="2688">basic</TOKEN>
				<TOKEN end_char="2698" id="token-7-93" start_char="2694">tests</TOKEN>
				<TOKEN end_char="2699" id="token-7-94" start_char="2699">.</TOKEN>
			</SEG>
			<SEG end_char="2945" id="20130227_WAPO_1ca48f159d503c347fb2a6ecf69a1d1a-8" start_char="2701">
				<ORIGINAL_TEXT>“Kennedy asked hard questions — that’s his job,” Perez says. “But the questions didn’t signal the law’s demise.” Scalia and Roberts obviously appear to be leaning in favor of striking down the provision. But perhaps the law isn’t toast just yet.</ORIGINAL_TEXT>
				<TOKEN end_char="2701" id="token-8-0" start_char="2701">“</TOKEN>
				<TOKEN end_char="2708" id="token-8-1" start_char="2702">Kennedy</TOKEN>
				<TOKEN end_char="2714" id="token-8-2" start_char="2710">asked</TOKEN>
				<TOKEN end_char="2719" id="token-8-3" start_char="2716">hard</TOKEN>
				<TOKEN end_char="2729" id="token-8-4" start_char="2721">questions</TOKEN>
				<TOKEN end_char="2731" id="token-8-5" start_char="2731">—</TOKEN>
				<TOKEN end_char="2736" id="token-8-6" start_char="2733">that</TOKEN>
				<TOKEN end_char="2737" id="token-8-7" start_char="2737">’</TOKEN>
				<TOKEN end_char="2738" id="token-8-8" start_char="2738">s</TOKEN>
				<TOKEN end_char="2742" id="token-8-9" start_char="2740">his</TOKEN>
				<TOKEN end_char="2746" id="token-8-10" start_char="2744">job</TOKEN>
				<TOKEN end_char="2748" id="token-8-11" start_char="2747">,”</TOKEN>
				<TOKEN end_char="2754" id="token-8-12" start_char="2750">Perez</TOKEN>
				<TOKEN end_char="2759" id="token-8-13" start_char="2756">says</TOKEN>
				<TOKEN end_char="2760" id="token-8-14" start_char="2760">.</TOKEN>
				<TOKEN end_char="2762" id="token-8-15" start_char="2762">“</TOKEN>
				<TOKEN end_char="2765" id="token-8-16" start_char="2763">But</TOKEN>
				<TOKEN end_char="2769" id="token-8-17" start_char="2767">the</TOKEN>
				<TOKEN end_char="2779" id="token-8-18" start_char="2771">questions</TOKEN>
				<TOKEN end_char="2784" id="token-8-19" start_char="2781">didn</TOKEN>
				<TOKEN end_char="2785" id="token-8-20" start_char="2785">’</TOKEN>
				<TOKEN end_char="2786" id="token-8-21" start_char="2786">t</TOKEN>
				<TOKEN end_char="2793" id="token-8-22" start_char="2788">signal</TOKEN>
				<TOKEN end_char="2797" id="token-8-23" start_char="2795">the</TOKEN>
				<TOKEN end_char="2801" id="token-8-24" start_char="2799">law</TOKEN>
				<TOKEN end_char="2802" id="token-8-25" start_char="2802">’</TOKEN>
				<TOKEN end_char="2803" id="token-8-26" start_char="2803">s</TOKEN>
				<TOKEN end_char="2810" id="token-8-27" start_char="2805">demise</TOKEN>
				<TOKEN end_char="2812" id="token-8-28" start_char="2811">.”</TOKEN>
				<TOKEN end_char="2819" id="token-8-29" start_char="2814">Scalia</TOKEN>
				<TOKEN end_char="2823" id="token-8-30" start_char="2821">and</TOKEN>
				<TOKEN end_char="2831" id="token-8-31" start_char="2825">Roberts</TOKEN>
				<TOKEN end_char="2841" id="token-8-32" start_char="2833">obviously</TOKEN>
				<TOKEN end_char="2848" id="token-8-33" start_char="2843">appear</TOKEN>
				<TOKEN end_char="2851" id="token-8-34" start_char="2850">to</TOKEN>
				<TOKEN end_char="2854" id="token-8-35" start_char="2853">be</TOKEN>
				<TOKEN end_char="2862" id="token-8-36" start_char="2856">leaning</TOKEN>
				<TOKEN end_char="2865" id="token-8-37" start_char="2864">in</TOKEN>
				<TOKEN end_char="2871" id="token-8-38" start_char="2867">favor</TOKEN>
				<TOKEN end_char="2874" id="token-8-39" start_char="2873">of</TOKEN>
				<TOKEN end_char="2883" id="token-8-40" start_char="2876">striking</TOKEN>
				<TOKEN end_char="2888" id="token-8-41" start_char="2885">down</TOKEN>
				<TOKEN end_char="2892" id="token-8-42" start_char="2890">the</TOKEN>
				<TOKEN end_char="2902" id="token-8-43" start_char="2894">provision</TOKEN>
				<TOKEN end_char="2903" id="token-8-44" start_char="2903">.</TOKEN>
				<TOKEN end_char="2907" id="token-8-45" start_char="2905">But</TOKEN>
				<TOKEN end_char="2915" id="token-8-46" start_char="2909">perhaps</TOKEN>
				<TOKEN end_char="2919" id="token-8-47" start_char="2917">the</TOKEN>
				<TOKEN end_char="2923" id="token-8-48" start_char="2921">law</TOKEN>
				<TOKEN end_char="2927" id="token-8-49" start_char="2925">isn</TOKEN>
				<TOKEN end_char="2928" id="token-8-50" start_char="2928">’</TOKEN>
				<TOKEN end_char="2929" id="token-8-51" start_char="2929">t</TOKEN>
				<TOKEN end_char="2935" id="token-8-52" start_char="2931">toast</TOKEN>
				<TOKEN end_char="2940" id="token-8-53" start_char="2937">just</TOKEN>
				<TOKEN end_char="2944" id="token-8-54" start_char="2942">yet</TOKEN>
				<TOKEN end_char="2945" id="token-8-55" start_char="2945">.</TOKEN>
			</SEG>
			<SEG end_char="2998" id="20130227_WAPO_1ca48f159d503c347fb2a6ecf69a1d1a-9" start_char="2947">
				<ORIGINAL_TEXT>****************************************************</ORIGINAL_TEXT>
				<TOKEN end_char="2998" id="token-9-0" start_char="2947">****************************************************</TOKEN>
			</SEG>
			<SEG end_char="3215" id="20130227_WAPO_1ca48f159d503c347fb2a6ecf69a1d1a-10" start_char="3000">
				<ORIGINAL_TEXT>UPDATE: SCOTUSblog seems to reach a similar conclusion, i.e., that it’s not clear yet that the law is in serious trouble, and also focuses on another key Kennedy phrase: “trusteeship of the United States government.”</ORIGINAL_TEXT>
				<TOKEN end_char="3005" id="token-10-0" start_char="3000">UPDATE</TOKEN>
				<TOKEN end_char="3006" id="token-10-1" start_char="3006">:</TOKEN>
				<TOKEN end_char="3017" id="token-10-2" start_char="3008">SCOTUSblog</TOKEN>
				<TOKEN end_char="3023" id="token-10-3" start_char="3019">seems</TOKEN>
				<TOKEN end_char="3026" id="token-10-4" start_char="3025">to</TOKEN>
				<TOKEN end_char="3032" id="token-10-5" start_char="3028">reach</TOKEN>
				<TOKEN end_char="3034" id="token-10-6" start_char="3034">a</TOKEN>
				<TOKEN end_char="3042" id="token-10-7" start_char="3036">similar</TOKEN>
				<TOKEN end_char="3053" id="token-10-8" start_char="3044">conclusion</TOKEN>
				<TOKEN end_char="3054" id="token-10-9" start_char="3054">,</TOKEN>
				<TOKEN end_char="3056" id="token-10-10" start_char="3056">i</TOKEN>
				<TOKEN end_char="3057" id="token-10-11" start_char="3057">.</TOKEN>
				<TOKEN end_char="3058" id="token-10-12" start_char="3058">e</TOKEN>
				<TOKEN end_char="3060" id="token-10-13" start_char="3059">.,</TOKEN>
				<TOKEN end_char="3065" id="token-10-14" start_char="3062">that</TOKEN>
				<TOKEN end_char="3068" id="token-10-15" start_char="3067">it</TOKEN>
				<TOKEN end_char="3069" id="token-10-16" start_char="3069">’</TOKEN>
				<TOKEN end_char="3070" id="token-10-17" start_char="3070">s</TOKEN>
				<TOKEN end_char="3074" id="token-10-18" start_char="3072">not</TOKEN>
				<TOKEN end_char="3080" id="token-10-19" start_char="3076">clear</TOKEN>
				<TOKEN end_char="3084" id="token-10-20" start_char="3082">yet</TOKEN>
				<TOKEN end_char="3089" id="token-10-21" start_char="3086">that</TOKEN>
				<TOKEN end_char="3093" id="token-10-22" start_char="3091">the</TOKEN>
				<TOKEN end_char="3097" id="token-10-23" start_char="3095">law</TOKEN>
				<TOKEN end_char="3100" id="token-10-24" start_char="3099">is</TOKEN>
				<TOKEN end_char="3103" id="token-10-25" start_char="3102">in</TOKEN>
				<TOKEN end_char="3111" id="token-10-26" start_char="3105">serious</TOKEN>
				<TOKEN end_char="3119" id="token-10-27" start_char="3113">trouble</TOKEN>
				<TOKEN end_char="3120" id="token-10-28" start_char="3120">,</TOKEN>
				<TOKEN end_char="3124" id="token-10-29" start_char="3122">and</TOKEN>
				<TOKEN end_char="3129" id="token-10-30" start_char="3126">also</TOKEN>
				<TOKEN end_char="3137" id="token-10-31" start_char="3131">focuses</TOKEN>
				<TOKEN end_char="3140" id="token-10-32" start_char="3139">on</TOKEN>
				<TOKEN end_char="3148" id="token-10-33" start_char="3142">another</TOKEN>
				<TOKEN end_char="3152" id="token-10-34" start_char="3150">key</TOKEN>
				<TOKEN end_char="3160" id="token-10-35" start_char="3154">Kennedy</TOKEN>
				<TOKEN end_char="3167" id="token-10-36" start_char="3162">phrase</TOKEN>
				<TOKEN end_char="3168" id="token-10-37" start_char="3168">:</TOKEN>
				<TOKEN end_char="3170" id="token-10-38" start_char="3170">“</TOKEN>
				<TOKEN end_char="3181" id="token-10-39" start_char="3171">trusteeship</TOKEN>
				<TOKEN end_char="3184" id="token-10-40" start_char="3183">of</TOKEN>
				<TOKEN end_char="3188" id="token-10-41" start_char="3186">the</TOKEN>
				<TOKEN end_char="3195" id="token-10-42" start_char="3190">United</TOKEN>
				<TOKEN end_char="3202" id="token-10-43" start_char="3197">States</TOKEN>
				<TOKEN end_char="3213" id="token-10-44" start_char="3204">government</TOKEN>
				<TOKEN end_char="3215" id="token-10-45" start_char="3214">.”</TOKEN>
			</SEG>
		</TEXT>
	</DOC>
</LCTL_TEXT>
