<?xml version="1.0" encoding="utf-8"?>
<LCTL_TEXT>
	<DOC id="20130830_WAPO_6078af28-1181-11e3-b4cb-fd7ce041d814">
		<TEXT>
			<SEG end_char="79" id="20130830_WAPO_6078af28-1181-11e3-b4cb-fd7ce041d814-0" start_char="0">
				<ORIGINAL_TEXT>Facebook facial recognition policy draws attention from German privacy regulator</ORIGINAL_TEXT>
				<TOKEN end_char="7" id="token-0-0" start_char="0">Facebook</TOKEN>
				<TOKEN end_char="14" id="token-0-1" start_char="9">facial</TOKEN>
				<TOKEN end_char="26" id="token-0-2" start_char="16">recognition</TOKEN>
				<TOKEN end_char="33" id="token-0-3" start_char="28">policy</TOKEN>
				<TOKEN end_char="39" id="token-0-4" start_char="35">draws</TOKEN>
				<TOKEN end_char="49" id="token-0-5" start_char="41">attention</TOKEN>
				<TOKEN end_char="54" id="token-0-6" start_char="51">from</TOKEN>
				<TOKEN end_char="61" id="token-0-7" start_char="56">German</TOKEN>
				<TOKEN end_char="69" id="token-0-8" start_char="63">privacy</TOKEN>
				<TOKEN end_char="79" id="token-0-9" start_char="71">regulator</TOKEN>
			</SEG>
			<SEG end_char="122" id="20130830_WAPO_6078af28-1181-11e3-b4cb-fd7ce041d814-1" start_char="81">
				<ORIGINAL_TEXT>Friday, August 30, 2013 16:20:55 GMT-05:00</ORIGINAL_TEXT>
				<TOKEN end_char="86" id="token-1-0" start_char="81">Friday</TOKEN>
				<TOKEN end_char="87" id="token-1-1" start_char="87">,</TOKEN>
				<TOKEN end_char="94" id="token-1-2" start_char="89">August</TOKEN>
				<TOKEN end_char="97" id="token-1-3" start_char="96">30</TOKEN>
				<TOKEN end_char="98" id="token-1-4" start_char="98">,</TOKEN>
				<TOKEN end_char="103" id="token-1-5" start_char="100">2013</TOKEN>
				<TOKEN end_char="106" id="token-1-6" start_char="105">16</TOKEN>
				<TOKEN end_char="107" id="token-1-7" start_char="107">:</TOKEN>
				<TOKEN end_char="109" id="token-1-8" start_char="108">20</TOKEN>
				<TOKEN end_char="110" id="token-1-9" start_char="110">:</TOKEN>
				<TOKEN end_char="112" id="token-1-10" start_char="111">55</TOKEN>
				<TOKEN end_char="116" id="token-1-11" start_char="114">GMT</TOKEN>
				<TOKEN end_char="117" id="token-1-12" start_char="117">-</TOKEN>
				<TOKEN end_char="119" id="token-1-13" start_char="118">05</TOKEN>
				<TOKEN end_char="120" id="token-1-14" start_char="120">:</TOKEN>
				<TOKEN end_char="122" id="token-1-15" start_char="121">00</TOKEN>
			</SEG>
			<SEG end_char="408" id="20130830_WAPO_6078af28-1181-11e3-b4cb-fd7ce041d814-2" start_char="124">
				<ORIGINAL_TEXT>Facebook proposed changes to two of its most important legal documents Thursday, and new language on how the networking site deals with facial recognition technology has already raised some eyebrows — including those of a German privacy regulator, according to a report from PC World .</ORIGINAL_TEXT>
				<TOKEN end_char="131" id="token-2-0" start_char="124">Facebook</TOKEN>
				<TOKEN end_char="140" id="token-2-1" start_char="133">proposed</TOKEN>
				<TOKEN end_char="148" id="token-2-2" start_char="142">changes</TOKEN>
				<TOKEN end_char="151" id="token-2-3" start_char="150">to</TOKEN>
				<TOKEN end_char="155" id="token-2-4" start_char="153">two</TOKEN>
				<TOKEN end_char="158" id="token-2-5" start_char="157">of</TOKEN>
				<TOKEN end_char="162" id="token-2-6" start_char="160">its</TOKEN>
				<TOKEN end_char="167" id="token-2-7" start_char="164">most</TOKEN>
				<TOKEN end_char="177" id="token-2-8" start_char="169">important</TOKEN>
				<TOKEN end_char="183" id="token-2-9" start_char="179">legal</TOKEN>
				<TOKEN end_char="193" id="token-2-10" start_char="185">documents</TOKEN>
				<TOKEN end_char="202" id="token-2-11" start_char="195">Thursday</TOKEN>
				<TOKEN end_char="203" id="token-2-12" start_char="203">,</TOKEN>
				<TOKEN end_char="207" id="token-2-13" start_char="205">and</TOKEN>
				<TOKEN end_char="211" id="token-2-14" start_char="209">new</TOKEN>
				<TOKEN end_char="220" id="token-2-15" start_char="213">language</TOKEN>
				<TOKEN end_char="223" id="token-2-16" start_char="222">on</TOKEN>
				<TOKEN end_char="227" id="token-2-17" start_char="225">how</TOKEN>
				<TOKEN end_char="231" id="token-2-18" start_char="229">the</TOKEN>
				<TOKEN end_char="242" id="token-2-19" start_char="233">networking</TOKEN>
				<TOKEN end_char="247" id="token-2-20" start_char="244">site</TOKEN>
				<TOKEN end_char="253" id="token-2-21" start_char="249">deals</TOKEN>
				<TOKEN end_char="258" id="token-2-22" start_char="255">with</TOKEN>
				<TOKEN end_char="265" id="token-2-23" start_char="260">facial</TOKEN>
				<TOKEN end_char="277" id="token-2-24" start_char="267">recognition</TOKEN>
				<TOKEN end_char="288" id="token-2-25" start_char="279">technology</TOKEN>
				<TOKEN end_char="292" id="token-2-26" start_char="290">has</TOKEN>
				<TOKEN end_char="300" id="token-2-27" start_char="294">already</TOKEN>
				<TOKEN end_char="307" id="token-2-28" start_char="302">raised</TOKEN>
				<TOKEN end_char="312" id="token-2-29" start_char="309">some</TOKEN>
				<TOKEN end_char="321" id="token-2-30" start_char="314">eyebrows</TOKEN>
				<TOKEN end_char="323" id="token-2-31" start_char="323">—</TOKEN>
				<TOKEN end_char="333" id="token-2-32" start_char="325">including</TOKEN>
				<TOKEN end_char="339" id="token-2-33" start_char="335">those</TOKEN>
				<TOKEN end_char="342" id="token-2-34" start_char="341">of</TOKEN>
				<TOKEN end_char="344" id="token-2-35" start_char="344">a</TOKEN>
				<TOKEN end_char="351" id="token-2-36" start_char="346">German</TOKEN>
				<TOKEN end_char="359" id="token-2-37" start_char="353">privacy</TOKEN>
				<TOKEN end_char="369" id="token-2-38" start_char="361">regulator</TOKEN>
				<TOKEN end_char="370" id="token-2-39" start_char="370">,</TOKEN>
				<TOKEN end_char="380" id="token-2-40" start_char="372">according</TOKEN>
				<TOKEN end_char="383" id="token-2-41" start_char="382">to</TOKEN>
				<TOKEN end_char="385" id="token-2-42" start_char="385">a</TOKEN>
				<TOKEN end_char="392" id="token-2-43" start_char="387">report</TOKEN>
				<TOKEN end_char="397" id="token-2-44" start_char="394">from</TOKEN>
				<TOKEN end_char="400" id="token-2-45" start_char="399">PC</TOKEN>
				<TOKEN end_char="406" id="token-2-46" start_char="402">World</TOKEN>
				<TOKEN end_char="408" id="token-2-47" start_char="408">.</TOKEN>
			</SEG>
			<SEG end_char="721" id="20130830_WAPO_6078af28-1181-11e3-b4cb-fd7ce041d814-3" start_char="410">
				<ORIGINAL_TEXT>The social network had previously run into some resistance from European regulators who wanted it to be more explicit about how it uses such technology. Following recommendations from the Irish Data Protection Commission, the company then deleted all facial recognition data from European users from its servers.</ORIGINAL_TEXT>
				<TOKEN end_char="412" id="token-3-0" start_char="410">The</TOKEN>
				<TOKEN end_char="419" id="token-3-1" start_char="414">social</TOKEN>
				<TOKEN end_char="427" id="token-3-2" start_char="421">network</TOKEN>
				<TOKEN end_char="431" id="token-3-3" start_char="429">had</TOKEN>
				<TOKEN end_char="442" id="token-3-4" start_char="433">previously</TOKEN>
				<TOKEN end_char="446" id="token-3-5" start_char="444">run</TOKEN>
				<TOKEN end_char="451" id="token-3-6" start_char="448">into</TOKEN>
				<TOKEN end_char="456" id="token-3-7" start_char="453">some</TOKEN>
				<TOKEN end_char="467" id="token-3-8" start_char="458">resistance</TOKEN>
				<TOKEN end_char="472" id="token-3-9" start_char="469">from</TOKEN>
				<TOKEN end_char="481" id="token-3-10" start_char="474">European</TOKEN>
				<TOKEN end_char="492" id="token-3-11" start_char="483">regulators</TOKEN>
				<TOKEN end_char="496" id="token-3-12" start_char="494">who</TOKEN>
				<TOKEN end_char="503" id="token-3-13" start_char="498">wanted</TOKEN>
				<TOKEN end_char="506" id="token-3-14" start_char="505">it</TOKEN>
				<TOKEN end_char="509" id="token-3-15" start_char="508">to</TOKEN>
				<TOKEN end_char="512" id="token-3-16" start_char="511">be</TOKEN>
				<TOKEN end_char="517" id="token-3-17" start_char="514">more</TOKEN>
				<TOKEN end_char="526" id="token-3-18" start_char="519">explicit</TOKEN>
				<TOKEN end_char="532" id="token-3-19" start_char="528">about</TOKEN>
				<TOKEN end_char="536" id="token-3-20" start_char="534">how</TOKEN>
				<TOKEN end_char="539" id="token-3-21" start_char="538">it</TOKEN>
				<TOKEN end_char="544" id="token-3-22" start_char="541">uses</TOKEN>
				<TOKEN end_char="549" id="token-3-23" start_char="546">such</TOKEN>
				<TOKEN end_char="560" id="token-3-24" start_char="551">technology</TOKEN>
				<TOKEN end_char="561" id="token-3-25" start_char="561">.</TOKEN>
				<TOKEN end_char="571" id="token-3-26" start_char="563">Following</TOKEN>
				<TOKEN end_char="587" id="token-3-27" start_char="573">recommendations</TOKEN>
				<TOKEN end_char="592" id="token-3-28" start_char="589">from</TOKEN>
				<TOKEN end_char="596" id="token-3-29" start_char="594">the</TOKEN>
				<TOKEN end_char="602" id="token-3-30" start_char="598">Irish</TOKEN>
				<TOKEN end_char="607" id="token-3-31" start_char="604">Data</TOKEN>
				<TOKEN end_char="618" id="token-3-32" start_char="609">Protection</TOKEN>
				<TOKEN end_char="629" id="token-3-33" start_char="620">Commission</TOKEN>
				<TOKEN end_char="630" id="token-3-34" start_char="630">,</TOKEN>
				<TOKEN end_char="634" id="token-3-35" start_char="632">the</TOKEN>
				<TOKEN end_char="642" id="token-3-36" start_char="636">company</TOKEN>
				<TOKEN end_char="647" id="token-3-37" start_char="644">then</TOKEN>
				<TOKEN end_char="655" id="token-3-38" start_char="649">deleted</TOKEN>
				<TOKEN end_char="659" id="token-3-39" start_char="657">all</TOKEN>
				<TOKEN end_char="666" id="token-3-40" start_char="661">facial</TOKEN>
				<TOKEN end_char="678" id="token-3-41" start_char="668">recognition</TOKEN>
				<TOKEN end_char="683" id="token-3-42" start_char="680">data</TOKEN>
				<TOKEN end_char="688" id="token-3-43" start_char="685">from</TOKEN>
				<TOKEN end_char="697" id="token-3-44" start_char="690">European</TOKEN>
				<TOKEN end_char="703" id="token-3-45" start_char="699">users</TOKEN>
				<TOKEN end_char="708" id="token-3-46" start_char="705">from</TOKEN>
				<TOKEN end_char="712" id="token-3-47" start_char="710">its</TOKEN>
				<TOKEN end_char="720" id="token-3-48" start_char="714">servers</TOKEN>
				<TOKEN end_char="721" id="token-3-49" start_char="721">.</TOKEN>
			</SEG>
			<SEG end_char="967" id="20130830_WAPO_6078af28-1181-11e3-b4cb-fd7ce041d814-4" start_char="723">
				<ORIGINAL_TEXT>After Facebook disposed of the data, the Hamburg Commission for Data Protection and Freedom of Information dropped proceedings against the company asking it to obtain explicit consent from German Facebook users before using this kind of feature.</ORIGINAL_TEXT>
				<TOKEN end_char="727" id="token-4-0" start_char="723">After</TOKEN>
				<TOKEN end_char="736" id="token-4-1" start_char="729">Facebook</TOKEN>
				<TOKEN end_char="745" id="token-4-2" start_char="738">disposed</TOKEN>
				<TOKEN end_char="748" id="token-4-3" start_char="747">of</TOKEN>
				<TOKEN end_char="752" id="token-4-4" start_char="750">the</TOKEN>
				<TOKEN end_char="757" id="token-4-5" start_char="754">data</TOKEN>
				<TOKEN end_char="758" id="token-4-6" start_char="758">,</TOKEN>
				<TOKEN end_char="762" id="token-4-7" start_char="760">the</TOKEN>
				<TOKEN end_char="770" id="token-4-8" start_char="764">Hamburg</TOKEN>
				<TOKEN end_char="781" id="token-4-9" start_char="772">Commission</TOKEN>
				<TOKEN end_char="785" id="token-4-10" start_char="783">for</TOKEN>
				<TOKEN end_char="790" id="token-4-11" start_char="787">Data</TOKEN>
				<TOKEN end_char="801" id="token-4-12" start_char="792">Protection</TOKEN>
				<TOKEN end_char="805" id="token-4-13" start_char="803">and</TOKEN>
				<TOKEN end_char="813" id="token-4-14" start_char="807">Freedom</TOKEN>
				<TOKEN end_char="816" id="token-4-15" start_char="815">of</TOKEN>
				<TOKEN end_char="828" id="token-4-16" start_char="818">Information</TOKEN>
				<TOKEN end_char="836" id="token-4-17" start_char="830">dropped</TOKEN>
				<TOKEN end_char="848" id="token-4-18" start_char="838">proceedings</TOKEN>
				<TOKEN end_char="856" id="token-4-19" start_char="850">against</TOKEN>
				<TOKEN end_char="860" id="token-4-20" start_char="858">the</TOKEN>
				<TOKEN end_char="868" id="token-4-21" start_char="862">company</TOKEN>
				<TOKEN end_char="875" id="token-4-22" start_char="870">asking</TOKEN>
				<TOKEN end_char="878" id="token-4-23" start_char="877">it</TOKEN>
				<TOKEN end_char="881" id="token-4-24" start_char="880">to</TOKEN>
				<TOKEN end_char="888" id="token-4-25" start_char="883">obtain</TOKEN>
				<TOKEN end_char="897" id="token-4-26" start_char="890">explicit</TOKEN>
				<TOKEN end_char="905" id="token-4-27" start_char="899">consent</TOKEN>
				<TOKEN end_char="910" id="token-4-28" start_char="907">from</TOKEN>
				<TOKEN end_char="917" id="token-4-29" start_char="912">German</TOKEN>
				<TOKEN end_char="926" id="token-4-30" start_char="919">Facebook</TOKEN>
				<TOKEN end_char="932" id="token-4-31" start_char="928">users</TOKEN>
				<TOKEN end_char="939" id="token-4-32" start_char="934">before</TOKEN>
				<TOKEN end_char="945" id="token-4-33" start_char="941">using</TOKEN>
				<TOKEN end_char="950" id="token-4-34" start_char="947">this</TOKEN>
				<TOKEN end_char="955" id="token-4-35" start_char="952">kind</TOKEN>
				<TOKEN end_char="958" id="token-4-36" start_char="957">of</TOKEN>
				<TOKEN end_char="966" id="token-4-37" start_char="960">feature</TOKEN>
				<TOKEN end_char="967" id="token-4-38" start_char="967">.</TOKEN>
			</SEG>
			<SEG end_char="1142" id="20130830_WAPO_6078af28-1181-11e3-b4cb-fd7ce041d814-5" start_char="969">
				<ORIGINAL_TEXT>So, the PC World report notes, German privacy regulators were surprised to see mention of facial recognition technology in the German version of the proposed policy Thursday.</ORIGINAL_TEXT>
				<TOKEN end_char="970" id="token-5-0" start_char="969">So</TOKEN>
				<TOKEN end_char="971" id="token-5-1" start_char="971">,</TOKEN>
				<TOKEN end_char="975" id="token-5-2" start_char="973">the</TOKEN>
				<TOKEN end_char="978" id="token-5-3" start_char="977">PC</TOKEN>
				<TOKEN end_char="984" id="token-5-4" start_char="980">World</TOKEN>
				<TOKEN end_char="991" id="token-5-5" start_char="986">report</TOKEN>
				<TOKEN end_char="997" id="token-5-6" start_char="993">notes</TOKEN>
				<TOKEN end_char="998" id="token-5-7" start_char="998">,</TOKEN>
				<TOKEN end_char="1005" id="token-5-8" start_char="1000">German</TOKEN>
				<TOKEN end_char="1013" id="token-5-9" start_char="1007">privacy</TOKEN>
				<TOKEN end_char="1024" id="token-5-10" start_char="1015">regulators</TOKEN>
				<TOKEN end_char="1029" id="token-5-11" start_char="1026">were</TOKEN>
				<TOKEN end_char="1039" id="token-5-12" start_char="1031">surprised</TOKEN>
				<TOKEN end_char="1042" id="token-5-13" start_char="1041">to</TOKEN>
				<TOKEN end_char="1046" id="token-5-14" start_char="1044">see</TOKEN>
				<TOKEN end_char="1054" id="token-5-15" start_char="1048">mention</TOKEN>
				<TOKEN end_char="1057" id="token-5-16" start_char="1056">of</TOKEN>
				<TOKEN end_char="1064" id="token-5-17" start_char="1059">facial</TOKEN>
				<TOKEN end_char="1076" id="token-5-18" start_char="1066">recognition</TOKEN>
				<TOKEN end_char="1087" id="token-5-19" start_char="1078">technology</TOKEN>
				<TOKEN end_char="1090" id="token-5-20" start_char="1089">in</TOKEN>
				<TOKEN end_char="1094" id="token-5-21" start_char="1092">the</TOKEN>
				<TOKEN end_char="1101" id="token-5-22" start_char="1096">German</TOKEN>
				<TOKEN end_char="1109" id="token-5-23" start_char="1103">version</TOKEN>
				<TOKEN end_char="1112" id="token-5-24" start_char="1111">of</TOKEN>
				<TOKEN end_char="1116" id="token-5-25" start_char="1114">the</TOKEN>
				<TOKEN end_char="1125" id="token-5-26" start_char="1118">proposed</TOKEN>
				<TOKEN end_char="1132" id="token-5-27" start_char="1127">policy</TOKEN>
				<TOKEN end_char="1141" id="token-5-28" start_char="1134">Thursday</TOKEN>
				<TOKEN end_char="1142" id="token-5-29" start_char="1142">.</TOKEN>
			</SEG>
			<SEG end_char="1289" id="20130830_WAPO_6078af28-1181-11e3-b4cb-fd7ce041d814-6" start_char="1144">
				<ORIGINAL_TEXT>In fact, in a statement to PC World, Hamburg privacy commissioner Johannes Caspar said he was “astonished” to see Facebook mention the technology.</ORIGINAL_TEXT>
				<TOKEN end_char="1145" id="token-6-0" start_char="1144">In</TOKEN>
				<TOKEN end_char="1150" id="token-6-1" start_char="1147">fact</TOKEN>
				<TOKEN end_char="1151" id="token-6-2" start_char="1151">,</TOKEN>
				<TOKEN end_char="1154" id="token-6-3" start_char="1153">in</TOKEN>
				<TOKEN end_char="1156" id="token-6-4" start_char="1156">a</TOKEN>
				<TOKEN end_char="1166" id="token-6-5" start_char="1158">statement</TOKEN>
				<TOKEN end_char="1169" id="token-6-6" start_char="1168">to</TOKEN>
				<TOKEN end_char="1172" id="token-6-7" start_char="1171">PC</TOKEN>
				<TOKEN end_char="1178" id="token-6-8" start_char="1174">World</TOKEN>
				<TOKEN end_char="1179" id="token-6-9" start_char="1179">,</TOKEN>
				<TOKEN end_char="1187" id="token-6-10" start_char="1181">Hamburg</TOKEN>
				<TOKEN end_char="1195" id="token-6-11" start_char="1189">privacy</TOKEN>
				<TOKEN end_char="1208" id="token-6-12" start_char="1197">commissioner</TOKEN>
				<TOKEN end_char="1217" id="token-6-13" start_char="1210">Johannes</TOKEN>
				<TOKEN end_char="1224" id="token-6-14" start_char="1219">Caspar</TOKEN>
				<TOKEN end_char="1229" id="token-6-15" start_char="1226">said</TOKEN>
				<TOKEN end_char="1232" id="token-6-16" start_char="1231">he</TOKEN>
				<TOKEN end_char="1236" id="token-6-17" start_char="1234">was</TOKEN>
				<TOKEN end_char="1238" id="token-6-18" start_char="1238">“</TOKEN>
				<TOKEN end_char="1248" id="token-6-19" start_char="1239">astonished</TOKEN>
				<TOKEN end_char="1249" id="token-6-20" start_char="1249">”</TOKEN>
				<TOKEN end_char="1252" id="token-6-21" start_char="1251">to</TOKEN>
				<TOKEN end_char="1256" id="token-6-22" start_char="1254">see</TOKEN>
				<TOKEN end_char="1265" id="token-6-23" start_char="1258">Facebook</TOKEN>
				<TOKEN end_char="1273" id="token-6-24" start_char="1267">mention</TOKEN>
				<TOKEN end_char="1277" id="token-6-25" start_char="1275">the</TOKEN>
				<TOKEN end_char="1288" id="token-6-26" start_char="1279">technology</TOKEN>
				<TOKEN end_char="1289" id="token-6-27" start_char="1289">.</TOKEN>
			</SEG>
			<SEG end_char="1464" id="20130830_WAPO_6078af28-1181-11e3-b4cb-fd7ce041d814-7" start_char="1291">
				<ORIGINAL_TEXT>Facebook declined to comment on the regulator’s statement, but spokeswoman Jodi Seth confirmed that facial recognition features are not currently being implemented in Europe.</ORIGINAL_TEXT>
				<TOKEN end_char="1298" id="token-7-0" start_char="1291">Facebook</TOKEN>
				<TOKEN end_char="1307" id="token-7-1" start_char="1300">declined</TOKEN>
				<TOKEN end_char="1310" id="token-7-2" start_char="1309">to</TOKEN>
				<TOKEN end_char="1318" id="token-7-3" start_char="1312">comment</TOKEN>
				<TOKEN end_char="1321" id="token-7-4" start_char="1320">on</TOKEN>
				<TOKEN end_char="1325" id="token-7-5" start_char="1323">the</TOKEN>
				<TOKEN end_char="1335" id="token-7-6" start_char="1327">regulator</TOKEN>
				<TOKEN end_char="1336" id="token-7-7" start_char="1336">’</TOKEN>
				<TOKEN end_char="1337" id="token-7-8" start_char="1337">s</TOKEN>
				<TOKEN end_char="1347" id="token-7-9" start_char="1339">statement</TOKEN>
				<TOKEN end_char="1348" id="token-7-10" start_char="1348">,</TOKEN>
				<TOKEN end_char="1352" id="token-7-11" start_char="1350">but</TOKEN>
				<TOKEN end_char="1364" id="token-7-12" start_char="1354">spokeswoman</TOKEN>
				<TOKEN end_char="1369" id="token-7-13" start_char="1366">Jodi</TOKEN>
				<TOKEN end_char="1374" id="token-7-14" start_char="1371">Seth</TOKEN>
				<TOKEN end_char="1384" id="token-7-15" start_char="1376">confirmed</TOKEN>
				<TOKEN end_char="1389" id="token-7-16" start_char="1386">that</TOKEN>
				<TOKEN end_char="1396" id="token-7-17" start_char="1391">facial</TOKEN>
				<TOKEN end_char="1408" id="token-7-18" start_char="1398">recognition</TOKEN>
				<TOKEN end_char="1417" id="token-7-19" start_char="1410">features</TOKEN>
				<TOKEN end_char="1421" id="token-7-20" start_char="1419">are</TOKEN>
				<TOKEN end_char="1425" id="token-7-21" start_char="1423">not</TOKEN>
				<TOKEN end_char="1435" id="token-7-22" start_char="1427">currently</TOKEN>
				<TOKEN end_char="1441" id="token-7-23" start_char="1437">being</TOKEN>
				<TOKEN end_char="1453" id="token-7-24" start_char="1443">implemented</TOKEN>
				<TOKEN end_char="1456" id="token-7-25" start_char="1455">in</TOKEN>
				<TOKEN end_char="1463" id="token-7-26" start_char="1458">Europe</TOKEN>
				<TOKEN end_char="1464" id="token-7-27" start_char="1464">.</TOKEN>
			</SEG>
			<SEG end_char="1904" id="20130830_WAPO_6078af28-1181-11e3-b4cb-fd7ce041d814-8" start_char="1466">
				<ORIGINAL_TEXT>The changes in question make clear that Facebook is allowed to take users’ profile pictures into account when it offers suggestions about whom your friends should tag in their photos. In a statement to the Los Angeles Times, Facebook chief privacy officer Erin Egan said that she believes tagging actually improves user privacy, because it offers an automatic way for users to police which images of their faces are posted to the Web site.</ORIGINAL_TEXT>
				<TOKEN end_char="1468" id="token-8-0" start_char="1466">The</TOKEN>
				<TOKEN end_char="1476" id="token-8-1" start_char="1470">changes</TOKEN>
				<TOKEN end_char="1479" id="token-8-2" start_char="1478">in</TOKEN>
				<TOKEN end_char="1488" id="token-8-3" start_char="1481">question</TOKEN>
				<TOKEN end_char="1493" id="token-8-4" start_char="1490">make</TOKEN>
				<TOKEN end_char="1499" id="token-8-5" start_char="1495">clear</TOKEN>
				<TOKEN end_char="1504" id="token-8-6" start_char="1501">that</TOKEN>
				<TOKEN end_char="1513" id="token-8-7" start_char="1506">Facebook</TOKEN>
				<TOKEN end_char="1516" id="token-8-8" start_char="1515">is</TOKEN>
				<TOKEN end_char="1524" id="token-8-9" start_char="1518">allowed</TOKEN>
				<TOKEN end_char="1527" id="token-8-10" start_char="1526">to</TOKEN>
				<TOKEN end_char="1532" id="token-8-11" start_char="1529">take</TOKEN>
				<TOKEN end_char="1538" id="token-8-12" start_char="1534">users</TOKEN>
				<TOKEN end_char="1539" id="token-8-13" start_char="1539">’</TOKEN>
				<TOKEN end_char="1547" id="token-8-14" start_char="1541">profile</TOKEN>
				<TOKEN end_char="1556" id="token-8-15" start_char="1549">pictures</TOKEN>
				<TOKEN end_char="1561" id="token-8-16" start_char="1558">into</TOKEN>
				<TOKEN end_char="1569" id="token-8-17" start_char="1563">account</TOKEN>
				<TOKEN end_char="1574" id="token-8-18" start_char="1571">when</TOKEN>
				<TOKEN end_char="1577" id="token-8-19" start_char="1576">it</TOKEN>
				<TOKEN end_char="1584" id="token-8-20" start_char="1579">offers</TOKEN>
				<TOKEN end_char="1596" id="token-8-21" start_char="1586">suggestions</TOKEN>
				<TOKEN end_char="1602" id="token-8-22" start_char="1598">about</TOKEN>
				<TOKEN end_char="1607" id="token-8-23" start_char="1604">whom</TOKEN>
				<TOKEN end_char="1612" id="token-8-24" start_char="1609">your</TOKEN>
				<TOKEN end_char="1620" id="token-8-25" start_char="1614">friends</TOKEN>
				<TOKEN end_char="1627" id="token-8-26" start_char="1622">should</TOKEN>
				<TOKEN end_char="1631" id="token-8-27" start_char="1629">tag</TOKEN>
				<TOKEN end_char="1634" id="token-8-28" start_char="1633">in</TOKEN>
				<TOKEN end_char="1640" id="token-8-29" start_char="1636">their</TOKEN>
				<TOKEN end_char="1647" id="token-8-30" start_char="1642">photos</TOKEN>
				<TOKEN end_char="1648" id="token-8-31" start_char="1648">.</TOKEN>
				<TOKEN end_char="1651" id="token-8-32" start_char="1650">In</TOKEN>
				<TOKEN end_char="1653" id="token-8-33" start_char="1653">a</TOKEN>
				<TOKEN end_char="1663" id="token-8-34" start_char="1655">statement</TOKEN>
				<TOKEN end_char="1666" id="token-8-35" start_char="1665">to</TOKEN>
				<TOKEN end_char="1670" id="token-8-36" start_char="1668">the</TOKEN>
				<TOKEN end_char="1674" id="token-8-37" start_char="1672">Los</TOKEN>
				<TOKEN end_char="1682" id="token-8-38" start_char="1676">Angeles</TOKEN>
				<TOKEN end_char="1688" id="token-8-39" start_char="1684">Times</TOKEN>
				<TOKEN end_char="1689" id="token-8-40" start_char="1689">,</TOKEN>
				<TOKEN end_char="1698" id="token-8-41" start_char="1691">Facebook</TOKEN>
				<TOKEN end_char="1704" id="token-8-42" start_char="1700">chief</TOKEN>
				<TOKEN end_char="1712" id="token-8-43" start_char="1706">privacy</TOKEN>
				<TOKEN end_char="1720" id="token-8-44" start_char="1714">officer</TOKEN>
				<TOKEN end_char="1725" id="token-8-45" start_char="1722">Erin</TOKEN>
				<TOKEN end_char="1730" id="token-8-46" start_char="1727">Egan</TOKEN>
				<TOKEN end_char="1735" id="token-8-47" start_char="1732">said</TOKEN>
				<TOKEN end_char="1740" id="token-8-48" start_char="1737">that</TOKEN>
				<TOKEN end_char="1744" id="token-8-49" start_char="1742">she</TOKEN>
				<TOKEN end_char="1753" id="token-8-50" start_char="1746">believes</TOKEN>
				<TOKEN end_char="1761" id="token-8-51" start_char="1755">tagging</TOKEN>
				<TOKEN end_char="1770" id="token-8-52" start_char="1763">actually</TOKEN>
				<TOKEN end_char="1779" id="token-8-53" start_char="1772">improves</TOKEN>
				<TOKEN end_char="1784" id="token-8-54" start_char="1781">user</TOKEN>
				<TOKEN end_char="1792" id="token-8-55" start_char="1786">privacy</TOKEN>
				<TOKEN end_char="1793" id="token-8-56" start_char="1793">,</TOKEN>
				<TOKEN end_char="1801" id="token-8-57" start_char="1795">because</TOKEN>
				<TOKEN end_char="1804" id="token-8-58" start_char="1803">it</TOKEN>
				<TOKEN end_char="1811" id="token-8-59" start_char="1806">offers</TOKEN>
				<TOKEN end_char="1814" id="token-8-60" start_char="1813">an</TOKEN>
				<TOKEN end_char="1824" id="token-8-61" start_char="1816">automatic</TOKEN>
				<TOKEN end_char="1828" id="token-8-62" start_char="1826">way</TOKEN>
				<TOKEN end_char="1832" id="token-8-63" start_char="1830">for</TOKEN>
				<TOKEN end_char="1838" id="token-8-64" start_char="1834">users</TOKEN>
				<TOKEN end_char="1841" id="token-8-65" start_char="1840">to</TOKEN>
				<TOKEN end_char="1848" id="token-8-66" start_char="1843">police</TOKEN>
				<TOKEN end_char="1854" id="token-8-67" start_char="1850">which</TOKEN>
				<TOKEN end_char="1861" id="token-8-68" start_char="1856">images</TOKEN>
				<TOKEN end_char="1864" id="token-8-69" start_char="1863">of</TOKEN>
				<TOKEN end_char="1870" id="token-8-70" start_char="1866">their</TOKEN>
				<TOKEN end_char="1876" id="token-8-71" start_char="1872">faces</TOKEN>
				<TOKEN end_char="1880" id="token-8-72" start_char="1878">are</TOKEN>
				<TOKEN end_char="1887" id="token-8-73" start_char="1882">posted</TOKEN>
				<TOKEN end_char="1890" id="token-8-74" start_char="1889">to</TOKEN>
				<TOKEN end_char="1894" id="token-8-75" start_char="1892">the</TOKEN>
				<TOKEN end_char="1898" id="token-8-76" start_char="1896">Web</TOKEN>
				<TOKEN end_char="1903" id="token-8-77" start_char="1900">site</TOKEN>
				<TOKEN end_char="1904" id="token-8-78" start_char="1904">.</TOKEN>
			</SEG>
			<SEG end_char="1999" id="20130830_WAPO_6078af28-1181-11e3-b4cb-fd7ce041d814-9" start_char="1906">
				<ORIGINAL_TEXT>“The benefit in being tagged is that you know photos exist,” Egan told the newspaper Thursday.</ORIGINAL_TEXT>
				<TOKEN end_char="1906" id="token-9-0" start_char="1906">“</TOKEN>
				<TOKEN end_char="1909" id="token-9-1" start_char="1907">The</TOKEN>
				<TOKEN end_char="1917" id="token-9-2" start_char="1911">benefit</TOKEN>
				<TOKEN end_char="1920" id="token-9-3" start_char="1919">in</TOKEN>
				<TOKEN end_char="1926" id="token-9-4" start_char="1922">being</TOKEN>
				<TOKEN end_char="1933" id="token-9-5" start_char="1928">tagged</TOKEN>
				<TOKEN end_char="1936" id="token-9-6" start_char="1935">is</TOKEN>
				<TOKEN end_char="1941" id="token-9-7" start_char="1938">that</TOKEN>
				<TOKEN end_char="1945" id="token-9-8" start_char="1943">you</TOKEN>
				<TOKEN end_char="1950" id="token-9-9" start_char="1947">know</TOKEN>
				<TOKEN end_char="1957" id="token-9-10" start_char="1952">photos</TOKEN>
				<TOKEN end_char="1963" id="token-9-11" start_char="1959">exist</TOKEN>
				<TOKEN end_char="1965" id="token-9-12" start_char="1964">,”</TOKEN>
				<TOKEN end_char="1970" id="token-9-13" start_char="1967">Egan</TOKEN>
				<TOKEN end_char="1975" id="token-9-14" start_char="1972">told</TOKEN>
				<TOKEN end_char="1979" id="token-9-15" start_char="1977">the</TOKEN>
				<TOKEN end_char="1989" id="token-9-16" start_char="1981">newspaper</TOKEN>
				<TOKEN end_char="1998" id="token-9-17" start_char="1991">Thursday</TOKEN>
				<TOKEN end_char="1999" id="token-9-18" start_char="1999">.</TOKEN>
			</SEG>
			<SEG end_char="2233" id="20130830_WAPO_6078af28-1181-11e3-b4cb-fd7ce041d814-10" start_char="2001">
				<ORIGINAL_TEXT>Those interested in seeing the changes Facebook is planning to make to its policies can view a list of them on its Web site. Users have seven days to provide suggestions and other input to the firm before the changes become official.</ORIGINAL_TEXT>
				<TOKEN end_char="2005" id="token-10-0" start_char="2001">Those</TOKEN>
				<TOKEN end_char="2016" id="token-10-1" start_char="2007">interested</TOKEN>
				<TOKEN end_char="2019" id="token-10-2" start_char="2018">in</TOKEN>
				<TOKEN end_char="2026" id="token-10-3" start_char="2021">seeing</TOKEN>
				<TOKEN end_char="2030" id="token-10-4" start_char="2028">the</TOKEN>
				<TOKEN end_char="2038" id="token-10-5" start_char="2032">changes</TOKEN>
				<TOKEN end_char="2047" id="token-10-6" start_char="2040">Facebook</TOKEN>
				<TOKEN end_char="2050" id="token-10-7" start_char="2049">is</TOKEN>
				<TOKEN end_char="2059" id="token-10-8" start_char="2052">planning</TOKEN>
				<TOKEN end_char="2062" id="token-10-9" start_char="2061">to</TOKEN>
				<TOKEN end_char="2067" id="token-10-10" start_char="2064">make</TOKEN>
				<TOKEN end_char="2070" id="token-10-11" start_char="2069">to</TOKEN>
				<TOKEN end_char="2074" id="token-10-12" start_char="2072">its</TOKEN>
				<TOKEN end_char="2083" id="token-10-13" start_char="2076">policies</TOKEN>
				<TOKEN end_char="2087" id="token-10-14" start_char="2085">can</TOKEN>
				<TOKEN end_char="2092" id="token-10-15" start_char="2089">view</TOKEN>
				<TOKEN end_char="2094" id="token-10-16" start_char="2094">a</TOKEN>
				<TOKEN end_char="2099" id="token-10-17" start_char="2096">list</TOKEN>
				<TOKEN end_char="2102" id="token-10-18" start_char="2101">of</TOKEN>
				<TOKEN end_char="2107" id="token-10-19" start_char="2104">them</TOKEN>
				<TOKEN end_char="2110" id="token-10-20" start_char="2109">on</TOKEN>
				<TOKEN end_char="2114" id="token-10-21" start_char="2112">its</TOKEN>
				<TOKEN end_char="2118" id="token-10-22" start_char="2116">Web</TOKEN>
				<TOKEN end_char="2123" id="token-10-23" start_char="2120">site</TOKEN>
				<TOKEN end_char="2124" id="token-10-24" start_char="2124">.</TOKEN>
				<TOKEN end_char="2130" id="token-10-25" start_char="2126">Users</TOKEN>
				<TOKEN end_char="2135" id="token-10-26" start_char="2132">have</TOKEN>
				<TOKEN end_char="2141" id="token-10-27" start_char="2137">seven</TOKEN>
				<TOKEN end_char="2146" id="token-10-28" start_char="2143">days</TOKEN>
				<TOKEN end_char="2149" id="token-10-29" start_char="2148">to</TOKEN>
				<TOKEN end_char="2157" id="token-10-30" start_char="2151">provide</TOKEN>
				<TOKEN end_char="2169" id="token-10-31" start_char="2159">suggestions</TOKEN>
				<TOKEN end_char="2173" id="token-10-32" start_char="2171">and</TOKEN>
				<TOKEN end_char="2179" id="token-10-33" start_char="2175">other</TOKEN>
				<TOKEN end_char="2185" id="token-10-34" start_char="2181">input</TOKEN>
				<TOKEN end_char="2188" id="token-10-35" start_char="2187">to</TOKEN>
				<TOKEN end_char="2192" id="token-10-36" start_char="2190">the</TOKEN>
				<TOKEN end_char="2197" id="token-10-37" start_char="2194">firm</TOKEN>
				<TOKEN end_char="2204" id="token-10-38" start_char="2199">before</TOKEN>
				<TOKEN end_char="2208" id="token-10-39" start_char="2206">the</TOKEN>
				<TOKEN end_char="2216" id="token-10-40" start_char="2210">changes</TOKEN>
				<TOKEN end_char="2223" id="token-10-41" start_char="2218">become</TOKEN>
				<TOKEN end_char="2232" id="token-10-42" start_char="2225">official</TOKEN>
				<TOKEN end_char="2233" id="token-10-43" start_char="2233">.</TOKEN>
			</SEG>
			<SEG end_char="2347" id="20130830_WAPO_6078af28-1181-11e3-b4cb-fd7ce041d814-11" start_char="2235">
				<ORIGINAL_TEXT>(Washington Post Co. chairman and chief executive Donald E. Graham is a member of Facebook’s board of directors.)</ORIGINAL_TEXT>
				<TOKEN end_char="2235" id="token-11-0" start_char="2235">(</TOKEN>
				<TOKEN end_char="2245" id="token-11-1" start_char="2236">Washington</TOKEN>
				<TOKEN end_char="2250" id="token-11-2" start_char="2247">Post</TOKEN>
				<TOKEN end_char="2253" id="token-11-3" start_char="2252">Co</TOKEN>
				<TOKEN end_char="2254" id="token-11-4" start_char="2254">.</TOKEN>
				<TOKEN end_char="2263" id="token-11-5" start_char="2256">chairman</TOKEN>
				<TOKEN end_char="2267" id="token-11-6" start_char="2265">and</TOKEN>
				<TOKEN end_char="2273" id="token-11-7" start_char="2269">chief</TOKEN>
				<TOKEN end_char="2283" id="token-11-8" start_char="2275">executive</TOKEN>
				<TOKEN end_char="2290" id="token-11-9" start_char="2285">Donald</TOKEN>
				<TOKEN end_char="2292" id="token-11-10" start_char="2292">E</TOKEN>
				<TOKEN end_char="2293" id="token-11-11" start_char="2293">.</TOKEN>
				<TOKEN end_char="2300" id="token-11-12" start_char="2295">Graham</TOKEN>
				<TOKEN end_char="2303" id="token-11-13" start_char="2302">is</TOKEN>
				<TOKEN end_char="2305" id="token-11-14" start_char="2305">a</TOKEN>
				<TOKEN end_char="2312" id="token-11-15" start_char="2307">member</TOKEN>
				<TOKEN end_char="2315" id="token-11-16" start_char="2314">of</TOKEN>
				<TOKEN end_char="2324" id="token-11-17" start_char="2317">Facebook</TOKEN>
				<TOKEN end_char="2325" id="token-11-18" start_char="2325">’</TOKEN>
				<TOKEN end_char="2326" id="token-11-19" start_char="2326">s</TOKEN>
				<TOKEN end_char="2332" id="token-11-20" start_char="2328">board</TOKEN>
				<TOKEN end_char="2335" id="token-11-21" start_char="2334">of</TOKEN>
				<TOKEN end_char="2345" id="token-11-22" start_char="2337">directors</TOKEN>
				<TOKEN end_char="2347" id="token-11-23" start_char="2346">.)</TOKEN>
			</SEG>
			<SEG end_char="2429" id="20130830_WAPO_6078af28-1181-11e3-b4cb-fd7ce041d814-12" start_char="2349">
				<ORIGINAL_TEXT>Follow The Post’s new tech blog, The Switch, where technology and policy connect.</ORIGINAL_TEXT>
				<TOKEN end_char="2354" id="token-12-0" start_char="2349">Follow</TOKEN>
				<TOKEN end_char="2358" id="token-12-1" start_char="2356">The</TOKEN>
				<TOKEN end_char="2363" id="token-12-2" start_char="2360">Post</TOKEN>
				<TOKEN end_char="2364" id="token-12-3" start_char="2364">’</TOKEN>
				<TOKEN end_char="2365" id="token-12-4" start_char="2365">s</TOKEN>
				<TOKEN end_char="2369" id="token-12-5" start_char="2367">new</TOKEN>
				<TOKEN end_char="2374" id="token-12-6" start_char="2371">tech</TOKEN>
				<TOKEN end_char="2379" id="token-12-7" start_char="2376">blog</TOKEN>
				<TOKEN end_char="2380" id="token-12-8" start_char="2380">,</TOKEN>
				<TOKEN end_char="2384" id="token-12-9" start_char="2382">The</TOKEN>
				<TOKEN end_char="2391" id="token-12-10" start_char="2386">Switch</TOKEN>
				<TOKEN end_char="2392" id="token-12-11" start_char="2392">,</TOKEN>
				<TOKEN end_char="2398" id="token-12-12" start_char="2394">where</TOKEN>
				<TOKEN end_char="2409" id="token-12-13" start_char="2400">technology</TOKEN>
				<TOKEN end_char="2413" id="token-12-14" start_char="2411">and</TOKEN>
				<TOKEN end_char="2420" id="token-12-15" start_char="2415">policy</TOKEN>
				<TOKEN end_char="2428" id="token-12-16" start_char="2422">connect</TOKEN>
				<TOKEN end_char="2429" id="token-12-17" start_char="2429">.</TOKEN>
			</SEG>
		</TEXT>
	</DOC>
</LCTL_TEXT>
