<?xml version="1.0" encoding="utf-8"?>
<LCTL_TEXT>
	<DOC id="20130205_WAPO_41a09d4a-6fdd-11e2-ac36-3d8d9dcaa2e2">
		<TEXT>
			<SEG end_char="51" id="20130205_WAPO_41a09d4a-6fdd-11e2-ac36-3d8d9dcaa2e2-0" start_char="0">
				<ORIGINAL_TEXT>Lindsey Vonn tears ligaments in violent skiing crash</ORIGINAL_TEXT>
				<TOKEN end_char="6" id="token-0-0" start_char="0">Lindsey</TOKEN>
				<TOKEN end_char="11" id="token-0-1" start_char="8">Vonn</TOKEN>
				<TOKEN end_char="17" id="token-0-2" start_char="13">tears</TOKEN>
				<TOKEN end_char="27" id="token-0-3" start_char="19">ligaments</TOKEN>
				<TOKEN end_char="30" id="token-0-4" start_char="29">in</TOKEN>
				<TOKEN end_char="38" id="token-0-5" start_char="32">violent</TOKEN>
				<TOKEN end_char="45" id="token-0-6" start_char="40">skiing</TOKEN>
				<TOKEN end_char="51" id="token-0-7" start_char="47">crash</TOKEN>
			</SEG>
			<SEG end_char="96" id="20130205_WAPO_41a09d4a-6fdd-11e2-ac36-3d8d9dcaa2e2-1" start_char="53">
				<ORIGINAL_TEXT>Tuesday, February 5, 2013 18:54:25 GMT-05:00</ORIGINAL_TEXT>
				<TOKEN end_char="59" id="token-1-0" start_char="53">Tuesday</TOKEN>
				<TOKEN end_char="60" id="token-1-1" start_char="60">,</TOKEN>
				<TOKEN end_char="69" id="token-1-2" start_char="62">February</TOKEN>
				<TOKEN end_char="71" id="token-1-3" start_char="71">5</TOKEN>
				<TOKEN end_char="72" id="token-1-4" start_char="72">,</TOKEN>
				<TOKEN end_char="77" id="token-1-5" start_char="74">2013</TOKEN>
				<TOKEN end_char="80" id="token-1-6" start_char="79">18</TOKEN>
				<TOKEN end_char="81" id="token-1-7" start_char="81">:</TOKEN>
				<TOKEN end_char="83" id="token-1-8" start_char="82">54</TOKEN>
				<TOKEN end_char="84" id="token-1-9" start_char="84">:</TOKEN>
				<TOKEN end_char="86" id="token-1-10" start_char="85">25</TOKEN>
				<TOKEN end_char="90" id="token-1-11" start_char="88">GMT</TOKEN>
				<TOKEN end_char="91" id="token-1-12" start_char="91">-</TOKEN>
				<TOKEN end_char="93" id="token-1-13" start_char="92">05</TOKEN>
				<TOKEN end_char="94" id="token-1-14" start_char="94">:</TOKEN>
				<TOKEN end_char="96" id="token-1-15" start_char="95">00</TOKEN>
			</SEG>
			<SEG end_char="449" id="20130205_WAPO_41a09d4a-6fdd-11e2-ac36-3d8d9dcaa2e2-2" start_char="98">
				<ORIGINAL_TEXT>One year and one week before the women’s downhill at the Sochi Olympics, American champion Lindsey Vonn suffered debilitating injuries to her right leg in a violent crash during a race at the World Championships in Schladming, Austria, putting her out for the rest of this World Cup season and potentially complicating the defense of her Olympic title.</ORIGINAL_TEXT>
				<TOKEN end_char="100" id="token-2-0" start_char="98">One</TOKEN>
				<TOKEN end_char="105" id="token-2-1" start_char="102">year</TOKEN>
				<TOKEN end_char="109" id="token-2-2" start_char="107">and</TOKEN>
				<TOKEN end_char="113" id="token-2-3" start_char="111">one</TOKEN>
				<TOKEN end_char="118" id="token-2-4" start_char="115">week</TOKEN>
				<TOKEN end_char="125" id="token-2-5" start_char="120">before</TOKEN>
				<TOKEN end_char="129" id="token-2-6" start_char="127">the</TOKEN>
				<TOKEN end_char="135" id="token-2-7" start_char="131">women</TOKEN>
				<TOKEN end_char="136" id="token-2-8" start_char="136">’</TOKEN>
				<TOKEN end_char="137" id="token-2-9" start_char="137">s</TOKEN>
				<TOKEN end_char="146" id="token-2-10" start_char="139">downhill</TOKEN>
				<TOKEN end_char="149" id="token-2-11" start_char="148">at</TOKEN>
				<TOKEN end_char="153" id="token-2-12" start_char="151">the</TOKEN>
				<TOKEN end_char="159" id="token-2-13" start_char="155">Sochi</TOKEN>
				<TOKEN end_char="168" id="token-2-14" start_char="161">Olympics</TOKEN>
				<TOKEN end_char="169" id="token-2-15" start_char="169">,</TOKEN>
				<TOKEN end_char="178" id="token-2-16" start_char="171">American</TOKEN>
				<TOKEN end_char="187" id="token-2-17" start_char="180">champion</TOKEN>
				<TOKEN end_char="195" id="token-2-18" start_char="189">Lindsey</TOKEN>
				<TOKEN end_char="200" id="token-2-19" start_char="197">Vonn</TOKEN>
				<TOKEN end_char="209" id="token-2-20" start_char="202">suffered</TOKEN>
				<TOKEN end_char="222" id="token-2-21" start_char="211">debilitating</TOKEN>
				<TOKEN end_char="231" id="token-2-22" start_char="224">injuries</TOKEN>
				<TOKEN end_char="234" id="token-2-23" start_char="233">to</TOKEN>
				<TOKEN end_char="238" id="token-2-24" start_char="236">her</TOKEN>
				<TOKEN end_char="244" id="token-2-25" start_char="240">right</TOKEN>
				<TOKEN end_char="248" id="token-2-26" start_char="246">leg</TOKEN>
				<TOKEN end_char="251" id="token-2-27" start_char="250">in</TOKEN>
				<TOKEN end_char="253" id="token-2-28" start_char="253">a</TOKEN>
				<TOKEN end_char="261" id="token-2-29" start_char="255">violent</TOKEN>
				<TOKEN end_char="267" id="token-2-30" start_char="263">crash</TOKEN>
				<TOKEN end_char="274" id="token-2-31" start_char="269">during</TOKEN>
				<TOKEN end_char="276" id="token-2-32" start_char="276">a</TOKEN>
				<TOKEN end_char="281" id="token-2-33" start_char="278">race</TOKEN>
				<TOKEN end_char="284" id="token-2-34" start_char="283">at</TOKEN>
				<TOKEN end_char="288" id="token-2-35" start_char="286">the</TOKEN>
				<TOKEN end_char="294" id="token-2-36" start_char="290">World</TOKEN>
				<TOKEN end_char="308" id="token-2-37" start_char="296">Championships</TOKEN>
				<TOKEN end_char="311" id="token-2-38" start_char="310">in</TOKEN>
				<TOKEN end_char="322" id="token-2-39" start_char="313">Schladming</TOKEN>
				<TOKEN end_char="323" id="token-2-40" start_char="323">,</TOKEN>
				<TOKEN end_char="331" id="token-2-41" start_char="325">Austria</TOKEN>
				<TOKEN end_char="332" id="token-2-42" start_char="332">,</TOKEN>
				<TOKEN end_char="340" id="token-2-43" start_char="334">putting</TOKEN>
				<TOKEN end_char="344" id="token-2-44" start_char="342">her</TOKEN>
				<TOKEN end_char="348" id="token-2-45" start_char="346">out</TOKEN>
				<TOKEN end_char="352" id="token-2-46" start_char="350">for</TOKEN>
				<TOKEN end_char="356" id="token-2-47" start_char="354">the</TOKEN>
				<TOKEN end_char="361" id="token-2-48" start_char="358">rest</TOKEN>
				<TOKEN end_char="364" id="token-2-49" start_char="363">of</TOKEN>
				<TOKEN end_char="369" id="token-2-50" start_char="366">this</TOKEN>
				<TOKEN end_char="375" id="token-2-51" start_char="371">World</TOKEN>
				<TOKEN end_char="379" id="token-2-52" start_char="377">Cup</TOKEN>
				<TOKEN end_char="386" id="token-2-53" start_char="381">season</TOKEN>
				<TOKEN end_char="390" id="token-2-54" start_char="388">and</TOKEN>
				<TOKEN end_char="402" id="token-2-55" start_char="392">potentially</TOKEN>
				<TOKEN end_char="415" id="token-2-56" start_char="404">complicating</TOKEN>
				<TOKEN end_char="419" id="token-2-57" start_char="417">the</TOKEN>
				<TOKEN end_char="427" id="token-2-58" start_char="421">defense</TOKEN>
				<TOKEN end_char="430" id="token-2-59" start_char="429">of</TOKEN>
				<TOKEN end_char="434" id="token-2-60" start_char="432">her</TOKEN>
				<TOKEN end_char="442" id="token-2-61" start_char="436">Olympic</TOKEN>
				<TOKEN end_char="448" id="token-2-62" start_char="444">title</TOKEN>
				<TOKEN end_char="449" id="token-2-63" start_char="449">.</TOKEN>
			</SEG>
			<SEG end_char="1000" id="20130205_WAPO_41a09d4a-6fdd-11e2-ac36-3d8d9dcaa2e2-3" start_char="451">
				<ORIGINAL_TEXT>The U.S. Ski and Snowboard Association announced Tuesday that Vonn suffered two torn ligaments in her right knee — the medial collateral and anterior cruciate ligaments — as well as a fractured lateral tibial plateau in the same knee after crashing in the super-G, skiing’s second-fastest discipline. Kyle Wilkens, the ski team’s medical director, said in a statement Vonn “is expected to return to racing” for the 2013-14 World Cup season and the 2014 Olympics, a timeline that would fit what experts say is normal recovery from such ligament tears.</ORIGINAL_TEXT>
				<TOKEN end_char="453" id="token-3-0" start_char="451">The</TOKEN>
				<TOKEN end_char="455" id="token-3-1" start_char="455">U</TOKEN>
				<TOKEN end_char="456" id="token-3-2" start_char="456">.</TOKEN>
				<TOKEN end_char="457" id="token-3-3" start_char="457">S</TOKEN>
				<TOKEN end_char="458" id="token-3-4" start_char="458">.</TOKEN>
				<TOKEN end_char="462" id="token-3-5" start_char="460">Ski</TOKEN>
				<TOKEN end_char="466" id="token-3-6" start_char="464">and</TOKEN>
				<TOKEN end_char="476" id="token-3-7" start_char="468">Snowboard</TOKEN>
				<TOKEN end_char="488" id="token-3-8" start_char="478">Association</TOKEN>
				<TOKEN end_char="498" id="token-3-9" start_char="490">announced</TOKEN>
				<TOKEN end_char="506" id="token-3-10" start_char="500">Tuesday</TOKEN>
				<TOKEN end_char="511" id="token-3-11" start_char="508">that</TOKEN>
				<TOKEN end_char="516" id="token-3-12" start_char="513">Vonn</TOKEN>
				<TOKEN end_char="525" id="token-3-13" start_char="518">suffered</TOKEN>
				<TOKEN end_char="529" id="token-3-14" start_char="527">two</TOKEN>
				<TOKEN end_char="534" id="token-3-15" start_char="531">torn</TOKEN>
				<TOKEN end_char="544" id="token-3-16" start_char="536">ligaments</TOKEN>
				<TOKEN end_char="547" id="token-3-17" start_char="546">in</TOKEN>
				<TOKEN end_char="551" id="token-3-18" start_char="549">her</TOKEN>
				<TOKEN end_char="557" id="token-3-19" start_char="553">right</TOKEN>
				<TOKEN end_char="562" id="token-3-20" start_char="559">knee</TOKEN>
				<TOKEN end_char="564" id="token-3-21" start_char="564">—</TOKEN>
				<TOKEN end_char="568" id="token-3-22" start_char="566">the</TOKEN>
				<TOKEN end_char="575" id="token-3-23" start_char="570">medial</TOKEN>
				<TOKEN end_char="586" id="token-3-24" start_char="577">collateral</TOKEN>
				<TOKEN end_char="590" id="token-3-25" start_char="588">and</TOKEN>
				<TOKEN end_char="599" id="token-3-26" start_char="592">anterior</TOKEN>
				<TOKEN end_char="608" id="token-3-27" start_char="601">cruciate</TOKEN>
				<TOKEN end_char="618" id="token-3-28" start_char="610">ligaments</TOKEN>
				<TOKEN end_char="620" id="token-3-29" start_char="620">—</TOKEN>
				<TOKEN end_char="623" id="token-3-30" start_char="622">as</TOKEN>
				<TOKEN end_char="628" id="token-3-31" start_char="625">well</TOKEN>
				<TOKEN end_char="631" id="token-3-32" start_char="630">as</TOKEN>
				<TOKEN end_char="633" id="token-3-33" start_char="633">a</TOKEN>
				<TOKEN end_char="643" id="token-3-34" start_char="635">fractured</TOKEN>
				<TOKEN end_char="651" id="token-3-35" start_char="645">lateral</TOKEN>
				<TOKEN end_char="658" id="token-3-36" start_char="653">tibial</TOKEN>
				<TOKEN end_char="666" id="token-3-37" start_char="660">plateau</TOKEN>
				<TOKEN end_char="669" id="token-3-38" start_char="668">in</TOKEN>
				<TOKEN end_char="673" id="token-3-39" start_char="671">the</TOKEN>
				<TOKEN end_char="678" id="token-3-40" start_char="675">same</TOKEN>
				<TOKEN end_char="683" id="token-3-41" start_char="680">knee</TOKEN>
				<TOKEN end_char="689" id="token-3-42" start_char="685">after</TOKEN>
				<TOKEN end_char="698" id="token-3-43" start_char="691">crashing</TOKEN>
				<TOKEN end_char="701" id="token-3-44" start_char="700">in</TOKEN>
				<TOKEN end_char="705" id="token-3-45" start_char="703">the</TOKEN>
				<TOKEN end_char="711" id="token-3-46" start_char="707">super</TOKEN>
				<TOKEN end_char="712" id="token-3-47" start_char="712">-</TOKEN>
				<TOKEN end_char="713" id="token-3-48" start_char="713">G</TOKEN>
				<TOKEN end_char="714" id="token-3-49" start_char="714">,</TOKEN>
				<TOKEN end_char="721" id="token-3-50" start_char="716">skiing</TOKEN>
				<TOKEN end_char="722" id="token-3-51" start_char="722">’</TOKEN>
				<TOKEN end_char="723" id="token-3-52" start_char="723">s</TOKEN>
				<TOKEN end_char="730" id="token-3-53" start_char="725">second</TOKEN>
				<TOKEN end_char="731" id="token-3-54" start_char="731">-</TOKEN>
				<TOKEN end_char="738" id="token-3-55" start_char="732">fastest</TOKEN>
				<TOKEN end_char="749" id="token-3-56" start_char="740">discipline</TOKEN>
				<TOKEN end_char="750" id="token-3-57" start_char="750">.</TOKEN>
				<TOKEN end_char="755" id="token-3-58" start_char="752">Kyle</TOKEN>
				<TOKEN end_char="763" id="token-3-59" start_char="757">Wilkens</TOKEN>
				<TOKEN end_char="764" id="token-3-60" start_char="764">,</TOKEN>
				<TOKEN end_char="768" id="token-3-61" start_char="766">the</TOKEN>
				<TOKEN end_char="772" id="token-3-62" start_char="770">ski</TOKEN>
				<TOKEN end_char="777" id="token-3-63" start_char="774">team</TOKEN>
				<TOKEN end_char="778" id="token-3-64" start_char="778">’</TOKEN>
				<TOKEN end_char="779" id="token-3-65" start_char="779">s</TOKEN>
				<TOKEN end_char="787" id="token-3-66" start_char="781">medical</TOKEN>
				<TOKEN end_char="796" id="token-3-67" start_char="789">director</TOKEN>
				<TOKEN end_char="797" id="token-3-68" start_char="797">,</TOKEN>
				<TOKEN end_char="802" id="token-3-69" start_char="799">said</TOKEN>
				<TOKEN end_char="805" id="token-3-70" start_char="804">in</TOKEN>
				<TOKEN end_char="807" id="token-3-71" start_char="807">a</TOKEN>
				<TOKEN end_char="817" id="token-3-72" start_char="809">statement</TOKEN>
				<TOKEN end_char="822" id="token-3-73" start_char="819">Vonn</TOKEN>
				<TOKEN end_char="824" id="token-3-74" start_char="824">“</TOKEN>
				<TOKEN end_char="826" id="token-3-75" start_char="825">is</TOKEN>
				<TOKEN end_char="835" id="token-3-76" start_char="828">expected</TOKEN>
				<TOKEN end_char="838" id="token-3-77" start_char="837">to</TOKEN>
				<TOKEN end_char="845" id="token-3-78" start_char="840">return</TOKEN>
				<TOKEN end_char="848" id="token-3-79" start_char="847">to</TOKEN>
				<TOKEN end_char="855" id="token-3-80" start_char="850">racing</TOKEN>
				<TOKEN end_char="856" id="token-3-81" start_char="856">”</TOKEN>
				<TOKEN end_char="860" id="token-3-82" start_char="858">for</TOKEN>
				<TOKEN end_char="864" id="token-3-83" start_char="862">the</TOKEN>
				<TOKEN end_char="869" id="token-3-84" start_char="866">2013</TOKEN>
				<TOKEN end_char="870" id="token-3-85" start_char="870">-</TOKEN>
				<TOKEN end_char="872" id="token-3-86" start_char="871">14</TOKEN>
				<TOKEN end_char="878" id="token-3-87" start_char="874">World</TOKEN>
				<TOKEN end_char="882" id="token-3-88" start_char="880">Cup</TOKEN>
				<TOKEN end_char="889" id="token-3-89" start_char="884">season</TOKEN>
				<TOKEN end_char="893" id="token-3-90" start_char="891">and</TOKEN>
				<TOKEN end_char="897" id="token-3-91" start_char="895">the</TOKEN>
				<TOKEN end_char="902" id="token-3-92" start_char="899">2014</TOKEN>
				<TOKEN end_char="911" id="token-3-93" start_char="904">Olympics</TOKEN>
				<TOKEN end_char="912" id="token-3-94" start_char="912">,</TOKEN>
				<TOKEN end_char="914" id="token-3-95" start_char="914">a</TOKEN>
				<TOKEN end_char="923" id="token-3-96" start_char="916">timeline</TOKEN>
				<TOKEN end_char="928" id="token-3-97" start_char="925">that</TOKEN>
				<TOKEN end_char="934" id="token-3-98" start_char="930">would</TOKEN>
				<TOKEN end_char="938" id="token-3-99" start_char="936">fit</TOKEN>
				<TOKEN end_char="943" id="token-3-100" start_char="940">what</TOKEN>
				<TOKEN end_char="951" id="token-3-101" start_char="945">experts</TOKEN>
				<TOKEN end_char="955" id="token-3-102" start_char="953">say</TOKEN>
				<TOKEN end_char="958" id="token-3-103" start_char="957">is</TOKEN>
				<TOKEN end_char="965" id="token-3-104" start_char="960">normal</TOKEN>
				<TOKEN end_char="974" id="token-3-105" start_char="967">recovery</TOKEN>
				<TOKEN end_char="979" id="token-3-106" start_char="976">from</TOKEN>
				<TOKEN end_char="984" id="token-3-107" start_char="981">such</TOKEN>
				<TOKEN end_char="993" id="token-3-108" start_char="986">ligament</TOKEN>
				<TOKEN end_char="999" id="token-3-109" start_char="995">tears</TOKEN>
				<TOKEN end_char="1000" id="token-3-110" start_char="1000">.</TOKEN>
			</SEG>
			<SEG end_char="1343" id="20130205_WAPO_41a09d4a-6fdd-11e2-ac36-3d8d9dcaa2e2-4" start_char="1002">
				<ORIGINAL_TEXT>The fractured tibial plateau, however, “adds a lot of unpredictability,” said Dr. Leon Popovitz, an orthopedist who is a co-founder of the New York Bone and Joint Specialists. But Dr. Tom Hackett of the Steadman Clinic in Vail, Colo., where Vonn makes her home, said even the broken bone should be something Vonn can overcome by the Olympics.</ORIGINAL_TEXT>
				<TOKEN end_char="1004" id="token-4-0" start_char="1002">The</TOKEN>
				<TOKEN end_char="1014" id="token-4-1" start_char="1006">fractured</TOKEN>
				<TOKEN end_char="1021" id="token-4-2" start_char="1016">tibial</TOKEN>
				<TOKEN end_char="1029" id="token-4-3" start_char="1023">plateau</TOKEN>
				<TOKEN end_char="1030" id="token-4-4" start_char="1030">,</TOKEN>
				<TOKEN end_char="1038" id="token-4-5" start_char="1032">however</TOKEN>
				<TOKEN end_char="1039" id="token-4-6" start_char="1039">,</TOKEN>
				<TOKEN end_char="1041" id="token-4-7" start_char="1041">“</TOKEN>
				<TOKEN end_char="1045" id="token-4-8" start_char="1042">adds</TOKEN>
				<TOKEN end_char="1047" id="token-4-9" start_char="1047">a</TOKEN>
				<TOKEN end_char="1051" id="token-4-10" start_char="1049">lot</TOKEN>
				<TOKEN end_char="1054" id="token-4-11" start_char="1053">of</TOKEN>
				<TOKEN end_char="1071" id="token-4-12" start_char="1056">unpredictability</TOKEN>
				<TOKEN end_char="1073" id="token-4-13" start_char="1072">,”</TOKEN>
				<TOKEN end_char="1078" id="token-4-14" start_char="1075">said</TOKEN>
				<TOKEN end_char="1081" id="token-4-15" start_char="1080">Dr</TOKEN>
				<TOKEN end_char="1082" id="token-4-16" start_char="1082">.</TOKEN>
				<TOKEN end_char="1087" id="token-4-17" start_char="1084">Leon</TOKEN>
				<TOKEN end_char="1096" id="token-4-18" start_char="1089">Popovitz</TOKEN>
				<TOKEN end_char="1097" id="token-4-19" start_char="1097">,</TOKEN>
				<TOKEN end_char="1100" id="token-4-20" start_char="1099">an</TOKEN>
				<TOKEN end_char="1112" id="token-4-21" start_char="1102">orthopedist</TOKEN>
				<TOKEN end_char="1116" id="token-4-22" start_char="1114">who</TOKEN>
				<TOKEN end_char="1119" id="token-4-23" start_char="1118">is</TOKEN>
				<TOKEN end_char="1121" id="token-4-24" start_char="1121">a</TOKEN>
				<TOKEN end_char="1124" id="token-4-25" start_char="1123">co</TOKEN>
				<TOKEN end_char="1125" id="token-4-26" start_char="1125">-</TOKEN>
				<TOKEN end_char="1132" id="token-4-27" start_char="1126">founder</TOKEN>
				<TOKEN end_char="1135" id="token-4-28" start_char="1134">of</TOKEN>
				<TOKEN end_char="1139" id="token-4-29" start_char="1137">the</TOKEN>
				<TOKEN end_char="1143" id="token-4-30" start_char="1141">New</TOKEN>
				<TOKEN end_char="1148" id="token-4-31" start_char="1145">York</TOKEN>
				<TOKEN end_char="1153" id="token-4-32" start_char="1150">Bone</TOKEN>
				<TOKEN end_char="1157" id="token-4-33" start_char="1155">and</TOKEN>
				<TOKEN end_char="1163" id="token-4-34" start_char="1159">Joint</TOKEN>
				<TOKEN end_char="1175" id="token-4-35" start_char="1165">Specialists</TOKEN>
				<TOKEN end_char="1176" id="token-4-36" start_char="1176">.</TOKEN>
				<TOKEN end_char="1180" id="token-4-37" start_char="1178">But</TOKEN>
				<TOKEN end_char="1183" id="token-4-38" start_char="1182">Dr</TOKEN>
				<TOKEN end_char="1184" id="token-4-39" start_char="1184">.</TOKEN>
				<TOKEN end_char="1188" id="token-4-40" start_char="1186">Tom</TOKEN>
				<TOKEN end_char="1196" id="token-4-41" start_char="1190">Hackett</TOKEN>
				<TOKEN end_char="1199" id="token-4-42" start_char="1198">of</TOKEN>
				<TOKEN end_char="1203" id="token-4-43" start_char="1201">the</TOKEN>
				<TOKEN end_char="1212" id="token-4-44" start_char="1205">Steadman</TOKEN>
				<TOKEN end_char="1219" id="token-4-45" start_char="1214">Clinic</TOKEN>
				<TOKEN end_char="1222" id="token-4-46" start_char="1221">in</TOKEN>
				<TOKEN end_char="1227" id="token-4-47" start_char="1224">Vail</TOKEN>
				<TOKEN end_char="1228" id="token-4-48" start_char="1228">,</TOKEN>
				<TOKEN end_char="1233" id="token-4-49" start_char="1230">Colo</TOKEN>
				<TOKEN end_char="1235" id="token-4-50" start_char="1234">.,</TOKEN>
				<TOKEN end_char="1241" id="token-4-51" start_char="1237">where</TOKEN>
				<TOKEN end_char="1246" id="token-4-52" start_char="1243">Vonn</TOKEN>
				<TOKEN end_char="1252" id="token-4-53" start_char="1248">makes</TOKEN>
				<TOKEN end_char="1256" id="token-4-54" start_char="1254">her</TOKEN>
				<TOKEN end_char="1261" id="token-4-55" start_char="1258">home</TOKEN>
				<TOKEN end_char="1262" id="token-4-56" start_char="1262">,</TOKEN>
				<TOKEN end_char="1267" id="token-4-57" start_char="1264">said</TOKEN>
				<TOKEN end_char="1272" id="token-4-58" start_char="1269">even</TOKEN>
				<TOKEN end_char="1276" id="token-4-59" start_char="1274">the</TOKEN>
				<TOKEN end_char="1283" id="token-4-60" start_char="1278">broken</TOKEN>
				<TOKEN end_char="1288" id="token-4-61" start_char="1285">bone</TOKEN>
				<TOKEN end_char="1295" id="token-4-62" start_char="1290">should</TOKEN>
				<TOKEN end_char="1298" id="token-4-63" start_char="1297">be</TOKEN>
				<TOKEN end_char="1308" id="token-4-64" start_char="1300">something</TOKEN>
				<TOKEN end_char="1313" id="token-4-65" start_char="1310">Vonn</TOKEN>
				<TOKEN end_char="1317" id="token-4-66" start_char="1315">can</TOKEN>
				<TOKEN end_char="1326" id="token-4-67" start_char="1319">overcome</TOKEN>
				<TOKEN end_char="1329" id="token-4-68" start_char="1328">by</TOKEN>
				<TOKEN end_char="1333" id="token-4-69" start_char="1331">the</TOKEN>
				<TOKEN end_char="1342" id="token-4-70" start_char="1335">Olympics</TOKEN>
				<TOKEN end_char="1343" id="token-4-71" start_char="1343">.</TOKEN>
			</SEG>
			<SEG end_char="1680" id="20130205_WAPO_41a09d4a-6fdd-11e2-ac36-3d8d9dcaa2e2-5" start_char="1345">
				<ORIGINAL_TEXT>“The word fracture, it’s more of a semantic issue,” said Hackett, whose clinic regularly helps rehabilitate injured skiers. “What is really a fracture and what is a bone bruise, and what is the spectrum in between them? It’s very common to see that with this kind of injury, and it doesn’t necessarily affect the general recovery time.”</ORIGINAL_TEXT>
				<TOKEN end_char="1345" id="token-5-0" start_char="1345">“</TOKEN>
				<TOKEN end_char="1348" id="token-5-1" start_char="1346">The</TOKEN>
				<TOKEN end_char="1353" id="token-5-2" start_char="1350">word</TOKEN>
				<TOKEN end_char="1362" id="token-5-3" start_char="1355">fracture</TOKEN>
				<TOKEN end_char="1363" id="token-5-4" start_char="1363">,</TOKEN>
				<TOKEN end_char="1366" id="token-5-5" start_char="1365">it</TOKEN>
				<TOKEN end_char="1367" id="token-5-6" start_char="1367">’</TOKEN>
				<TOKEN end_char="1368" id="token-5-7" start_char="1368">s</TOKEN>
				<TOKEN end_char="1373" id="token-5-8" start_char="1370">more</TOKEN>
				<TOKEN end_char="1376" id="token-5-9" start_char="1375">of</TOKEN>
				<TOKEN end_char="1378" id="token-5-10" start_char="1378">a</TOKEN>
				<TOKEN end_char="1387" id="token-5-11" start_char="1380">semantic</TOKEN>
				<TOKEN end_char="1393" id="token-5-12" start_char="1389">issue</TOKEN>
				<TOKEN end_char="1395" id="token-5-13" start_char="1394">,”</TOKEN>
				<TOKEN end_char="1400" id="token-5-14" start_char="1397">said</TOKEN>
				<TOKEN end_char="1408" id="token-5-15" start_char="1402">Hackett</TOKEN>
				<TOKEN end_char="1409" id="token-5-16" start_char="1409">,</TOKEN>
				<TOKEN end_char="1415" id="token-5-17" start_char="1411">whose</TOKEN>
				<TOKEN end_char="1422" id="token-5-18" start_char="1417">clinic</TOKEN>
				<TOKEN end_char="1432" id="token-5-19" start_char="1424">regularly</TOKEN>
				<TOKEN end_char="1438" id="token-5-20" start_char="1434">helps</TOKEN>
				<TOKEN end_char="1451" id="token-5-21" start_char="1440">rehabilitate</TOKEN>
				<TOKEN end_char="1459" id="token-5-22" start_char="1453">injured</TOKEN>
				<TOKEN end_char="1466" id="token-5-23" start_char="1461">skiers</TOKEN>
				<TOKEN end_char="1467" id="token-5-24" start_char="1467">.</TOKEN>
				<TOKEN end_char="1469" id="token-5-25" start_char="1469">“</TOKEN>
				<TOKEN end_char="1473" id="token-5-26" start_char="1470">What</TOKEN>
				<TOKEN end_char="1476" id="token-5-27" start_char="1475">is</TOKEN>
				<TOKEN end_char="1483" id="token-5-28" start_char="1478">really</TOKEN>
				<TOKEN end_char="1485" id="token-5-29" start_char="1485">a</TOKEN>
				<TOKEN end_char="1494" id="token-5-30" start_char="1487">fracture</TOKEN>
				<TOKEN end_char="1498" id="token-5-31" start_char="1496">and</TOKEN>
				<TOKEN end_char="1503" id="token-5-32" start_char="1500">what</TOKEN>
				<TOKEN end_char="1506" id="token-5-33" start_char="1505">is</TOKEN>
				<TOKEN end_char="1508" id="token-5-34" start_char="1508">a</TOKEN>
				<TOKEN end_char="1513" id="token-5-35" start_char="1510">bone</TOKEN>
				<TOKEN end_char="1520" id="token-5-36" start_char="1515">bruise</TOKEN>
				<TOKEN end_char="1521" id="token-5-37" start_char="1521">,</TOKEN>
				<TOKEN end_char="1525" id="token-5-38" start_char="1523">and</TOKEN>
				<TOKEN end_char="1530" id="token-5-39" start_char="1527">what</TOKEN>
				<TOKEN end_char="1533" id="token-5-40" start_char="1532">is</TOKEN>
				<TOKEN end_char="1537" id="token-5-41" start_char="1535">the</TOKEN>
				<TOKEN end_char="1546" id="token-5-42" start_char="1539">spectrum</TOKEN>
				<TOKEN end_char="1549" id="token-5-43" start_char="1548">in</TOKEN>
				<TOKEN end_char="1557" id="token-5-44" start_char="1551">between</TOKEN>
				<TOKEN end_char="1562" id="token-5-45" start_char="1559">them</TOKEN>
				<TOKEN end_char="1563" id="token-5-46" start_char="1563">?</TOKEN>
				<TOKEN end_char="1566" id="token-5-47" start_char="1565">It</TOKEN>
				<TOKEN end_char="1567" id="token-5-48" start_char="1567">’</TOKEN>
				<TOKEN end_char="1568" id="token-5-49" start_char="1568">s</TOKEN>
				<TOKEN end_char="1573" id="token-5-50" start_char="1570">very</TOKEN>
				<TOKEN end_char="1580" id="token-5-51" start_char="1575">common</TOKEN>
				<TOKEN end_char="1583" id="token-5-52" start_char="1582">to</TOKEN>
				<TOKEN end_char="1587" id="token-5-53" start_char="1585">see</TOKEN>
				<TOKEN end_char="1592" id="token-5-54" start_char="1589">that</TOKEN>
				<TOKEN end_char="1597" id="token-5-55" start_char="1594">with</TOKEN>
				<TOKEN end_char="1602" id="token-5-56" start_char="1599">this</TOKEN>
				<TOKEN end_char="1607" id="token-5-57" start_char="1604">kind</TOKEN>
				<TOKEN end_char="1610" id="token-5-58" start_char="1609">of</TOKEN>
				<TOKEN end_char="1617" id="token-5-59" start_char="1612">injury</TOKEN>
				<TOKEN end_char="1618" id="token-5-60" start_char="1618">,</TOKEN>
				<TOKEN end_char="1622" id="token-5-61" start_char="1620">and</TOKEN>
				<TOKEN end_char="1625" id="token-5-62" start_char="1624">it</TOKEN>
				<TOKEN end_char="1631" id="token-5-63" start_char="1627">doesn</TOKEN>
				<TOKEN end_char="1632" id="token-5-64" start_char="1632">’</TOKEN>
				<TOKEN end_char="1633" id="token-5-65" start_char="1633">t</TOKEN>
				<TOKEN end_char="1645" id="token-5-66" start_char="1635">necessarily</TOKEN>
				<TOKEN end_char="1652" id="token-5-67" start_char="1647">affect</TOKEN>
				<TOKEN end_char="1656" id="token-5-68" start_char="1654">the</TOKEN>
				<TOKEN end_char="1664" id="token-5-69" start_char="1658">general</TOKEN>
				<TOKEN end_char="1673" id="token-5-70" start_char="1666">recovery</TOKEN>
				<TOKEN end_char="1678" id="token-5-71" start_char="1675">time</TOKEN>
				<TOKEN end_char="1680" id="token-5-72" start_char="1679">.”</TOKEN>
			</SEG>
			<SEG end_char="2100" id="20130205_WAPO_41a09d4a-6fdd-11e2-ac36-3d8d9dcaa2e2-6" start_char="1682">
				<ORIGINAL_TEXT>A lateral tibial plateau fracture is common in such cases in skiing, Popovitz said, because the ligament tears minimize the padding between two bones in the leg, the femur and the tibia, and the force of the impact after a jump can cause the bones to bang into each other. Such a fracture could be allowed to heal on its own if it is mild, or, in extreme cases, it could require reconstructive surgery involving screws.</ORIGINAL_TEXT>
				<TOKEN end_char="1682" id="token-6-0" start_char="1682">A</TOKEN>
				<TOKEN end_char="1690" id="token-6-1" start_char="1684">lateral</TOKEN>
				<TOKEN end_char="1697" id="token-6-2" start_char="1692">tibial</TOKEN>
				<TOKEN end_char="1705" id="token-6-3" start_char="1699">plateau</TOKEN>
				<TOKEN end_char="1714" id="token-6-4" start_char="1707">fracture</TOKEN>
				<TOKEN end_char="1717" id="token-6-5" start_char="1716">is</TOKEN>
				<TOKEN end_char="1724" id="token-6-6" start_char="1719">common</TOKEN>
				<TOKEN end_char="1727" id="token-6-7" start_char="1726">in</TOKEN>
				<TOKEN end_char="1732" id="token-6-8" start_char="1729">such</TOKEN>
				<TOKEN end_char="1738" id="token-6-9" start_char="1734">cases</TOKEN>
				<TOKEN end_char="1741" id="token-6-10" start_char="1740">in</TOKEN>
				<TOKEN end_char="1748" id="token-6-11" start_char="1743">skiing</TOKEN>
				<TOKEN end_char="1749" id="token-6-12" start_char="1749">,</TOKEN>
				<TOKEN end_char="1758" id="token-6-13" start_char="1751">Popovitz</TOKEN>
				<TOKEN end_char="1763" id="token-6-14" start_char="1760">said</TOKEN>
				<TOKEN end_char="1764" id="token-6-15" start_char="1764">,</TOKEN>
				<TOKEN end_char="1772" id="token-6-16" start_char="1766">because</TOKEN>
				<TOKEN end_char="1776" id="token-6-17" start_char="1774">the</TOKEN>
				<TOKEN end_char="1785" id="token-6-18" start_char="1778">ligament</TOKEN>
				<TOKEN end_char="1791" id="token-6-19" start_char="1787">tears</TOKEN>
				<TOKEN end_char="1800" id="token-6-20" start_char="1793">minimize</TOKEN>
				<TOKEN end_char="1804" id="token-6-21" start_char="1802">the</TOKEN>
				<TOKEN end_char="1812" id="token-6-22" start_char="1806">padding</TOKEN>
				<TOKEN end_char="1820" id="token-6-23" start_char="1814">between</TOKEN>
				<TOKEN end_char="1824" id="token-6-24" start_char="1822">two</TOKEN>
				<TOKEN end_char="1830" id="token-6-25" start_char="1826">bones</TOKEN>
				<TOKEN end_char="1833" id="token-6-26" start_char="1832">in</TOKEN>
				<TOKEN end_char="1837" id="token-6-27" start_char="1835">the</TOKEN>
				<TOKEN end_char="1841" id="token-6-28" start_char="1839">leg</TOKEN>
				<TOKEN end_char="1842" id="token-6-29" start_char="1842">,</TOKEN>
				<TOKEN end_char="1846" id="token-6-30" start_char="1844">the</TOKEN>
				<TOKEN end_char="1852" id="token-6-31" start_char="1848">femur</TOKEN>
				<TOKEN end_char="1856" id="token-6-32" start_char="1854">and</TOKEN>
				<TOKEN end_char="1860" id="token-6-33" start_char="1858">the</TOKEN>
				<TOKEN end_char="1866" id="token-6-34" start_char="1862">tibia</TOKEN>
				<TOKEN end_char="1867" id="token-6-35" start_char="1867">,</TOKEN>
				<TOKEN end_char="1871" id="token-6-36" start_char="1869">and</TOKEN>
				<TOKEN end_char="1875" id="token-6-37" start_char="1873">the</TOKEN>
				<TOKEN end_char="1881" id="token-6-38" start_char="1877">force</TOKEN>
				<TOKEN end_char="1884" id="token-6-39" start_char="1883">of</TOKEN>
				<TOKEN end_char="1888" id="token-6-40" start_char="1886">the</TOKEN>
				<TOKEN end_char="1895" id="token-6-41" start_char="1890">impact</TOKEN>
				<TOKEN end_char="1901" id="token-6-42" start_char="1897">after</TOKEN>
				<TOKEN end_char="1903" id="token-6-43" start_char="1903">a</TOKEN>
				<TOKEN end_char="1908" id="token-6-44" start_char="1905">jump</TOKEN>
				<TOKEN end_char="1912" id="token-6-45" start_char="1910">can</TOKEN>
				<TOKEN end_char="1918" id="token-6-46" start_char="1914">cause</TOKEN>
				<TOKEN end_char="1922" id="token-6-47" start_char="1920">the</TOKEN>
				<TOKEN end_char="1928" id="token-6-48" start_char="1924">bones</TOKEN>
				<TOKEN end_char="1931" id="token-6-49" start_char="1930">to</TOKEN>
				<TOKEN end_char="1936" id="token-6-50" start_char="1933">bang</TOKEN>
				<TOKEN end_char="1941" id="token-6-51" start_char="1938">into</TOKEN>
				<TOKEN end_char="1946" id="token-6-52" start_char="1943">each</TOKEN>
				<TOKEN end_char="1952" id="token-6-53" start_char="1948">other</TOKEN>
				<TOKEN end_char="1953" id="token-6-54" start_char="1953">.</TOKEN>
				<TOKEN end_char="1958" id="token-6-55" start_char="1955">Such</TOKEN>
				<TOKEN end_char="1960" id="token-6-56" start_char="1960">a</TOKEN>
				<TOKEN end_char="1969" id="token-6-57" start_char="1962">fracture</TOKEN>
				<TOKEN end_char="1975" id="token-6-58" start_char="1971">could</TOKEN>
				<TOKEN end_char="1978" id="token-6-59" start_char="1977">be</TOKEN>
				<TOKEN end_char="1986" id="token-6-60" start_char="1980">allowed</TOKEN>
				<TOKEN end_char="1989" id="token-6-61" start_char="1988">to</TOKEN>
				<TOKEN end_char="1994" id="token-6-62" start_char="1991">heal</TOKEN>
				<TOKEN end_char="1997" id="token-6-63" start_char="1996">on</TOKEN>
				<TOKEN end_char="2001" id="token-6-64" start_char="1999">its</TOKEN>
				<TOKEN end_char="2005" id="token-6-65" start_char="2003">own</TOKEN>
				<TOKEN end_char="2008" id="token-6-66" start_char="2007">if</TOKEN>
				<TOKEN end_char="2011" id="token-6-67" start_char="2010">it</TOKEN>
				<TOKEN end_char="2014" id="token-6-68" start_char="2013">is</TOKEN>
				<TOKEN end_char="2019" id="token-6-69" start_char="2016">mild</TOKEN>
				<TOKEN end_char="2020" id="token-6-70" start_char="2020">,</TOKEN>
				<TOKEN end_char="2023" id="token-6-71" start_char="2022">or</TOKEN>
				<TOKEN end_char="2024" id="token-6-72" start_char="2024">,</TOKEN>
				<TOKEN end_char="2027" id="token-6-73" start_char="2026">in</TOKEN>
				<TOKEN end_char="2035" id="token-6-74" start_char="2029">extreme</TOKEN>
				<TOKEN end_char="2041" id="token-6-75" start_char="2037">cases</TOKEN>
				<TOKEN end_char="2042" id="token-6-76" start_char="2042">,</TOKEN>
				<TOKEN end_char="2045" id="token-6-77" start_char="2044">it</TOKEN>
				<TOKEN end_char="2051" id="token-6-78" start_char="2047">could</TOKEN>
				<TOKEN end_char="2059" id="token-6-79" start_char="2053">require</TOKEN>
				<TOKEN end_char="2074" id="token-6-80" start_char="2061">reconstructive</TOKEN>
				<TOKEN end_char="2082" id="token-6-81" start_char="2076">surgery</TOKEN>
				<TOKEN end_char="2092" id="token-6-82" start_char="2084">involving</TOKEN>
				<TOKEN end_char="2099" id="token-6-83" start_char="2094">screws</TOKEN>
				<TOKEN end_char="2100" id="token-6-84" start_char="2100">.</TOKEN>
			</SEG>
			<SEG end_char="2149" id="20130205_WAPO_41a09d4a-6fdd-11e2-ac36-3d8d9dcaa2e2-7" start_char="2102">
				<ORIGINAL_TEXT>“That’s the complicating factor,” Popovitz said.</ORIGINAL_TEXT>
				<TOKEN end_char="2102" id="token-7-0" start_char="2102">“</TOKEN>
				<TOKEN end_char="2106" id="token-7-1" start_char="2103">That</TOKEN>
				<TOKEN end_char="2107" id="token-7-2" start_char="2107">’</TOKEN>
				<TOKEN end_char="2108" id="token-7-3" start_char="2108">s</TOKEN>
				<TOKEN end_char="2112" id="token-7-4" start_char="2110">the</TOKEN>
				<TOKEN end_char="2125" id="token-7-5" start_char="2114">complicating</TOKEN>
				<TOKEN end_char="2132" id="token-7-6" start_char="2127">factor</TOKEN>
				<TOKEN end_char="2134" id="token-7-7" start_char="2133">,”</TOKEN>
				<TOKEN end_char="2143" id="token-7-8" start_char="2136">Popovitz</TOKEN>
				<TOKEN end_char="2148" id="token-7-9" start_char="2145">said</TOKEN>
				<TOKEN end_char="2149" id="token-7-10" start_char="2149">.</TOKEN>
			</SEG>
			<SEG end_char="2507" id="20130205_WAPO_41a09d4a-6fdd-11e2-ac36-3d8d9dcaa2e2-8" start_char="2151">
				<ORIGINAL_TEXT>Video of the crash is harrowing. The race at Schladming had been delayed for hours by fog and began in fading light at 2:30 p.m. local time. Vonn was the 19th racer out of the starting gate, and she skied well at the top of the course, taking a slight lead at the first interval over Slovenia’s Tina Maze, the best female skier during this World Cup season.</ORIGINAL_TEXT>
				<TOKEN end_char="2155" id="token-8-0" start_char="2151">Video</TOKEN>
				<TOKEN end_char="2158" id="token-8-1" start_char="2157">of</TOKEN>
				<TOKEN end_char="2162" id="token-8-2" start_char="2160">the</TOKEN>
				<TOKEN end_char="2168" id="token-8-3" start_char="2164">crash</TOKEN>
				<TOKEN end_char="2171" id="token-8-4" start_char="2170">is</TOKEN>
				<TOKEN end_char="2181" id="token-8-5" start_char="2173">harrowing</TOKEN>
				<TOKEN end_char="2182" id="token-8-6" start_char="2182">.</TOKEN>
				<TOKEN end_char="2186" id="token-8-7" start_char="2184">The</TOKEN>
				<TOKEN end_char="2191" id="token-8-8" start_char="2188">race</TOKEN>
				<TOKEN end_char="2194" id="token-8-9" start_char="2193">at</TOKEN>
				<TOKEN end_char="2205" id="token-8-10" start_char="2196">Schladming</TOKEN>
				<TOKEN end_char="2209" id="token-8-11" start_char="2207">had</TOKEN>
				<TOKEN end_char="2214" id="token-8-12" start_char="2211">been</TOKEN>
				<TOKEN end_char="2222" id="token-8-13" start_char="2216">delayed</TOKEN>
				<TOKEN end_char="2226" id="token-8-14" start_char="2224">for</TOKEN>
				<TOKEN end_char="2232" id="token-8-15" start_char="2228">hours</TOKEN>
				<TOKEN end_char="2235" id="token-8-16" start_char="2234">by</TOKEN>
				<TOKEN end_char="2239" id="token-8-17" start_char="2237">fog</TOKEN>
				<TOKEN end_char="2243" id="token-8-18" start_char="2241">and</TOKEN>
				<TOKEN end_char="2249" id="token-8-19" start_char="2245">began</TOKEN>
				<TOKEN end_char="2252" id="token-8-20" start_char="2251">in</TOKEN>
				<TOKEN end_char="2259" id="token-8-21" start_char="2254">fading</TOKEN>
				<TOKEN end_char="2265" id="token-8-22" start_char="2261">light</TOKEN>
				<TOKEN end_char="2268" id="token-8-23" start_char="2267">at</TOKEN>
				<TOKEN end_char="2270" id="token-8-24" start_char="2270">2</TOKEN>
				<TOKEN end_char="2271" id="token-8-25" start_char="2271">:</TOKEN>
				<TOKEN end_char="2273" id="token-8-26" start_char="2272">30</TOKEN>
				<TOKEN end_char="2275" id="token-8-27" start_char="2275">p</TOKEN>
				<TOKEN end_char="2276" id="token-8-28" start_char="2276">.</TOKEN>
				<TOKEN end_char="2277" id="token-8-29" start_char="2277">m</TOKEN>
				<TOKEN end_char="2278" id="token-8-30" start_char="2278">.</TOKEN>
				<TOKEN end_char="2284" id="token-8-31" start_char="2280">local</TOKEN>
				<TOKEN end_char="2289" id="token-8-32" start_char="2286">time</TOKEN>
				<TOKEN end_char="2290" id="token-8-33" start_char="2290">.</TOKEN>
				<TOKEN end_char="2295" id="token-8-34" start_char="2292">Vonn</TOKEN>
				<TOKEN end_char="2299" id="token-8-35" start_char="2297">was</TOKEN>
				<TOKEN end_char="2303" id="token-8-36" start_char="2301">the</TOKEN>
				<TOKEN end_char="2308" id="token-8-37" start_char="2305">19th</TOKEN>
				<TOKEN end_char="2314" id="token-8-38" start_char="2310">racer</TOKEN>
				<TOKEN end_char="2318" id="token-8-39" start_char="2316">out</TOKEN>
				<TOKEN end_char="2321" id="token-8-40" start_char="2320">of</TOKEN>
				<TOKEN end_char="2325" id="token-8-41" start_char="2323">the</TOKEN>
				<TOKEN end_char="2334" id="token-8-42" start_char="2327">starting</TOKEN>
				<TOKEN end_char="2339" id="token-8-43" start_char="2336">gate</TOKEN>
				<TOKEN end_char="2340" id="token-8-44" start_char="2340">,</TOKEN>
				<TOKEN end_char="2344" id="token-8-45" start_char="2342">and</TOKEN>
				<TOKEN end_char="2348" id="token-8-46" start_char="2346">she</TOKEN>
				<TOKEN end_char="2354" id="token-8-47" start_char="2350">skied</TOKEN>
				<TOKEN end_char="2359" id="token-8-48" start_char="2356">well</TOKEN>
				<TOKEN end_char="2362" id="token-8-49" start_char="2361">at</TOKEN>
				<TOKEN end_char="2366" id="token-8-50" start_char="2364">the</TOKEN>
				<TOKEN end_char="2370" id="token-8-51" start_char="2368">top</TOKEN>
				<TOKEN end_char="2373" id="token-8-52" start_char="2372">of</TOKEN>
				<TOKEN end_char="2377" id="token-8-53" start_char="2375">the</TOKEN>
				<TOKEN end_char="2384" id="token-8-54" start_char="2379">course</TOKEN>
				<TOKEN end_char="2385" id="token-8-55" start_char="2385">,</TOKEN>
				<TOKEN end_char="2392" id="token-8-56" start_char="2387">taking</TOKEN>
				<TOKEN end_char="2394" id="token-8-57" start_char="2394">a</TOKEN>
				<TOKEN end_char="2401" id="token-8-58" start_char="2396">slight</TOKEN>
				<TOKEN end_char="2406" id="token-8-59" start_char="2403">lead</TOKEN>
				<TOKEN end_char="2409" id="token-8-60" start_char="2408">at</TOKEN>
				<TOKEN end_char="2413" id="token-8-61" start_char="2411">the</TOKEN>
				<TOKEN end_char="2419" id="token-8-62" start_char="2415">first</TOKEN>
				<TOKEN end_char="2428" id="token-8-63" start_char="2421">interval</TOKEN>
				<TOKEN end_char="2433" id="token-8-64" start_char="2430">over</TOKEN>
				<TOKEN end_char="2442" id="token-8-65" start_char="2435">Slovenia</TOKEN>
				<TOKEN end_char="2443" id="token-8-66" start_char="2443">’</TOKEN>
				<TOKEN end_char="2444" id="token-8-67" start_char="2444">s</TOKEN>
				<TOKEN end_char="2449" id="token-8-68" start_char="2446">Tina</TOKEN>
				<TOKEN end_char="2454" id="token-8-69" start_char="2451">Maze</TOKEN>
				<TOKEN end_char="2455" id="token-8-70" start_char="2455">,</TOKEN>
				<TOKEN end_char="2459" id="token-8-71" start_char="2457">the</TOKEN>
				<TOKEN end_char="2464" id="token-8-72" start_char="2461">best</TOKEN>
				<TOKEN end_char="2471" id="token-8-73" start_char="2466">female</TOKEN>
				<TOKEN end_char="2477" id="token-8-74" start_char="2473">skier</TOKEN>
				<TOKEN end_char="2484" id="token-8-75" start_char="2479">during</TOKEN>
				<TOKEN end_char="2489" id="token-8-76" start_char="2486">this</TOKEN>
				<TOKEN end_char="2495" id="token-8-77" start_char="2491">World</TOKEN>
				<TOKEN end_char="2499" id="token-8-78" start_char="2497">Cup</TOKEN>
				<TOKEN end_char="2506" id="token-8-79" start_char="2501">season</TOKEN>
				<TOKEN end_char="2507" id="token-8-80" start_char="2507">.</TOKEN>
			</SEG>
			<SEG end_char="2854" id="20130205_WAPO_41a09d4a-6fdd-11e2-ac36-3d8d9dcaa2e2-9" start_char="2509">
				<ORIGINAL_TEXT>But as she came over a jump less than 50 seconds into her run, Vonn drifted slightly off-line. She landed hard on her right leg. Unable to maintain balance, she flipped over in the air, crashed through a gate and landed hard on her back, skidding down the hill, yelling out in pain the entire way before sliding to a stop and screaming some more.</ORIGINAL_TEXT>
				<TOKEN end_char="2511" id="token-9-0" start_char="2509">But</TOKEN>
				<TOKEN end_char="2514" id="token-9-1" start_char="2513">as</TOKEN>
				<TOKEN end_char="2518" id="token-9-2" start_char="2516">she</TOKEN>
				<TOKEN end_char="2523" id="token-9-3" start_char="2520">came</TOKEN>
				<TOKEN end_char="2528" id="token-9-4" start_char="2525">over</TOKEN>
				<TOKEN end_char="2530" id="token-9-5" start_char="2530">a</TOKEN>
				<TOKEN end_char="2535" id="token-9-6" start_char="2532">jump</TOKEN>
				<TOKEN end_char="2540" id="token-9-7" start_char="2537">less</TOKEN>
				<TOKEN end_char="2545" id="token-9-8" start_char="2542">than</TOKEN>
				<TOKEN end_char="2548" id="token-9-9" start_char="2547">50</TOKEN>
				<TOKEN end_char="2556" id="token-9-10" start_char="2550">seconds</TOKEN>
				<TOKEN end_char="2561" id="token-9-11" start_char="2558">into</TOKEN>
				<TOKEN end_char="2565" id="token-9-12" start_char="2563">her</TOKEN>
				<TOKEN end_char="2569" id="token-9-13" start_char="2567">run</TOKEN>
				<TOKEN end_char="2570" id="token-9-14" start_char="2570">,</TOKEN>
				<TOKEN end_char="2575" id="token-9-15" start_char="2572">Vonn</TOKEN>
				<TOKEN end_char="2583" id="token-9-16" start_char="2577">drifted</TOKEN>
				<TOKEN end_char="2592" id="token-9-17" start_char="2585">slightly</TOKEN>
				<TOKEN end_char="2596" id="token-9-18" start_char="2594">off</TOKEN>
				<TOKEN end_char="2597" id="token-9-19" start_char="2597">-</TOKEN>
				<TOKEN end_char="2601" id="token-9-20" start_char="2598">line</TOKEN>
				<TOKEN end_char="2602" id="token-9-21" start_char="2602">.</TOKEN>
				<TOKEN end_char="2606" id="token-9-22" start_char="2604">She</TOKEN>
				<TOKEN end_char="2613" id="token-9-23" start_char="2608">landed</TOKEN>
				<TOKEN end_char="2618" id="token-9-24" start_char="2615">hard</TOKEN>
				<TOKEN end_char="2621" id="token-9-25" start_char="2620">on</TOKEN>
				<TOKEN end_char="2625" id="token-9-26" start_char="2623">her</TOKEN>
				<TOKEN end_char="2631" id="token-9-27" start_char="2627">right</TOKEN>
				<TOKEN end_char="2635" id="token-9-28" start_char="2633">leg</TOKEN>
				<TOKEN end_char="2636" id="token-9-29" start_char="2636">.</TOKEN>
				<TOKEN end_char="2643" id="token-9-30" start_char="2638">Unable</TOKEN>
				<TOKEN end_char="2646" id="token-9-31" start_char="2645">to</TOKEN>
				<TOKEN end_char="2655" id="token-9-32" start_char="2648">maintain</TOKEN>
				<TOKEN end_char="2663" id="token-9-33" start_char="2657">balance</TOKEN>
				<TOKEN end_char="2664" id="token-9-34" start_char="2664">,</TOKEN>
				<TOKEN end_char="2668" id="token-9-35" start_char="2666">she</TOKEN>
				<TOKEN end_char="2676" id="token-9-36" start_char="2670">flipped</TOKEN>
				<TOKEN end_char="2681" id="token-9-37" start_char="2678">over</TOKEN>
				<TOKEN end_char="2684" id="token-9-38" start_char="2683">in</TOKEN>
				<TOKEN end_char="2688" id="token-9-39" start_char="2686">the</TOKEN>
				<TOKEN end_char="2692" id="token-9-40" start_char="2690">air</TOKEN>
				<TOKEN end_char="2693" id="token-9-41" start_char="2693">,</TOKEN>
				<TOKEN end_char="2701" id="token-9-42" start_char="2695">crashed</TOKEN>
				<TOKEN end_char="2709" id="token-9-43" start_char="2703">through</TOKEN>
				<TOKEN end_char="2711" id="token-9-44" start_char="2711">a</TOKEN>
				<TOKEN end_char="2716" id="token-9-45" start_char="2713">gate</TOKEN>
				<TOKEN end_char="2720" id="token-9-46" start_char="2718">and</TOKEN>
				<TOKEN end_char="2727" id="token-9-47" start_char="2722">landed</TOKEN>
				<TOKEN end_char="2732" id="token-9-48" start_char="2729">hard</TOKEN>
				<TOKEN end_char="2735" id="token-9-49" start_char="2734">on</TOKEN>
				<TOKEN end_char="2739" id="token-9-50" start_char="2737">her</TOKEN>
				<TOKEN end_char="2744" id="token-9-51" start_char="2741">back</TOKEN>
				<TOKEN end_char="2745" id="token-9-52" start_char="2745">,</TOKEN>
				<TOKEN end_char="2754" id="token-9-53" start_char="2747">skidding</TOKEN>
				<TOKEN end_char="2759" id="token-9-54" start_char="2756">down</TOKEN>
				<TOKEN end_char="2763" id="token-9-55" start_char="2761">the</TOKEN>
				<TOKEN end_char="2768" id="token-9-56" start_char="2765">hill</TOKEN>
				<TOKEN end_char="2769" id="token-9-57" start_char="2769">,</TOKEN>
				<TOKEN end_char="2777" id="token-9-58" start_char="2771">yelling</TOKEN>
				<TOKEN end_char="2781" id="token-9-59" start_char="2779">out</TOKEN>
				<TOKEN end_char="2784" id="token-9-60" start_char="2783">in</TOKEN>
				<TOKEN end_char="2789" id="token-9-61" start_char="2786">pain</TOKEN>
				<TOKEN end_char="2793" id="token-9-62" start_char="2791">the</TOKEN>
				<TOKEN end_char="2800" id="token-9-63" start_char="2795">entire</TOKEN>
				<TOKEN end_char="2804" id="token-9-64" start_char="2802">way</TOKEN>
				<TOKEN end_char="2811" id="token-9-65" start_char="2806">before</TOKEN>
				<TOKEN end_char="2819" id="token-9-66" start_char="2813">sliding</TOKEN>
				<TOKEN end_char="2822" id="token-9-67" start_char="2821">to</TOKEN>
				<TOKEN end_char="2824" id="token-9-68" start_char="2824">a</TOKEN>
				<TOKEN end_char="2829" id="token-9-69" start_char="2826">stop</TOKEN>
				<TOKEN end_char="2833" id="token-9-70" start_char="2831">and</TOKEN>
				<TOKEN end_char="2843" id="token-9-71" start_char="2835">screaming</TOKEN>
				<TOKEN end_char="2848" id="token-9-72" start_char="2845">some</TOKEN>
				<TOKEN end_char="2853" id="token-9-73" start_char="2850">more</TOKEN>
				<TOKEN end_char="2854" id="token-9-74" start_char="2854">.</TOKEN>
			</SEG>
			<SEG end_char="3175" id="20130205_WAPO_41a09d4a-6fdd-11e2-ac36-3d8d9dcaa2e2-10" start_char="2856">
				<ORIGINAL_TEXT>“She jumped a little bit in the wrong direction and started to correct that a little bit in the air and put a lot of pressure on the outside ski exactly in the landing,” said Atle Skaardal, the International Ski Federation’s women’s race director, according to the Associated Press. “And she couldn’t hold the pressure.”</ORIGINAL_TEXT>
				<TOKEN end_char="2856" id="token-10-0" start_char="2856">“</TOKEN>
				<TOKEN end_char="2859" id="token-10-1" start_char="2857">She</TOKEN>
				<TOKEN end_char="2866" id="token-10-2" start_char="2861">jumped</TOKEN>
				<TOKEN end_char="2868" id="token-10-3" start_char="2868">a</TOKEN>
				<TOKEN end_char="2875" id="token-10-4" start_char="2870">little</TOKEN>
				<TOKEN end_char="2879" id="token-10-5" start_char="2877">bit</TOKEN>
				<TOKEN end_char="2882" id="token-10-6" start_char="2881">in</TOKEN>
				<TOKEN end_char="2886" id="token-10-7" start_char="2884">the</TOKEN>
				<TOKEN end_char="2892" id="token-10-8" start_char="2888">wrong</TOKEN>
				<TOKEN end_char="2902" id="token-10-9" start_char="2894">direction</TOKEN>
				<TOKEN end_char="2906" id="token-10-10" start_char="2904">and</TOKEN>
				<TOKEN end_char="2914" id="token-10-11" start_char="2908">started</TOKEN>
				<TOKEN end_char="2917" id="token-10-12" start_char="2916">to</TOKEN>
				<TOKEN end_char="2925" id="token-10-13" start_char="2919">correct</TOKEN>
				<TOKEN end_char="2930" id="token-10-14" start_char="2927">that</TOKEN>
				<TOKEN end_char="2932" id="token-10-15" start_char="2932">a</TOKEN>
				<TOKEN end_char="2939" id="token-10-16" start_char="2934">little</TOKEN>
				<TOKEN end_char="2943" id="token-10-17" start_char="2941">bit</TOKEN>
				<TOKEN end_char="2946" id="token-10-18" start_char="2945">in</TOKEN>
				<TOKEN end_char="2950" id="token-10-19" start_char="2948">the</TOKEN>
				<TOKEN end_char="2954" id="token-10-20" start_char="2952">air</TOKEN>
				<TOKEN end_char="2958" id="token-10-21" start_char="2956">and</TOKEN>
				<TOKEN end_char="2962" id="token-10-22" start_char="2960">put</TOKEN>
				<TOKEN end_char="2964" id="token-10-23" start_char="2964">a</TOKEN>
				<TOKEN end_char="2968" id="token-10-24" start_char="2966">lot</TOKEN>
				<TOKEN end_char="2971" id="token-10-25" start_char="2970">of</TOKEN>
				<TOKEN end_char="2980" id="token-10-26" start_char="2973">pressure</TOKEN>
				<TOKEN end_char="2983" id="token-10-27" start_char="2982">on</TOKEN>
				<TOKEN end_char="2987" id="token-10-28" start_char="2985">the</TOKEN>
				<TOKEN end_char="2995" id="token-10-29" start_char="2989">outside</TOKEN>
				<TOKEN end_char="2999" id="token-10-30" start_char="2997">ski</TOKEN>
				<TOKEN end_char="3007" id="token-10-31" start_char="3001">exactly</TOKEN>
				<TOKEN end_char="3010" id="token-10-32" start_char="3009">in</TOKEN>
				<TOKEN end_char="3014" id="token-10-33" start_char="3012">the</TOKEN>
				<TOKEN end_char="3022" id="token-10-34" start_char="3016">landing</TOKEN>
				<TOKEN end_char="3024" id="token-10-35" start_char="3023">,”</TOKEN>
				<TOKEN end_char="3029" id="token-10-36" start_char="3026">said</TOKEN>
				<TOKEN end_char="3034" id="token-10-37" start_char="3031">Atle</TOKEN>
				<TOKEN end_char="3043" id="token-10-38" start_char="3036">Skaardal</TOKEN>
				<TOKEN end_char="3044" id="token-10-39" start_char="3044">,</TOKEN>
				<TOKEN end_char="3048" id="token-10-40" start_char="3046">the</TOKEN>
				<TOKEN end_char="3062" id="token-10-41" start_char="3050">International</TOKEN>
				<TOKEN end_char="3066" id="token-10-42" start_char="3064">Ski</TOKEN>
				<TOKEN end_char="3077" id="token-10-43" start_char="3068">Federation</TOKEN>
				<TOKEN end_char="3078" id="token-10-44" start_char="3078">’</TOKEN>
				<TOKEN end_char="3079" id="token-10-45" start_char="3079">s</TOKEN>
				<TOKEN end_char="3085" id="token-10-46" start_char="3081">women</TOKEN>
				<TOKEN end_char="3086" id="token-10-47" start_char="3086">’</TOKEN>
				<TOKEN end_char="3087" id="token-10-48" start_char="3087">s</TOKEN>
				<TOKEN end_char="3092" id="token-10-49" start_char="3089">race</TOKEN>
				<TOKEN end_char="3101" id="token-10-50" start_char="3094">director</TOKEN>
				<TOKEN end_char="3102" id="token-10-51" start_char="3102">,</TOKEN>
				<TOKEN end_char="3112" id="token-10-52" start_char="3104">according</TOKEN>
				<TOKEN end_char="3115" id="token-10-53" start_char="3114">to</TOKEN>
				<TOKEN end_char="3119" id="token-10-54" start_char="3117">the</TOKEN>
				<TOKEN end_char="3130" id="token-10-55" start_char="3121">Associated</TOKEN>
				<TOKEN end_char="3136" id="token-10-56" start_char="3132">Press</TOKEN>
				<TOKEN end_char="3137" id="token-10-57" start_char="3137">.</TOKEN>
				<TOKEN end_char="3139" id="token-10-58" start_char="3139">“</TOKEN>
				<TOKEN end_char="3142" id="token-10-59" start_char="3140">And</TOKEN>
				<TOKEN end_char="3146" id="token-10-60" start_char="3144">she</TOKEN>
				<TOKEN end_char="3153" id="token-10-61" start_char="3148">couldn</TOKEN>
				<TOKEN end_char="3154" id="token-10-62" start_char="3154">’</TOKEN>
				<TOKEN end_char="3155" id="token-10-63" start_char="3155">t</TOKEN>
				<TOKEN end_char="3160" id="token-10-64" start_char="3157">hold</TOKEN>
				<TOKEN end_char="3164" id="token-10-65" start_char="3162">the</TOKEN>
				<TOKEN end_char="3173" id="token-10-66" start_char="3166">pressure</TOKEN>
				<TOKEN end_char="3175" id="token-10-67" start_char="3174">.”</TOKEN>
			</SEG>
			<SEG end_char="3243" id="20130205_WAPO_41a09d4a-6fdd-11e2-ac36-3d8d9dcaa2e2-11" start_char="3177">
				<ORIGINAL_TEXT>Skaardal added that “visibility was great, there were no problems.”</ORIGINAL_TEXT>
				<TOKEN end_char="3184" id="token-11-0" start_char="3177">Skaardal</TOKEN>
				<TOKEN end_char="3190" id="token-11-1" start_char="3186">added</TOKEN>
				<TOKEN end_char="3195" id="token-11-2" start_char="3192">that</TOKEN>
				<TOKEN end_char="3197" id="token-11-3" start_char="3197">“</TOKEN>
				<TOKEN end_char="3207" id="token-11-4" start_char="3198">visibility</TOKEN>
				<TOKEN end_char="3211" id="token-11-5" start_char="3209">was</TOKEN>
				<TOKEN end_char="3217" id="token-11-6" start_char="3213">great</TOKEN>
				<TOKEN end_char="3218" id="token-11-7" start_char="3218">,</TOKEN>
				<TOKEN end_char="3224" id="token-11-8" start_char="3220">there</TOKEN>
				<TOKEN end_char="3229" id="token-11-9" start_char="3226">were</TOKEN>
				<TOKEN end_char="3232" id="token-11-10" start_char="3231">no</TOKEN>
				<TOKEN end_char="3241" id="token-11-11" start_char="3234">problems</TOKEN>
				<TOKEN end_char="3243" id="token-11-12" start_char="3242">.”</TOKEN>
			</SEG>
			<SEG end_char="3465" id="20130205_WAPO_41a09d4a-6fdd-11e2-ac36-3d8d9dcaa2e2-12" start_char="3245">
				<ORIGINAL_TEXT>Vonn was taken to a hospital and released Tuesday afternoon. She will have surgery elsewhere. Maze won the race, with Switzerland’s Lara Gut taking silver and American Julia Mancuso, Vonn’s longtime rival, winning bronze.</ORIGINAL_TEXT>
				<TOKEN end_char="3248" id="token-12-0" start_char="3245">Vonn</TOKEN>
				<TOKEN end_char="3252" id="token-12-1" start_char="3250">was</TOKEN>
				<TOKEN end_char="3258" id="token-12-2" start_char="3254">taken</TOKEN>
				<TOKEN end_char="3261" id="token-12-3" start_char="3260">to</TOKEN>
				<TOKEN end_char="3263" id="token-12-4" start_char="3263">a</TOKEN>
				<TOKEN end_char="3272" id="token-12-5" start_char="3265">hospital</TOKEN>
				<TOKEN end_char="3276" id="token-12-6" start_char="3274">and</TOKEN>
				<TOKEN end_char="3285" id="token-12-7" start_char="3278">released</TOKEN>
				<TOKEN end_char="3293" id="token-12-8" start_char="3287">Tuesday</TOKEN>
				<TOKEN end_char="3303" id="token-12-9" start_char="3295">afternoon</TOKEN>
				<TOKEN end_char="3304" id="token-12-10" start_char="3304">.</TOKEN>
				<TOKEN end_char="3308" id="token-12-11" start_char="3306">She</TOKEN>
				<TOKEN end_char="3313" id="token-12-12" start_char="3310">will</TOKEN>
				<TOKEN end_char="3318" id="token-12-13" start_char="3315">have</TOKEN>
				<TOKEN end_char="3326" id="token-12-14" start_char="3320">surgery</TOKEN>
				<TOKEN end_char="3336" id="token-12-15" start_char="3328">elsewhere</TOKEN>
				<TOKEN end_char="3337" id="token-12-16" start_char="3337">.</TOKEN>
				<TOKEN end_char="3342" id="token-12-17" start_char="3339">Maze</TOKEN>
				<TOKEN end_char="3346" id="token-12-18" start_char="3344">won</TOKEN>
				<TOKEN end_char="3350" id="token-12-19" start_char="3348">the</TOKEN>
				<TOKEN end_char="3355" id="token-12-20" start_char="3352">race</TOKEN>
				<TOKEN end_char="3356" id="token-12-21" start_char="3356">,</TOKEN>
				<TOKEN end_char="3361" id="token-12-22" start_char="3358">with</TOKEN>
				<TOKEN end_char="3373" id="token-12-23" start_char="3363">Switzerland</TOKEN>
				<TOKEN end_char="3374" id="token-12-24" start_char="3374">’</TOKEN>
				<TOKEN end_char="3375" id="token-12-25" start_char="3375">s</TOKEN>
				<TOKEN end_char="3380" id="token-12-26" start_char="3377">Lara</TOKEN>
				<TOKEN end_char="3384" id="token-12-27" start_char="3382">Gut</TOKEN>
				<TOKEN end_char="3391" id="token-12-28" start_char="3386">taking</TOKEN>
				<TOKEN end_char="3398" id="token-12-29" start_char="3393">silver</TOKEN>
				<TOKEN end_char="3402" id="token-12-30" start_char="3400">and</TOKEN>
				<TOKEN end_char="3411" id="token-12-31" start_char="3404">American</TOKEN>
				<TOKEN end_char="3417" id="token-12-32" start_char="3413">Julia</TOKEN>
				<TOKEN end_char="3425" id="token-12-33" start_char="3419">Mancuso</TOKEN>
				<TOKEN end_char="3426" id="token-12-34" start_char="3426">,</TOKEN>
				<TOKEN end_char="3431" id="token-12-35" start_char="3428">Vonn</TOKEN>
				<TOKEN end_char="3432" id="token-12-36" start_char="3432">’</TOKEN>
				<TOKEN end_char="3433" id="token-12-37" start_char="3433">s</TOKEN>
				<TOKEN end_char="3442" id="token-12-38" start_char="3435">longtime</TOKEN>
				<TOKEN end_char="3448" id="token-12-39" start_char="3444">rival</TOKEN>
				<TOKEN end_char="3449" id="token-12-40" start_char="3449">,</TOKEN>
				<TOKEN end_char="3457" id="token-12-41" start_char="3451">winning</TOKEN>
				<TOKEN end_char="3464" id="token-12-42" start_char="3459">bronze</TOKEN>
				<TOKEN end_char="3465" id="token-12-43" start_char="3465">.</TOKEN>
			</SEG>
		</TEXT>
	</DOC>
</LCTL_TEXT>
