<?xml version="1.0" encoding="utf-8"?>
<LCTL_TEXT>
	<DOC id="20130526_WAPO_17863e20-c181-11e2-ab60-67bba7be7813">
		<TEXT>
			<SEG end_char="62" id="20130526_WAPO_17863e20-c181-11e2-ab60-67bba7be7813-0" start_char="0">
				<ORIGINAL_TEXT>How innovation has changed the job of an auto repair technician</ORIGINAL_TEXT>
				<TOKEN end_char="2" id="token-0-0" start_char="0">How</TOKEN>
				<TOKEN end_char="13" id="token-0-1" start_char="4">innovation</TOKEN>
				<TOKEN end_char="17" id="token-0-2" start_char="15">has</TOKEN>
				<TOKEN end_char="25" id="token-0-3" start_char="19">changed</TOKEN>
				<TOKEN end_char="29" id="token-0-4" start_char="27">the</TOKEN>
				<TOKEN end_char="33" id="token-0-5" start_char="31">job</TOKEN>
				<TOKEN end_char="36" id="token-0-6" start_char="35">of</TOKEN>
				<TOKEN end_char="39" id="token-0-7" start_char="38">an</TOKEN>
				<TOKEN end_char="44" id="token-0-8" start_char="41">auto</TOKEN>
				<TOKEN end_char="51" id="token-0-9" start_char="46">repair</TOKEN>
				<TOKEN end_char="62" id="token-0-10" start_char="53">technician</TOKEN>
			</SEG>
			<SEG end_char="102" id="20130526_WAPO_17863e20-c181-11e2-ab60-67bba7be7813-1" start_char="64">
				<ORIGINAL_TEXT>Sunday, May 26, 2013 14:32:00 GMT-05:00</ORIGINAL_TEXT>
				<TOKEN end_char="69" id="token-1-0" start_char="64">Sunday</TOKEN>
				<TOKEN end_char="70" id="token-1-1" start_char="70">,</TOKEN>
				<TOKEN end_char="74" id="token-1-2" start_char="72">May</TOKEN>
				<TOKEN end_char="77" id="token-1-3" start_char="76">26</TOKEN>
				<TOKEN end_char="78" id="token-1-4" start_char="78">,</TOKEN>
				<TOKEN end_char="83" id="token-1-5" start_char="80">2013</TOKEN>
				<TOKEN end_char="86" id="token-1-6" start_char="85">14</TOKEN>
				<TOKEN end_char="87" id="token-1-7" start_char="87">:</TOKEN>
				<TOKEN end_char="89" id="token-1-8" start_char="88">32</TOKEN>
				<TOKEN end_char="90" id="token-1-9" start_char="90">:</TOKEN>
				<TOKEN end_char="92" id="token-1-10" start_char="91">00</TOKEN>
				<TOKEN end_char="96" id="token-1-11" start_char="94">GMT</TOKEN>
				<TOKEN end_char="97" id="token-1-12" start_char="97">-</TOKEN>
				<TOKEN end_char="99" id="token-1-13" start_char="98">05</TOKEN>
				<TOKEN end_char="100" id="token-1-14" start_char="100">:</TOKEN>
				<TOKEN end_char="102" id="token-1-15" start_char="101">00</TOKEN>
			</SEG>
			<SEG end_char="340" id="20130526_WAPO_17863e20-c181-11e2-ab60-67bba7be7813-2" start_char="104">
				<ORIGINAL_TEXT>On a warm morning in May, a group of students is huddled around a white Chrysler Cirrus parked outside the garage at the Excel Institute, a Northeast Washington job training facility that prepares participants for careers in auto repair.</ORIGINAL_TEXT>
				<TOKEN end_char="105" id="token-2-0" start_char="104">On</TOKEN>
				<TOKEN end_char="107" id="token-2-1" start_char="107">a</TOKEN>
				<TOKEN end_char="112" id="token-2-2" start_char="109">warm</TOKEN>
				<TOKEN end_char="120" id="token-2-3" start_char="114">morning</TOKEN>
				<TOKEN end_char="123" id="token-2-4" start_char="122">in</TOKEN>
				<TOKEN end_char="127" id="token-2-5" start_char="125">May</TOKEN>
				<TOKEN end_char="128" id="token-2-6" start_char="128">,</TOKEN>
				<TOKEN end_char="130" id="token-2-7" start_char="130">a</TOKEN>
				<TOKEN end_char="136" id="token-2-8" start_char="132">group</TOKEN>
				<TOKEN end_char="139" id="token-2-9" start_char="138">of</TOKEN>
				<TOKEN end_char="148" id="token-2-10" start_char="141">students</TOKEN>
				<TOKEN end_char="151" id="token-2-11" start_char="150">is</TOKEN>
				<TOKEN end_char="159" id="token-2-12" start_char="153">huddled</TOKEN>
				<TOKEN end_char="166" id="token-2-13" start_char="161">around</TOKEN>
				<TOKEN end_char="168" id="token-2-14" start_char="168">a</TOKEN>
				<TOKEN end_char="174" id="token-2-15" start_char="170">white</TOKEN>
				<TOKEN end_char="183" id="token-2-16" start_char="176">Chrysler</TOKEN>
				<TOKEN end_char="190" id="token-2-17" start_char="185">Cirrus</TOKEN>
				<TOKEN end_char="197" id="token-2-18" start_char="192">parked</TOKEN>
				<TOKEN end_char="205" id="token-2-19" start_char="199">outside</TOKEN>
				<TOKEN end_char="209" id="token-2-20" start_char="207">the</TOKEN>
				<TOKEN end_char="216" id="token-2-21" start_char="211">garage</TOKEN>
				<TOKEN end_char="219" id="token-2-22" start_char="218">at</TOKEN>
				<TOKEN end_char="223" id="token-2-23" start_char="221">the</TOKEN>
				<TOKEN end_char="229" id="token-2-24" start_char="225">Excel</TOKEN>
				<TOKEN end_char="239" id="token-2-25" start_char="231">Institute</TOKEN>
				<TOKEN end_char="240" id="token-2-26" start_char="240">,</TOKEN>
				<TOKEN end_char="242" id="token-2-27" start_char="242">a</TOKEN>
				<TOKEN end_char="252" id="token-2-28" start_char="244">Northeast</TOKEN>
				<TOKEN end_char="263" id="token-2-29" start_char="254">Washington</TOKEN>
				<TOKEN end_char="267" id="token-2-30" start_char="265">job</TOKEN>
				<TOKEN end_char="276" id="token-2-31" start_char="269">training</TOKEN>
				<TOKEN end_char="285" id="token-2-32" start_char="278">facility</TOKEN>
				<TOKEN end_char="290" id="token-2-33" start_char="287">that</TOKEN>
				<TOKEN end_char="299" id="token-2-34" start_char="292">prepares</TOKEN>
				<TOKEN end_char="312" id="token-2-35" start_char="301">participants</TOKEN>
				<TOKEN end_char="316" id="token-2-36" start_char="314">for</TOKEN>
				<TOKEN end_char="324" id="token-2-37" start_char="318">careers</TOKEN>
				<TOKEN end_char="327" id="token-2-38" start_char="326">in</TOKEN>
				<TOKEN end_char="332" id="token-2-39" start_char="329">auto</TOKEN>
				<TOKEN end_char="339" id="token-2-40" start_char="334">repair</TOKEN>
				<TOKEN end_char="340" id="token-2-41" start_char="340">.</TOKEN>
			</SEG>
			<SEG end_char="724" id="20130526_WAPO_17863e20-c181-11e2-ab60-67bba7be7813-3" start_char="342">
				<ORIGINAL_TEXT>Their teacher is toting a $6,000 portable computer, and he’s got it plugged into the vehicle, which has been unexpectedly shutting down. Using data that the portable computer has collected from the master computer inside the car, the group is getting closer to zeroing in on the problem. The fuel pressure is good. It has 14.7 parts of air to every one part fuel, the correct amount.</ORIGINAL_TEXT>
				<TOKEN end_char="346" id="token-3-0" start_char="342">Their</TOKEN>
				<TOKEN end_char="354" id="token-3-1" start_char="348">teacher</TOKEN>
				<TOKEN end_char="357" id="token-3-2" start_char="356">is</TOKEN>
				<TOKEN end_char="364" id="token-3-3" start_char="359">toting</TOKEN>
				<TOKEN end_char="366" id="token-3-4" start_char="366">a</TOKEN>
				<TOKEN end_char="368" id="token-3-5" start_char="368">$</TOKEN>
				<TOKEN end_char="369" id="token-3-6" start_char="369">6</TOKEN>
				<TOKEN end_char="370" id="token-3-7" start_char="370">,</TOKEN>
				<TOKEN end_char="373" id="token-3-8" start_char="371">000</TOKEN>
				<TOKEN end_char="382" id="token-3-9" start_char="375">portable</TOKEN>
				<TOKEN end_char="391" id="token-3-10" start_char="384">computer</TOKEN>
				<TOKEN end_char="392" id="token-3-11" start_char="392">,</TOKEN>
				<TOKEN end_char="396" id="token-3-12" start_char="394">and</TOKEN>
				<TOKEN end_char="399" id="token-3-13" start_char="398">he</TOKEN>
				<TOKEN end_char="400" id="token-3-14" start_char="400">’</TOKEN>
				<TOKEN end_char="401" id="token-3-15" start_char="401">s</TOKEN>
				<TOKEN end_char="405" id="token-3-16" start_char="403">got</TOKEN>
				<TOKEN end_char="408" id="token-3-17" start_char="407">it</TOKEN>
				<TOKEN end_char="416" id="token-3-18" start_char="410">plugged</TOKEN>
				<TOKEN end_char="421" id="token-3-19" start_char="418">into</TOKEN>
				<TOKEN end_char="425" id="token-3-20" start_char="423">the</TOKEN>
				<TOKEN end_char="433" id="token-3-21" start_char="427">vehicle</TOKEN>
				<TOKEN end_char="434" id="token-3-22" start_char="434">,</TOKEN>
				<TOKEN end_char="440" id="token-3-23" start_char="436">which</TOKEN>
				<TOKEN end_char="444" id="token-3-24" start_char="442">has</TOKEN>
				<TOKEN end_char="449" id="token-3-25" start_char="446">been</TOKEN>
				<TOKEN end_char="462" id="token-3-26" start_char="451">unexpectedly</TOKEN>
				<TOKEN end_char="471" id="token-3-27" start_char="464">shutting</TOKEN>
				<TOKEN end_char="476" id="token-3-28" start_char="473">down</TOKEN>
				<TOKEN end_char="477" id="token-3-29" start_char="477">.</TOKEN>
				<TOKEN end_char="483" id="token-3-30" start_char="479">Using</TOKEN>
				<TOKEN end_char="488" id="token-3-31" start_char="485">data</TOKEN>
				<TOKEN end_char="493" id="token-3-32" start_char="490">that</TOKEN>
				<TOKEN end_char="497" id="token-3-33" start_char="495">the</TOKEN>
				<TOKEN end_char="506" id="token-3-34" start_char="499">portable</TOKEN>
				<TOKEN end_char="515" id="token-3-35" start_char="508">computer</TOKEN>
				<TOKEN end_char="519" id="token-3-36" start_char="517">has</TOKEN>
				<TOKEN end_char="529" id="token-3-37" start_char="521">collected</TOKEN>
				<TOKEN end_char="534" id="token-3-38" start_char="531">from</TOKEN>
				<TOKEN end_char="538" id="token-3-39" start_char="536">the</TOKEN>
				<TOKEN end_char="545" id="token-3-40" start_char="540">master</TOKEN>
				<TOKEN end_char="554" id="token-3-41" start_char="547">computer</TOKEN>
				<TOKEN end_char="561" id="token-3-42" start_char="556">inside</TOKEN>
				<TOKEN end_char="565" id="token-3-43" start_char="563">the</TOKEN>
				<TOKEN end_char="569" id="token-3-44" start_char="567">car</TOKEN>
				<TOKEN end_char="570" id="token-3-45" start_char="570">,</TOKEN>
				<TOKEN end_char="574" id="token-3-46" start_char="572">the</TOKEN>
				<TOKEN end_char="580" id="token-3-47" start_char="576">group</TOKEN>
				<TOKEN end_char="583" id="token-3-48" start_char="582">is</TOKEN>
				<TOKEN end_char="591" id="token-3-49" start_char="585">getting</TOKEN>
				<TOKEN end_char="598" id="token-3-50" start_char="593">closer</TOKEN>
				<TOKEN end_char="601" id="token-3-51" start_char="600">to</TOKEN>
				<TOKEN end_char="609" id="token-3-52" start_char="603">zeroing</TOKEN>
				<TOKEN end_char="612" id="token-3-53" start_char="611">in</TOKEN>
				<TOKEN end_char="615" id="token-3-54" start_char="614">on</TOKEN>
				<TOKEN end_char="619" id="token-3-55" start_char="617">the</TOKEN>
				<TOKEN end_char="627" id="token-3-56" start_char="621">problem</TOKEN>
				<TOKEN end_char="628" id="token-3-57" start_char="628">.</TOKEN>
				<TOKEN end_char="632" id="token-3-58" start_char="630">The</TOKEN>
				<TOKEN end_char="637" id="token-3-59" start_char="634">fuel</TOKEN>
				<TOKEN end_char="646" id="token-3-60" start_char="639">pressure</TOKEN>
				<TOKEN end_char="649" id="token-3-61" start_char="648">is</TOKEN>
				<TOKEN end_char="654" id="token-3-62" start_char="651">good</TOKEN>
				<TOKEN end_char="655" id="token-3-63" start_char="655">.</TOKEN>
				<TOKEN end_char="658" id="token-3-64" start_char="657">It</TOKEN>
				<TOKEN end_char="662" id="token-3-65" start_char="660">has</TOKEN>
				<TOKEN end_char="665" id="token-3-66" start_char="664">14</TOKEN>
				<TOKEN end_char="666" id="token-3-67" start_char="666">.</TOKEN>
				<TOKEN end_char="667" id="token-3-68" start_char="667">7</TOKEN>
				<TOKEN end_char="673" id="token-3-69" start_char="669">parts</TOKEN>
				<TOKEN end_char="676" id="token-3-70" start_char="675">of</TOKEN>
				<TOKEN end_char="680" id="token-3-71" start_char="678">air</TOKEN>
				<TOKEN end_char="683" id="token-3-72" start_char="682">to</TOKEN>
				<TOKEN end_char="689" id="token-3-73" start_char="685">every</TOKEN>
				<TOKEN end_char="693" id="token-3-74" start_char="691">one</TOKEN>
				<TOKEN end_char="698" id="token-3-75" start_char="695">part</TOKEN>
				<TOKEN end_char="703" id="token-3-76" start_char="700">fuel</TOKEN>
				<TOKEN end_char="704" id="token-3-77" start_char="704">,</TOKEN>
				<TOKEN end_char="708" id="token-3-78" start_char="706">the</TOKEN>
				<TOKEN end_char="716" id="token-3-79" start_char="710">correct</TOKEN>
				<TOKEN end_char="723" id="token-3-80" start_char="718">amount</TOKEN>
				<TOKEN end_char="724" id="token-3-81" start_char="724">.</TOKEN>
			</SEG>
			<SEG end_char="931" id="20130526_WAPO_17863e20-c181-11e2-ab60-67bba7be7813-4" start_char="726">
				<ORIGINAL_TEXT>By process of elimination, they determine that the ignition system isn’t generating a spark. The computer helps them figure out exactly why. (Corrosion inside the distributor, it turns out, is the culprit.)</ORIGINAL_TEXT>
				<TOKEN end_char="727" id="token-4-0" start_char="726">By</TOKEN>
				<TOKEN end_char="735" id="token-4-1" start_char="729">process</TOKEN>
				<TOKEN end_char="738" id="token-4-2" start_char="737">of</TOKEN>
				<TOKEN end_char="750" id="token-4-3" start_char="740">elimination</TOKEN>
				<TOKEN end_char="751" id="token-4-4" start_char="751">,</TOKEN>
				<TOKEN end_char="756" id="token-4-5" start_char="753">they</TOKEN>
				<TOKEN end_char="766" id="token-4-6" start_char="758">determine</TOKEN>
				<TOKEN end_char="771" id="token-4-7" start_char="768">that</TOKEN>
				<TOKEN end_char="775" id="token-4-8" start_char="773">the</TOKEN>
				<TOKEN end_char="784" id="token-4-9" start_char="777">ignition</TOKEN>
				<TOKEN end_char="791" id="token-4-10" start_char="786">system</TOKEN>
				<TOKEN end_char="795" id="token-4-11" start_char="793">isn</TOKEN>
				<TOKEN end_char="796" id="token-4-12" start_char="796">’</TOKEN>
				<TOKEN end_char="797" id="token-4-13" start_char="797">t</TOKEN>
				<TOKEN end_char="808" id="token-4-14" start_char="799">generating</TOKEN>
				<TOKEN end_char="810" id="token-4-15" start_char="810">a</TOKEN>
				<TOKEN end_char="816" id="token-4-16" start_char="812">spark</TOKEN>
				<TOKEN end_char="817" id="token-4-17" start_char="817">.</TOKEN>
				<TOKEN end_char="821" id="token-4-18" start_char="819">The</TOKEN>
				<TOKEN end_char="830" id="token-4-19" start_char="823">computer</TOKEN>
				<TOKEN end_char="836" id="token-4-20" start_char="832">helps</TOKEN>
				<TOKEN end_char="841" id="token-4-21" start_char="838">them</TOKEN>
				<TOKEN end_char="848" id="token-4-22" start_char="843">figure</TOKEN>
				<TOKEN end_char="852" id="token-4-23" start_char="850">out</TOKEN>
				<TOKEN end_char="860" id="token-4-24" start_char="854">exactly</TOKEN>
				<TOKEN end_char="864" id="token-4-25" start_char="862">why</TOKEN>
				<TOKEN end_char="865" id="token-4-26" start_char="865">.</TOKEN>
				<TOKEN end_char="867" id="token-4-27" start_char="867">(</TOKEN>
				<TOKEN end_char="876" id="token-4-28" start_char="868">Corrosion</TOKEN>
				<TOKEN end_char="883" id="token-4-29" start_char="878">inside</TOKEN>
				<TOKEN end_char="887" id="token-4-30" start_char="885">the</TOKEN>
				<TOKEN end_char="899" id="token-4-31" start_char="889">distributor</TOKEN>
				<TOKEN end_char="900" id="token-4-32" start_char="900">,</TOKEN>
				<TOKEN end_char="903" id="token-4-33" start_char="902">it</TOKEN>
				<TOKEN end_char="909" id="token-4-34" start_char="905">turns</TOKEN>
				<TOKEN end_char="913" id="token-4-35" start_char="911">out</TOKEN>
				<TOKEN end_char="914" id="token-4-36" start_char="914">,</TOKEN>
				<TOKEN end_char="917" id="token-4-37" start_char="916">is</TOKEN>
				<TOKEN end_char="921" id="token-4-38" start_char="919">the</TOKEN>
				<TOKEN end_char="929" id="token-4-39" start_char="923">culprit</TOKEN>
				<TOKEN end_char="931" id="token-4-40" start_char="930">.)</TOKEN>
			</SEG>
			<SEG end_char="1055" id="20130526_WAPO_17863e20-c181-11e2-ab60-67bba7be7813-5" start_char="934">
				<ORIGINAL_TEXT>“Instead of taking eight hours to diagnose a car, you can do it in 30 minutes,” said Eddie Cathey, an instructor at Excel.</ORIGINAL_TEXT>
				<TOKEN end_char="934" id="token-5-0" start_char="934">“</TOKEN>
				<TOKEN end_char="941" id="token-5-1" start_char="935">Instead</TOKEN>
				<TOKEN end_char="944" id="token-5-2" start_char="943">of</TOKEN>
				<TOKEN end_char="951" id="token-5-3" start_char="946">taking</TOKEN>
				<TOKEN end_char="957" id="token-5-4" start_char="953">eight</TOKEN>
				<TOKEN end_char="963" id="token-5-5" start_char="959">hours</TOKEN>
				<TOKEN end_char="966" id="token-5-6" start_char="965">to</TOKEN>
				<TOKEN end_char="975" id="token-5-7" start_char="968">diagnose</TOKEN>
				<TOKEN end_char="977" id="token-5-8" start_char="977">a</TOKEN>
				<TOKEN end_char="981" id="token-5-9" start_char="979">car</TOKEN>
				<TOKEN end_char="982" id="token-5-10" start_char="982">,</TOKEN>
				<TOKEN end_char="986" id="token-5-11" start_char="984">you</TOKEN>
				<TOKEN end_char="990" id="token-5-12" start_char="988">can</TOKEN>
				<TOKEN end_char="993" id="token-5-13" start_char="992">do</TOKEN>
				<TOKEN end_char="996" id="token-5-14" start_char="995">it</TOKEN>
				<TOKEN end_char="999" id="token-5-15" start_char="998">in</TOKEN>
				<TOKEN end_char="1002" id="token-5-16" start_char="1001">30</TOKEN>
				<TOKEN end_char="1010" id="token-5-17" start_char="1004">minutes</TOKEN>
				<TOKEN end_char="1012" id="token-5-18" start_char="1011">,”</TOKEN>
				<TOKEN end_char="1017" id="token-5-19" start_char="1014">said</TOKEN>
				<TOKEN end_char="1023" id="token-5-20" start_char="1019">Eddie</TOKEN>
				<TOKEN end_char="1030" id="token-5-21" start_char="1025">Cathey</TOKEN>
				<TOKEN end_char="1031" id="token-5-22" start_char="1031">,</TOKEN>
				<TOKEN end_char="1034" id="token-5-23" start_char="1033">an</TOKEN>
				<TOKEN end_char="1045" id="token-5-24" start_char="1036">instructor</TOKEN>
				<TOKEN end_char="1048" id="token-5-25" start_char="1047">at</TOKEN>
				<TOKEN end_char="1054" id="token-5-26" start_char="1050">Excel</TOKEN>
				<TOKEN end_char="1055" id="token-5-27" start_char="1055">.</TOKEN>
			</SEG>
			<SEG end_char="1464" id="20130526_WAPO_17863e20-c181-11e2-ab60-67bba7be7813-6" start_char="1057">
				<ORIGINAL_TEXT>Innovations in the automotive industry have gradually transformed what it means to be an auto repair worker. As the cars on our streets have become more computerized, so, too, has the job of maintaining and fixing these vehicles. And so a trade that was once largely mechanical is today primarily technical, and therefore requires workers to be skilled computer users, strong readers and able mathematicians.</ORIGINAL_TEXT>
				<TOKEN end_char="1067" id="token-6-0" start_char="1057">Innovations</TOKEN>
				<TOKEN end_char="1070" id="token-6-1" start_char="1069">in</TOKEN>
				<TOKEN end_char="1074" id="token-6-2" start_char="1072">the</TOKEN>
				<TOKEN end_char="1085" id="token-6-3" start_char="1076">automotive</TOKEN>
				<TOKEN end_char="1094" id="token-6-4" start_char="1087">industry</TOKEN>
				<TOKEN end_char="1099" id="token-6-5" start_char="1096">have</TOKEN>
				<TOKEN end_char="1109" id="token-6-6" start_char="1101">gradually</TOKEN>
				<TOKEN end_char="1121" id="token-6-7" start_char="1111">transformed</TOKEN>
				<TOKEN end_char="1126" id="token-6-8" start_char="1123">what</TOKEN>
				<TOKEN end_char="1129" id="token-6-9" start_char="1128">it</TOKEN>
				<TOKEN end_char="1135" id="token-6-10" start_char="1131">means</TOKEN>
				<TOKEN end_char="1138" id="token-6-11" start_char="1137">to</TOKEN>
				<TOKEN end_char="1141" id="token-6-12" start_char="1140">be</TOKEN>
				<TOKEN end_char="1144" id="token-6-13" start_char="1143">an</TOKEN>
				<TOKEN end_char="1149" id="token-6-14" start_char="1146">auto</TOKEN>
				<TOKEN end_char="1156" id="token-6-15" start_char="1151">repair</TOKEN>
				<TOKEN end_char="1163" id="token-6-16" start_char="1158">worker</TOKEN>
				<TOKEN end_char="1164" id="token-6-17" start_char="1164">.</TOKEN>
				<TOKEN end_char="1167" id="token-6-18" start_char="1166">As</TOKEN>
				<TOKEN end_char="1171" id="token-6-19" start_char="1169">the</TOKEN>
				<TOKEN end_char="1176" id="token-6-20" start_char="1173">cars</TOKEN>
				<TOKEN end_char="1179" id="token-6-21" start_char="1178">on</TOKEN>
				<TOKEN end_char="1183" id="token-6-22" start_char="1181">our</TOKEN>
				<TOKEN end_char="1191" id="token-6-23" start_char="1185">streets</TOKEN>
				<TOKEN end_char="1196" id="token-6-24" start_char="1193">have</TOKEN>
				<TOKEN end_char="1203" id="token-6-25" start_char="1198">become</TOKEN>
				<TOKEN end_char="1208" id="token-6-26" start_char="1205">more</TOKEN>
				<TOKEN end_char="1221" id="token-6-27" start_char="1210">computerized</TOKEN>
				<TOKEN end_char="1222" id="token-6-28" start_char="1222">,</TOKEN>
				<TOKEN end_char="1225" id="token-6-29" start_char="1224">so</TOKEN>
				<TOKEN end_char="1226" id="token-6-30" start_char="1226">,</TOKEN>
				<TOKEN end_char="1230" id="token-6-31" start_char="1228">too</TOKEN>
				<TOKEN end_char="1231" id="token-6-32" start_char="1231">,</TOKEN>
				<TOKEN end_char="1235" id="token-6-33" start_char="1233">has</TOKEN>
				<TOKEN end_char="1239" id="token-6-34" start_char="1237">the</TOKEN>
				<TOKEN end_char="1243" id="token-6-35" start_char="1241">job</TOKEN>
				<TOKEN end_char="1246" id="token-6-36" start_char="1245">of</TOKEN>
				<TOKEN end_char="1258" id="token-6-37" start_char="1248">maintaining</TOKEN>
				<TOKEN end_char="1262" id="token-6-38" start_char="1260">and</TOKEN>
				<TOKEN end_char="1269" id="token-6-39" start_char="1264">fixing</TOKEN>
				<TOKEN end_char="1275" id="token-6-40" start_char="1271">these</TOKEN>
				<TOKEN end_char="1284" id="token-6-41" start_char="1277">vehicles</TOKEN>
				<TOKEN end_char="1285" id="token-6-42" start_char="1285">.</TOKEN>
				<TOKEN end_char="1289" id="token-6-43" start_char="1287">And</TOKEN>
				<TOKEN end_char="1292" id="token-6-44" start_char="1291">so</TOKEN>
				<TOKEN end_char="1294" id="token-6-45" start_char="1294">a</TOKEN>
				<TOKEN end_char="1300" id="token-6-46" start_char="1296">trade</TOKEN>
				<TOKEN end_char="1305" id="token-6-47" start_char="1302">that</TOKEN>
				<TOKEN end_char="1309" id="token-6-48" start_char="1307">was</TOKEN>
				<TOKEN end_char="1314" id="token-6-49" start_char="1311">once</TOKEN>
				<TOKEN end_char="1322" id="token-6-50" start_char="1316">largely</TOKEN>
				<TOKEN end_char="1333" id="token-6-51" start_char="1324">mechanical</TOKEN>
				<TOKEN end_char="1336" id="token-6-52" start_char="1335">is</TOKEN>
				<TOKEN end_char="1342" id="token-6-53" start_char="1338">today</TOKEN>
				<TOKEN end_char="1352" id="token-6-54" start_char="1344">primarily</TOKEN>
				<TOKEN end_char="1362" id="token-6-55" start_char="1354">technical</TOKEN>
				<TOKEN end_char="1363" id="token-6-56" start_char="1363">,</TOKEN>
				<TOKEN end_char="1367" id="token-6-57" start_char="1365">and</TOKEN>
				<TOKEN end_char="1377" id="token-6-58" start_char="1369">therefore</TOKEN>
				<TOKEN end_char="1386" id="token-6-59" start_char="1379">requires</TOKEN>
				<TOKEN end_char="1394" id="token-6-60" start_char="1388">workers</TOKEN>
				<TOKEN end_char="1397" id="token-6-61" start_char="1396">to</TOKEN>
				<TOKEN end_char="1400" id="token-6-62" start_char="1399">be</TOKEN>
				<TOKEN end_char="1408" id="token-6-63" start_char="1402">skilled</TOKEN>
				<TOKEN end_char="1417" id="token-6-64" start_char="1410">computer</TOKEN>
				<TOKEN end_char="1423" id="token-6-65" start_char="1419">users</TOKEN>
				<TOKEN end_char="1424" id="token-6-66" start_char="1424">,</TOKEN>
				<TOKEN end_char="1431" id="token-6-67" start_char="1426">strong</TOKEN>
				<TOKEN end_char="1439" id="token-6-68" start_char="1433">readers</TOKEN>
				<TOKEN end_char="1443" id="token-6-69" start_char="1441">and</TOKEN>
				<TOKEN end_char="1448" id="token-6-70" start_char="1445">able</TOKEN>
				<TOKEN end_char="1463" id="token-6-71" start_char="1450">mathematicians</TOKEN>
				<TOKEN end_char="1464" id="token-6-72" start_char="1464">.</TOKEN>
			</SEG>
			<SEG end_char="1621" id="20130526_WAPO_17863e20-c181-11e2-ab60-67bba7be7813-7" start_char="1466">
				<ORIGINAL_TEXT>For someone in the Washington area with only a high school education, it’s a job that might offer a stronger shot than most at climbing the economic ladder.</ORIGINAL_TEXT>
				<TOKEN end_char="1468" id="token-7-0" start_char="1466">For</TOKEN>
				<TOKEN end_char="1476" id="token-7-1" start_char="1470">someone</TOKEN>
				<TOKEN end_char="1479" id="token-7-2" start_char="1478">in</TOKEN>
				<TOKEN end_char="1483" id="token-7-3" start_char="1481">the</TOKEN>
				<TOKEN end_char="1494" id="token-7-4" start_char="1485">Washington</TOKEN>
				<TOKEN end_char="1499" id="token-7-5" start_char="1496">area</TOKEN>
				<TOKEN end_char="1504" id="token-7-6" start_char="1501">with</TOKEN>
				<TOKEN end_char="1509" id="token-7-7" start_char="1506">only</TOKEN>
				<TOKEN end_char="1511" id="token-7-8" start_char="1511">a</TOKEN>
				<TOKEN end_char="1516" id="token-7-9" start_char="1513">high</TOKEN>
				<TOKEN end_char="1523" id="token-7-10" start_char="1518">school</TOKEN>
				<TOKEN end_char="1533" id="token-7-11" start_char="1525">education</TOKEN>
				<TOKEN end_char="1534" id="token-7-12" start_char="1534">,</TOKEN>
				<TOKEN end_char="1537" id="token-7-13" start_char="1536">it</TOKEN>
				<TOKEN end_char="1538" id="token-7-14" start_char="1538">’</TOKEN>
				<TOKEN end_char="1539" id="token-7-15" start_char="1539">s</TOKEN>
				<TOKEN end_char="1541" id="token-7-16" start_char="1541">a</TOKEN>
				<TOKEN end_char="1545" id="token-7-17" start_char="1543">job</TOKEN>
				<TOKEN end_char="1550" id="token-7-18" start_char="1547">that</TOKEN>
				<TOKEN end_char="1556" id="token-7-19" start_char="1552">might</TOKEN>
				<TOKEN end_char="1562" id="token-7-20" start_char="1558">offer</TOKEN>
				<TOKEN end_char="1564" id="token-7-21" start_char="1564">a</TOKEN>
				<TOKEN end_char="1573" id="token-7-22" start_char="1566">stronger</TOKEN>
				<TOKEN end_char="1578" id="token-7-23" start_char="1575">shot</TOKEN>
				<TOKEN end_char="1583" id="token-7-24" start_char="1580">than</TOKEN>
				<TOKEN end_char="1588" id="token-7-25" start_char="1585">most</TOKEN>
				<TOKEN end_char="1591" id="token-7-26" start_char="1590">at</TOKEN>
				<TOKEN end_char="1600" id="token-7-27" start_char="1593">climbing</TOKEN>
				<TOKEN end_char="1604" id="token-7-28" start_char="1602">the</TOKEN>
				<TOKEN end_char="1613" id="token-7-29" start_char="1606">economic</TOKEN>
				<TOKEN end_char="1620" id="token-7-30" start_char="1615">ladder</TOKEN>
				<TOKEN end_char="1621" id="token-7-31" start_char="1621">.</TOKEN>
			</SEG>
			<SEG end_char="1959" id="20130526_WAPO_17863e20-c181-11e2-ab60-67bba7be7813-8" start_char="1623">
				<ORIGINAL_TEXT>In this region, Labor Department data show that the mean annual wage for auto repair technicians was $47,710 in 2012, a figure that compares favorably to mean wages for many other jobs that do not require a college education. For example, the mean wage for food service jobs in the Washington area was $24,260; for hotel clerks, $25,750.</ORIGINAL_TEXT>
				<TOKEN end_char="1624" id="token-8-0" start_char="1623">In</TOKEN>
				<TOKEN end_char="1629" id="token-8-1" start_char="1626">this</TOKEN>
				<TOKEN end_char="1636" id="token-8-2" start_char="1631">region</TOKEN>
				<TOKEN end_char="1637" id="token-8-3" start_char="1637">,</TOKEN>
				<TOKEN end_char="1643" id="token-8-4" start_char="1639">Labor</TOKEN>
				<TOKEN end_char="1654" id="token-8-5" start_char="1645">Department</TOKEN>
				<TOKEN end_char="1659" id="token-8-6" start_char="1656">data</TOKEN>
				<TOKEN end_char="1664" id="token-8-7" start_char="1661">show</TOKEN>
				<TOKEN end_char="1669" id="token-8-8" start_char="1666">that</TOKEN>
				<TOKEN end_char="1673" id="token-8-9" start_char="1671">the</TOKEN>
				<TOKEN end_char="1678" id="token-8-10" start_char="1675">mean</TOKEN>
				<TOKEN end_char="1685" id="token-8-11" start_char="1680">annual</TOKEN>
				<TOKEN end_char="1690" id="token-8-12" start_char="1687">wage</TOKEN>
				<TOKEN end_char="1694" id="token-8-13" start_char="1692">for</TOKEN>
				<TOKEN end_char="1699" id="token-8-14" start_char="1696">auto</TOKEN>
				<TOKEN end_char="1706" id="token-8-15" start_char="1701">repair</TOKEN>
				<TOKEN end_char="1718" id="token-8-16" start_char="1708">technicians</TOKEN>
				<TOKEN end_char="1722" id="token-8-17" start_char="1720">was</TOKEN>
				<TOKEN end_char="1724" id="token-8-18" start_char="1724">$</TOKEN>
				<TOKEN end_char="1726" id="token-8-19" start_char="1725">47</TOKEN>
				<TOKEN end_char="1727" id="token-8-20" start_char="1727">,</TOKEN>
				<TOKEN end_char="1730" id="token-8-21" start_char="1728">710</TOKEN>
				<TOKEN end_char="1733" id="token-8-22" start_char="1732">in</TOKEN>
				<TOKEN end_char="1738" id="token-8-23" start_char="1735">2012</TOKEN>
				<TOKEN end_char="1739" id="token-8-24" start_char="1739">,</TOKEN>
				<TOKEN end_char="1741" id="token-8-25" start_char="1741">a</TOKEN>
				<TOKEN end_char="1748" id="token-8-26" start_char="1743">figure</TOKEN>
				<TOKEN end_char="1753" id="token-8-27" start_char="1750">that</TOKEN>
				<TOKEN end_char="1762" id="token-8-28" start_char="1755">compares</TOKEN>
				<TOKEN end_char="1772" id="token-8-29" start_char="1764">favorably</TOKEN>
				<TOKEN end_char="1775" id="token-8-30" start_char="1774">to</TOKEN>
				<TOKEN end_char="1780" id="token-8-31" start_char="1777">mean</TOKEN>
				<TOKEN end_char="1786" id="token-8-32" start_char="1782">wages</TOKEN>
				<TOKEN end_char="1790" id="token-8-33" start_char="1788">for</TOKEN>
				<TOKEN end_char="1795" id="token-8-34" start_char="1792">many</TOKEN>
				<TOKEN end_char="1801" id="token-8-35" start_char="1797">other</TOKEN>
				<TOKEN end_char="1806" id="token-8-36" start_char="1803">jobs</TOKEN>
				<TOKEN end_char="1811" id="token-8-37" start_char="1808">that</TOKEN>
				<TOKEN end_char="1814" id="token-8-38" start_char="1813">do</TOKEN>
				<TOKEN end_char="1818" id="token-8-39" start_char="1816">not</TOKEN>
				<TOKEN end_char="1826" id="token-8-40" start_char="1820">require</TOKEN>
				<TOKEN end_char="1828" id="token-8-41" start_char="1828">a</TOKEN>
				<TOKEN end_char="1836" id="token-8-42" start_char="1830">college</TOKEN>
				<TOKEN end_char="1846" id="token-8-43" start_char="1838">education</TOKEN>
				<TOKEN end_char="1847" id="token-8-44" start_char="1847">.</TOKEN>
				<TOKEN end_char="1851" id="token-8-45" start_char="1849">For</TOKEN>
				<TOKEN end_char="1859" id="token-8-46" start_char="1853">example</TOKEN>
				<TOKEN end_char="1860" id="token-8-47" start_char="1860">,</TOKEN>
				<TOKEN end_char="1864" id="token-8-48" start_char="1862">the</TOKEN>
				<TOKEN end_char="1869" id="token-8-49" start_char="1866">mean</TOKEN>
				<TOKEN end_char="1874" id="token-8-50" start_char="1871">wage</TOKEN>
				<TOKEN end_char="1878" id="token-8-51" start_char="1876">for</TOKEN>
				<TOKEN end_char="1883" id="token-8-52" start_char="1880">food</TOKEN>
				<TOKEN end_char="1891" id="token-8-53" start_char="1885">service</TOKEN>
				<TOKEN end_char="1896" id="token-8-54" start_char="1893">jobs</TOKEN>
				<TOKEN end_char="1899" id="token-8-55" start_char="1898">in</TOKEN>
				<TOKEN end_char="1903" id="token-8-56" start_char="1901">the</TOKEN>
				<TOKEN end_char="1914" id="token-8-57" start_char="1905">Washington</TOKEN>
				<TOKEN end_char="1919" id="token-8-58" start_char="1916">area</TOKEN>
				<TOKEN end_char="1923" id="token-8-59" start_char="1921">was</TOKEN>
				<TOKEN end_char="1925" id="token-8-60" start_char="1925">$</TOKEN>
				<TOKEN end_char="1927" id="token-8-61" start_char="1926">24</TOKEN>
				<TOKEN end_char="1928" id="token-8-62" start_char="1928">,</TOKEN>
				<TOKEN end_char="1931" id="token-8-63" start_char="1929">260</TOKEN>
				<TOKEN end_char="1932" id="token-8-64" start_char="1932">;</TOKEN>
				<TOKEN end_char="1936" id="token-8-65" start_char="1934">for</TOKEN>
				<TOKEN end_char="1942" id="token-8-66" start_char="1938">hotel</TOKEN>
				<TOKEN end_char="1949" id="token-8-67" start_char="1944">clerks</TOKEN>
				<TOKEN end_char="1950" id="token-8-68" start_char="1950">,</TOKEN>
				<TOKEN end_char="1952" id="token-8-69" start_char="1952">$</TOKEN>
				<TOKEN end_char="1954" id="token-8-70" start_char="1953">25</TOKEN>
				<TOKEN end_char="1955" id="token-8-71" start_char="1955">,</TOKEN>
				<TOKEN end_char="1958" id="token-8-72" start_char="1956">750</TOKEN>
				<TOKEN end_char="1959" id="token-8-73" start_char="1959">.</TOKEN>
			</SEG>
			<SEG end_char="2069" id="20130526_WAPO_17863e20-c181-11e2-ab60-67bba7be7813-9" start_char="1961">
				<ORIGINAL_TEXT>The mean wage for auto repair technicians here also exceeds the nationwide mean for these workers of $39,060.</ORIGINAL_TEXT>
				<TOKEN end_char="1963" id="token-9-0" start_char="1961">The</TOKEN>
				<TOKEN end_char="1968" id="token-9-1" start_char="1965">mean</TOKEN>
				<TOKEN end_char="1973" id="token-9-2" start_char="1970">wage</TOKEN>
				<TOKEN end_char="1977" id="token-9-3" start_char="1975">for</TOKEN>
				<TOKEN end_char="1982" id="token-9-4" start_char="1979">auto</TOKEN>
				<TOKEN end_char="1989" id="token-9-5" start_char="1984">repair</TOKEN>
				<TOKEN end_char="2001" id="token-9-6" start_char="1991">technicians</TOKEN>
				<TOKEN end_char="2006" id="token-9-7" start_char="2003">here</TOKEN>
				<TOKEN end_char="2011" id="token-9-8" start_char="2008">also</TOKEN>
				<TOKEN end_char="2019" id="token-9-9" start_char="2013">exceeds</TOKEN>
				<TOKEN end_char="2023" id="token-9-10" start_char="2021">the</TOKEN>
				<TOKEN end_char="2034" id="token-9-11" start_char="2025">nationwide</TOKEN>
				<TOKEN end_char="2039" id="token-9-12" start_char="2036">mean</TOKEN>
				<TOKEN end_char="2043" id="token-9-13" start_char="2041">for</TOKEN>
				<TOKEN end_char="2049" id="token-9-14" start_char="2045">these</TOKEN>
				<TOKEN end_char="2057" id="token-9-15" start_char="2051">workers</TOKEN>
				<TOKEN end_char="2060" id="token-9-16" start_char="2059">of</TOKEN>
				<TOKEN end_char="2062" id="token-9-17" start_char="2062">$</TOKEN>
				<TOKEN end_char="2064" id="token-9-18" start_char="2063">39</TOKEN>
				<TOKEN end_char="2065" id="token-9-19" start_char="2065">,</TOKEN>
				<TOKEN end_char="2068" id="token-9-20" start_char="2066">060</TOKEN>
				<TOKEN end_char="2069" id="token-9-21" start_char="2069">.</TOKEN>
			</SEG>
			<SEG end_char="2295" id="20130526_WAPO_17863e20-c181-11e2-ab60-67bba7be7813-10" start_char="2071">
				<ORIGINAL_TEXT>In addition to offering the prospect of higher income, experts and employers say that demand for workers in this trade is surging as aging baby boomers retire and too few diagnosticians have entered the trade to replace them.</ORIGINAL_TEXT>
				<TOKEN end_char="2072" id="token-10-0" start_char="2071">In</TOKEN>
				<TOKEN end_char="2081" id="token-10-1" start_char="2074">addition</TOKEN>
				<TOKEN end_char="2084" id="token-10-2" start_char="2083">to</TOKEN>
				<TOKEN end_char="2093" id="token-10-3" start_char="2086">offering</TOKEN>
				<TOKEN end_char="2097" id="token-10-4" start_char="2095">the</TOKEN>
				<TOKEN end_char="2106" id="token-10-5" start_char="2099">prospect</TOKEN>
				<TOKEN end_char="2109" id="token-10-6" start_char="2108">of</TOKEN>
				<TOKEN end_char="2116" id="token-10-7" start_char="2111">higher</TOKEN>
				<TOKEN end_char="2123" id="token-10-8" start_char="2118">income</TOKEN>
				<TOKEN end_char="2124" id="token-10-9" start_char="2124">,</TOKEN>
				<TOKEN end_char="2132" id="token-10-10" start_char="2126">experts</TOKEN>
				<TOKEN end_char="2136" id="token-10-11" start_char="2134">and</TOKEN>
				<TOKEN end_char="2146" id="token-10-12" start_char="2138">employers</TOKEN>
				<TOKEN end_char="2150" id="token-10-13" start_char="2148">say</TOKEN>
				<TOKEN end_char="2155" id="token-10-14" start_char="2152">that</TOKEN>
				<TOKEN end_char="2162" id="token-10-15" start_char="2157">demand</TOKEN>
				<TOKEN end_char="2166" id="token-10-16" start_char="2164">for</TOKEN>
				<TOKEN end_char="2174" id="token-10-17" start_char="2168">workers</TOKEN>
				<TOKEN end_char="2177" id="token-10-18" start_char="2176">in</TOKEN>
				<TOKEN end_char="2182" id="token-10-19" start_char="2179">this</TOKEN>
				<TOKEN end_char="2188" id="token-10-20" start_char="2184">trade</TOKEN>
				<TOKEN end_char="2191" id="token-10-21" start_char="2190">is</TOKEN>
				<TOKEN end_char="2199" id="token-10-22" start_char="2193">surging</TOKEN>
				<TOKEN end_char="2202" id="token-10-23" start_char="2201">as</TOKEN>
				<TOKEN end_char="2208" id="token-10-24" start_char="2204">aging</TOKEN>
				<TOKEN end_char="2213" id="token-10-25" start_char="2210">baby</TOKEN>
				<TOKEN end_char="2221" id="token-10-26" start_char="2215">boomers</TOKEN>
				<TOKEN end_char="2228" id="token-10-27" start_char="2223">retire</TOKEN>
				<TOKEN end_char="2232" id="token-10-28" start_char="2230">and</TOKEN>
				<TOKEN end_char="2236" id="token-10-29" start_char="2234">too</TOKEN>
				<TOKEN end_char="2240" id="token-10-30" start_char="2238">few</TOKEN>
				<TOKEN end_char="2255" id="token-10-31" start_char="2242">diagnosticians</TOKEN>
				<TOKEN end_char="2260" id="token-10-32" start_char="2257">have</TOKEN>
				<TOKEN end_char="2268" id="token-10-33" start_char="2262">entered</TOKEN>
				<TOKEN end_char="2272" id="token-10-34" start_char="2270">the</TOKEN>
				<TOKEN end_char="2278" id="token-10-35" start_char="2274">trade</TOKEN>
				<TOKEN end_char="2281" id="token-10-36" start_char="2280">to</TOKEN>
				<TOKEN end_char="2289" id="token-10-37" start_char="2283">replace</TOKEN>
				<TOKEN end_char="2294" id="token-10-38" start_char="2291">them</TOKEN>
				<TOKEN end_char="2295" id="token-10-39" start_char="2295">.</TOKEN>
			</SEG>
			<SEG end_char="2585" id="20130526_WAPO_17863e20-c181-11e2-ab60-67bba7be7813-11" start_char="2297">
				<ORIGINAL_TEXT>It’s not just computer-savvy diagnosticians that are in short supply. Experts say more workers are needed who can do simple maintenance work such as brake pad replacements or oil changes. As cars are built better, they are less likely to break down, and more likely to need routine upkeep.</ORIGINAL_TEXT>
				<TOKEN end_char="2298" id="token-11-0" start_char="2297">It</TOKEN>
				<TOKEN end_char="2299" id="token-11-1" start_char="2299">’</TOKEN>
				<TOKEN end_char="2300" id="token-11-2" start_char="2300">s</TOKEN>
				<TOKEN end_char="2304" id="token-11-3" start_char="2302">not</TOKEN>
				<TOKEN end_char="2309" id="token-11-4" start_char="2306">just</TOKEN>
				<TOKEN end_char="2318" id="token-11-5" start_char="2311">computer</TOKEN>
				<TOKEN end_char="2319" id="token-11-6" start_char="2319">-</TOKEN>
				<TOKEN end_char="2324" id="token-11-7" start_char="2320">savvy</TOKEN>
				<TOKEN end_char="2339" id="token-11-8" start_char="2326">diagnosticians</TOKEN>
				<TOKEN end_char="2344" id="token-11-9" start_char="2341">that</TOKEN>
				<TOKEN end_char="2348" id="token-11-10" start_char="2346">are</TOKEN>
				<TOKEN end_char="2351" id="token-11-11" start_char="2350">in</TOKEN>
				<TOKEN end_char="2357" id="token-11-12" start_char="2353">short</TOKEN>
				<TOKEN end_char="2364" id="token-11-13" start_char="2359">supply</TOKEN>
				<TOKEN end_char="2365" id="token-11-14" start_char="2365">.</TOKEN>
				<TOKEN end_char="2373" id="token-11-15" start_char="2367">Experts</TOKEN>
				<TOKEN end_char="2377" id="token-11-16" start_char="2375">say</TOKEN>
				<TOKEN end_char="2382" id="token-11-17" start_char="2379">more</TOKEN>
				<TOKEN end_char="2390" id="token-11-18" start_char="2384">workers</TOKEN>
				<TOKEN end_char="2394" id="token-11-19" start_char="2392">are</TOKEN>
				<TOKEN end_char="2401" id="token-11-20" start_char="2396">needed</TOKEN>
				<TOKEN end_char="2405" id="token-11-21" start_char="2403">who</TOKEN>
				<TOKEN end_char="2409" id="token-11-22" start_char="2407">can</TOKEN>
				<TOKEN end_char="2412" id="token-11-23" start_char="2411">do</TOKEN>
				<TOKEN end_char="2419" id="token-11-24" start_char="2414">simple</TOKEN>
				<TOKEN end_char="2431" id="token-11-25" start_char="2421">maintenance</TOKEN>
				<TOKEN end_char="2436" id="token-11-26" start_char="2433">work</TOKEN>
				<TOKEN end_char="2441" id="token-11-27" start_char="2438">such</TOKEN>
				<TOKEN end_char="2444" id="token-11-28" start_char="2443">as</TOKEN>
				<TOKEN end_char="2450" id="token-11-29" start_char="2446">brake</TOKEN>
				<TOKEN end_char="2454" id="token-11-30" start_char="2452">pad</TOKEN>
				<TOKEN end_char="2467" id="token-11-31" start_char="2456">replacements</TOKEN>
				<TOKEN end_char="2470" id="token-11-32" start_char="2469">or</TOKEN>
				<TOKEN end_char="2474" id="token-11-33" start_char="2472">oil</TOKEN>
				<TOKEN end_char="2482" id="token-11-34" start_char="2476">changes</TOKEN>
				<TOKEN end_char="2483" id="token-11-35" start_char="2483">.</TOKEN>
				<TOKEN end_char="2486" id="token-11-36" start_char="2485">As</TOKEN>
				<TOKEN end_char="2491" id="token-11-37" start_char="2488">cars</TOKEN>
				<TOKEN end_char="2495" id="token-11-38" start_char="2493">are</TOKEN>
				<TOKEN end_char="2501" id="token-11-39" start_char="2497">built</TOKEN>
				<TOKEN end_char="2508" id="token-11-40" start_char="2503">better</TOKEN>
				<TOKEN end_char="2509" id="token-11-41" start_char="2509">,</TOKEN>
				<TOKEN end_char="2514" id="token-11-42" start_char="2511">they</TOKEN>
				<TOKEN end_char="2518" id="token-11-43" start_char="2516">are</TOKEN>
				<TOKEN end_char="2523" id="token-11-44" start_char="2520">less</TOKEN>
				<TOKEN end_char="2530" id="token-11-45" start_char="2525">likely</TOKEN>
				<TOKEN end_char="2533" id="token-11-46" start_char="2532">to</TOKEN>
				<TOKEN end_char="2539" id="token-11-47" start_char="2535">break</TOKEN>
				<TOKEN end_char="2544" id="token-11-48" start_char="2541">down</TOKEN>
				<TOKEN end_char="2545" id="token-11-49" start_char="2545">,</TOKEN>
				<TOKEN end_char="2549" id="token-11-50" start_char="2547">and</TOKEN>
				<TOKEN end_char="2554" id="token-11-51" start_char="2551">more</TOKEN>
				<TOKEN end_char="2561" id="token-11-52" start_char="2556">likely</TOKEN>
				<TOKEN end_char="2564" id="token-11-53" start_char="2563">to</TOKEN>
				<TOKEN end_char="2569" id="token-11-54" start_char="2566">need</TOKEN>
				<TOKEN end_char="2577" id="token-11-55" start_char="2571">routine</TOKEN>
				<TOKEN end_char="2584" id="token-11-56" start_char="2579">upkeep</TOKEN>
				<TOKEN end_char="2585" id="token-11-57" start_char="2585">.</TOKEN>
			</SEG>
			<SEG end_char="2734" id="20130526_WAPO_17863e20-c181-11e2-ab60-67bba7be7813-12" start_char="2587">
				<ORIGINAL_TEXT>For students at Excel and others like them, auto repair training could be a gateway to a higher standard of living and greater employment stability.</ORIGINAL_TEXT>
				<TOKEN end_char="2589" id="token-12-0" start_char="2587">For</TOKEN>
				<TOKEN end_char="2598" id="token-12-1" start_char="2591">students</TOKEN>
				<TOKEN end_char="2601" id="token-12-2" start_char="2600">at</TOKEN>
				<TOKEN end_char="2607" id="token-12-3" start_char="2603">Excel</TOKEN>
				<TOKEN end_char="2611" id="token-12-4" start_char="2609">and</TOKEN>
				<TOKEN end_char="2618" id="token-12-5" start_char="2613">others</TOKEN>
				<TOKEN end_char="2623" id="token-12-6" start_char="2620">like</TOKEN>
				<TOKEN end_char="2628" id="token-12-7" start_char="2625">them</TOKEN>
				<TOKEN end_char="2629" id="token-12-8" start_char="2629">,</TOKEN>
				<TOKEN end_char="2634" id="token-12-9" start_char="2631">auto</TOKEN>
				<TOKEN end_char="2641" id="token-12-10" start_char="2636">repair</TOKEN>
				<TOKEN end_char="2650" id="token-12-11" start_char="2643">training</TOKEN>
				<TOKEN end_char="2656" id="token-12-12" start_char="2652">could</TOKEN>
				<TOKEN end_char="2659" id="token-12-13" start_char="2658">be</TOKEN>
				<TOKEN end_char="2661" id="token-12-14" start_char="2661">a</TOKEN>
				<TOKEN end_char="2669" id="token-12-15" start_char="2663">gateway</TOKEN>
				<TOKEN end_char="2672" id="token-12-16" start_char="2671">to</TOKEN>
				<TOKEN end_char="2674" id="token-12-17" start_char="2674">a</TOKEN>
				<TOKEN end_char="2681" id="token-12-18" start_char="2676">higher</TOKEN>
				<TOKEN end_char="2690" id="token-12-19" start_char="2683">standard</TOKEN>
				<TOKEN end_char="2693" id="token-12-20" start_char="2692">of</TOKEN>
				<TOKEN end_char="2700" id="token-12-21" start_char="2695">living</TOKEN>
				<TOKEN end_char="2704" id="token-12-22" start_char="2702">and</TOKEN>
				<TOKEN end_char="2712" id="token-12-23" start_char="2706">greater</TOKEN>
				<TOKEN end_char="2723" id="token-12-24" start_char="2714">employment</TOKEN>
				<TOKEN end_char="2733" id="token-12-25" start_char="2725">stability</TOKEN>
				<TOKEN end_char="2734" id="token-12-26" start_char="2734">.</TOKEN>
			</SEG>
			<SEG end_char="2737" id="20130526_WAPO_17863e20-c181-11e2-ab60-67bba7be7813-13" start_char="2736">
				<ORIGINAL_TEXT>**</ORIGINAL_TEXT>
				<TOKEN end_char="2737" id="token-13-0" start_char="2736">**</TOKEN>
			</SEG>
			<SEG end_char="3051" id="20130526_WAPO_17863e20-c181-11e2-ab60-67bba7be7813-14" start_char="2739">
				<ORIGINAL_TEXT>Antwane Peoples enrolled at Excel after more than seven years of service in the Navy and a stint working as a government contractor in records management and document imaging jobs. As a father of five children, he had become weary of the uncertainty surrounding the federal budget and how it might affect his job.</ORIGINAL_TEXT>
				<TOKEN end_char="2745" id="token-14-0" start_char="2739">Antwane</TOKEN>
				<TOKEN end_char="2753" id="token-14-1" start_char="2747">Peoples</TOKEN>
				<TOKEN end_char="2762" id="token-14-2" start_char="2755">enrolled</TOKEN>
				<TOKEN end_char="2765" id="token-14-3" start_char="2764">at</TOKEN>
				<TOKEN end_char="2771" id="token-14-4" start_char="2767">Excel</TOKEN>
				<TOKEN end_char="2777" id="token-14-5" start_char="2773">after</TOKEN>
				<TOKEN end_char="2782" id="token-14-6" start_char="2779">more</TOKEN>
				<TOKEN end_char="2787" id="token-14-7" start_char="2784">than</TOKEN>
				<TOKEN end_char="2793" id="token-14-8" start_char="2789">seven</TOKEN>
				<TOKEN end_char="2799" id="token-14-9" start_char="2795">years</TOKEN>
				<TOKEN end_char="2802" id="token-14-10" start_char="2801">of</TOKEN>
				<TOKEN end_char="2810" id="token-14-11" start_char="2804">service</TOKEN>
				<TOKEN end_char="2813" id="token-14-12" start_char="2812">in</TOKEN>
				<TOKEN end_char="2817" id="token-14-13" start_char="2815">the</TOKEN>
				<TOKEN end_char="2822" id="token-14-14" start_char="2819">Navy</TOKEN>
				<TOKEN end_char="2826" id="token-14-15" start_char="2824">and</TOKEN>
				<TOKEN end_char="2828" id="token-14-16" start_char="2828">a</TOKEN>
				<TOKEN end_char="2834" id="token-14-17" start_char="2830">stint</TOKEN>
				<TOKEN end_char="2842" id="token-14-18" start_char="2836">working</TOKEN>
				<TOKEN end_char="2845" id="token-14-19" start_char="2844">as</TOKEN>
				<TOKEN end_char="2847" id="token-14-20" start_char="2847">a</TOKEN>
				<TOKEN end_char="2858" id="token-14-21" start_char="2849">government</TOKEN>
				<TOKEN end_char="2869" id="token-14-22" start_char="2860">contractor</TOKEN>
				<TOKEN end_char="2872" id="token-14-23" start_char="2871">in</TOKEN>
				<TOKEN end_char="2880" id="token-14-24" start_char="2874">records</TOKEN>
				<TOKEN end_char="2891" id="token-14-25" start_char="2882">management</TOKEN>
				<TOKEN end_char="2895" id="token-14-26" start_char="2893">and</TOKEN>
				<TOKEN end_char="2904" id="token-14-27" start_char="2897">document</TOKEN>
				<TOKEN end_char="2912" id="token-14-28" start_char="2906">imaging</TOKEN>
				<TOKEN end_char="2917" id="token-14-29" start_char="2914">jobs</TOKEN>
				<TOKEN end_char="2918" id="token-14-30" start_char="2918">.</TOKEN>
				<TOKEN end_char="2921" id="token-14-31" start_char="2920">As</TOKEN>
				<TOKEN end_char="2923" id="token-14-32" start_char="2923">a</TOKEN>
				<TOKEN end_char="2930" id="token-14-33" start_char="2925">father</TOKEN>
				<TOKEN end_char="2933" id="token-14-34" start_char="2932">of</TOKEN>
				<TOKEN end_char="2938" id="token-14-35" start_char="2935">five</TOKEN>
				<TOKEN end_char="2947" id="token-14-36" start_char="2940">children</TOKEN>
				<TOKEN end_char="2948" id="token-14-37" start_char="2948">,</TOKEN>
				<TOKEN end_char="2951" id="token-14-38" start_char="2950">he</TOKEN>
				<TOKEN end_char="2955" id="token-14-39" start_char="2953">had</TOKEN>
				<TOKEN end_char="2962" id="token-14-40" start_char="2957">become</TOKEN>
				<TOKEN end_char="2968" id="token-14-41" start_char="2964">weary</TOKEN>
				<TOKEN end_char="2971" id="token-14-42" start_char="2970">of</TOKEN>
				<TOKEN end_char="2975" id="token-14-43" start_char="2973">the</TOKEN>
				<TOKEN end_char="2987" id="token-14-44" start_char="2977">uncertainty</TOKEN>
				<TOKEN end_char="2999" id="token-14-45" start_char="2989">surrounding</TOKEN>
				<TOKEN end_char="3003" id="token-14-46" start_char="3001">the</TOKEN>
				<TOKEN end_char="3011" id="token-14-47" start_char="3005">federal</TOKEN>
				<TOKEN end_char="3018" id="token-14-48" start_char="3013">budget</TOKEN>
				<TOKEN end_char="3022" id="token-14-49" start_char="3020">and</TOKEN>
				<TOKEN end_char="3026" id="token-14-50" start_char="3024">how</TOKEN>
				<TOKEN end_char="3029" id="token-14-51" start_char="3028">it</TOKEN>
				<TOKEN end_char="3035" id="token-14-52" start_char="3031">might</TOKEN>
				<TOKEN end_char="3042" id="token-14-53" start_char="3037">affect</TOKEN>
				<TOKEN end_char="3046" id="token-14-54" start_char="3044">his</TOKEN>
				<TOKEN end_char="3050" id="token-14-55" start_char="3048">job</TOKEN>
				<TOKEN end_char="3051" id="token-14-56" start_char="3051">.</TOKEN>
			</SEG>
			<SEG end_char="3202" id="20130526_WAPO_17863e20-c181-11e2-ab60-67bba7be7813-15" start_char="3053">
				<ORIGINAL_TEXT>“Doing the contracting work, every October 1, I was always looking over my back,” Peoples said. “Trying to support a family, it gets a little hectic.”</ORIGINAL_TEXT>
				<TOKEN end_char="3053" id="token-15-0" start_char="3053">“</TOKEN>
				<TOKEN end_char="3058" id="token-15-1" start_char="3054">Doing</TOKEN>
				<TOKEN end_char="3062" id="token-15-2" start_char="3060">the</TOKEN>
				<TOKEN end_char="3074" id="token-15-3" start_char="3064">contracting</TOKEN>
				<TOKEN end_char="3079" id="token-15-4" start_char="3076">work</TOKEN>
				<TOKEN end_char="3080" id="token-15-5" start_char="3080">,</TOKEN>
				<TOKEN end_char="3086" id="token-15-6" start_char="3082">every</TOKEN>
				<TOKEN end_char="3094" id="token-15-7" start_char="3088">October</TOKEN>
				<TOKEN end_char="3096" id="token-15-8" start_char="3096">1</TOKEN>
				<TOKEN end_char="3097" id="token-15-9" start_char="3097">,</TOKEN>
				<TOKEN end_char="3099" id="token-15-10" start_char="3099">I</TOKEN>
				<TOKEN end_char="3103" id="token-15-11" start_char="3101">was</TOKEN>
				<TOKEN end_char="3110" id="token-15-12" start_char="3105">always</TOKEN>
				<TOKEN end_char="3118" id="token-15-13" start_char="3112">looking</TOKEN>
				<TOKEN end_char="3123" id="token-15-14" start_char="3120">over</TOKEN>
				<TOKEN end_char="3126" id="token-15-15" start_char="3125">my</TOKEN>
				<TOKEN end_char="3131" id="token-15-16" start_char="3128">back</TOKEN>
				<TOKEN end_char="3133" id="token-15-17" start_char="3132">,”</TOKEN>
				<TOKEN end_char="3141" id="token-15-18" start_char="3135">Peoples</TOKEN>
				<TOKEN end_char="3146" id="token-15-19" start_char="3143">said</TOKEN>
				<TOKEN end_char="3147" id="token-15-20" start_char="3147">.</TOKEN>
				<TOKEN end_char="3149" id="token-15-21" start_char="3149">“</TOKEN>
				<TOKEN end_char="3155" id="token-15-22" start_char="3150">Trying</TOKEN>
				<TOKEN end_char="3158" id="token-15-23" start_char="3157">to</TOKEN>
				<TOKEN end_char="3166" id="token-15-24" start_char="3160">support</TOKEN>
				<TOKEN end_char="3168" id="token-15-25" start_char="3168">a</TOKEN>
				<TOKEN end_char="3175" id="token-15-26" start_char="3170">family</TOKEN>
				<TOKEN end_char="3176" id="token-15-27" start_char="3176">,</TOKEN>
				<TOKEN end_char="3179" id="token-15-28" start_char="3178">it</TOKEN>
				<TOKEN end_char="3184" id="token-15-29" start_char="3181">gets</TOKEN>
				<TOKEN end_char="3186" id="token-15-30" start_char="3186">a</TOKEN>
				<TOKEN end_char="3193" id="token-15-31" start_char="3188">little</TOKEN>
				<TOKEN end_char="3200" id="token-15-32" start_char="3195">hectic</TOKEN>
				<TOKEN end_char="3202" id="token-15-33" start_char="3201">.”</TOKEN>
			</SEG>
			<SEG end_char="3253" id="20130526_WAPO_17863e20-c181-11e2-ab60-67bba7be7813-16" start_char="3204">
				<ORIGINAL_TEXT>And so he decided it was time for a career change.</ORIGINAL_TEXT>
				<TOKEN end_char="3206" id="token-16-0" start_char="3204">And</TOKEN>
				<TOKEN end_char="3209" id="token-16-1" start_char="3208">so</TOKEN>
				<TOKEN end_char="3212" id="token-16-2" start_char="3211">he</TOKEN>
				<TOKEN end_char="3220" id="token-16-3" start_char="3214">decided</TOKEN>
				<TOKEN end_char="3223" id="token-16-4" start_char="3222">it</TOKEN>
				<TOKEN end_char="3227" id="token-16-5" start_char="3225">was</TOKEN>
				<TOKEN end_char="3232" id="token-16-6" start_char="3229">time</TOKEN>
				<TOKEN end_char="3236" id="token-16-7" start_char="3234">for</TOKEN>
				<TOKEN end_char="3238" id="token-16-8" start_char="3238">a</TOKEN>
				<TOKEN end_char="3245" id="token-16-9" start_char="3240">career</TOKEN>
				<TOKEN end_char="3252" id="token-16-10" start_char="3247">change</TOKEN>
				<TOKEN end_char="3253" id="token-16-11" start_char="3253">.</TOKEN>
			</SEG>
			<SEG end_char="3324" id="20130526_WAPO_17863e20-c181-11e2-ab60-67bba7be7813-17" start_char="3255">
				<ORIGINAL_TEXT>The auto repair trade, Peoples said, “just seems like more stability.”</ORIGINAL_TEXT>
				<TOKEN end_char="3257" id="token-17-0" start_char="3255">The</TOKEN>
				<TOKEN end_char="3262" id="token-17-1" start_char="3259">auto</TOKEN>
				<TOKEN end_char="3269" id="token-17-2" start_char="3264">repair</TOKEN>
				<TOKEN end_char="3275" id="token-17-3" start_char="3271">trade</TOKEN>
				<TOKEN end_char="3276" id="token-17-4" start_char="3276">,</TOKEN>
				<TOKEN end_char="3284" id="token-17-5" start_char="3278">Peoples</TOKEN>
				<TOKEN end_char="3289" id="token-17-6" start_char="3286">said</TOKEN>
				<TOKEN end_char="3290" id="token-17-7" start_char="3290">,</TOKEN>
				<TOKEN end_char="3292" id="token-17-8" start_char="3292">“</TOKEN>
				<TOKEN end_char="3296" id="token-17-9" start_char="3293">just</TOKEN>
				<TOKEN end_char="3302" id="token-17-10" start_char="3298">seems</TOKEN>
				<TOKEN end_char="3307" id="token-17-11" start_char="3304">like</TOKEN>
				<TOKEN end_char="3312" id="token-17-12" start_char="3309">more</TOKEN>
				<TOKEN end_char="3322" id="token-17-13" start_char="3314">stability</TOKEN>
				<TOKEN end_char="3324" id="token-17-14" start_char="3323">.”</TOKEN>
			</SEG>
			<SEG end_char="3583" id="20130526_WAPO_17863e20-c181-11e2-ab60-67bba7be7813-18" start_char="3326">
				<ORIGINAL_TEXT>Peoples is poised to graduate from Excel in 2014. When he completes his training, he plans to take a test that would certify him to service automotive electrical systems. With hybrid vehicles gaining popularity, he expects such skills will be in high demand.</ORIGINAL_TEXT>
				<TOKEN end_char="3332" id="token-18-0" start_char="3326">Peoples</TOKEN>
				<TOKEN end_char="3335" id="token-18-1" start_char="3334">is</TOKEN>
				<TOKEN end_char="3342" id="token-18-2" start_char="3337">poised</TOKEN>
				<TOKEN end_char="3345" id="token-18-3" start_char="3344">to</TOKEN>
				<TOKEN end_char="3354" id="token-18-4" start_char="3347">graduate</TOKEN>
				<TOKEN end_char="3359" id="token-18-5" start_char="3356">from</TOKEN>
				<TOKEN end_char="3365" id="token-18-6" start_char="3361">Excel</TOKEN>
				<TOKEN end_char="3368" id="token-18-7" start_char="3367">in</TOKEN>
				<TOKEN end_char="3373" id="token-18-8" start_char="3370">2014</TOKEN>
				<TOKEN end_char="3374" id="token-18-9" start_char="3374">.</TOKEN>
				<TOKEN end_char="3379" id="token-18-10" start_char="3376">When</TOKEN>
				<TOKEN end_char="3382" id="token-18-11" start_char="3381">he</TOKEN>
				<TOKEN end_char="3392" id="token-18-12" start_char="3384">completes</TOKEN>
				<TOKEN end_char="3396" id="token-18-13" start_char="3394">his</TOKEN>
				<TOKEN end_char="3405" id="token-18-14" start_char="3398">training</TOKEN>
				<TOKEN end_char="3406" id="token-18-15" start_char="3406">,</TOKEN>
				<TOKEN end_char="3409" id="token-18-16" start_char="3408">he</TOKEN>
				<TOKEN end_char="3415" id="token-18-17" start_char="3411">plans</TOKEN>
				<TOKEN end_char="3418" id="token-18-18" start_char="3417">to</TOKEN>
				<TOKEN end_char="3423" id="token-18-19" start_char="3420">take</TOKEN>
				<TOKEN end_char="3425" id="token-18-20" start_char="3425">a</TOKEN>
				<TOKEN end_char="3430" id="token-18-21" start_char="3427">test</TOKEN>
				<TOKEN end_char="3435" id="token-18-22" start_char="3432">that</TOKEN>
				<TOKEN end_char="3441" id="token-18-23" start_char="3437">would</TOKEN>
				<TOKEN end_char="3449" id="token-18-24" start_char="3443">certify</TOKEN>
				<TOKEN end_char="3453" id="token-18-25" start_char="3451">him</TOKEN>
				<TOKEN end_char="3456" id="token-18-26" start_char="3455">to</TOKEN>
				<TOKEN end_char="3464" id="token-18-27" start_char="3458">service</TOKEN>
				<TOKEN end_char="3475" id="token-18-28" start_char="3466">automotive</TOKEN>
				<TOKEN end_char="3486" id="token-18-29" start_char="3477">electrical</TOKEN>
				<TOKEN end_char="3494" id="token-18-30" start_char="3488">systems</TOKEN>
				<TOKEN end_char="3495" id="token-18-31" start_char="3495">.</TOKEN>
				<TOKEN end_char="3500" id="token-18-32" start_char="3497">With</TOKEN>
				<TOKEN end_char="3507" id="token-18-33" start_char="3502">hybrid</TOKEN>
				<TOKEN end_char="3516" id="token-18-34" start_char="3509">vehicles</TOKEN>
				<TOKEN end_char="3524" id="token-18-35" start_char="3518">gaining</TOKEN>
				<TOKEN end_char="3535" id="token-18-36" start_char="3526">popularity</TOKEN>
				<TOKEN end_char="3536" id="token-18-37" start_char="3536">,</TOKEN>
				<TOKEN end_char="3539" id="token-18-38" start_char="3538">he</TOKEN>
				<TOKEN end_char="3547" id="token-18-39" start_char="3541">expects</TOKEN>
				<TOKEN end_char="3552" id="token-18-40" start_char="3549">such</TOKEN>
				<TOKEN end_char="3559" id="token-18-41" start_char="3554">skills</TOKEN>
				<TOKEN end_char="3564" id="token-18-42" start_char="3561">will</TOKEN>
				<TOKEN end_char="3567" id="token-18-43" start_char="3566">be</TOKEN>
				<TOKEN end_char="3570" id="token-18-44" start_char="3569">in</TOKEN>
				<TOKEN end_char="3575" id="token-18-45" start_char="3572">high</TOKEN>
				<TOKEN end_char="3582" id="token-18-46" start_char="3577">demand</TOKEN>
				<TOKEN end_char="3583" id="token-18-47" start_char="3583">.</TOKEN>
			</SEG>
			<SEG end_char="3769" id="20130526_WAPO_17863e20-c181-11e2-ab60-67bba7be7813-19" start_char="3585">
				<ORIGINAL_TEXT>The Excel Institute, founded in 1998, prepares students to earn a variety of Automotive Service Excellence certifications, which are the industry standard for verifying one’s expertise.</ORIGINAL_TEXT>
				<TOKEN end_char="3587" id="token-19-0" start_char="3585">The</TOKEN>
				<TOKEN end_char="3593" id="token-19-1" start_char="3589">Excel</TOKEN>
				<TOKEN end_char="3603" id="token-19-2" start_char="3595">Institute</TOKEN>
				<TOKEN end_char="3604" id="token-19-3" start_char="3604">,</TOKEN>
				<TOKEN end_char="3612" id="token-19-4" start_char="3606">founded</TOKEN>
				<TOKEN end_char="3615" id="token-19-5" start_char="3614">in</TOKEN>
				<TOKEN end_char="3620" id="token-19-6" start_char="3617">1998</TOKEN>
				<TOKEN end_char="3621" id="token-19-7" start_char="3621">,</TOKEN>
				<TOKEN end_char="3630" id="token-19-8" start_char="3623">prepares</TOKEN>
				<TOKEN end_char="3639" id="token-19-9" start_char="3632">students</TOKEN>
				<TOKEN end_char="3642" id="token-19-10" start_char="3641">to</TOKEN>
				<TOKEN end_char="3647" id="token-19-11" start_char="3644">earn</TOKEN>
				<TOKEN end_char="3649" id="token-19-12" start_char="3649">a</TOKEN>
				<TOKEN end_char="3657" id="token-19-13" start_char="3651">variety</TOKEN>
				<TOKEN end_char="3660" id="token-19-14" start_char="3659">of</TOKEN>
				<TOKEN end_char="3671" id="token-19-15" start_char="3662">Automotive</TOKEN>
				<TOKEN end_char="3679" id="token-19-16" start_char="3673">Service</TOKEN>
				<TOKEN end_char="3690" id="token-19-17" start_char="3681">Excellence</TOKEN>
				<TOKEN end_char="3705" id="token-19-18" start_char="3692">certifications</TOKEN>
				<TOKEN end_char="3706" id="token-19-19" start_char="3706">,</TOKEN>
				<TOKEN end_char="3712" id="token-19-20" start_char="3708">which</TOKEN>
				<TOKEN end_char="3716" id="token-19-21" start_char="3714">are</TOKEN>
				<TOKEN end_char="3720" id="token-19-22" start_char="3718">the</TOKEN>
				<TOKEN end_char="3729" id="token-19-23" start_char="3722">industry</TOKEN>
				<TOKEN end_char="3738" id="token-19-24" start_char="3731">standard</TOKEN>
				<TOKEN end_char="3742" id="token-19-25" start_char="3740">for</TOKEN>
				<TOKEN end_char="3752" id="token-19-26" start_char="3744">verifying</TOKEN>
				<TOKEN end_char="3756" id="token-19-27" start_char="3754">one</TOKEN>
				<TOKEN end_char="3757" id="token-19-28" start_char="3757">’</TOKEN>
				<TOKEN end_char="3758" id="token-19-29" start_char="3758">s</TOKEN>
				<TOKEN end_char="3768" id="token-19-30" start_char="3760">expertise</TOKEN>
				<TOKEN end_char="3769" id="token-19-31" start_char="3769">.</TOKEN>
			</SEG>
		</TEXT>
	</DOC>
</LCTL_TEXT>
