<?xml version="1.0" encoding="utf-8"?>
<LCTL_TEXT>
	<DOC id="20130911_WAPO_e5988285784cf53bf03ec844f55c1f0b">
		<TEXT>
			<SEG end_char="48" id="20130911_WAPO_e5988285784cf53bf03ec844f55c1f0b-0" start_char="0">
				<ORIGINAL_TEXT>Hagel salutes heroism of Pentagon 9/11 responders</ORIGINAL_TEXT>
				<TOKEN end_char="4" id="token-0-0" start_char="0">Hagel</TOKEN>
				<TOKEN end_char="12" id="token-0-1" start_char="6">salutes</TOKEN>
				<TOKEN end_char="20" id="token-0-2" start_char="14">heroism</TOKEN>
				<TOKEN end_char="23" id="token-0-3" start_char="22">of</TOKEN>
				<TOKEN end_char="32" id="token-0-4" start_char="25">Pentagon</TOKEN>
				<TOKEN end_char="34" id="token-0-5" start_char="34">9</TOKEN>
				<TOKEN end_char="35" id="token-0-6" start_char="35">/</TOKEN>
				<TOKEN end_char="37" id="token-0-7" start_char="36">11</TOKEN>
				<TOKEN end_char="48" id="token-0-8" start_char="39">responders</TOKEN>
			</SEG>
			<SEG end_char="97" id="20130911_WAPO_e5988285784cf53bf03ec844f55c1f0b-1" start_char="50">
				<ORIGINAL_TEXT>Wednesday, September 11, 2013 15:13:09 GMT-05:00</ORIGINAL_TEXT>
				<TOKEN end_char="58" id="token-1-0" start_char="50">Wednesday</TOKEN>
				<TOKEN end_char="59" id="token-1-1" start_char="59">,</TOKEN>
				<TOKEN end_char="69" id="token-1-2" start_char="61">September</TOKEN>
				<TOKEN end_char="72" id="token-1-3" start_char="71">11</TOKEN>
				<TOKEN end_char="73" id="token-1-4" start_char="73">,</TOKEN>
				<TOKEN end_char="78" id="token-1-5" start_char="75">2013</TOKEN>
				<TOKEN end_char="81" id="token-1-6" start_char="80">15</TOKEN>
				<TOKEN end_char="82" id="token-1-7" start_char="82">:</TOKEN>
				<TOKEN end_char="84" id="token-1-8" start_char="83">13</TOKEN>
				<TOKEN end_char="85" id="token-1-9" start_char="85">:</TOKEN>
				<TOKEN end_char="87" id="token-1-10" start_char="86">09</TOKEN>
				<TOKEN end_char="91" id="token-1-11" start_char="89">GMT</TOKEN>
				<TOKEN end_char="92" id="token-1-12" start_char="92">-</TOKEN>
				<TOKEN end_char="94" id="token-1-13" start_char="93">05</TOKEN>
				<TOKEN end_char="95" id="token-1-14" start_char="95">:</TOKEN>
				<TOKEN end_char="97" id="token-1-15" start_char="96">00</TOKEN>
			</SEG>
			<SEG end_char="395" id="20130911_WAPO_e5988285784cf53bf03ec844f55c1f0b-2" start_char="99">
				<ORIGINAL_TEXT>Secretary of Defense Chuck Hagel on Wednesday afternoon saluted the heroism of the emergency workers, service members, Department of Defense civilians and construction workers who responded to help others in the minutes, hours and days after the Pentagon was struck by a hijacked jet 12 years ago.</ORIGINAL_TEXT>
				<TOKEN end_char="107" id="token-2-0" start_char="99">Secretary</TOKEN>
				<TOKEN end_char="110" id="token-2-1" start_char="109">of</TOKEN>
				<TOKEN end_char="118" id="token-2-2" start_char="112">Defense</TOKEN>
				<TOKEN end_char="124" id="token-2-3" start_char="120">Chuck</TOKEN>
				<TOKEN end_char="130" id="token-2-4" start_char="126">Hagel</TOKEN>
				<TOKEN end_char="133" id="token-2-5" start_char="132">on</TOKEN>
				<TOKEN end_char="143" id="token-2-6" start_char="135">Wednesday</TOKEN>
				<TOKEN end_char="153" id="token-2-7" start_char="145">afternoon</TOKEN>
				<TOKEN end_char="161" id="token-2-8" start_char="155">saluted</TOKEN>
				<TOKEN end_char="165" id="token-2-9" start_char="163">the</TOKEN>
				<TOKEN end_char="173" id="token-2-10" start_char="167">heroism</TOKEN>
				<TOKEN end_char="176" id="token-2-11" start_char="175">of</TOKEN>
				<TOKEN end_char="180" id="token-2-12" start_char="178">the</TOKEN>
				<TOKEN end_char="190" id="token-2-13" start_char="182">emergency</TOKEN>
				<TOKEN end_char="198" id="token-2-14" start_char="192">workers</TOKEN>
				<TOKEN end_char="199" id="token-2-15" start_char="199">,</TOKEN>
				<TOKEN end_char="207" id="token-2-16" start_char="201">service</TOKEN>
				<TOKEN end_char="215" id="token-2-17" start_char="209">members</TOKEN>
				<TOKEN end_char="216" id="token-2-18" start_char="216">,</TOKEN>
				<TOKEN end_char="227" id="token-2-19" start_char="218">Department</TOKEN>
				<TOKEN end_char="230" id="token-2-20" start_char="229">of</TOKEN>
				<TOKEN end_char="238" id="token-2-21" start_char="232">Defense</TOKEN>
				<TOKEN end_char="248" id="token-2-22" start_char="240">civilians</TOKEN>
				<TOKEN end_char="252" id="token-2-23" start_char="250">and</TOKEN>
				<TOKEN end_char="265" id="token-2-24" start_char="254">construction</TOKEN>
				<TOKEN end_char="273" id="token-2-25" start_char="267">workers</TOKEN>
				<TOKEN end_char="277" id="token-2-26" start_char="275">who</TOKEN>
				<TOKEN end_char="287" id="token-2-27" start_char="279">responded</TOKEN>
				<TOKEN end_char="290" id="token-2-28" start_char="289">to</TOKEN>
				<TOKEN end_char="295" id="token-2-29" start_char="292">help</TOKEN>
				<TOKEN end_char="302" id="token-2-30" start_char="297">others</TOKEN>
				<TOKEN end_char="305" id="token-2-31" start_char="304">in</TOKEN>
				<TOKEN end_char="309" id="token-2-32" start_char="307">the</TOKEN>
				<TOKEN end_char="317" id="token-2-33" start_char="311">minutes</TOKEN>
				<TOKEN end_char="318" id="token-2-34" start_char="318">,</TOKEN>
				<TOKEN end_char="324" id="token-2-35" start_char="320">hours</TOKEN>
				<TOKEN end_char="328" id="token-2-36" start_char="326">and</TOKEN>
				<TOKEN end_char="333" id="token-2-37" start_char="330">days</TOKEN>
				<TOKEN end_char="339" id="token-2-38" start_char="335">after</TOKEN>
				<TOKEN end_char="343" id="token-2-39" start_char="341">the</TOKEN>
				<TOKEN end_char="352" id="token-2-40" start_char="345">Pentagon</TOKEN>
				<TOKEN end_char="356" id="token-2-41" start_char="354">was</TOKEN>
				<TOKEN end_char="363" id="token-2-42" start_char="358">struck</TOKEN>
				<TOKEN end_char="366" id="token-2-43" start_char="365">by</TOKEN>
				<TOKEN end_char="368" id="token-2-44" start_char="368">a</TOKEN>
				<TOKEN end_char="377" id="token-2-45" start_char="370">hijacked</TOKEN>
				<TOKEN end_char="381" id="token-2-46" start_char="379">jet</TOKEN>
				<TOKEN end_char="384" id="token-2-47" start_char="383">12</TOKEN>
				<TOKEN end_char="390" id="token-2-48" start_char="386">years</TOKEN>
				<TOKEN end_char="394" id="token-2-49" start_char="392">ago</TOKEN>
				<TOKEN end_char="395" id="token-2-50" start_char="395">.</TOKEN>
			</SEG>
			<SEG end_char="788" id="20130911_WAPO_e5988285784cf53bf03ec844f55c1f0b-3" start_char="397">
				<ORIGINAL_TEXT>“Though time continually moves us further away from September 11, 2001, we will never forget the men and women that our Pentagon community lost that day,” Hagel said during an afternoon ceremony for Pentagon employees held in the building’s courtyard. “Neither will we forget the stories of those who served here on 9/11 and what they did in the days, weeks, months, and years that followed.”</ORIGINAL_TEXT>
				<TOKEN end_char="397" id="token-3-0" start_char="397">“</TOKEN>
				<TOKEN end_char="403" id="token-3-1" start_char="398">Though</TOKEN>
				<TOKEN end_char="408" id="token-3-2" start_char="405">time</TOKEN>
				<TOKEN end_char="420" id="token-3-3" start_char="410">continually</TOKEN>
				<TOKEN end_char="426" id="token-3-4" start_char="422">moves</TOKEN>
				<TOKEN end_char="429" id="token-3-5" start_char="428">us</TOKEN>
				<TOKEN end_char="437" id="token-3-6" start_char="431">further</TOKEN>
				<TOKEN end_char="442" id="token-3-7" start_char="439">away</TOKEN>
				<TOKEN end_char="447" id="token-3-8" start_char="444">from</TOKEN>
				<TOKEN end_char="457" id="token-3-9" start_char="449">September</TOKEN>
				<TOKEN end_char="460" id="token-3-10" start_char="459">11</TOKEN>
				<TOKEN end_char="461" id="token-3-11" start_char="461">,</TOKEN>
				<TOKEN end_char="466" id="token-3-12" start_char="463">2001</TOKEN>
				<TOKEN end_char="467" id="token-3-13" start_char="467">,</TOKEN>
				<TOKEN end_char="470" id="token-3-14" start_char="469">we</TOKEN>
				<TOKEN end_char="475" id="token-3-15" start_char="472">will</TOKEN>
				<TOKEN end_char="481" id="token-3-16" start_char="477">never</TOKEN>
				<TOKEN end_char="488" id="token-3-17" start_char="483">forget</TOKEN>
				<TOKEN end_char="492" id="token-3-18" start_char="490">the</TOKEN>
				<TOKEN end_char="496" id="token-3-19" start_char="494">men</TOKEN>
				<TOKEN end_char="500" id="token-3-20" start_char="498">and</TOKEN>
				<TOKEN end_char="506" id="token-3-21" start_char="502">women</TOKEN>
				<TOKEN end_char="511" id="token-3-22" start_char="508">that</TOKEN>
				<TOKEN end_char="515" id="token-3-23" start_char="513">our</TOKEN>
				<TOKEN end_char="524" id="token-3-24" start_char="517">Pentagon</TOKEN>
				<TOKEN end_char="534" id="token-3-25" start_char="526">community</TOKEN>
				<TOKEN end_char="539" id="token-3-26" start_char="536">lost</TOKEN>
				<TOKEN end_char="544" id="token-3-27" start_char="541">that</TOKEN>
				<TOKEN end_char="548" id="token-3-28" start_char="546">day</TOKEN>
				<TOKEN end_char="550" id="token-3-29" start_char="549">,”</TOKEN>
				<TOKEN end_char="556" id="token-3-30" start_char="552">Hagel</TOKEN>
				<TOKEN end_char="561" id="token-3-31" start_char="558">said</TOKEN>
				<TOKEN end_char="568" id="token-3-32" start_char="563">during</TOKEN>
				<TOKEN end_char="571" id="token-3-33" start_char="570">an</TOKEN>
				<TOKEN end_char="581" id="token-3-34" start_char="573">afternoon</TOKEN>
				<TOKEN end_char="590" id="token-3-35" start_char="583">ceremony</TOKEN>
				<TOKEN end_char="594" id="token-3-36" start_char="592">for</TOKEN>
				<TOKEN end_char="603" id="token-3-37" start_char="596">Pentagon</TOKEN>
				<TOKEN end_char="613" id="token-3-38" start_char="605">employees</TOKEN>
				<TOKEN end_char="618" id="token-3-39" start_char="615">held</TOKEN>
				<TOKEN end_char="621" id="token-3-40" start_char="620">in</TOKEN>
				<TOKEN end_char="625" id="token-3-41" start_char="623">the</TOKEN>
				<TOKEN end_char="634" id="token-3-42" start_char="627">building</TOKEN>
				<TOKEN end_char="635" id="token-3-43" start_char="635">’</TOKEN>
				<TOKEN end_char="636" id="token-3-44" start_char="636">s</TOKEN>
				<TOKEN end_char="646" id="token-3-45" start_char="638">courtyard</TOKEN>
				<TOKEN end_char="647" id="token-3-46" start_char="647">.</TOKEN>
				<TOKEN end_char="649" id="token-3-47" start_char="649">“</TOKEN>
				<TOKEN end_char="656" id="token-3-48" start_char="650">Neither</TOKEN>
				<TOKEN end_char="661" id="token-3-49" start_char="658">will</TOKEN>
				<TOKEN end_char="664" id="token-3-50" start_char="663">we</TOKEN>
				<TOKEN end_char="671" id="token-3-51" start_char="666">forget</TOKEN>
				<TOKEN end_char="675" id="token-3-52" start_char="673">the</TOKEN>
				<TOKEN end_char="683" id="token-3-53" start_char="677">stories</TOKEN>
				<TOKEN end_char="686" id="token-3-54" start_char="685">of</TOKEN>
				<TOKEN end_char="692" id="token-3-55" start_char="688">those</TOKEN>
				<TOKEN end_char="696" id="token-3-56" start_char="694">who</TOKEN>
				<TOKEN end_char="703" id="token-3-57" start_char="698">served</TOKEN>
				<TOKEN end_char="708" id="token-3-58" start_char="705">here</TOKEN>
				<TOKEN end_char="711" id="token-3-59" start_char="710">on</TOKEN>
				<TOKEN end_char="713" id="token-3-60" start_char="713">9</TOKEN>
				<TOKEN end_char="714" id="token-3-61" start_char="714">/</TOKEN>
				<TOKEN end_char="716" id="token-3-62" start_char="715">11</TOKEN>
				<TOKEN end_char="720" id="token-3-63" start_char="718">and</TOKEN>
				<TOKEN end_char="725" id="token-3-64" start_char="722">what</TOKEN>
				<TOKEN end_char="730" id="token-3-65" start_char="727">they</TOKEN>
				<TOKEN end_char="734" id="token-3-66" start_char="732">did</TOKEN>
				<TOKEN end_char="737" id="token-3-67" start_char="736">in</TOKEN>
				<TOKEN end_char="741" id="token-3-68" start_char="739">the</TOKEN>
				<TOKEN end_char="746" id="token-3-69" start_char="743">days</TOKEN>
				<TOKEN end_char="747" id="token-3-70" start_char="747">,</TOKEN>
				<TOKEN end_char="753" id="token-3-71" start_char="749">weeks</TOKEN>
				<TOKEN end_char="754" id="token-3-72" start_char="754">,</TOKEN>
				<TOKEN end_char="761" id="token-3-73" start_char="756">months</TOKEN>
				<TOKEN end_char="762" id="token-3-74" start_char="762">,</TOKEN>
				<TOKEN end_char="766" id="token-3-75" start_char="764">and</TOKEN>
				<TOKEN end_char="772" id="token-3-76" start_char="768">years</TOKEN>
				<TOKEN end_char="777" id="token-3-77" start_char="774">that</TOKEN>
				<TOKEN end_char="786" id="token-3-78" start_char="779">followed</TOKEN>
				<TOKEN end_char="788" id="token-3-79" start_char="787">.”</TOKEN>
			</SEG>
			<SEG end_char="948" id="20130911_WAPO_e5988285784cf53bf03ec844f55c1f0b-4" start_char="790">
				<ORIGINAL_TEXT>“They are stories of heroism – of doctors who ran into the fire, to rescue, to treat people they had never known before, but felt their duty to save,” he said.</ORIGINAL_TEXT>
				<TOKEN end_char="790" id="token-4-0" start_char="790">“</TOKEN>
				<TOKEN end_char="794" id="token-4-1" start_char="791">They</TOKEN>
				<TOKEN end_char="798" id="token-4-2" start_char="796">are</TOKEN>
				<TOKEN end_char="806" id="token-4-3" start_char="800">stories</TOKEN>
				<TOKEN end_char="809" id="token-4-4" start_char="808">of</TOKEN>
				<TOKEN end_char="817" id="token-4-5" start_char="811">heroism</TOKEN>
				<TOKEN end_char="819" id="token-4-6" start_char="819">–</TOKEN>
				<TOKEN end_char="822" id="token-4-7" start_char="821">of</TOKEN>
				<TOKEN end_char="830" id="token-4-8" start_char="824">doctors</TOKEN>
				<TOKEN end_char="834" id="token-4-9" start_char="832">who</TOKEN>
				<TOKEN end_char="838" id="token-4-10" start_char="836">ran</TOKEN>
				<TOKEN end_char="843" id="token-4-11" start_char="840">into</TOKEN>
				<TOKEN end_char="847" id="token-4-12" start_char="845">the</TOKEN>
				<TOKEN end_char="852" id="token-4-13" start_char="849">fire</TOKEN>
				<TOKEN end_char="853" id="token-4-14" start_char="853">,</TOKEN>
				<TOKEN end_char="856" id="token-4-15" start_char="855">to</TOKEN>
				<TOKEN end_char="863" id="token-4-16" start_char="858">rescue</TOKEN>
				<TOKEN end_char="864" id="token-4-17" start_char="864">,</TOKEN>
				<TOKEN end_char="867" id="token-4-18" start_char="866">to</TOKEN>
				<TOKEN end_char="873" id="token-4-19" start_char="869">treat</TOKEN>
				<TOKEN end_char="880" id="token-4-20" start_char="875">people</TOKEN>
				<TOKEN end_char="885" id="token-4-21" start_char="882">they</TOKEN>
				<TOKEN end_char="889" id="token-4-22" start_char="887">had</TOKEN>
				<TOKEN end_char="895" id="token-4-23" start_char="891">never</TOKEN>
				<TOKEN end_char="901" id="token-4-24" start_char="897">known</TOKEN>
				<TOKEN end_char="908" id="token-4-25" start_char="903">before</TOKEN>
				<TOKEN end_char="909" id="token-4-26" start_char="909">,</TOKEN>
				<TOKEN end_char="913" id="token-4-27" start_char="911">but</TOKEN>
				<TOKEN end_char="918" id="token-4-28" start_char="915">felt</TOKEN>
				<TOKEN end_char="924" id="token-4-29" start_char="920">their</TOKEN>
				<TOKEN end_char="929" id="token-4-30" start_char="926">duty</TOKEN>
				<TOKEN end_char="932" id="token-4-31" start_char="931">to</TOKEN>
				<TOKEN end_char="937" id="token-4-32" start_char="934">save</TOKEN>
				<TOKEN end_char="939" id="token-4-33" start_char="938">,”</TOKEN>
				<TOKEN end_char="942" id="token-4-34" start_char="941">he</TOKEN>
				<TOKEN end_char="947" id="token-4-35" start_char="944">said</TOKEN>
				<TOKEN end_char="948" id="token-4-36" start_char="948">.</TOKEN>
			</SEG>
			<SEG end_char="1136" id="20130911_WAPO_e5988285784cf53bf03ec844f55c1f0b-5" start_char="950">
				<ORIGINAL_TEXT>More than 10,000 Pentagon employees reported to the still-burning building for work the day after the attack, “refusing to be beaten down by terror or intimidated by terror,” Hagel noted.</ORIGINAL_TEXT>
				<TOKEN end_char="953" id="token-5-0" start_char="950">More</TOKEN>
				<TOKEN end_char="958" id="token-5-1" start_char="955">than</TOKEN>
				<TOKEN end_char="961" id="token-5-2" start_char="960">10</TOKEN>
				<TOKEN end_char="962" id="token-5-3" start_char="962">,</TOKEN>
				<TOKEN end_char="965" id="token-5-4" start_char="963">000</TOKEN>
				<TOKEN end_char="974" id="token-5-5" start_char="967">Pentagon</TOKEN>
				<TOKEN end_char="984" id="token-5-6" start_char="976">employees</TOKEN>
				<TOKEN end_char="993" id="token-5-7" start_char="986">reported</TOKEN>
				<TOKEN end_char="996" id="token-5-8" start_char="995">to</TOKEN>
				<TOKEN end_char="1000" id="token-5-9" start_char="998">the</TOKEN>
				<TOKEN end_char="1006" id="token-5-10" start_char="1002">still</TOKEN>
				<TOKEN end_char="1007" id="token-5-11" start_char="1007">-</TOKEN>
				<TOKEN end_char="1014" id="token-5-12" start_char="1008">burning</TOKEN>
				<TOKEN end_char="1023" id="token-5-13" start_char="1016">building</TOKEN>
				<TOKEN end_char="1027" id="token-5-14" start_char="1025">for</TOKEN>
				<TOKEN end_char="1032" id="token-5-15" start_char="1029">work</TOKEN>
				<TOKEN end_char="1036" id="token-5-16" start_char="1034">the</TOKEN>
				<TOKEN end_char="1040" id="token-5-17" start_char="1038">day</TOKEN>
				<TOKEN end_char="1046" id="token-5-18" start_char="1042">after</TOKEN>
				<TOKEN end_char="1050" id="token-5-19" start_char="1048">the</TOKEN>
				<TOKEN end_char="1057" id="token-5-20" start_char="1052">attack</TOKEN>
				<TOKEN end_char="1058" id="token-5-21" start_char="1058">,</TOKEN>
				<TOKEN end_char="1060" id="token-5-22" start_char="1060">“</TOKEN>
				<TOKEN end_char="1068" id="token-5-23" start_char="1061">refusing</TOKEN>
				<TOKEN end_char="1071" id="token-5-24" start_char="1070">to</TOKEN>
				<TOKEN end_char="1074" id="token-5-25" start_char="1073">be</TOKEN>
				<TOKEN end_char="1081" id="token-5-26" start_char="1076">beaten</TOKEN>
				<TOKEN end_char="1086" id="token-5-27" start_char="1083">down</TOKEN>
				<TOKEN end_char="1089" id="token-5-28" start_char="1088">by</TOKEN>
				<TOKEN end_char="1096" id="token-5-29" start_char="1091">terror</TOKEN>
				<TOKEN end_char="1099" id="token-5-30" start_char="1098">or</TOKEN>
				<TOKEN end_char="1111" id="token-5-31" start_char="1101">intimidated</TOKEN>
				<TOKEN end_char="1114" id="token-5-32" start_char="1113">by</TOKEN>
				<TOKEN end_char="1121" id="token-5-33" start_char="1116">terror</TOKEN>
				<TOKEN end_char="1123" id="token-5-34" start_char="1122">,”</TOKEN>
				<TOKEN end_char="1129" id="token-5-35" start_char="1125">Hagel</TOKEN>
				<TOKEN end_char="1135" id="token-5-36" start_char="1131">noted</TOKEN>
				<TOKEN end_char="1136" id="token-5-37" start_char="1136">.</TOKEN>
			</SEG>
			<SEG end_char="1414" id="20130911_WAPO_e5988285784cf53bf03ec844f55c1f0b-6" start_char="1138">
				<ORIGINAL_TEXT>Hagel also recalled the Phoenix Project that quickly rebuilt the destroyed portions of the Pentagon. “They are stories of recovery and rebirth – of men and women who worked day and night for almost an entire year to clear the rubble and make the Pentagon whole again,” he said.</ORIGINAL_TEXT>
				<TOKEN end_char="1142" id="token-6-0" start_char="1138">Hagel</TOKEN>
				<TOKEN end_char="1147" id="token-6-1" start_char="1144">also</TOKEN>
				<TOKEN end_char="1156" id="token-6-2" start_char="1149">recalled</TOKEN>
				<TOKEN end_char="1160" id="token-6-3" start_char="1158">the</TOKEN>
				<TOKEN end_char="1168" id="token-6-4" start_char="1162">Phoenix</TOKEN>
				<TOKEN end_char="1176" id="token-6-5" start_char="1170">Project</TOKEN>
				<TOKEN end_char="1181" id="token-6-6" start_char="1178">that</TOKEN>
				<TOKEN end_char="1189" id="token-6-7" start_char="1183">quickly</TOKEN>
				<TOKEN end_char="1197" id="token-6-8" start_char="1191">rebuilt</TOKEN>
				<TOKEN end_char="1201" id="token-6-9" start_char="1199">the</TOKEN>
				<TOKEN end_char="1211" id="token-6-10" start_char="1203">destroyed</TOKEN>
				<TOKEN end_char="1220" id="token-6-11" start_char="1213">portions</TOKEN>
				<TOKEN end_char="1223" id="token-6-12" start_char="1222">of</TOKEN>
				<TOKEN end_char="1227" id="token-6-13" start_char="1225">the</TOKEN>
				<TOKEN end_char="1236" id="token-6-14" start_char="1229">Pentagon</TOKEN>
				<TOKEN end_char="1237" id="token-6-15" start_char="1237">.</TOKEN>
				<TOKEN end_char="1239" id="token-6-16" start_char="1239">“</TOKEN>
				<TOKEN end_char="1243" id="token-6-17" start_char="1240">They</TOKEN>
				<TOKEN end_char="1247" id="token-6-18" start_char="1245">are</TOKEN>
				<TOKEN end_char="1255" id="token-6-19" start_char="1249">stories</TOKEN>
				<TOKEN end_char="1258" id="token-6-20" start_char="1257">of</TOKEN>
				<TOKEN end_char="1267" id="token-6-21" start_char="1260">recovery</TOKEN>
				<TOKEN end_char="1271" id="token-6-22" start_char="1269">and</TOKEN>
				<TOKEN end_char="1279" id="token-6-23" start_char="1273">rebirth</TOKEN>
				<TOKEN end_char="1281" id="token-6-24" start_char="1281">–</TOKEN>
				<TOKEN end_char="1284" id="token-6-25" start_char="1283">of</TOKEN>
				<TOKEN end_char="1288" id="token-6-26" start_char="1286">men</TOKEN>
				<TOKEN end_char="1292" id="token-6-27" start_char="1290">and</TOKEN>
				<TOKEN end_char="1298" id="token-6-28" start_char="1294">women</TOKEN>
				<TOKEN end_char="1302" id="token-6-29" start_char="1300">who</TOKEN>
				<TOKEN end_char="1309" id="token-6-30" start_char="1304">worked</TOKEN>
				<TOKEN end_char="1313" id="token-6-31" start_char="1311">day</TOKEN>
				<TOKEN end_char="1317" id="token-6-32" start_char="1315">and</TOKEN>
				<TOKEN end_char="1323" id="token-6-33" start_char="1319">night</TOKEN>
				<TOKEN end_char="1327" id="token-6-34" start_char="1325">for</TOKEN>
				<TOKEN end_char="1334" id="token-6-35" start_char="1329">almost</TOKEN>
				<TOKEN end_char="1337" id="token-6-36" start_char="1336">an</TOKEN>
				<TOKEN end_char="1344" id="token-6-37" start_char="1339">entire</TOKEN>
				<TOKEN end_char="1349" id="token-6-38" start_char="1346">year</TOKEN>
				<TOKEN end_char="1352" id="token-6-39" start_char="1351">to</TOKEN>
				<TOKEN end_char="1358" id="token-6-40" start_char="1354">clear</TOKEN>
				<TOKEN end_char="1362" id="token-6-41" start_char="1360">the</TOKEN>
				<TOKEN end_char="1369" id="token-6-42" start_char="1364">rubble</TOKEN>
				<TOKEN end_char="1373" id="token-6-43" start_char="1371">and</TOKEN>
				<TOKEN end_char="1378" id="token-6-44" start_char="1375">make</TOKEN>
				<TOKEN end_char="1382" id="token-6-45" start_char="1380">the</TOKEN>
				<TOKEN end_char="1391" id="token-6-46" start_char="1384">Pentagon</TOKEN>
				<TOKEN end_char="1397" id="token-6-47" start_char="1393">whole</TOKEN>
				<TOKEN end_char="1403" id="token-6-48" start_char="1399">again</TOKEN>
				<TOKEN end_char="1405" id="token-6-49" start_char="1404">,”</TOKEN>
				<TOKEN end_char="1408" id="token-6-50" start_char="1407">he</TOKEN>
				<TOKEN end_char="1413" id="token-6-51" start_char="1410">said</TOKEN>
				<TOKEN end_char="1414" id="token-6-52" start_char="1414">.</TOKEN>
			</SEG>
			<SEG end_char="1548" id="20130911_WAPO_e5988285784cf53bf03ec844f55c1f0b-7" start_char="1416">
				<ORIGINAL_TEXT>The courtyard event followed a morning ceremony with President Obama at the Pentagon Memorial, attended by family members of victims.</ORIGINAL_TEXT>
				<TOKEN end_char="1418" id="token-7-0" start_char="1416">The</TOKEN>
				<TOKEN end_char="1428" id="token-7-1" start_char="1420">courtyard</TOKEN>
				<TOKEN end_char="1434" id="token-7-2" start_char="1430">event</TOKEN>
				<TOKEN end_char="1443" id="token-7-3" start_char="1436">followed</TOKEN>
				<TOKEN end_char="1445" id="token-7-4" start_char="1445">a</TOKEN>
				<TOKEN end_char="1453" id="token-7-5" start_char="1447">morning</TOKEN>
				<TOKEN end_char="1462" id="token-7-6" start_char="1455">ceremony</TOKEN>
				<TOKEN end_char="1467" id="token-7-7" start_char="1464">with</TOKEN>
				<TOKEN end_char="1477" id="token-7-8" start_char="1469">President</TOKEN>
				<TOKEN end_char="1483" id="token-7-9" start_char="1479">Obama</TOKEN>
				<TOKEN end_char="1486" id="token-7-10" start_char="1485">at</TOKEN>
				<TOKEN end_char="1490" id="token-7-11" start_char="1488">the</TOKEN>
				<TOKEN end_char="1499" id="token-7-12" start_char="1492">Pentagon</TOKEN>
				<TOKEN end_char="1508" id="token-7-13" start_char="1501">Memorial</TOKEN>
				<TOKEN end_char="1509" id="token-7-14" start_char="1509">,</TOKEN>
				<TOKEN end_char="1518" id="token-7-15" start_char="1511">attended</TOKEN>
				<TOKEN end_char="1521" id="token-7-16" start_char="1520">by</TOKEN>
				<TOKEN end_char="1528" id="token-7-17" start_char="1523">family</TOKEN>
				<TOKEN end_char="1536" id="token-7-18" start_char="1530">members</TOKEN>
				<TOKEN end_char="1539" id="token-7-19" start_char="1538">of</TOKEN>
				<TOKEN end_char="1547" id="token-7-20" start_char="1541">victims</TOKEN>
				<TOKEN end_char="1548" id="token-7-21" start_char="1548">.</TOKEN>
			</SEG>
		</TEXT>
	</DOC>
</LCTL_TEXT>
