<?xml version="1.0" encoding="utf-8"?>
<LCTL_TEXT>
	<DOC id="20130629_WAPO_c8ff181a-dcf8-11e2-9218-bc2ac7cd44e2">
		<TEXT>
			<SEG end_char="70" id="20130629_WAPO_c8ff181a-dcf8-11e2-9218-bc2ac7cd44e2-0" start_char="0">
				<ORIGINAL_TEXT>Va. gun collector squares off with Poland over rare, World War II rifle</ORIGINAL_TEXT>
				<TOKEN end_char="1" id="token-0-0" start_char="0">Va</TOKEN>
				<TOKEN end_char="2" id="token-0-1" start_char="2">.</TOKEN>
				<TOKEN end_char="6" id="token-0-2" start_char="4">gun</TOKEN>
				<TOKEN end_char="16" id="token-0-3" start_char="8">collector</TOKEN>
				<TOKEN end_char="24" id="token-0-4" start_char="18">squares</TOKEN>
				<TOKEN end_char="28" id="token-0-5" start_char="26">off</TOKEN>
				<TOKEN end_char="33" id="token-0-6" start_char="30">with</TOKEN>
				<TOKEN end_char="40" id="token-0-7" start_char="35">Poland</TOKEN>
				<TOKEN end_char="45" id="token-0-8" start_char="42">over</TOKEN>
				<TOKEN end_char="50" id="token-0-9" start_char="47">rare</TOKEN>
				<TOKEN end_char="51" id="token-0-10" start_char="51">,</TOKEN>
				<TOKEN end_char="57" id="token-0-11" start_char="53">World</TOKEN>
				<TOKEN end_char="61" id="token-0-12" start_char="59">War</TOKEN>
				<TOKEN end_char="64" id="token-0-13" start_char="63">II</TOKEN>
				<TOKEN end_char="70" id="token-0-14" start_char="66">rifle</TOKEN>
			</SEG>
			<SEG end_char="113" id="20130629_WAPO_c8ff181a-dcf8-11e2-9218-bc2ac7cd44e2-1" start_char="72">
				<ORIGINAL_TEXT>Saturday, June 29, 2013 16:08:55 GMT-05:00</ORIGINAL_TEXT>
				<TOKEN end_char="79" id="token-1-0" start_char="72">Saturday</TOKEN>
				<TOKEN end_char="80" id="token-1-1" start_char="80">,</TOKEN>
				<TOKEN end_char="85" id="token-1-2" start_char="82">June</TOKEN>
				<TOKEN end_char="88" id="token-1-3" start_char="87">29</TOKEN>
				<TOKEN end_char="89" id="token-1-4" start_char="89">,</TOKEN>
				<TOKEN end_char="94" id="token-1-5" start_char="91">2013</TOKEN>
				<TOKEN end_char="97" id="token-1-6" start_char="96">16</TOKEN>
				<TOKEN end_char="98" id="token-1-7" start_char="98">:</TOKEN>
				<TOKEN end_char="100" id="token-1-8" start_char="99">08</TOKEN>
				<TOKEN end_char="101" id="token-1-9" start_char="101">:</TOKEN>
				<TOKEN end_char="103" id="token-1-10" start_char="102">55</TOKEN>
				<TOKEN end_char="107" id="token-1-11" start_char="105">GMT</TOKEN>
				<TOKEN end_char="108" id="token-1-12" start_char="108">-</TOKEN>
				<TOKEN end_char="110" id="token-1-13" start_char="109">05</TOKEN>
				<TOKEN end_char="111" id="token-1-14" start_char="111">:</TOKEN>
				<TOKEN end_char="113" id="token-1-15" start_char="112">00</TOKEN>
			</SEG>
			<SEG end_char="382" id="20130629_WAPO_c8ff181a-dcf8-11e2-9218-bc2ac7cd44e2-2" start_char="115">
				<ORIGINAL_TEXT>Of all the weapons in his personal collection, Kristopher Gasior always cherished the wz.38M Maroszek rifle the most. The gun — one of only a handful in the world — came from Poland, his home country, and it was produced in the war that claimed his grandfather’s life.</ORIGINAL_TEXT>
				<TOKEN end_char="116" id="token-2-0" start_char="115">Of</TOKEN>
				<TOKEN end_char="120" id="token-2-1" start_char="118">all</TOKEN>
				<TOKEN end_char="124" id="token-2-2" start_char="122">the</TOKEN>
				<TOKEN end_char="132" id="token-2-3" start_char="126">weapons</TOKEN>
				<TOKEN end_char="135" id="token-2-4" start_char="134">in</TOKEN>
				<TOKEN end_char="139" id="token-2-5" start_char="137">his</TOKEN>
				<TOKEN end_char="148" id="token-2-6" start_char="141">personal</TOKEN>
				<TOKEN end_char="159" id="token-2-7" start_char="150">collection</TOKEN>
				<TOKEN end_char="160" id="token-2-8" start_char="160">,</TOKEN>
				<TOKEN end_char="171" id="token-2-9" start_char="162">Kristopher</TOKEN>
				<TOKEN end_char="178" id="token-2-10" start_char="173">Gasior</TOKEN>
				<TOKEN end_char="185" id="token-2-11" start_char="180">always</TOKEN>
				<TOKEN end_char="195" id="token-2-12" start_char="187">cherished</TOKEN>
				<TOKEN end_char="199" id="token-2-13" start_char="197">the</TOKEN>
				<TOKEN end_char="202" id="token-2-14" start_char="201">wz</TOKEN>
				<TOKEN end_char="203" id="token-2-15" start_char="203">.</TOKEN>
				<TOKEN end_char="206" id="token-2-16" start_char="204">38M</TOKEN>
				<TOKEN end_char="215" id="token-2-17" start_char="208">Maroszek</TOKEN>
				<TOKEN end_char="221" id="token-2-18" start_char="217">rifle</TOKEN>
				<TOKEN end_char="225" id="token-2-19" start_char="223">the</TOKEN>
				<TOKEN end_char="230" id="token-2-20" start_char="227">most</TOKEN>
				<TOKEN end_char="231" id="token-2-21" start_char="231">.</TOKEN>
				<TOKEN end_char="235" id="token-2-22" start_char="233">The</TOKEN>
				<TOKEN end_char="239" id="token-2-23" start_char="237">gun</TOKEN>
				<TOKEN end_char="241" id="token-2-24" start_char="241">—</TOKEN>
				<TOKEN end_char="245" id="token-2-25" start_char="243">one</TOKEN>
				<TOKEN end_char="248" id="token-2-26" start_char="247">of</TOKEN>
				<TOKEN end_char="253" id="token-2-27" start_char="250">only</TOKEN>
				<TOKEN end_char="255" id="token-2-28" start_char="255">a</TOKEN>
				<TOKEN end_char="263" id="token-2-29" start_char="257">handful</TOKEN>
				<TOKEN end_char="266" id="token-2-30" start_char="265">in</TOKEN>
				<TOKEN end_char="270" id="token-2-31" start_char="268">the</TOKEN>
				<TOKEN end_char="276" id="token-2-32" start_char="272">world</TOKEN>
				<TOKEN end_char="278" id="token-2-33" start_char="278">—</TOKEN>
				<TOKEN end_char="283" id="token-2-34" start_char="280">came</TOKEN>
				<TOKEN end_char="288" id="token-2-35" start_char="285">from</TOKEN>
				<TOKEN end_char="295" id="token-2-36" start_char="290">Poland</TOKEN>
				<TOKEN end_char="296" id="token-2-37" start_char="296">,</TOKEN>
				<TOKEN end_char="300" id="token-2-38" start_char="298">his</TOKEN>
				<TOKEN end_char="305" id="token-2-39" start_char="302">home</TOKEN>
				<TOKEN end_char="313" id="token-2-40" start_char="307">country</TOKEN>
				<TOKEN end_char="314" id="token-2-41" start_char="314">,</TOKEN>
				<TOKEN end_char="318" id="token-2-42" start_char="316">and</TOKEN>
				<TOKEN end_char="321" id="token-2-43" start_char="320">it</TOKEN>
				<TOKEN end_char="325" id="token-2-44" start_char="323">was</TOKEN>
				<TOKEN end_char="334" id="token-2-45" start_char="327">produced</TOKEN>
				<TOKEN end_char="337" id="token-2-46" start_char="336">in</TOKEN>
				<TOKEN end_char="341" id="token-2-47" start_char="339">the</TOKEN>
				<TOKEN end_char="345" id="token-2-48" start_char="343">war</TOKEN>
				<TOKEN end_char="350" id="token-2-49" start_char="347">that</TOKEN>
				<TOKEN end_char="358" id="token-2-50" start_char="352">claimed</TOKEN>
				<TOKEN end_char="362" id="token-2-51" start_char="360">his</TOKEN>
				<TOKEN end_char="374" id="token-2-52" start_char="364">grandfather</TOKEN>
				<TOKEN end_char="375" id="token-2-53" start_char="375">’</TOKEN>
				<TOKEN end_char="376" id="token-2-54" start_char="376">s</TOKEN>
				<TOKEN end_char="381" id="token-2-55" start_char="378">life</TOKEN>
				<TOKEN end_char="382" id="token-2-56" start_char="382">.</TOKEN>
			</SEG>
			<SEG end_char="778" id="20130629_WAPO_c8ff181a-dcf8-11e2-9218-bc2ac7cd44e2-3" start_char="384">
				<ORIGINAL_TEXT>But Gasior was not the only one with an interest in the military artifact. The Polish government views the Maroszek as a “great piece of cultural and scientific significance.” When Gasior, who had decided to sell most of his large collection, listed the weapon for sale on his Web site, Poland had U.S. federal agents seize it, arguing it had been stolen from the government during World War II.</ORIGINAL_TEXT>
				<TOKEN end_char="386" id="token-3-0" start_char="384">But</TOKEN>
				<TOKEN end_char="393" id="token-3-1" start_char="388">Gasior</TOKEN>
				<TOKEN end_char="397" id="token-3-2" start_char="395">was</TOKEN>
				<TOKEN end_char="401" id="token-3-3" start_char="399">not</TOKEN>
				<TOKEN end_char="405" id="token-3-4" start_char="403">the</TOKEN>
				<TOKEN end_char="410" id="token-3-5" start_char="407">only</TOKEN>
				<TOKEN end_char="414" id="token-3-6" start_char="412">one</TOKEN>
				<TOKEN end_char="419" id="token-3-7" start_char="416">with</TOKEN>
				<TOKEN end_char="422" id="token-3-8" start_char="421">an</TOKEN>
				<TOKEN end_char="431" id="token-3-9" start_char="424">interest</TOKEN>
				<TOKEN end_char="434" id="token-3-10" start_char="433">in</TOKEN>
				<TOKEN end_char="438" id="token-3-11" start_char="436">the</TOKEN>
				<TOKEN end_char="447" id="token-3-12" start_char="440">military</TOKEN>
				<TOKEN end_char="456" id="token-3-13" start_char="449">artifact</TOKEN>
				<TOKEN end_char="457" id="token-3-14" start_char="457">.</TOKEN>
				<TOKEN end_char="461" id="token-3-15" start_char="459">The</TOKEN>
				<TOKEN end_char="468" id="token-3-16" start_char="463">Polish</TOKEN>
				<TOKEN end_char="479" id="token-3-17" start_char="470">government</TOKEN>
				<TOKEN end_char="485" id="token-3-18" start_char="481">views</TOKEN>
				<TOKEN end_char="489" id="token-3-19" start_char="487">the</TOKEN>
				<TOKEN end_char="498" id="token-3-20" start_char="491">Maroszek</TOKEN>
				<TOKEN end_char="501" id="token-3-21" start_char="500">as</TOKEN>
				<TOKEN end_char="503" id="token-3-22" start_char="503">a</TOKEN>
				<TOKEN end_char="505" id="token-3-23" start_char="505">“</TOKEN>
				<TOKEN end_char="510" id="token-3-24" start_char="506">great</TOKEN>
				<TOKEN end_char="516" id="token-3-25" start_char="512">piece</TOKEN>
				<TOKEN end_char="519" id="token-3-26" start_char="518">of</TOKEN>
				<TOKEN end_char="528" id="token-3-27" start_char="521">cultural</TOKEN>
				<TOKEN end_char="532" id="token-3-28" start_char="530">and</TOKEN>
				<TOKEN end_char="543" id="token-3-29" start_char="534">scientific</TOKEN>
				<TOKEN end_char="556" id="token-3-30" start_char="545">significance</TOKEN>
				<TOKEN end_char="558" id="token-3-31" start_char="557">.”</TOKEN>
				<TOKEN end_char="563" id="token-3-32" start_char="560">When</TOKEN>
				<TOKEN end_char="570" id="token-3-33" start_char="565">Gasior</TOKEN>
				<TOKEN end_char="571" id="token-3-34" start_char="571">,</TOKEN>
				<TOKEN end_char="575" id="token-3-35" start_char="573">who</TOKEN>
				<TOKEN end_char="579" id="token-3-36" start_char="577">had</TOKEN>
				<TOKEN end_char="587" id="token-3-37" start_char="581">decided</TOKEN>
				<TOKEN end_char="590" id="token-3-38" start_char="589">to</TOKEN>
				<TOKEN end_char="595" id="token-3-39" start_char="592">sell</TOKEN>
				<TOKEN end_char="600" id="token-3-40" start_char="597">most</TOKEN>
				<TOKEN end_char="603" id="token-3-41" start_char="602">of</TOKEN>
				<TOKEN end_char="607" id="token-3-42" start_char="605">his</TOKEN>
				<TOKEN end_char="613" id="token-3-43" start_char="609">large</TOKEN>
				<TOKEN end_char="624" id="token-3-44" start_char="615">collection</TOKEN>
				<TOKEN end_char="625" id="token-3-45" start_char="625">,</TOKEN>
				<TOKEN end_char="632" id="token-3-46" start_char="627">listed</TOKEN>
				<TOKEN end_char="636" id="token-3-47" start_char="634">the</TOKEN>
				<TOKEN end_char="643" id="token-3-48" start_char="638">weapon</TOKEN>
				<TOKEN end_char="647" id="token-3-49" start_char="645">for</TOKEN>
				<TOKEN end_char="652" id="token-3-50" start_char="649">sale</TOKEN>
				<TOKEN end_char="655" id="token-3-51" start_char="654">on</TOKEN>
				<TOKEN end_char="659" id="token-3-52" start_char="657">his</TOKEN>
				<TOKEN end_char="663" id="token-3-53" start_char="661">Web</TOKEN>
				<TOKEN end_char="668" id="token-3-54" start_char="665">site</TOKEN>
				<TOKEN end_char="669" id="token-3-55" start_char="669">,</TOKEN>
				<TOKEN end_char="676" id="token-3-56" start_char="671">Poland</TOKEN>
				<TOKEN end_char="680" id="token-3-57" start_char="678">had</TOKEN>
				<TOKEN end_char="682" id="token-3-58" start_char="682">U</TOKEN>
				<TOKEN end_char="683" id="token-3-59" start_char="683">.</TOKEN>
				<TOKEN end_char="684" id="token-3-60" start_char="684">S</TOKEN>
				<TOKEN end_char="685" id="token-3-61" start_char="685">.</TOKEN>
				<TOKEN end_char="693" id="token-3-62" start_char="687">federal</TOKEN>
				<TOKEN end_char="700" id="token-3-63" start_char="695">agents</TOKEN>
				<TOKEN end_char="706" id="token-3-64" start_char="702">seize</TOKEN>
				<TOKEN end_char="709" id="token-3-65" start_char="708">it</TOKEN>
				<TOKEN end_char="710" id="token-3-66" start_char="710">,</TOKEN>
				<TOKEN end_char="718" id="token-3-67" start_char="712">arguing</TOKEN>
				<TOKEN end_char="721" id="token-3-68" start_char="720">it</TOKEN>
				<TOKEN end_char="725" id="token-3-69" start_char="723">had</TOKEN>
				<TOKEN end_char="730" id="token-3-70" start_char="727">been</TOKEN>
				<TOKEN end_char="737" id="token-3-71" start_char="732">stolen</TOKEN>
				<TOKEN end_char="742" id="token-3-72" start_char="739">from</TOKEN>
				<TOKEN end_char="746" id="token-3-73" start_char="744">the</TOKEN>
				<TOKEN end_char="757" id="token-3-74" start_char="748">government</TOKEN>
				<TOKEN end_char="764" id="token-3-75" start_char="759">during</TOKEN>
				<TOKEN end_char="770" id="token-3-76" start_char="766">World</TOKEN>
				<TOKEN end_char="774" id="token-3-77" start_char="772">War</TOKEN>
				<TOKEN end_char="777" id="token-3-78" start_char="776">II</TOKEN>
				<TOKEN end_char="778" id="token-3-79" start_char="778">.</TOKEN>
			</SEG>
			<SEG end_char="932" id="20130629_WAPO_c8ff181a-dcf8-11e2-9218-bc2ac7cd44e2-4" start_char="780">
				<ORIGINAL_TEXT>Gasior, 54, of Fredericksburg, now finds himself at the center of an international legal battle pitting him against the European nation where he grew up.</ORIGINAL_TEXT>
				<TOKEN end_char="785" id="token-4-0" start_char="780">Gasior</TOKEN>
				<TOKEN end_char="786" id="token-4-1" start_char="786">,</TOKEN>
				<TOKEN end_char="789" id="token-4-2" start_char="788">54</TOKEN>
				<TOKEN end_char="790" id="token-4-3" start_char="790">,</TOKEN>
				<TOKEN end_char="793" id="token-4-4" start_char="792">of</TOKEN>
				<TOKEN end_char="808" id="token-4-5" start_char="795">Fredericksburg</TOKEN>
				<TOKEN end_char="809" id="token-4-6" start_char="809">,</TOKEN>
				<TOKEN end_char="813" id="token-4-7" start_char="811">now</TOKEN>
				<TOKEN end_char="819" id="token-4-8" start_char="815">finds</TOKEN>
				<TOKEN end_char="827" id="token-4-9" start_char="821">himself</TOKEN>
				<TOKEN end_char="830" id="token-4-10" start_char="829">at</TOKEN>
				<TOKEN end_char="834" id="token-4-11" start_char="832">the</TOKEN>
				<TOKEN end_char="841" id="token-4-12" start_char="836">center</TOKEN>
				<TOKEN end_char="844" id="token-4-13" start_char="843">of</TOKEN>
				<TOKEN end_char="847" id="token-4-14" start_char="846">an</TOKEN>
				<TOKEN end_char="861" id="token-4-15" start_char="849">international</TOKEN>
				<TOKEN end_char="867" id="token-4-16" start_char="863">legal</TOKEN>
				<TOKEN end_char="874" id="token-4-17" start_char="869">battle</TOKEN>
				<TOKEN end_char="882" id="token-4-18" start_char="876">pitting</TOKEN>
				<TOKEN end_char="886" id="token-4-19" start_char="884">him</TOKEN>
				<TOKEN end_char="894" id="token-4-20" start_char="888">against</TOKEN>
				<TOKEN end_char="898" id="token-4-21" start_char="896">the</TOKEN>
				<TOKEN end_char="907" id="token-4-22" start_char="900">European</TOKEN>
				<TOKEN end_char="914" id="token-4-23" start_char="909">nation</TOKEN>
				<TOKEN end_char="920" id="token-4-24" start_char="916">where</TOKEN>
				<TOKEN end_char="923" id="token-4-25" start_char="922">he</TOKEN>
				<TOKEN end_char="928" id="token-4-26" start_char="925">grew</TOKEN>
				<TOKEN end_char="931" id="token-4-27" start_char="930">up</TOKEN>
				<TOKEN end_char="932" id="token-4-28" start_char="932">.</TOKEN>
			</SEG>
			<SEG end_char="1424" id="20130629_WAPO_c8ff181a-dcf8-11e2-9218-bc2ac7cd44e2-5" start_char="934">
				<ORIGINAL_TEXT>At stake, those in the case say, is a part of Polish history and the right of collectors and veterans to keep relics that they brought back from faraway places. Gasior and his lawyer argue that the rifle is what is known as a “war trophy,” carried into the United States legally by a soldier who got it during World War II. Polish officials say that can’t be so, because war trophies are taken from enemies, and this gun was made for Polish soldiers fighting on the same side as U.S. troops.</ORIGINAL_TEXT>
				<TOKEN end_char="935" id="token-5-0" start_char="934">At</TOKEN>
				<TOKEN end_char="941" id="token-5-1" start_char="937">stake</TOKEN>
				<TOKEN end_char="942" id="token-5-2" start_char="942">,</TOKEN>
				<TOKEN end_char="948" id="token-5-3" start_char="944">those</TOKEN>
				<TOKEN end_char="951" id="token-5-4" start_char="950">in</TOKEN>
				<TOKEN end_char="955" id="token-5-5" start_char="953">the</TOKEN>
				<TOKEN end_char="960" id="token-5-6" start_char="957">case</TOKEN>
				<TOKEN end_char="964" id="token-5-7" start_char="962">say</TOKEN>
				<TOKEN end_char="965" id="token-5-8" start_char="965">,</TOKEN>
				<TOKEN end_char="968" id="token-5-9" start_char="967">is</TOKEN>
				<TOKEN end_char="970" id="token-5-10" start_char="970">a</TOKEN>
				<TOKEN end_char="975" id="token-5-11" start_char="972">part</TOKEN>
				<TOKEN end_char="978" id="token-5-12" start_char="977">of</TOKEN>
				<TOKEN end_char="985" id="token-5-13" start_char="980">Polish</TOKEN>
				<TOKEN end_char="993" id="token-5-14" start_char="987">history</TOKEN>
				<TOKEN end_char="997" id="token-5-15" start_char="995">and</TOKEN>
				<TOKEN end_char="1001" id="token-5-16" start_char="999">the</TOKEN>
				<TOKEN end_char="1007" id="token-5-17" start_char="1003">right</TOKEN>
				<TOKEN end_char="1010" id="token-5-18" start_char="1009">of</TOKEN>
				<TOKEN end_char="1021" id="token-5-19" start_char="1012">collectors</TOKEN>
				<TOKEN end_char="1025" id="token-5-20" start_char="1023">and</TOKEN>
				<TOKEN end_char="1034" id="token-5-21" start_char="1027">veterans</TOKEN>
				<TOKEN end_char="1037" id="token-5-22" start_char="1036">to</TOKEN>
				<TOKEN end_char="1042" id="token-5-23" start_char="1039">keep</TOKEN>
				<TOKEN end_char="1049" id="token-5-24" start_char="1044">relics</TOKEN>
				<TOKEN end_char="1054" id="token-5-25" start_char="1051">that</TOKEN>
				<TOKEN end_char="1059" id="token-5-26" start_char="1056">they</TOKEN>
				<TOKEN end_char="1067" id="token-5-27" start_char="1061">brought</TOKEN>
				<TOKEN end_char="1072" id="token-5-28" start_char="1069">back</TOKEN>
				<TOKEN end_char="1077" id="token-5-29" start_char="1074">from</TOKEN>
				<TOKEN end_char="1085" id="token-5-30" start_char="1079">faraway</TOKEN>
				<TOKEN end_char="1092" id="token-5-31" start_char="1087">places</TOKEN>
				<TOKEN end_char="1093" id="token-5-32" start_char="1093">.</TOKEN>
				<TOKEN end_char="1100" id="token-5-33" start_char="1095">Gasior</TOKEN>
				<TOKEN end_char="1104" id="token-5-34" start_char="1102">and</TOKEN>
				<TOKEN end_char="1108" id="token-5-35" start_char="1106">his</TOKEN>
				<TOKEN end_char="1115" id="token-5-36" start_char="1110">lawyer</TOKEN>
				<TOKEN end_char="1121" id="token-5-37" start_char="1117">argue</TOKEN>
				<TOKEN end_char="1126" id="token-5-38" start_char="1123">that</TOKEN>
				<TOKEN end_char="1130" id="token-5-39" start_char="1128">the</TOKEN>
				<TOKEN end_char="1136" id="token-5-40" start_char="1132">rifle</TOKEN>
				<TOKEN end_char="1139" id="token-5-41" start_char="1138">is</TOKEN>
				<TOKEN end_char="1144" id="token-5-42" start_char="1141">what</TOKEN>
				<TOKEN end_char="1147" id="token-5-43" start_char="1146">is</TOKEN>
				<TOKEN end_char="1153" id="token-5-44" start_char="1149">known</TOKEN>
				<TOKEN end_char="1156" id="token-5-45" start_char="1155">as</TOKEN>
				<TOKEN end_char="1158" id="token-5-46" start_char="1158">a</TOKEN>
				<TOKEN end_char="1160" id="token-5-47" start_char="1160">“</TOKEN>
				<TOKEN end_char="1163" id="token-5-48" start_char="1161">war</TOKEN>
				<TOKEN end_char="1170" id="token-5-49" start_char="1165">trophy</TOKEN>
				<TOKEN end_char="1172" id="token-5-50" start_char="1171">,”</TOKEN>
				<TOKEN end_char="1180" id="token-5-51" start_char="1174">carried</TOKEN>
				<TOKEN end_char="1185" id="token-5-52" start_char="1182">into</TOKEN>
				<TOKEN end_char="1189" id="token-5-53" start_char="1187">the</TOKEN>
				<TOKEN end_char="1196" id="token-5-54" start_char="1191">United</TOKEN>
				<TOKEN end_char="1203" id="token-5-55" start_char="1198">States</TOKEN>
				<TOKEN end_char="1211" id="token-5-56" start_char="1205">legally</TOKEN>
				<TOKEN end_char="1214" id="token-5-57" start_char="1213">by</TOKEN>
				<TOKEN end_char="1216" id="token-5-58" start_char="1216">a</TOKEN>
				<TOKEN end_char="1224" id="token-5-59" start_char="1218">soldier</TOKEN>
				<TOKEN end_char="1228" id="token-5-60" start_char="1226">who</TOKEN>
				<TOKEN end_char="1232" id="token-5-61" start_char="1230">got</TOKEN>
				<TOKEN end_char="1235" id="token-5-62" start_char="1234">it</TOKEN>
				<TOKEN end_char="1242" id="token-5-63" start_char="1237">during</TOKEN>
				<TOKEN end_char="1248" id="token-5-64" start_char="1244">World</TOKEN>
				<TOKEN end_char="1252" id="token-5-65" start_char="1250">War</TOKEN>
				<TOKEN end_char="1255" id="token-5-66" start_char="1254">II</TOKEN>
				<TOKEN end_char="1256" id="token-5-67" start_char="1256">.</TOKEN>
				<TOKEN end_char="1263" id="token-5-68" start_char="1258">Polish</TOKEN>
				<TOKEN end_char="1273" id="token-5-69" start_char="1265">officials</TOKEN>
				<TOKEN end_char="1277" id="token-5-70" start_char="1275">say</TOKEN>
				<TOKEN end_char="1282" id="token-5-71" start_char="1279">that</TOKEN>
				<TOKEN end_char="1286" id="token-5-72" start_char="1284">can</TOKEN>
				<TOKEN end_char="1287" id="token-5-73" start_char="1287">’</TOKEN>
				<TOKEN end_char="1288" id="token-5-74" start_char="1288">t</TOKEN>
				<TOKEN end_char="1291" id="token-5-75" start_char="1290">be</TOKEN>
				<TOKEN end_char="1294" id="token-5-76" start_char="1293">so</TOKEN>
				<TOKEN end_char="1295" id="token-5-77" start_char="1295">,</TOKEN>
				<TOKEN end_char="1303" id="token-5-78" start_char="1297">because</TOKEN>
				<TOKEN end_char="1307" id="token-5-79" start_char="1305">war</TOKEN>
				<TOKEN end_char="1316" id="token-5-80" start_char="1309">trophies</TOKEN>
				<TOKEN end_char="1320" id="token-5-81" start_char="1318">are</TOKEN>
				<TOKEN end_char="1326" id="token-5-82" start_char="1322">taken</TOKEN>
				<TOKEN end_char="1331" id="token-5-83" start_char="1328">from</TOKEN>
				<TOKEN end_char="1339" id="token-5-84" start_char="1333">enemies</TOKEN>
				<TOKEN end_char="1340" id="token-5-85" start_char="1340">,</TOKEN>
				<TOKEN end_char="1344" id="token-5-86" start_char="1342">and</TOKEN>
				<TOKEN end_char="1349" id="token-5-87" start_char="1346">this</TOKEN>
				<TOKEN end_char="1353" id="token-5-88" start_char="1351">gun</TOKEN>
				<TOKEN end_char="1357" id="token-5-89" start_char="1355">was</TOKEN>
				<TOKEN end_char="1362" id="token-5-90" start_char="1359">made</TOKEN>
				<TOKEN end_char="1366" id="token-5-91" start_char="1364">for</TOKEN>
				<TOKEN end_char="1373" id="token-5-92" start_char="1368">Polish</TOKEN>
				<TOKEN end_char="1382" id="token-5-93" start_char="1375">soldiers</TOKEN>
				<TOKEN end_char="1391" id="token-5-94" start_char="1384">fighting</TOKEN>
				<TOKEN end_char="1394" id="token-5-95" start_char="1393">on</TOKEN>
				<TOKEN end_char="1398" id="token-5-96" start_char="1396">the</TOKEN>
				<TOKEN end_char="1403" id="token-5-97" start_char="1400">same</TOKEN>
				<TOKEN end_char="1408" id="token-5-98" start_char="1405">side</TOKEN>
				<TOKEN end_char="1411" id="token-5-99" start_char="1410">as</TOKEN>
				<TOKEN end_char="1413" id="token-5-100" start_char="1413">U</TOKEN>
				<TOKEN end_char="1414" id="token-5-101" start_char="1414">.</TOKEN>
				<TOKEN end_char="1415" id="token-5-102" start_char="1415">S</TOKEN>
				<TOKEN end_char="1416" id="token-5-103" start_char="1416">.</TOKEN>
				<TOKEN end_char="1423" id="token-5-104" start_char="1418">troops</TOKEN>
				<TOKEN end_char="1424" id="token-5-105" start_char="1424">.</TOKEN>
			</SEG>
			<SEG end_char="1785" id="20130629_WAPO_c8ff181a-dcf8-11e2-9218-bc2ac7cd44e2-6" start_char="1426">
				<ORIGINAL_TEXT>Homeland Security officials routinely seize cultural artifacts, often statues or artwork, and return them to foreign countries with some fanfare. But when four federal agents came to Gasior’s door in March — only a week after Gasior had posted the weapon for sale on his Web site — Gasior said he assumed they were conducting a regular inspection of his stock.</ORIGINAL_TEXT>
				<TOKEN end_char="1433" id="token-6-0" start_char="1426">Homeland</TOKEN>
				<TOKEN end_char="1442" id="token-6-1" start_char="1435">Security</TOKEN>
				<TOKEN end_char="1452" id="token-6-2" start_char="1444">officials</TOKEN>
				<TOKEN end_char="1462" id="token-6-3" start_char="1454">routinely</TOKEN>
				<TOKEN end_char="1468" id="token-6-4" start_char="1464">seize</TOKEN>
				<TOKEN end_char="1477" id="token-6-5" start_char="1470">cultural</TOKEN>
				<TOKEN end_char="1487" id="token-6-6" start_char="1479">artifacts</TOKEN>
				<TOKEN end_char="1488" id="token-6-7" start_char="1488">,</TOKEN>
				<TOKEN end_char="1494" id="token-6-8" start_char="1490">often</TOKEN>
				<TOKEN end_char="1502" id="token-6-9" start_char="1496">statues</TOKEN>
				<TOKEN end_char="1505" id="token-6-10" start_char="1504">or</TOKEN>
				<TOKEN end_char="1513" id="token-6-11" start_char="1507">artwork</TOKEN>
				<TOKEN end_char="1514" id="token-6-12" start_char="1514">,</TOKEN>
				<TOKEN end_char="1518" id="token-6-13" start_char="1516">and</TOKEN>
				<TOKEN end_char="1525" id="token-6-14" start_char="1520">return</TOKEN>
				<TOKEN end_char="1530" id="token-6-15" start_char="1527">them</TOKEN>
				<TOKEN end_char="1533" id="token-6-16" start_char="1532">to</TOKEN>
				<TOKEN end_char="1541" id="token-6-17" start_char="1535">foreign</TOKEN>
				<TOKEN end_char="1551" id="token-6-18" start_char="1543">countries</TOKEN>
				<TOKEN end_char="1556" id="token-6-19" start_char="1553">with</TOKEN>
				<TOKEN end_char="1561" id="token-6-20" start_char="1558">some</TOKEN>
				<TOKEN end_char="1569" id="token-6-21" start_char="1563">fanfare</TOKEN>
				<TOKEN end_char="1570" id="token-6-22" start_char="1570">.</TOKEN>
				<TOKEN end_char="1574" id="token-6-23" start_char="1572">But</TOKEN>
				<TOKEN end_char="1579" id="token-6-24" start_char="1576">when</TOKEN>
				<TOKEN end_char="1584" id="token-6-25" start_char="1581">four</TOKEN>
				<TOKEN end_char="1592" id="token-6-26" start_char="1586">federal</TOKEN>
				<TOKEN end_char="1599" id="token-6-27" start_char="1594">agents</TOKEN>
				<TOKEN end_char="1604" id="token-6-28" start_char="1601">came</TOKEN>
				<TOKEN end_char="1607" id="token-6-29" start_char="1606">to</TOKEN>
				<TOKEN end_char="1614" id="token-6-30" start_char="1609">Gasior</TOKEN>
				<TOKEN end_char="1615" id="token-6-31" start_char="1615">’</TOKEN>
				<TOKEN end_char="1616" id="token-6-32" start_char="1616">s</TOKEN>
				<TOKEN end_char="1621" id="token-6-33" start_char="1618">door</TOKEN>
				<TOKEN end_char="1624" id="token-6-34" start_char="1623">in</TOKEN>
				<TOKEN end_char="1630" id="token-6-35" start_char="1626">March</TOKEN>
				<TOKEN end_char="1632" id="token-6-36" start_char="1632">—</TOKEN>
				<TOKEN end_char="1637" id="token-6-37" start_char="1634">only</TOKEN>
				<TOKEN end_char="1639" id="token-6-38" start_char="1639">a</TOKEN>
				<TOKEN end_char="1644" id="token-6-39" start_char="1641">week</TOKEN>
				<TOKEN end_char="1650" id="token-6-40" start_char="1646">after</TOKEN>
				<TOKEN end_char="1657" id="token-6-41" start_char="1652">Gasior</TOKEN>
				<TOKEN end_char="1661" id="token-6-42" start_char="1659">had</TOKEN>
				<TOKEN end_char="1668" id="token-6-43" start_char="1663">posted</TOKEN>
				<TOKEN end_char="1672" id="token-6-44" start_char="1670">the</TOKEN>
				<TOKEN end_char="1679" id="token-6-45" start_char="1674">weapon</TOKEN>
				<TOKEN end_char="1683" id="token-6-46" start_char="1681">for</TOKEN>
				<TOKEN end_char="1688" id="token-6-47" start_char="1685">sale</TOKEN>
				<TOKEN end_char="1691" id="token-6-48" start_char="1690">on</TOKEN>
				<TOKEN end_char="1695" id="token-6-49" start_char="1693">his</TOKEN>
				<TOKEN end_char="1699" id="token-6-50" start_char="1697">Web</TOKEN>
				<TOKEN end_char="1704" id="token-6-51" start_char="1701">site</TOKEN>
				<TOKEN end_char="1706" id="token-6-52" start_char="1706">—</TOKEN>
				<TOKEN end_char="1713" id="token-6-53" start_char="1708">Gasior</TOKEN>
				<TOKEN end_char="1718" id="token-6-54" start_char="1715">said</TOKEN>
				<TOKEN end_char="1721" id="token-6-55" start_char="1720">he</TOKEN>
				<TOKEN end_char="1729" id="token-6-56" start_char="1723">assumed</TOKEN>
				<TOKEN end_char="1734" id="token-6-57" start_char="1731">they</TOKEN>
				<TOKEN end_char="1739" id="token-6-58" start_char="1736">were</TOKEN>
				<TOKEN end_char="1750" id="token-6-59" start_char="1741">conducting</TOKEN>
				<TOKEN end_char="1752" id="token-6-60" start_char="1752">a</TOKEN>
				<TOKEN end_char="1760" id="token-6-61" start_char="1754">regular</TOKEN>
				<TOKEN end_char="1771" id="token-6-62" start_char="1762">inspection</TOKEN>
				<TOKEN end_char="1774" id="token-6-63" start_char="1773">of</TOKEN>
				<TOKEN end_char="1778" id="token-6-64" start_char="1776">his</TOKEN>
				<TOKEN end_char="1784" id="token-6-65" start_char="1780">stock</TOKEN>
				<TOKEN end_char="1785" id="token-6-66" start_char="1785">.</TOKEN>
			</SEG>
			<SEG end_char="1898" id="20130629_WAPO_c8ff181a-dcf8-11e2-9218-bc2ac7cd44e2-7" start_char="1787">
				<ORIGINAL_TEXT>Almost immediately, he said, they demanded the Maroszek rifle, and one agent circled behind him as he protested.</ORIGINAL_TEXT>
				<TOKEN end_char="1792" id="token-7-0" start_char="1787">Almost</TOKEN>
				<TOKEN end_char="1804" id="token-7-1" start_char="1794">immediately</TOKEN>
				<TOKEN end_char="1805" id="token-7-2" start_char="1805">,</TOKEN>
				<TOKEN end_char="1808" id="token-7-3" start_char="1807">he</TOKEN>
				<TOKEN end_char="1813" id="token-7-4" start_char="1810">said</TOKEN>
				<TOKEN end_char="1814" id="token-7-5" start_char="1814">,</TOKEN>
				<TOKEN end_char="1819" id="token-7-6" start_char="1816">they</TOKEN>
				<TOKEN end_char="1828" id="token-7-7" start_char="1821">demanded</TOKEN>
				<TOKEN end_char="1832" id="token-7-8" start_char="1830">the</TOKEN>
				<TOKEN end_char="1841" id="token-7-9" start_char="1834">Maroszek</TOKEN>
				<TOKEN end_char="1847" id="token-7-10" start_char="1843">rifle</TOKEN>
				<TOKEN end_char="1848" id="token-7-11" start_char="1848">,</TOKEN>
				<TOKEN end_char="1852" id="token-7-12" start_char="1850">and</TOKEN>
				<TOKEN end_char="1856" id="token-7-13" start_char="1854">one</TOKEN>
				<TOKEN end_char="1862" id="token-7-14" start_char="1858">agent</TOKEN>
				<TOKEN end_char="1870" id="token-7-15" start_char="1864">circled</TOKEN>
				<TOKEN end_char="1877" id="token-7-16" start_char="1872">behind</TOKEN>
				<TOKEN end_char="1881" id="token-7-17" start_char="1879">him</TOKEN>
				<TOKEN end_char="1884" id="token-7-18" start_char="1883">as</TOKEN>
				<TOKEN end_char="1887" id="token-7-19" start_char="1886">he</TOKEN>
				<TOKEN end_char="1897" id="token-7-20" start_char="1889">protested</TOKEN>
				<TOKEN end_char="1898" id="token-7-21" start_char="1898">.</TOKEN>
			</SEG>
			<SEG end_char="2061" id="20130629_WAPO_c8ff181a-dcf8-11e2-9218-bc2ac7cd44e2-8" start_char="1900">
				<ORIGINAL_TEXT>“I told them they had absolutely no right to take this rifle,” Gasior said. “They made me understand if I did not give them the rifle, I would go with the rifle.”</ORIGINAL_TEXT>
				<TOKEN end_char="1900" id="token-8-0" start_char="1900">“</TOKEN>
				<TOKEN end_char="1901" id="token-8-1" start_char="1901">I</TOKEN>
				<TOKEN end_char="1906" id="token-8-2" start_char="1903">told</TOKEN>
				<TOKEN end_char="1911" id="token-8-3" start_char="1908">them</TOKEN>
				<TOKEN end_char="1916" id="token-8-4" start_char="1913">they</TOKEN>
				<TOKEN end_char="1920" id="token-8-5" start_char="1918">had</TOKEN>
				<TOKEN end_char="1931" id="token-8-6" start_char="1922">absolutely</TOKEN>
				<TOKEN end_char="1934" id="token-8-7" start_char="1933">no</TOKEN>
				<TOKEN end_char="1940" id="token-8-8" start_char="1936">right</TOKEN>
				<TOKEN end_char="1943" id="token-8-9" start_char="1942">to</TOKEN>
				<TOKEN end_char="1948" id="token-8-10" start_char="1945">take</TOKEN>
				<TOKEN end_char="1953" id="token-8-11" start_char="1950">this</TOKEN>
				<TOKEN end_char="1959" id="token-8-12" start_char="1955">rifle</TOKEN>
				<TOKEN end_char="1961" id="token-8-13" start_char="1960">,”</TOKEN>
				<TOKEN end_char="1968" id="token-8-14" start_char="1963">Gasior</TOKEN>
				<TOKEN end_char="1973" id="token-8-15" start_char="1970">said</TOKEN>
				<TOKEN end_char="1974" id="token-8-16" start_char="1974">.</TOKEN>
				<TOKEN end_char="1976" id="token-8-17" start_char="1976">“</TOKEN>
				<TOKEN end_char="1980" id="token-8-18" start_char="1977">They</TOKEN>
				<TOKEN end_char="1985" id="token-8-19" start_char="1982">made</TOKEN>
				<TOKEN end_char="1988" id="token-8-20" start_char="1987">me</TOKEN>
				<TOKEN end_char="1999" id="token-8-21" start_char="1990">understand</TOKEN>
				<TOKEN end_char="2002" id="token-8-22" start_char="2001">if</TOKEN>
				<TOKEN end_char="2004" id="token-8-23" start_char="2004">I</TOKEN>
				<TOKEN end_char="2008" id="token-8-24" start_char="2006">did</TOKEN>
				<TOKEN end_char="2012" id="token-8-25" start_char="2010">not</TOKEN>
				<TOKEN end_char="2017" id="token-8-26" start_char="2014">give</TOKEN>
				<TOKEN end_char="2022" id="token-8-27" start_char="2019">them</TOKEN>
				<TOKEN end_char="2026" id="token-8-28" start_char="2024">the</TOKEN>
				<TOKEN end_char="2032" id="token-8-29" start_char="2028">rifle</TOKEN>
				<TOKEN end_char="2033" id="token-8-30" start_char="2033">,</TOKEN>
				<TOKEN end_char="2035" id="token-8-31" start_char="2035">I</TOKEN>
				<TOKEN end_char="2041" id="token-8-32" start_char="2037">would</TOKEN>
				<TOKEN end_char="2044" id="token-8-33" start_char="2043">go</TOKEN>
				<TOKEN end_char="2049" id="token-8-34" start_char="2046">with</TOKEN>
				<TOKEN end_char="2053" id="token-8-35" start_char="2051">the</TOKEN>
				<TOKEN end_char="2059" id="token-8-36" start_char="2055">rifle</TOKEN>
				<TOKEN end_char="2061" id="token-8-37" start_char="2060">.”</TOKEN>
			</SEG>
			<SEG end_char="2335" id="20130629_WAPO_c8ff181a-dcf8-11e2-9218-bc2ac7cd44e2-9" start_char="2063">
				<ORIGINAL_TEXT>Poland is “very protective” of pieces the government considers “related to the defense of the Polish state in any way, shape or form,” said David Stefancic, a history professor at Saint Mary’s College in Notre Dame, Ind. And the Maroszek, he said, is a “very unique piece.”</ORIGINAL_TEXT>
				<TOKEN end_char="2068" id="token-9-0" start_char="2063">Poland</TOKEN>
				<TOKEN end_char="2071" id="token-9-1" start_char="2070">is</TOKEN>
				<TOKEN end_char="2073" id="token-9-2" start_char="2073">“</TOKEN>
				<TOKEN end_char="2077" id="token-9-3" start_char="2074">very</TOKEN>
				<TOKEN end_char="2088" id="token-9-4" start_char="2079">protective</TOKEN>
				<TOKEN end_char="2089" id="token-9-5" start_char="2089">”</TOKEN>
				<TOKEN end_char="2092" id="token-9-6" start_char="2091">of</TOKEN>
				<TOKEN end_char="2099" id="token-9-7" start_char="2094">pieces</TOKEN>
				<TOKEN end_char="2103" id="token-9-8" start_char="2101">the</TOKEN>
				<TOKEN end_char="2114" id="token-9-9" start_char="2105">government</TOKEN>
				<TOKEN end_char="2124" id="token-9-10" start_char="2116">considers</TOKEN>
				<TOKEN end_char="2126" id="token-9-11" start_char="2126">“</TOKEN>
				<TOKEN end_char="2133" id="token-9-12" start_char="2127">related</TOKEN>
				<TOKEN end_char="2136" id="token-9-13" start_char="2135">to</TOKEN>
				<TOKEN end_char="2140" id="token-9-14" start_char="2138">the</TOKEN>
				<TOKEN end_char="2148" id="token-9-15" start_char="2142">defense</TOKEN>
				<TOKEN end_char="2151" id="token-9-16" start_char="2150">of</TOKEN>
				<TOKEN end_char="2155" id="token-9-17" start_char="2153">the</TOKEN>
				<TOKEN end_char="2162" id="token-9-18" start_char="2157">Polish</TOKEN>
				<TOKEN end_char="2168" id="token-9-19" start_char="2164">state</TOKEN>
				<TOKEN end_char="2171" id="token-9-20" start_char="2170">in</TOKEN>
				<TOKEN end_char="2175" id="token-9-21" start_char="2173">any</TOKEN>
				<TOKEN end_char="2179" id="token-9-22" start_char="2177">way</TOKEN>
				<TOKEN end_char="2180" id="token-9-23" start_char="2180">,</TOKEN>
				<TOKEN end_char="2186" id="token-9-24" start_char="2182">shape</TOKEN>
				<TOKEN end_char="2189" id="token-9-25" start_char="2188">or</TOKEN>
				<TOKEN end_char="2194" id="token-9-26" start_char="2191">form</TOKEN>
				<TOKEN end_char="2196" id="token-9-27" start_char="2195">,”</TOKEN>
				<TOKEN end_char="2201" id="token-9-28" start_char="2198">said</TOKEN>
				<TOKEN end_char="2207" id="token-9-29" start_char="2203">David</TOKEN>
				<TOKEN end_char="2217" id="token-9-30" start_char="2209">Stefancic</TOKEN>
				<TOKEN end_char="2218" id="token-9-31" start_char="2218">,</TOKEN>
				<TOKEN end_char="2220" id="token-9-32" start_char="2220">a</TOKEN>
				<TOKEN end_char="2228" id="token-9-33" start_char="2222">history</TOKEN>
				<TOKEN end_char="2238" id="token-9-34" start_char="2230">professor</TOKEN>
				<TOKEN end_char="2241" id="token-9-35" start_char="2240">at</TOKEN>
				<TOKEN end_char="2247" id="token-9-36" start_char="2243">Saint</TOKEN>
				<TOKEN end_char="2252" id="token-9-37" start_char="2249">Mary</TOKEN>
				<TOKEN end_char="2253" id="token-9-38" start_char="2253">’</TOKEN>
				<TOKEN end_char="2254" id="token-9-39" start_char="2254">s</TOKEN>
				<TOKEN end_char="2262" id="token-9-40" start_char="2256">College</TOKEN>
				<TOKEN end_char="2265" id="token-9-41" start_char="2264">in</TOKEN>
				<TOKEN end_char="2271" id="token-9-42" start_char="2267">Notre</TOKEN>
				<TOKEN end_char="2276" id="token-9-43" start_char="2273">Dame</TOKEN>
				<TOKEN end_char="2277" id="token-9-44" start_char="2277">,</TOKEN>
				<TOKEN end_char="2281" id="token-9-45" start_char="2279">Ind</TOKEN>
				<TOKEN end_char="2282" id="token-9-46" start_char="2282">.</TOKEN>
				<TOKEN end_char="2286" id="token-9-47" start_char="2284">And</TOKEN>
				<TOKEN end_char="2290" id="token-9-48" start_char="2288">the</TOKEN>
				<TOKEN end_char="2299" id="token-9-49" start_char="2292">Maroszek</TOKEN>
				<TOKEN end_char="2300" id="token-9-50" start_char="2300">,</TOKEN>
				<TOKEN end_char="2303" id="token-9-51" start_char="2302">he</TOKEN>
				<TOKEN end_char="2308" id="token-9-52" start_char="2305">said</TOKEN>
				<TOKEN end_char="2309" id="token-9-53" start_char="2309">,</TOKEN>
				<TOKEN end_char="2312" id="token-9-54" start_char="2311">is</TOKEN>
				<TOKEN end_char="2314" id="token-9-55" start_char="2314">a</TOKEN>
				<TOKEN end_char="2316" id="token-9-56" start_char="2316">“</TOKEN>
				<TOKEN end_char="2320" id="token-9-57" start_char="2317">very</TOKEN>
				<TOKEN end_char="2327" id="token-9-58" start_char="2322">unique</TOKEN>
				<TOKEN end_char="2333" id="token-9-59" start_char="2329">piece</TOKEN>
				<TOKEN end_char="2335" id="token-9-60" start_char="2334">.”</TOKEN>
			</SEG>
			<SEG end_char="2412" id="20130629_WAPO_c8ff181a-dcf8-11e2-9218-bc2ac7cd44e2-10" start_char="2337">
				<ORIGINAL_TEXT>“To have one in your collection, there’s a lot of bragging rights,” he said.</ORIGINAL_TEXT>
				<TOKEN end_char="2337" id="token-10-0" start_char="2337">“</TOKEN>
				<TOKEN end_char="2339" id="token-10-1" start_char="2338">To</TOKEN>
				<TOKEN end_char="2344" id="token-10-2" start_char="2341">have</TOKEN>
				<TOKEN end_char="2348" id="token-10-3" start_char="2346">one</TOKEN>
				<TOKEN end_char="2351" id="token-10-4" start_char="2350">in</TOKEN>
				<TOKEN end_char="2356" id="token-10-5" start_char="2353">your</TOKEN>
				<TOKEN end_char="2367" id="token-10-6" start_char="2358">collection</TOKEN>
				<TOKEN end_char="2368" id="token-10-7" start_char="2368">,</TOKEN>
				<TOKEN end_char="2374" id="token-10-8" start_char="2370">there</TOKEN>
				<TOKEN end_char="2375" id="token-10-9" start_char="2375">’</TOKEN>
				<TOKEN end_char="2376" id="token-10-10" start_char="2376">s</TOKEN>
				<TOKEN end_char="2378" id="token-10-11" start_char="2378">a</TOKEN>
				<TOKEN end_char="2382" id="token-10-12" start_char="2380">lot</TOKEN>
				<TOKEN end_char="2385" id="token-10-13" start_char="2384">of</TOKEN>
				<TOKEN end_char="2394" id="token-10-14" start_char="2387">bragging</TOKEN>
				<TOKEN end_char="2401" id="token-10-15" start_char="2396">rights</TOKEN>
				<TOKEN end_char="2403" id="token-10-16" start_char="2402">,”</TOKEN>
				<TOKEN end_char="2406" id="token-10-17" start_char="2405">he</TOKEN>
				<TOKEN end_char="2411" id="token-10-18" start_char="2408">said</TOKEN>
				<TOKEN end_char="2412" id="token-10-19" start_char="2412">.</TOKEN>
			</SEG>
			<SEG end_char="2684" id="20130629_WAPO_c8ff181a-dcf8-11e2-9218-bc2ac7cd44e2-11" start_char="2414">
				<ORIGINAL_TEXT>Gasior’s case drew particular attention earlier this year in gun collector circles, when the president of the NRA wrote a commentary for the Washington Times about the case. The gun-rights group even paid to hire a lawyer for Gasior, who said he was an on-and-off member.</ORIGINAL_TEXT>
				<TOKEN end_char="2419" id="token-11-0" start_char="2414">Gasior</TOKEN>
				<TOKEN end_char="2420" id="token-11-1" start_char="2420">’</TOKEN>
				<TOKEN end_char="2421" id="token-11-2" start_char="2421">s</TOKEN>
				<TOKEN end_char="2426" id="token-11-3" start_char="2423">case</TOKEN>
				<TOKEN end_char="2431" id="token-11-4" start_char="2428">drew</TOKEN>
				<TOKEN end_char="2442" id="token-11-5" start_char="2433">particular</TOKEN>
				<TOKEN end_char="2452" id="token-11-6" start_char="2444">attention</TOKEN>
				<TOKEN end_char="2460" id="token-11-7" start_char="2454">earlier</TOKEN>
				<TOKEN end_char="2465" id="token-11-8" start_char="2462">this</TOKEN>
				<TOKEN end_char="2470" id="token-11-9" start_char="2467">year</TOKEN>
				<TOKEN end_char="2473" id="token-11-10" start_char="2472">in</TOKEN>
				<TOKEN end_char="2477" id="token-11-11" start_char="2475">gun</TOKEN>
				<TOKEN end_char="2487" id="token-11-12" start_char="2479">collector</TOKEN>
				<TOKEN end_char="2495" id="token-11-13" start_char="2489">circles</TOKEN>
				<TOKEN end_char="2496" id="token-11-14" start_char="2496">,</TOKEN>
				<TOKEN end_char="2501" id="token-11-15" start_char="2498">when</TOKEN>
				<TOKEN end_char="2505" id="token-11-16" start_char="2503">the</TOKEN>
				<TOKEN end_char="2515" id="token-11-17" start_char="2507">president</TOKEN>
				<TOKEN end_char="2518" id="token-11-18" start_char="2517">of</TOKEN>
				<TOKEN end_char="2522" id="token-11-19" start_char="2520">the</TOKEN>
				<TOKEN end_char="2526" id="token-11-20" start_char="2524">NRA</TOKEN>
				<TOKEN end_char="2532" id="token-11-21" start_char="2528">wrote</TOKEN>
				<TOKEN end_char="2534" id="token-11-22" start_char="2534">a</TOKEN>
				<TOKEN end_char="2545" id="token-11-23" start_char="2536">commentary</TOKEN>
				<TOKEN end_char="2549" id="token-11-24" start_char="2547">for</TOKEN>
				<TOKEN end_char="2553" id="token-11-25" start_char="2551">the</TOKEN>
				<TOKEN end_char="2564" id="token-11-26" start_char="2555">Washington</TOKEN>
				<TOKEN end_char="2570" id="token-11-27" start_char="2566">Times</TOKEN>
				<TOKEN end_char="2576" id="token-11-28" start_char="2572">about</TOKEN>
				<TOKEN end_char="2580" id="token-11-29" start_char="2578">the</TOKEN>
				<TOKEN end_char="2585" id="token-11-30" start_char="2582">case</TOKEN>
				<TOKEN end_char="2586" id="token-11-31" start_char="2586">.</TOKEN>
				<TOKEN end_char="2590" id="token-11-32" start_char="2588">The</TOKEN>
				<TOKEN end_char="2594" id="token-11-33" start_char="2592">gun</TOKEN>
				<TOKEN end_char="2595" id="token-11-34" start_char="2595">-</TOKEN>
				<TOKEN end_char="2601" id="token-11-35" start_char="2596">rights</TOKEN>
				<TOKEN end_char="2607" id="token-11-36" start_char="2603">group</TOKEN>
				<TOKEN end_char="2612" id="token-11-37" start_char="2609">even</TOKEN>
				<TOKEN end_char="2617" id="token-11-38" start_char="2614">paid</TOKEN>
				<TOKEN end_char="2620" id="token-11-39" start_char="2619">to</TOKEN>
				<TOKEN end_char="2625" id="token-11-40" start_char="2622">hire</TOKEN>
				<TOKEN end_char="2627" id="token-11-41" start_char="2627">a</TOKEN>
				<TOKEN end_char="2634" id="token-11-42" start_char="2629">lawyer</TOKEN>
				<TOKEN end_char="2638" id="token-11-43" start_char="2636">for</TOKEN>
				<TOKEN end_char="2645" id="token-11-44" start_char="2640">Gasior</TOKEN>
				<TOKEN end_char="2646" id="token-11-45" start_char="2646">,</TOKEN>
				<TOKEN end_char="2650" id="token-11-46" start_char="2648">who</TOKEN>
				<TOKEN end_char="2655" id="token-11-47" start_char="2652">said</TOKEN>
				<TOKEN end_char="2658" id="token-11-48" start_char="2657">he</TOKEN>
				<TOKEN end_char="2662" id="token-11-49" start_char="2660">was</TOKEN>
				<TOKEN end_char="2665" id="token-11-50" start_char="2664">an</TOKEN>
				<TOKEN end_char="2668" id="token-11-51" start_char="2667">on</TOKEN>
				<TOKEN end_char="2669" id="token-11-52" start_char="2669">-</TOKEN>
				<TOKEN end_char="2672" id="token-11-53" start_char="2670">and</TOKEN>
				<TOKEN end_char="2673" id="token-11-54" start_char="2673">-</TOKEN>
				<TOKEN end_char="2676" id="token-11-55" start_char="2674">off</TOKEN>
				<TOKEN end_char="2683" id="token-11-56" start_char="2678">member</TOKEN>
				<TOKEN end_char="2684" id="token-11-57" start_char="2684">.</TOKEN>
			</SEG>
			<SEG end_char="3007" id="20130629_WAPO_c8ff181a-dcf8-11e2-9218-bc2ac7cd44e2-12" start_char="2686">
				<ORIGINAL_TEXT>Gasior, though, is an unlikely face for a legal showdown with Poland. In a thick Polish accent, the married father of two speaks proudly of his parents’ service in the Polish Home Army and of learning to read from his family’s Polish military history books. His grandfather, he said, died defending Poland in World War II.</ORIGINAL_TEXT>
				<TOKEN end_char="2691" id="token-12-0" start_char="2686">Gasior</TOKEN>
				<TOKEN end_char="2692" id="token-12-1" start_char="2692">,</TOKEN>
				<TOKEN end_char="2699" id="token-12-2" start_char="2694">though</TOKEN>
				<TOKEN end_char="2700" id="token-12-3" start_char="2700">,</TOKEN>
				<TOKEN end_char="2703" id="token-12-4" start_char="2702">is</TOKEN>
				<TOKEN end_char="2706" id="token-12-5" start_char="2705">an</TOKEN>
				<TOKEN end_char="2715" id="token-12-6" start_char="2708">unlikely</TOKEN>
				<TOKEN end_char="2720" id="token-12-7" start_char="2717">face</TOKEN>
				<TOKEN end_char="2724" id="token-12-8" start_char="2722">for</TOKEN>
				<TOKEN end_char="2726" id="token-12-9" start_char="2726">a</TOKEN>
				<TOKEN end_char="2732" id="token-12-10" start_char="2728">legal</TOKEN>
				<TOKEN end_char="2741" id="token-12-11" start_char="2734">showdown</TOKEN>
				<TOKEN end_char="2746" id="token-12-12" start_char="2743">with</TOKEN>
				<TOKEN end_char="2753" id="token-12-13" start_char="2748">Poland</TOKEN>
				<TOKEN end_char="2754" id="token-12-14" start_char="2754">.</TOKEN>
				<TOKEN end_char="2757" id="token-12-15" start_char="2756">In</TOKEN>
				<TOKEN end_char="2759" id="token-12-16" start_char="2759">a</TOKEN>
				<TOKEN end_char="2765" id="token-12-17" start_char="2761">thick</TOKEN>
				<TOKEN end_char="2772" id="token-12-18" start_char="2767">Polish</TOKEN>
				<TOKEN end_char="2779" id="token-12-19" start_char="2774">accent</TOKEN>
				<TOKEN end_char="2780" id="token-12-20" start_char="2780">,</TOKEN>
				<TOKEN end_char="2784" id="token-12-21" start_char="2782">the</TOKEN>
				<TOKEN end_char="2792" id="token-12-22" start_char="2786">married</TOKEN>
				<TOKEN end_char="2799" id="token-12-23" start_char="2794">father</TOKEN>
				<TOKEN end_char="2802" id="token-12-24" start_char="2801">of</TOKEN>
				<TOKEN end_char="2806" id="token-12-25" start_char="2804">two</TOKEN>
				<TOKEN end_char="2813" id="token-12-26" start_char="2808">speaks</TOKEN>
				<TOKEN end_char="2821" id="token-12-27" start_char="2815">proudly</TOKEN>
				<TOKEN end_char="2824" id="token-12-28" start_char="2823">of</TOKEN>
				<TOKEN end_char="2828" id="token-12-29" start_char="2826">his</TOKEN>
				<TOKEN end_char="2836" id="token-12-30" start_char="2830">parents</TOKEN>
				<TOKEN end_char="2837" id="token-12-31" start_char="2837">’</TOKEN>
				<TOKEN end_char="2845" id="token-12-32" start_char="2839">service</TOKEN>
				<TOKEN end_char="2848" id="token-12-33" start_char="2847">in</TOKEN>
				<TOKEN end_char="2852" id="token-12-34" start_char="2850">the</TOKEN>
				<TOKEN end_char="2859" id="token-12-35" start_char="2854">Polish</TOKEN>
				<TOKEN end_char="2864" id="token-12-36" start_char="2861">Home</TOKEN>
				<TOKEN end_char="2869" id="token-12-37" start_char="2866">Army</TOKEN>
				<TOKEN end_char="2873" id="token-12-38" start_char="2871">and</TOKEN>
				<TOKEN end_char="2876" id="token-12-39" start_char="2875">of</TOKEN>
				<TOKEN end_char="2885" id="token-12-40" start_char="2878">learning</TOKEN>
				<TOKEN end_char="2888" id="token-12-41" start_char="2887">to</TOKEN>
				<TOKEN end_char="2893" id="token-12-42" start_char="2890">read</TOKEN>
				<TOKEN end_char="2898" id="token-12-43" start_char="2895">from</TOKEN>
				<TOKEN end_char="2902" id="token-12-44" start_char="2900">his</TOKEN>
				<TOKEN end_char="2909" id="token-12-45" start_char="2904">family</TOKEN>
				<TOKEN end_char="2910" id="token-12-46" start_char="2910">’</TOKEN>
				<TOKEN end_char="2911" id="token-12-47" start_char="2911">s</TOKEN>
				<TOKEN end_char="2918" id="token-12-48" start_char="2913">Polish</TOKEN>
				<TOKEN end_char="2927" id="token-12-49" start_char="2920">military</TOKEN>
				<TOKEN end_char="2935" id="token-12-50" start_char="2929">history</TOKEN>
				<TOKEN end_char="2941" id="token-12-51" start_char="2937">books</TOKEN>
				<TOKEN end_char="2942" id="token-12-52" start_char="2942">.</TOKEN>
				<TOKEN end_char="2946" id="token-12-53" start_char="2944">His</TOKEN>
				<TOKEN end_char="2958" id="token-12-54" start_char="2948">grandfather</TOKEN>
				<TOKEN end_char="2959" id="token-12-55" start_char="2959">,</TOKEN>
				<TOKEN end_char="2962" id="token-12-56" start_char="2961">he</TOKEN>
				<TOKEN end_char="2967" id="token-12-57" start_char="2964">said</TOKEN>
				<TOKEN end_char="2968" id="token-12-58" start_char="2968">,</TOKEN>
				<TOKEN end_char="2973" id="token-12-59" start_char="2970">died</TOKEN>
				<TOKEN end_char="2983" id="token-12-60" start_char="2975">defending</TOKEN>
				<TOKEN end_char="2990" id="token-12-61" start_char="2985">Poland</TOKEN>
				<TOKEN end_char="2993" id="token-12-62" start_char="2992">in</TOKEN>
				<TOKEN end_char="2999" id="token-12-63" start_char="2995">World</TOKEN>
				<TOKEN end_char="3003" id="token-12-64" start_char="3001">War</TOKEN>
				<TOKEN end_char="3006" id="token-12-65" start_char="3005">II</TOKEN>
				<TOKEN end_char="3007" id="token-12-66" start_char="3007">.</TOKEN>
			</SEG>
			<SEG end_char="3307" id="20130629_WAPO_c8ff181a-dcf8-11e2-9218-bc2ac7cd44e2-13" start_char="3009">
				<ORIGINAL_TEXT>Gasior immigrated to the U.S. in 1985, studying international relations and political science at UCLA before he moved to Virginia to work for General Electric and Ericsson, a communications company. He said he transitioned to collecting and selling antique weapons full-time as his finances allowed.</ORIGINAL_TEXT>
				<TOKEN end_char="3014" id="token-13-0" start_char="3009">Gasior</TOKEN>
				<TOKEN end_char="3025" id="token-13-1" start_char="3016">immigrated</TOKEN>
				<TOKEN end_char="3028" id="token-13-2" start_char="3027">to</TOKEN>
				<TOKEN end_char="3032" id="token-13-3" start_char="3030">the</TOKEN>
				<TOKEN end_char="3034" id="token-13-4" start_char="3034">U</TOKEN>
				<TOKEN end_char="3035" id="token-13-5" start_char="3035">.</TOKEN>
				<TOKEN end_char="3036" id="token-13-6" start_char="3036">S</TOKEN>
				<TOKEN end_char="3037" id="token-13-7" start_char="3037">.</TOKEN>
				<TOKEN end_char="3040" id="token-13-8" start_char="3039">in</TOKEN>
				<TOKEN end_char="3045" id="token-13-9" start_char="3042">1985</TOKEN>
				<TOKEN end_char="3046" id="token-13-10" start_char="3046">,</TOKEN>
				<TOKEN end_char="3055" id="token-13-11" start_char="3048">studying</TOKEN>
				<TOKEN end_char="3069" id="token-13-12" start_char="3057">international</TOKEN>
				<TOKEN end_char="3079" id="token-13-13" start_char="3071">relations</TOKEN>
				<TOKEN end_char="3083" id="token-13-14" start_char="3081">and</TOKEN>
				<TOKEN end_char="3093" id="token-13-15" start_char="3085">political</TOKEN>
				<TOKEN end_char="3101" id="token-13-16" start_char="3095">science</TOKEN>
				<TOKEN end_char="3104" id="token-13-17" start_char="3103">at</TOKEN>
				<TOKEN end_char="3109" id="token-13-18" start_char="3106">UCLA</TOKEN>
				<TOKEN end_char="3116" id="token-13-19" start_char="3111">before</TOKEN>
				<TOKEN end_char="3119" id="token-13-20" start_char="3118">he</TOKEN>
				<TOKEN end_char="3125" id="token-13-21" start_char="3121">moved</TOKEN>
				<TOKEN end_char="3128" id="token-13-22" start_char="3127">to</TOKEN>
				<TOKEN end_char="3137" id="token-13-23" start_char="3130">Virginia</TOKEN>
				<TOKEN end_char="3140" id="token-13-24" start_char="3139">to</TOKEN>
				<TOKEN end_char="3145" id="token-13-25" start_char="3142">work</TOKEN>
				<TOKEN end_char="3149" id="token-13-26" start_char="3147">for</TOKEN>
				<TOKEN end_char="3157" id="token-13-27" start_char="3151">General</TOKEN>
				<TOKEN end_char="3166" id="token-13-28" start_char="3159">Electric</TOKEN>
				<TOKEN end_char="3170" id="token-13-29" start_char="3168">and</TOKEN>
				<TOKEN end_char="3179" id="token-13-30" start_char="3172">Ericsson</TOKEN>
				<TOKEN end_char="3180" id="token-13-31" start_char="3180">,</TOKEN>
				<TOKEN end_char="3182" id="token-13-32" start_char="3182">a</TOKEN>
				<TOKEN end_char="3197" id="token-13-33" start_char="3184">communications</TOKEN>
				<TOKEN end_char="3205" id="token-13-34" start_char="3199">company</TOKEN>
				<TOKEN end_char="3206" id="token-13-35" start_char="3206">.</TOKEN>
				<TOKEN end_char="3209" id="token-13-36" start_char="3208">He</TOKEN>
				<TOKEN end_char="3214" id="token-13-37" start_char="3211">said</TOKEN>
				<TOKEN end_char="3217" id="token-13-38" start_char="3216">he</TOKEN>
				<TOKEN end_char="3230" id="token-13-39" start_char="3219">transitioned</TOKEN>
				<TOKEN end_char="3233" id="token-13-40" start_char="3232">to</TOKEN>
				<TOKEN end_char="3244" id="token-13-41" start_char="3235">collecting</TOKEN>
				<TOKEN end_char="3248" id="token-13-42" start_char="3246">and</TOKEN>
				<TOKEN end_char="3256" id="token-13-43" start_char="3250">selling</TOKEN>
				<TOKEN end_char="3264" id="token-13-44" start_char="3258">antique</TOKEN>
				<TOKEN end_char="3272" id="token-13-45" start_char="3266">weapons</TOKEN>
				<TOKEN end_char="3277" id="token-13-46" start_char="3274">full</TOKEN>
				<TOKEN end_char="3278" id="token-13-47" start_char="3278">-</TOKEN>
				<TOKEN end_char="3282" id="token-13-48" start_char="3279">time</TOKEN>
				<TOKEN end_char="3285" id="token-13-49" start_char="3284">as</TOKEN>
				<TOKEN end_char="3289" id="token-13-50" start_char="3287">his</TOKEN>
				<TOKEN end_char="3298" id="token-13-51" start_char="3291">finances</TOKEN>
				<TOKEN end_char="3306" id="token-13-52" start_char="3300">allowed</TOKEN>
				<TOKEN end_char="3307" id="token-13-53" start_char="3307">.</TOKEN>
			</SEG>
			<SEG end_char="3637" id="20130629_WAPO_c8ff181a-dcf8-11e2-9218-bc2ac7cd44e2-14" start_char="3309">
				<ORIGINAL_TEXT>Though his business inventory of weapons at one time numbered more than 2,000, Gasior said he decided recently to retire and sell any guns that required him to keep a federal firearms license. These days, he spends most of his time taking his sons fishing or riding his Honda Shadow motorcycle on the country roads near his home.</ORIGINAL_TEXT>
				<TOKEN end_char="3314" id="token-14-0" start_char="3309">Though</TOKEN>
				<TOKEN end_char="3318" id="token-14-1" start_char="3316">his</TOKEN>
				<TOKEN end_char="3327" id="token-14-2" start_char="3320">business</TOKEN>
				<TOKEN end_char="3337" id="token-14-3" start_char="3329">inventory</TOKEN>
				<TOKEN end_char="3340" id="token-14-4" start_char="3339">of</TOKEN>
				<TOKEN end_char="3348" id="token-14-5" start_char="3342">weapons</TOKEN>
				<TOKEN end_char="3351" id="token-14-6" start_char="3350">at</TOKEN>
				<TOKEN end_char="3355" id="token-14-7" start_char="3353">one</TOKEN>
				<TOKEN end_char="3360" id="token-14-8" start_char="3357">time</TOKEN>
				<TOKEN end_char="3369" id="token-14-9" start_char="3362">numbered</TOKEN>
				<TOKEN end_char="3374" id="token-14-10" start_char="3371">more</TOKEN>
				<TOKEN end_char="3379" id="token-14-11" start_char="3376">than</TOKEN>
				<TOKEN end_char="3381" id="token-14-12" start_char="3381">2</TOKEN>
				<TOKEN end_char="3382" id="token-14-13" start_char="3382">,</TOKEN>
				<TOKEN end_char="3385" id="token-14-14" start_char="3383">000</TOKEN>
				<TOKEN end_char="3386" id="token-14-15" start_char="3386">,</TOKEN>
				<TOKEN end_char="3393" id="token-14-16" start_char="3388">Gasior</TOKEN>
				<TOKEN end_char="3398" id="token-14-17" start_char="3395">said</TOKEN>
				<TOKEN end_char="3401" id="token-14-18" start_char="3400">he</TOKEN>
				<TOKEN end_char="3409" id="token-14-19" start_char="3403">decided</TOKEN>
				<TOKEN end_char="3418" id="token-14-20" start_char="3411">recently</TOKEN>
				<TOKEN end_char="3421" id="token-14-21" start_char="3420">to</TOKEN>
				<TOKEN end_char="3428" id="token-14-22" start_char="3423">retire</TOKEN>
				<TOKEN end_char="3432" id="token-14-23" start_char="3430">and</TOKEN>
				<TOKEN end_char="3437" id="token-14-24" start_char="3434">sell</TOKEN>
				<TOKEN end_char="3441" id="token-14-25" start_char="3439">any</TOKEN>
				<TOKEN end_char="3446" id="token-14-26" start_char="3443">guns</TOKEN>
				<TOKEN end_char="3451" id="token-14-27" start_char="3448">that</TOKEN>
				<TOKEN end_char="3460" id="token-14-28" start_char="3453">required</TOKEN>
				<TOKEN end_char="3464" id="token-14-29" start_char="3462">him</TOKEN>
				<TOKEN end_char="3467" id="token-14-30" start_char="3466">to</TOKEN>
				<TOKEN end_char="3472" id="token-14-31" start_char="3469">keep</TOKEN>
				<TOKEN end_char="3474" id="token-14-32" start_char="3474">a</TOKEN>
				<TOKEN end_char="3482" id="token-14-33" start_char="3476">federal</TOKEN>
				<TOKEN end_char="3491" id="token-14-34" start_char="3484">firearms</TOKEN>
				<TOKEN end_char="3499" id="token-14-35" start_char="3493">license</TOKEN>
				<TOKEN end_char="3500" id="token-14-36" start_char="3500">.</TOKEN>
				<TOKEN end_char="3506" id="token-14-37" start_char="3502">These</TOKEN>
				<TOKEN end_char="3511" id="token-14-38" start_char="3508">days</TOKEN>
				<TOKEN end_char="3512" id="token-14-39" start_char="3512">,</TOKEN>
				<TOKEN end_char="3515" id="token-14-40" start_char="3514">he</TOKEN>
				<TOKEN end_char="3522" id="token-14-41" start_char="3517">spends</TOKEN>
				<TOKEN end_char="3527" id="token-14-42" start_char="3524">most</TOKEN>
				<TOKEN end_char="3530" id="token-14-43" start_char="3529">of</TOKEN>
				<TOKEN end_char="3534" id="token-14-44" start_char="3532">his</TOKEN>
				<TOKEN end_char="3539" id="token-14-45" start_char="3536">time</TOKEN>
				<TOKEN end_char="3546" id="token-14-46" start_char="3541">taking</TOKEN>
				<TOKEN end_char="3550" id="token-14-47" start_char="3548">his</TOKEN>
				<TOKEN end_char="3555" id="token-14-48" start_char="3552">sons</TOKEN>
				<TOKEN end_char="3563" id="token-14-49" start_char="3557">fishing</TOKEN>
				<TOKEN end_char="3566" id="token-14-50" start_char="3565">or</TOKEN>
				<TOKEN end_char="3573" id="token-14-51" start_char="3568">riding</TOKEN>
				<TOKEN end_char="3577" id="token-14-52" start_char="3575">his</TOKEN>
				<TOKEN end_char="3583" id="token-14-53" start_char="3579">Honda</TOKEN>
				<TOKEN end_char="3590" id="token-14-54" start_char="3585">Shadow</TOKEN>
				<TOKEN end_char="3601" id="token-14-55" start_char="3592">motorcycle</TOKEN>
				<TOKEN end_char="3604" id="token-14-56" start_char="3603">on</TOKEN>
				<TOKEN end_char="3608" id="token-14-57" start_char="3606">the</TOKEN>
				<TOKEN end_char="3616" id="token-14-58" start_char="3610">country</TOKEN>
				<TOKEN end_char="3622" id="token-14-59" start_char="3618">roads</TOKEN>
				<TOKEN end_char="3627" id="token-14-60" start_char="3624">near</TOKEN>
				<TOKEN end_char="3631" id="token-14-61" start_char="3629">his</TOKEN>
				<TOKEN end_char="3636" id="token-14-62" start_char="3633">home</TOKEN>
				<TOKEN end_char="3637" id="token-14-63" start_char="3637">.</TOKEN>
			</SEG>
			<SEG end_char="3753" id="20130629_WAPO_c8ff181a-dcf8-11e2-9218-bc2ac7cd44e2-15" start_char="3639">
				<ORIGINAL_TEXT>“It wasn’t really a case where I was looking for troubles,” Gasior said. “Troubles came to me, quite unexpectedly.”</ORIGINAL_TEXT>
				<TOKEN end_char="3639" id="token-15-0" start_char="3639">“</TOKEN>
				<TOKEN end_char="3641" id="token-15-1" start_char="3640">It</TOKEN>
				<TOKEN end_char="3646" id="token-15-2" start_char="3643">wasn</TOKEN>
				<TOKEN end_char="3647" id="token-15-3" start_char="3647">’</TOKEN>
				<TOKEN end_char="3648" id="token-15-4" start_char="3648">t</TOKEN>
				<TOKEN end_char="3655" id="token-15-5" start_char="3650">really</TOKEN>
				<TOKEN end_char="3657" id="token-15-6" start_char="3657">a</TOKEN>
				<TOKEN end_char="3662" id="token-15-7" start_char="3659">case</TOKEN>
				<TOKEN end_char="3668" id="token-15-8" start_char="3664">where</TOKEN>
				<TOKEN end_char="3670" id="token-15-9" start_char="3670">I</TOKEN>
				<TOKEN end_char="3674" id="token-15-10" start_char="3672">was</TOKEN>
				<TOKEN end_char="3682" id="token-15-11" start_char="3676">looking</TOKEN>
				<TOKEN end_char="3686" id="token-15-12" start_char="3684">for</TOKEN>
				<TOKEN end_char="3695" id="token-15-13" start_char="3688">troubles</TOKEN>
				<TOKEN end_char="3697" id="token-15-14" start_char="3696">,”</TOKEN>
				<TOKEN end_char="3704" id="token-15-15" start_char="3699">Gasior</TOKEN>
				<TOKEN end_char="3709" id="token-15-16" start_char="3706">said</TOKEN>
				<TOKEN end_char="3710" id="token-15-17" start_char="3710">.</TOKEN>
				<TOKEN end_char="3712" id="token-15-18" start_char="3712">“</TOKEN>
				<TOKEN end_char="3720" id="token-15-19" start_char="3713">Troubles</TOKEN>
				<TOKEN end_char="3725" id="token-15-20" start_char="3722">came</TOKEN>
				<TOKEN end_char="3728" id="token-15-21" start_char="3727">to</TOKEN>
				<TOKEN end_char="3731" id="token-15-22" start_char="3730">me</TOKEN>
				<TOKEN end_char="3732" id="token-15-23" start_char="3732">,</TOKEN>
				<TOKEN end_char="3738" id="token-15-24" start_char="3734">quite</TOKEN>
				<TOKEN end_char="3751" id="token-15-25" start_char="3740">unexpectedly</TOKEN>
				<TOKEN end_char="3753" id="token-15-26" start_char="3752">.”</TOKEN>
			</SEG>
		</TEXT>
	</DOC>
</LCTL_TEXT>
