<?xml version="1.0" encoding="utf-8"?>
<LCTL_TEXT>
	<DOC id="20130915_WAPO_b375f724-1e21-11e3-9ad0-96244100e647">
		<TEXT>
			<SEG end_char="62" id="20130915_WAPO_b375f724-1e21-11e3-9ad0-96244100e647-0" start_char="0">
				<ORIGINAL_TEXT>Kerry tells Israel that Syria accord is no prelude to Iran deal</ORIGINAL_TEXT>
				<TOKEN end_char="4" id="token-0-0" start_char="0">Kerry</TOKEN>
				<TOKEN end_char="10" id="token-0-1" start_char="6">tells</TOKEN>
				<TOKEN end_char="17" id="token-0-2" start_char="12">Israel</TOKEN>
				<TOKEN end_char="22" id="token-0-3" start_char="19">that</TOKEN>
				<TOKEN end_char="28" id="token-0-4" start_char="24">Syria</TOKEN>
				<TOKEN end_char="35" id="token-0-5" start_char="30">accord</TOKEN>
				<TOKEN end_char="38" id="token-0-6" start_char="37">is</TOKEN>
				<TOKEN end_char="41" id="token-0-7" start_char="40">no</TOKEN>
				<TOKEN end_char="49" id="token-0-8" start_char="43">prelude</TOKEN>
				<TOKEN end_char="52" id="token-0-9" start_char="51">to</TOKEN>
				<TOKEN end_char="57" id="token-0-10" start_char="54">Iran</TOKEN>
				<TOKEN end_char="62" id="token-0-11" start_char="59">deal</TOKEN>
			</SEG>
			<SEG end_char="108" id="20130915_WAPO_b375f724-1e21-11e3-9ad0-96244100e647-1" start_char="64">
				<ORIGINAL_TEXT>Sunday, September 15, 2013 13:44:54 GMT-05:00</ORIGINAL_TEXT>
				<TOKEN end_char="69" id="token-1-0" start_char="64">Sunday</TOKEN>
				<TOKEN end_char="70" id="token-1-1" start_char="70">,</TOKEN>
				<TOKEN end_char="80" id="token-1-2" start_char="72">September</TOKEN>
				<TOKEN end_char="83" id="token-1-3" start_char="82">15</TOKEN>
				<TOKEN end_char="84" id="token-1-4" start_char="84">,</TOKEN>
				<TOKEN end_char="89" id="token-1-5" start_char="86">2013</TOKEN>
				<TOKEN end_char="92" id="token-1-6" start_char="91">13</TOKEN>
				<TOKEN end_char="93" id="token-1-7" start_char="93">:</TOKEN>
				<TOKEN end_char="95" id="token-1-8" start_char="94">44</TOKEN>
				<TOKEN end_char="96" id="token-1-9" start_char="96">:</TOKEN>
				<TOKEN end_char="98" id="token-1-10" start_char="97">54</TOKEN>
				<TOKEN end_char="102" id="token-1-11" start_char="100">GMT</TOKEN>
				<TOKEN end_char="103" id="token-1-12" start_char="103">-</TOKEN>
				<TOKEN end_char="105" id="token-1-13" start_char="104">05</TOKEN>
				<TOKEN end_char="106" id="token-1-14" start_char="106">:</TOKEN>
				<TOKEN end_char="108" id="token-1-15" start_char="107">00</TOKEN>
			</SEG>
			<SEG end_char="319" id="20130915_WAPO_b375f724-1e21-11e3-9ad0-96244100e647-2" start_char="110">
				<ORIGINAL_TEXT>JERUSALEM — The U.S. government sought to reassure Israel on Sunday that the U.S.-Russia deal to secure Syria’s chemical weapons does not diminish American resolve to prevent Iran from gaining a nuclear weapon.</ORIGINAL_TEXT>
				<TOKEN end_char="118" id="token-2-0" start_char="110">JERUSALEM</TOKEN>
				<TOKEN end_char="120" id="token-2-1" start_char="120">—</TOKEN>
				<TOKEN end_char="124" id="token-2-2" start_char="122">The</TOKEN>
				<TOKEN end_char="126" id="token-2-3" start_char="126">U</TOKEN>
				<TOKEN end_char="127" id="token-2-4" start_char="127">.</TOKEN>
				<TOKEN end_char="128" id="token-2-5" start_char="128">S</TOKEN>
				<TOKEN end_char="129" id="token-2-6" start_char="129">.</TOKEN>
				<TOKEN end_char="140" id="token-2-7" start_char="131">government</TOKEN>
				<TOKEN end_char="147" id="token-2-8" start_char="142">sought</TOKEN>
				<TOKEN end_char="150" id="token-2-9" start_char="149">to</TOKEN>
				<TOKEN end_char="159" id="token-2-10" start_char="152">reassure</TOKEN>
				<TOKEN end_char="166" id="token-2-11" start_char="161">Israel</TOKEN>
				<TOKEN end_char="169" id="token-2-12" start_char="168">on</TOKEN>
				<TOKEN end_char="176" id="token-2-13" start_char="171">Sunday</TOKEN>
				<TOKEN end_char="181" id="token-2-14" start_char="178">that</TOKEN>
				<TOKEN end_char="185" id="token-2-15" start_char="183">the</TOKEN>
				<TOKEN end_char="187" id="token-2-16" start_char="187">U</TOKEN>
				<TOKEN end_char="188" id="token-2-17" start_char="188">.</TOKEN>
				<TOKEN end_char="189" id="token-2-18" start_char="189">S</TOKEN>
				<TOKEN end_char="191" id="token-2-19" start_char="190">.-</TOKEN>
				<TOKEN end_char="197" id="token-2-20" start_char="192">Russia</TOKEN>
				<TOKEN end_char="202" id="token-2-21" start_char="199">deal</TOKEN>
				<TOKEN end_char="205" id="token-2-22" start_char="204">to</TOKEN>
				<TOKEN end_char="212" id="token-2-23" start_char="207">secure</TOKEN>
				<TOKEN end_char="218" id="token-2-24" start_char="214">Syria</TOKEN>
				<TOKEN end_char="219" id="token-2-25" start_char="219">’</TOKEN>
				<TOKEN end_char="220" id="token-2-26" start_char="220">s</TOKEN>
				<TOKEN end_char="229" id="token-2-27" start_char="222">chemical</TOKEN>
				<TOKEN end_char="237" id="token-2-28" start_char="231">weapons</TOKEN>
				<TOKEN end_char="242" id="token-2-29" start_char="239">does</TOKEN>
				<TOKEN end_char="246" id="token-2-30" start_char="244">not</TOKEN>
				<TOKEN end_char="255" id="token-2-31" start_char="248">diminish</TOKEN>
				<TOKEN end_char="264" id="token-2-32" start_char="257">American</TOKEN>
				<TOKEN end_char="272" id="token-2-33" start_char="266">resolve</TOKEN>
				<TOKEN end_char="275" id="token-2-34" start_char="274">to</TOKEN>
				<TOKEN end_char="283" id="token-2-35" start_char="277">prevent</TOKEN>
				<TOKEN end_char="288" id="token-2-36" start_char="285">Iran</TOKEN>
				<TOKEN end_char="293" id="token-2-37" start_char="290">from</TOKEN>
				<TOKEN end_char="301" id="token-2-38" start_char="295">gaining</TOKEN>
				<TOKEN end_char="303" id="token-2-39" start_char="303">a</TOKEN>
				<TOKEN end_char="311" id="token-2-40" start_char="305">nuclear</TOKEN>
				<TOKEN end_char="318" id="token-2-41" start_char="313">weapon</TOKEN>
				<TOKEN end_char="319" id="token-2-42" start_char="319">.</TOKEN>
			</SEG>
			<SEG end_char="494" id="20130915_WAPO_b375f724-1e21-11e3-9ad0-96244100e647-3" start_char="321">
				<ORIGINAL_TEXT>Secretary of State John F. Kerry flew to Israel to personally brief Prime Minister Benjamin Netanyahu on what he called “the most far-reaching chemical weapons removal ever.”</ORIGINAL_TEXT>
				<TOKEN end_char="329" id="token-3-0" start_char="321">Secretary</TOKEN>
				<TOKEN end_char="332" id="token-3-1" start_char="331">of</TOKEN>
				<TOKEN end_char="338" id="token-3-2" start_char="334">State</TOKEN>
				<TOKEN end_char="343" id="token-3-3" start_char="340">John</TOKEN>
				<TOKEN end_char="345" id="token-3-4" start_char="345">F</TOKEN>
				<TOKEN end_char="346" id="token-3-5" start_char="346">.</TOKEN>
				<TOKEN end_char="352" id="token-3-6" start_char="348">Kerry</TOKEN>
				<TOKEN end_char="357" id="token-3-7" start_char="354">flew</TOKEN>
				<TOKEN end_char="360" id="token-3-8" start_char="359">to</TOKEN>
				<TOKEN end_char="367" id="token-3-9" start_char="362">Israel</TOKEN>
				<TOKEN end_char="370" id="token-3-10" start_char="369">to</TOKEN>
				<TOKEN end_char="381" id="token-3-11" start_char="372">personally</TOKEN>
				<TOKEN end_char="387" id="token-3-12" start_char="383">brief</TOKEN>
				<TOKEN end_char="393" id="token-3-13" start_char="389">Prime</TOKEN>
				<TOKEN end_char="402" id="token-3-14" start_char="395">Minister</TOKEN>
				<TOKEN end_char="411" id="token-3-15" start_char="404">Benjamin</TOKEN>
				<TOKEN end_char="421" id="token-3-16" start_char="413">Netanyahu</TOKEN>
				<TOKEN end_char="424" id="token-3-17" start_char="423">on</TOKEN>
				<TOKEN end_char="429" id="token-3-18" start_char="426">what</TOKEN>
				<TOKEN end_char="432" id="token-3-19" start_char="431">he</TOKEN>
				<TOKEN end_char="439" id="token-3-20" start_char="434">called</TOKEN>
				<TOKEN end_char="441" id="token-3-21" start_char="441">“</TOKEN>
				<TOKEN end_char="444" id="token-3-22" start_char="442">the</TOKEN>
				<TOKEN end_char="449" id="token-3-23" start_char="446">most</TOKEN>
				<TOKEN end_char="453" id="token-3-24" start_char="451">far</TOKEN>
				<TOKEN end_char="454" id="token-3-25" start_char="454">-</TOKEN>
				<TOKEN end_char="462" id="token-3-26" start_char="455">reaching</TOKEN>
				<TOKEN end_char="471" id="token-3-27" start_char="464">chemical</TOKEN>
				<TOKEN end_char="479" id="token-3-28" start_char="473">weapons</TOKEN>
				<TOKEN end_char="487" id="token-3-29" start_char="481">removal</TOKEN>
				<TOKEN end_char="492" id="token-3-30" start_char="489">ever</TOKEN>
				<TOKEN end_char="494" id="token-3-31" start_char="493">.”</TOKEN>
			</SEG>
			<SEG end_char="682" id="20130915_WAPO_b375f724-1e21-11e3-9ad0-96244100e647-4" start_char="496">
				<ORIGINAL_TEXT>“We cannot have hollow words in the conduct of international affairs, because that affects all other issues, whether Iran or North Korea or others,” Kerry said after talks with Netanyahu.</ORIGINAL_TEXT>
				<TOKEN end_char="496" id="token-4-0" start_char="496">“</TOKEN>
				<TOKEN end_char="498" id="token-4-1" start_char="497">We</TOKEN>
				<TOKEN end_char="505" id="token-4-2" start_char="500">cannot</TOKEN>
				<TOKEN end_char="510" id="token-4-3" start_char="507">have</TOKEN>
				<TOKEN end_char="517" id="token-4-4" start_char="512">hollow</TOKEN>
				<TOKEN end_char="523" id="token-4-5" start_char="519">words</TOKEN>
				<TOKEN end_char="526" id="token-4-6" start_char="525">in</TOKEN>
				<TOKEN end_char="530" id="token-4-7" start_char="528">the</TOKEN>
				<TOKEN end_char="538" id="token-4-8" start_char="532">conduct</TOKEN>
				<TOKEN end_char="541" id="token-4-9" start_char="540">of</TOKEN>
				<TOKEN end_char="555" id="token-4-10" start_char="543">international</TOKEN>
				<TOKEN end_char="563" id="token-4-11" start_char="557">affairs</TOKEN>
				<TOKEN end_char="564" id="token-4-12" start_char="564">,</TOKEN>
				<TOKEN end_char="572" id="token-4-13" start_char="566">because</TOKEN>
				<TOKEN end_char="577" id="token-4-14" start_char="574">that</TOKEN>
				<TOKEN end_char="585" id="token-4-15" start_char="579">affects</TOKEN>
				<TOKEN end_char="589" id="token-4-16" start_char="587">all</TOKEN>
				<TOKEN end_char="595" id="token-4-17" start_char="591">other</TOKEN>
				<TOKEN end_char="602" id="token-4-18" start_char="597">issues</TOKEN>
				<TOKEN end_char="603" id="token-4-19" start_char="603">,</TOKEN>
				<TOKEN end_char="611" id="token-4-20" start_char="605">whether</TOKEN>
				<TOKEN end_char="616" id="token-4-21" start_char="613">Iran</TOKEN>
				<TOKEN end_char="619" id="token-4-22" start_char="618">or</TOKEN>
				<TOKEN end_char="625" id="token-4-23" start_char="621">North</TOKEN>
				<TOKEN end_char="631" id="token-4-24" start_char="627">Korea</TOKEN>
				<TOKEN end_char="634" id="token-4-25" start_char="633">or</TOKEN>
				<TOKEN end_char="641" id="token-4-26" start_char="636">others</TOKEN>
				<TOKEN end_char="643" id="token-4-27" start_char="642">,”</TOKEN>
				<TOKEN end_char="649" id="token-4-28" start_char="645">Kerry</TOKEN>
				<TOKEN end_char="654" id="token-4-29" start_char="651">said</TOKEN>
				<TOKEN end_char="660" id="token-4-30" start_char="656">after</TOKEN>
				<TOKEN end_char="666" id="token-4-31" start_char="662">talks</TOKEN>
				<TOKEN end_char="671" id="token-4-32" start_char="668">with</TOKEN>
				<TOKEN end_char="681" id="token-4-33" start_char="673">Netanyahu</TOKEN>
				<TOKEN end_char="682" id="token-4-34" start_char="682">.</TOKEN>
			</SEG>
			<SEG end_char="1048" id="20130915_WAPO_b375f724-1e21-11e3-9ad0-96244100e647-5" start_char="684">
				<ORIGINAL_TEXT>President Obama told ABC’s “This Week” in an interview broadcast Sunday that Iran understands that its nuclear program is “a far larger issue for us” than the use of chemical weapons in Syria and that the threat a nuclear-armed Iran would pose to Israel “is much closer to our core interests.” He said he was in “indirect” communication with the Iranian leadership.</ORIGINAL_TEXT>
				<TOKEN end_char="692" id="token-5-0" start_char="684">President</TOKEN>
				<TOKEN end_char="698" id="token-5-1" start_char="694">Obama</TOKEN>
				<TOKEN end_char="703" id="token-5-2" start_char="700">told</TOKEN>
				<TOKEN end_char="707" id="token-5-3" start_char="705">ABC</TOKEN>
				<TOKEN end_char="708" id="token-5-4" start_char="708">’</TOKEN>
				<TOKEN end_char="709" id="token-5-5" start_char="709">s</TOKEN>
				<TOKEN end_char="711" id="token-5-6" start_char="711">“</TOKEN>
				<TOKEN end_char="715" id="token-5-7" start_char="712">This</TOKEN>
				<TOKEN end_char="720" id="token-5-8" start_char="717">Week</TOKEN>
				<TOKEN end_char="721" id="token-5-9" start_char="721">”</TOKEN>
				<TOKEN end_char="724" id="token-5-10" start_char="723">in</TOKEN>
				<TOKEN end_char="727" id="token-5-11" start_char="726">an</TOKEN>
				<TOKEN end_char="737" id="token-5-12" start_char="729">interview</TOKEN>
				<TOKEN end_char="747" id="token-5-13" start_char="739">broadcast</TOKEN>
				<TOKEN end_char="754" id="token-5-14" start_char="749">Sunday</TOKEN>
				<TOKEN end_char="759" id="token-5-15" start_char="756">that</TOKEN>
				<TOKEN end_char="764" id="token-5-16" start_char="761">Iran</TOKEN>
				<TOKEN end_char="776" id="token-5-17" start_char="766">understands</TOKEN>
				<TOKEN end_char="781" id="token-5-18" start_char="778">that</TOKEN>
				<TOKEN end_char="785" id="token-5-19" start_char="783">its</TOKEN>
				<TOKEN end_char="793" id="token-5-20" start_char="787">nuclear</TOKEN>
				<TOKEN end_char="801" id="token-5-21" start_char="795">program</TOKEN>
				<TOKEN end_char="804" id="token-5-22" start_char="803">is</TOKEN>
				<TOKEN end_char="806" id="token-5-23" start_char="806">“</TOKEN>
				<TOKEN end_char="807" id="token-5-24" start_char="807">a</TOKEN>
				<TOKEN end_char="811" id="token-5-25" start_char="809">far</TOKEN>
				<TOKEN end_char="818" id="token-5-26" start_char="813">larger</TOKEN>
				<TOKEN end_char="824" id="token-5-27" start_char="820">issue</TOKEN>
				<TOKEN end_char="828" id="token-5-28" start_char="826">for</TOKEN>
				<TOKEN end_char="831" id="token-5-29" start_char="830">us</TOKEN>
				<TOKEN end_char="832" id="token-5-30" start_char="832">”</TOKEN>
				<TOKEN end_char="837" id="token-5-31" start_char="834">than</TOKEN>
				<TOKEN end_char="841" id="token-5-32" start_char="839">the</TOKEN>
				<TOKEN end_char="845" id="token-5-33" start_char="843">use</TOKEN>
				<TOKEN end_char="848" id="token-5-34" start_char="847">of</TOKEN>
				<TOKEN end_char="857" id="token-5-35" start_char="850">chemical</TOKEN>
				<TOKEN end_char="865" id="token-5-36" start_char="859">weapons</TOKEN>
				<TOKEN end_char="868" id="token-5-37" start_char="867">in</TOKEN>
				<TOKEN end_char="874" id="token-5-38" start_char="870">Syria</TOKEN>
				<TOKEN end_char="878" id="token-5-39" start_char="876">and</TOKEN>
				<TOKEN end_char="883" id="token-5-40" start_char="880">that</TOKEN>
				<TOKEN end_char="887" id="token-5-41" start_char="885">the</TOKEN>
				<TOKEN end_char="894" id="token-5-42" start_char="889">threat</TOKEN>
				<TOKEN end_char="896" id="token-5-43" start_char="896">a</TOKEN>
				<TOKEN end_char="904" id="token-5-44" start_char="898">nuclear</TOKEN>
				<TOKEN end_char="905" id="token-5-45" start_char="905">-</TOKEN>
				<TOKEN end_char="910" id="token-5-46" start_char="906">armed</TOKEN>
				<TOKEN end_char="915" id="token-5-47" start_char="912">Iran</TOKEN>
				<TOKEN end_char="921" id="token-5-48" start_char="917">would</TOKEN>
				<TOKEN end_char="926" id="token-5-49" start_char="923">pose</TOKEN>
				<TOKEN end_char="929" id="token-5-50" start_char="928">to</TOKEN>
				<TOKEN end_char="936" id="token-5-51" start_char="931">Israel</TOKEN>
				<TOKEN end_char="938" id="token-5-52" start_char="938">“</TOKEN>
				<TOKEN end_char="940" id="token-5-53" start_char="939">is</TOKEN>
				<TOKEN end_char="945" id="token-5-54" start_char="942">much</TOKEN>
				<TOKEN end_char="952" id="token-5-55" start_char="947">closer</TOKEN>
				<TOKEN end_char="955" id="token-5-56" start_char="954">to</TOKEN>
				<TOKEN end_char="959" id="token-5-57" start_char="957">our</TOKEN>
				<TOKEN end_char="964" id="token-5-58" start_char="961">core</TOKEN>
				<TOKEN end_char="974" id="token-5-59" start_char="966">interests</TOKEN>
				<TOKEN end_char="976" id="token-5-60" start_char="975">.”</TOKEN>
				<TOKEN end_char="979" id="token-5-61" start_char="978">He</TOKEN>
				<TOKEN end_char="984" id="token-5-62" start_char="981">said</TOKEN>
				<TOKEN end_char="987" id="token-5-63" start_char="986">he</TOKEN>
				<TOKEN end_char="991" id="token-5-64" start_char="989">was</TOKEN>
				<TOKEN end_char="994" id="token-5-65" start_char="993">in</TOKEN>
				<TOKEN end_char="996" id="token-5-66" start_char="996">“</TOKEN>
				<TOKEN end_char="1004" id="token-5-67" start_char="997">indirect</TOKEN>
				<TOKEN end_char="1005" id="token-5-68" start_char="1005">”</TOKEN>
				<TOKEN end_char="1019" id="token-5-69" start_char="1007">communication</TOKEN>
				<TOKEN end_char="1024" id="token-5-70" start_char="1021">with</TOKEN>
				<TOKEN end_char="1028" id="token-5-71" start_char="1026">the</TOKEN>
				<TOKEN end_char="1036" id="token-5-72" start_char="1030">Iranian</TOKEN>
				<TOKEN end_char="1047" id="token-5-73" start_char="1038">leadership</TOKEN>
				<TOKEN end_char="1048" id="token-5-74" start_char="1048">.</TOKEN>
			</SEG>
			<SEG end_char="1318" id="20130915_WAPO_b375f724-1e21-11e3-9ad0-96244100e647-6" start_char="1050">
				<ORIGINAL_TEXT>Obama said Iran should not draw the wrong conclusion from his decision to back off from a missile strike against Syria. “My suspicion is that the Iranians recognize they shouldn’t draw a lesson that we haven’t struck [Syria], to think we won’t strike Iran,” Obama said.</ORIGINAL_TEXT>
				<TOKEN end_char="1054" id="token-6-0" start_char="1050">Obama</TOKEN>
				<TOKEN end_char="1059" id="token-6-1" start_char="1056">said</TOKEN>
				<TOKEN end_char="1064" id="token-6-2" start_char="1061">Iran</TOKEN>
				<TOKEN end_char="1071" id="token-6-3" start_char="1066">should</TOKEN>
				<TOKEN end_char="1075" id="token-6-4" start_char="1073">not</TOKEN>
				<TOKEN end_char="1080" id="token-6-5" start_char="1077">draw</TOKEN>
				<TOKEN end_char="1084" id="token-6-6" start_char="1082">the</TOKEN>
				<TOKEN end_char="1090" id="token-6-7" start_char="1086">wrong</TOKEN>
				<TOKEN end_char="1101" id="token-6-8" start_char="1092">conclusion</TOKEN>
				<TOKEN end_char="1106" id="token-6-9" start_char="1103">from</TOKEN>
				<TOKEN end_char="1110" id="token-6-10" start_char="1108">his</TOKEN>
				<TOKEN end_char="1119" id="token-6-11" start_char="1112">decision</TOKEN>
				<TOKEN end_char="1122" id="token-6-12" start_char="1121">to</TOKEN>
				<TOKEN end_char="1127" id="token-6-13" start_char="1124">back</TOKEN>
				<TOKEN end_char="1131" id="token-6-14" start_char="1129">off</TOKEN>
				<TOKEN end_char="1136" id="token-6-15" start_char="1133">from</TOKEN>
				<TOKEN end_char="1138" id="token-6-16" start_char="1138">a</TOKEN>
				<TOKEN end_char="1146" id="token-6-17" start_char="1140">missile</TOKEN>
				<TOKEN end_char="1153" id="token-6-18" start_char="1148">strike</TOKEN>
				<TOKEN end_char="1161" id="token-6-19" start_char="1155">against</TOKEN>
				<TOKEN end_char="1167" id="token-6-20" start_char="1163">Syria</TOKEN>
				<TOKEN end_char="1168" id="token-6-21" start_char="1168">.</TOKEN>
				<TOKEN end_char="1170" id="token-6-22" start_char="1170">“</TOKEN>
				<TOKEN end_char="1172" id="token-6-23" start_char="1171">My</TOKEN>
				<TOKEN end_char="1182" id="token-6-24" start_char="1174">suspicion</TOKEN>
				<TOKEN end_char="1185" id="token-6-25" start_char="1184">is</TOKEN>
				<TOKEN end_char="1190" id="token-6-26" start_char="1187">that</TOKEN>
				<TOKEN end_char="1194" id="token-6-27" start_char="1192">the</TOKEN>
				<TOKEN end_char="1203" id="token-6-28" start_char="1196">Iranians</TOKEN>
				<TOKEN end_char="1213" id="token-6-29" start_char="1205">recognize</TOKEN>
				<TOKEN end_char="1218" id="token-6-30" start_char="1215">they</TOKEN>
				<TOKEN end_char="1226" id="token-6-31" start_char="1220">shouldn</TOKEN>
				<TOKEN end_char="1227" id="token-6-32" start_char="1227">’</TOKEN>
				<TOKEN end_char="1228" id="token-6-33" start_char="1228">t</TOKEN>
				<TOKEN end_char="1233" id="token-6-34" start_char="1230">draw</TOKEN>
				<TOKEN end_char="1235" id="token-6-35" start_char="1235">a</TOKEN>
				<TOKEN end_char="1242" id="token-6-36" start_char="1237">lesson</TOKEN>
				<TOKEN end_char="1247" id="token-6-37" start_char="1244">that</TOKEN>
				<TOKEN end_char="1250" id="token-6-38" start_char="1249">we</TOKEN>
				<TOKEN end_char="1256" id="token-6-39" start_char="1252">haven</TOKEN>
				<TOKEN end_char="1257" id="token-6-40" start_char="1257">’</TOKEN>
				<TOKEN end_char="1258" id="token-6-41" start_char="1258">t</TOKEN>
				<TOKEN end_char="1265" id="token-6-42" start_char="1260">struck</TOKEN>
				<TOKEN end_char="1267" id="token-6-43" start_char="1267">[</TOKEN>
				<TOKEN end_char="1272" id="token-6-44" start_char="1268">Syria</TOKEN>
				<TOKEN end_char="1274" id="token-6-45" start_char="1273">],</TOKEN>
				<TOKEN end_char="1277" id="token-6-46" start_char="1276">to</TOKEN>
				<TOKEN end_char="1283" id="token-6-47" start_char="1279">think</TOKEN>
				<TOKEN end_char="1286" id="token-6-48" start_char="1285">we</TOKEN>
				<TOKEN end_char="1290" id="token-6-49" start_char="1288">won</TOKEN>
				<TOKEN end_char="1291" id="token-6-50" start_char="1291">’</TOKEN>
				<TOKEN end_char="1292" id="token-6-51" start_char="1292">t</TOKEN>
				<TOKEN end_char="1299" id="token-6-52" start_char="1294">strike</TOKEN>
				<TOKEN end_char="1304" id="token-6-53" start_char="1301">Iran</TOKEN>
				<TOKEN end_char="1306" id="token-6-54" start_char="1305">,”</TOKEN>
				<TOKEN end_char="1312" id="token-6-55" start_char="1308">Obama</TOKEN>
				<TOKEN end_char="1317" id="token-6-56" start_char="1314">said</TOKEN>
				<TOKEN end_char="1318" id="token-6-57" start_char="1318">.</TOKEN>
			</SEG>
			<SEG end_char="1654" id="20130915_WAPO_b375f724-1e21-11e3-9ad0-96244100e647-7" start_char="1320">
				<ORIGINAL_TEXT>Israel has reacted cautiously to the chemical weapons deal, under which Syria is to sign and ratify the 1993 Chemical Weapons Convention and submit to inspections and, ultimately, destruction of its weapons. The agreement came after a chemical weapons attack on a Damascus suburb that U.S. officials have estimated killed 1,400 people.</ORIGINAL_TEXT>
				<TOKEN end_char="1325" id="token-7-0" start_char="1320">Israel</TOKEN>
				<TOKEN end_char="1329" id="token-7-1" start_char="1327">has</TOKEN>
				<TOKEN end_char="1337" id="token-7-2" start_char="1331">reacted</TOKEN>
				<TOKEN end_char="1348" id="token-7-3" start_char="1339">cautiously</TOKEN>
				<TOKEN end_char="1351" id="token-7-4" start_char="1350">to</TOKEN>
				<TOKEN end_char="1355" id="token-7-5" start_char="1353">the</TOKEN>
				<TOKEN end_char="1364" id="token-7-6" start_char="1357">chemical</TOKEN>
				<TOKEN end_char="1372" id="token-7-7" start_char="1366">weapons</TOKEN>
				<TOKEN end_char="1377" id="token-7-8" start_char="1374">deal</TOKEN>
				<TOKEN end_char="1378" id="token-7-9" start_char="1378">,</TOKEN>
				<TOKEN end_char="1384" id="token-7-10" start_char="1380">under</TOKEN>
				<TOKEN end_char="1390" id="token-7-11" start_char="1386">which</TOKEN>
				<TOKEN end_char="1396" id="token-7-12" start_char="1392">Syria</TOKEN>
				<TOKEN end_char="1399" id="token-7-13" start_char="1398">is</TOKEN>
				<TOKEN end_char="1402" id="token-7-14" start_char="1401">to</TOKEN>
				<TOKEN end_char="1407" id="token-7-15" start_char="1404">sign</TOKEN>
				<TOKEN end_char="1411" id="token-7-16" start_char="1409">and</TOKEN>
				<TOKEN end_char="1418" id="token-7-17" start_char="1413">ratify</TOKEN>
				<TOKEN end_char="1422" id="token-7-18" start_char="1420">the</TOKEN>
				<TOKEN end_char="1427" id="token-7-19" start_char="1424">1993</TOKEN>
				<TOKEN end_char="1436" id="token-7-20" start_char="1429">Chemical</TOKEN>
				<TOKEN end_char="1444" id="token-7-21" start_char="1438">Weapons</TOKEN>
				<TOKEN end_char="1455" id="token-7-22" start_char="1446">Convention</TOKEN>
				<TOKEN end_char="1459" id="token-7-23" start_char="1457">and</TOKEN>
				<TOKEN end_char="1466" id="token-7-24" start_char="1461">submit</TOKEN>
				<TOKEN end_char="1469" id="token-7-25" start_char="1468">to</TOKEN>
				<TOKEN end_char="1481" id="token-7-26" start_char="1471">inspections</TOKEN>
				<TOKEN end_char="1485" id="token-7-27" start_char="1483">and</TOKEN>
				<TOKEN end_char="1486" id="token-7-28" start_char="1486">,</TOKEN>
				<TOKEN end_char="1497" id="token-7-29" start_char="1488">ultimately</TOKEN>
				<TOKEN end_char="1498" id="token-7-30" start_char="1498">,</TOKEN>
				<TOKEN end_char="1510" id="token-7-31" start_char="1500">destruction</TOKEN>
				<TOKEN end_char="1513" id="token-7-32" start_char="1512">of</TOKEN>
				<TOKEN end_char="1517" id="token-7-33" start_char="1515">its</TOKEN>
				<TOKEN end_char="1525" id="token-7-34" start_char="1519">weapons</TOKEN>
				<TOKEN end_char="1526" id="token-7-35" start_char="1526">.</TOKEN>
				<TOKEN end_char="1530" id="token-7-36" start_char="1528">The</TOKEN>
				<TOKEN end_char="1540" id="token-7-37" start_char="1532">agreement</TOKEN>
				<TOKEN end_char="1545" id="token-7-38" start_char="1542">came</TOKEN>
				<TOKEN end_char="1551" id="token-7-39" start_char="1547">after</TOKEN>
				<TOKEN end_char="1553" id="token-7-40" start_char="1553">a</TOKEN>
				<TOKEN end_char="1562" id="token-7-41" start_char="1555">chemical</TOKEN>
				<TOKEN end_char="1570" id="token-7-42" start_char="1564">weapons</TOKEN>
				<TOKEN end_char="1577" id="token-7-43" start_char="1572">attack</TOKEN>
				<TOKEN end_char="1580" id="token-7-44" start_char="1579">on</TOKEN>
				<TOKEN end_char="1582" id="token-7-45" start_char="1582">a</TOKEN>
				<TOKEN end_char="1591" id="token-7-46" start_char="1584">Damascus</TOKEN>
				<TOKEN end_char="1598" id="token-7-47" start_char="1593">suburb</TOKEN>
				<TOKEN end_char="1603" id="token-7-48" start_char="1600">that</TOKEN>
				<TOKEN end_char="1605" id="token-7-49" start_char="1605">U</TOKEN>
				<TOKEN end_char="1606" id="token-7-50" start_char="1606">.</TOKEN>
				<TOKEN end_char="1607" id="token-7-51" start_char="1607">S</TOKEN>
				<TOKEN end_char="1608" id="token-7-52" start_char="1608">.</TOKEN>
				<TOKEN end_char="1618" id="token-7-53" start_char="1610">officials</TOKEN>
				<TOKEN end_char="1623" id="token-7-54" start_char="1620">have</TOKEN>
				<TOKEN end_char="1633" id="token-7-55" start_char="1625">estimated</TOKEN>
				<TOKEN end_char="1640" id="token-7-56" start_char="1635">killed</TOKEN>
				<TOKEN end_char="1642" id="token-7-57" start_char="1642">1</TOKEN>
				<TOKEN end_char="1643" id="token-7-58" start_char="1643">,</TOKEN>
				<TOKEN end_char="1646" id="token-7-59" start_char="1644">400</TOKEN>
				<TOKEN end_char="1653" id="token-7-60" start_char="1648">people</TOKEN>
				<TOKEN end_char="1654" id="token-7-61" start_char="1654">.</TOKEN>
			</SEG>
			<SEG end_char="1835" id="20130915_WAPO_b375f724-1e21-11e3-9ad0-96244100e647-8" start_char="1656">
				<ORIGINAL_TEXT>Israel’s security establishment fears that a failure to punish Syria for its use of chemical weapons could encourage Tehran, Syria’s ally, to continue to enrich uranium for a bomb.</ORIGINAL_TEXT>
				<TOKEN end_char="1661" id="token-8-0" start_char="1656">Israel</TOKEN>
				<TOKEN end_char="1662" id="token-8-1" start_char="1662">’</TOKEN>
				<TOKEN end_char="1663" id="token-8-2" start_char="1663">s</TOKEN>
				<TOKEN end_char="1672" id="token-8-3" start_char="1665">security</TOKEN>
				<TOKEN end_char="1686" id="token-8-4" start_char="1674">establishment</TOKEN>
				<TOKEN end_char="1692" id="token-8-5" start_char="1688">fears</TOKEN>
				<TOKEN end_char="1697" id="token-8-6" start_char="1694">that</TOKEN>
				<TOKEN end_char="1699" id="token-8-7" start_char="1699">a</TOKEN>
				<TOKEN end_char="1707" id="token-8-8" start_char="1701">failure</TOKEN>
				<TOKEN end_char="1710" id="token-8-9" start_char="1709">to</TOKEN>
				<TOKEN end_char="1717" id="token-8-10" start_char="1712">punish</TOKEN>
				<TOKEN end_char="1723" id="token-8-11" start_char="1719">Syria</TOKEN>
				<TOKEN end_char="1727" id="token-8-12" start_char="1725">for</TOKEN>
				<TOKEN end_char="1731" id="token-8-13" start_char="1729">its</TOKEN>
				<TOKEN end_char="1735" id="token-8-14" start_char="1733">use</TOKEN>
				<TOKEN end_char="1738" id="token-8-15" start_char="1737">of</TOKEN>
				<TOKEN end_char="1747" id="token-8-16" start_char="1740">chemical</TOKEN>
				<TOKEN end_char="1755" id="token-8-17" start_char="1749">weapons</TOKEN>
				<TOKEN end_char="1761" id="token-8-18" start_char="1757">could</TOKEN>
				<TOKEN end_char="1771" id="token-8-19" start_char="1763">encourage</TOKEN>
				<TOKEN end_char="1778" id="token-8-20" start_char="1773">Tehran</TOKEN>
				<TOKEN end_char="1779" id="token-8-21" start_char="1779">,</TOKEN>
				<TOKEN end_char="1785" id="token-8-22" start_char="1781">Syria</TOKEN>
				<TOKEN end_char="1786" id="token-8-23" start_char="1786">’</TOKEN>
				<TOKEN end_char="1787" id="token-8-24" start_char="1787">s</TOKEN>
				<TOKEN end_char="1792" id="token-8-25" start_char="1789">ally</TOKEN>
				<TOKEN end_char="1793" id="token-8-26" start_char="1793">,</TOKEN>
				<TOKEN end_char="1796" id="token-8-27" start_char="1795">to</TOKEN>
				<TOKEN end_char="1805" id="token-8-28" start_char="1798">continue</TOKEN>
				<TOKEN end_char="1808" id="token-8-29" start_char="1807">to</TOKEN>
				<TOKEN end_char="1815" id="token-8-30" start_char="1810">enrich</TOKEN>
				<TOKEN end_char="1823" id="token-8-31" start_char="1817">uranium</TOKEN>
				<TOKEN end_char="1827" id="token-8-32" start_char="1825">for</TOKEN>
				<TOKEN end_char="1829" id="token-8-33" start_char="1829">a</TOKEN>
				<TOKEN end_char="1834" id="token-8-34" start_char="1831">bomb</TOKEN>
				<TOKEN end_char="1835" id="token-8-35" start_char="1835">.</TOKEN>
			</SEG>
			<SEG end_char="2032" id="20130915_WAPO_b375f724-1e21-11e3-9ad0-96244100e647-9" start_char="1837">
				<ORIGINAL_TEXT>And Israeli diplomats worry that the push for inspections of Syria’s chemical arms could throw an unwelcome spotlight on the secretive chemical and nuclear arsenal that Israel has built next door.</ORIGINAL_TEXT>
				<TOKEN end_char="1839" id="token-9-0" start_char="1837">And</TOKEN>
				<TOKEN end_char="1847" id="token-9-1" start_char="1841">Israeli</TOKEN>
				<TOKEN end_char="1857" id="token-9-2" start_char="1849">diplomats</TOKEN>
				<TOKEN end_char="1863" id="token-9-3" start_char="1859">worry</TOKEN>
				<TOKEN end_char="1868" id="token-9-4" start_char="1865">that</TOKEN>
				<TOKEN end_char="1872" id="token-9-5" start_char="1870">the</TOKEN>
				<TOKEN end_char="1877" id="token-9-6" start_char="1874">push</TOKEN>
				<TOKEN end_char="1881" id="token-9-7" start_char="1879">for</TOKEN>
				<TOKEN end_char="1893" id="token-9-8" start_char="1883">inspections</TOKEN>
				<TOKEN end_char="1896" id="token-9-9" start_char="1895">of</TOKEN>
				<TOKEN end_char="1902" id="token-9-10" start_char="1898">Syria</TOKEN>
				<TOKEN end_char="1903" id="token-9-11" start_char="1903">’</TOKEN>
				<TOKEN end_char="1904" id="token-9-12" start_char="1904">s</TOKEN>
				<TOKEN end_char="1913" id="token-9-13" start_char="1906">chemical</TOKEN>
				<TOKEN end_char="1918" id="token-9-14" start_char="1915">arms</TOKEN>
				<TOKEN end_char="1924" id="token-9-15" start_char="1920">could</TOKEN>
				<TOKEN end_char="1930" id="token-9-16" start_char="1926">throw</TOKEN>
				<TOKEN end_char="1933" id="token-9-17" start_char="1932">an</TOKEN>
				<TOKEN end_char="1943" id="token-9-18" start_char="1935">unwelcome</TOKEN>
				<TOKEN end_char="1953" id="token-9-19" start_char="1945">spotlight</TOKEN>
				<TOKEN end_char="1956" id="token-9-20" start_char="1955">on</TOKEN>
				<TOKEN end_char="1960" id="token-9-21" start_char="1958">the</TOKEN>
				<TOKEN end_char="1970" id="token-9-22" start_char="1962">secretive</TOKEN>
				<TOKEN end_char="1979" id="token-9-23" start_char="1972">chemical</TOKEN>
				<TOKEN end_char="1983" id="token-9-24" start_char="1981">and</TOKEN>
				<TOKEN end_char="1991" id="token-9-25" start_char="1985">nuclear</TOKEN>
				<TOKEN end_char="1999" id="token-9-26" start_char="1993">arsenal</TOKEN>
				<TOKEN end_char="2004" id="token-9-27" start_char="2001">that</TOKEN>
				<TOKEN end_char="2011" id="token-9-28" start_char="2006">Israel</TOKEN>
				<TOKEN end_char="2015" id="token-9-29" start_char="2013">has</TOKEN>
				<TOKEN end_char="2021" id="token-9-30" start_char="2017">built</TOKEN>
				<TOKEN end_char="2026" id="token-9-31" start_char="2023">next</TOKEN>
				<TOKEN end_char="2031" id="token-9-32" start_char="2028">door</TOKEN>
				<TOKEN end_char="2032" id="token-9-33" start_char="2032">.</TOKEN>
			</SEG>
			<SEG end_char="2144" id="20130915_WAPO_b375f724-1e21-11e3-9ad0-96244100e647-10" start_char="2034">
				<ORIGINAL_TEXT>Netanyahu told Kerry that he supports U.S. efforts to force Syria to give up its stockpile of chemical weapons.</ORIGINAL_TEXT>
				<TOKEN end_char="2042" id="token-10-0" start_char="2034">Netanyahu</TOKEN>
				<TOKEN end_char="2047" id="token-10-1" start_char="2044">told</TOKEN>
				<TOKEN end_char="2053" id="token-10-2" start_char="2049">Kerry</TOKEN>
				<TOKEN end_char="2058" id="token-10-3" start_char="2055">that</TOKEN>
				<TOKEN end_char="2061" id="token-10-4" start_char="2060">he</TOKEN>
				<TOKEN end_char="2070" id="token-10-5" start_char="2063">supports</TOKEN>
				<TOKEN end_char="2072" id="token-10-6" start_char="2072">U</TOKEN>
				<TOKEN end_char="2073" id="token-10-7" start_char="2073">.</TOKEN>
				<TOKEN end_char="2074" id="token-10-8" start_char="2074">S</TOKEN>
				<TOKEN end_char="2075" id="token-10-9" start_char="2075">.</TOKEN>
				<TOKEN end_char="2083" id="token-10-10" start_char="2077">efforts</TOKEN>
				<TOKEN end_char="2086" id="token-10-11" start_char="2085">to</TOKEN>
				<TOKEN end_char="2092" id="token-10-12" start_char="2088">force</TOKEN>
				<TOKEN end_char="2098" id="token-10-13" start_char="2094">Syria</TOKEN>
				<TOKEN end_char="2101" id="token-10-14" start_char="2100">to</TOKEN>
				<TOKEN end_char="2106" id="token-10-15" start_char="2103">give</TOKEN>
				<TOKEN end_char="2109" id="token-10-16" start_char="2108">up</TOKEN>
				<TOKEN end_char="2113" id="token-10-17" start_char="2111">its</TOKEN>
				<TOKEN end_char="2123" id="token-10-18" start_char="2115">stockpile</TOKEN>
				<TOKEN end_char="2126" id="token-10-19" start_char="2125">of</TOKEN>
				<TOKEN end_char="2135" id="token-10-20" start_char="2128">chemical</TOKEN>
				<TOKEN end_char="2143" id="token-10-21" start_char="2137">weapons</TOKEN>
				<TOKEN end_char="2144" id="token-10-22" start_char="2144">.</TOKEN>
			</SEG>
			<SEG end_char="2318" id="20130915_WAPO_b375f724-1e21-11e3-9ad0-96244100e647-11" start_char="2146">
				<ORIGINAL_TEXT>“The Syrian regime must be stripped of all its chemical weapons,” said Netanyahu, standing beside Kerry after their meeting. “That would make our entire region a lot safer.”</ORIGINAL_TEXT>
				<TOKEN end_char="2146" id="token-11-0" start_char="2146">“</TOKEN>
				<TOKEN end_char="2149" id="token-11-1" start_char="2147">The</TOKEN>
				<TOKEN end_char="2156" id="token-11-2" start_char="2151">Syrian</TOKEN>
				<TOKEN end_char="2163" id="token-11-3" start_char="2158">regime</TOKEN>
				<TOKEN end_char="2168" id="token-11-4" start_char="2165">must</TOKEN>
				<TOKEN end_char="2171" id="token-11-5" start_char="2170">be</TOKEN>
				<TOKEN end_char="2180" id="token-11-6" start_char="2173">stripped</TOKEN>
				<TOKEN end_char="2183" id="token-11-7" start_char="2182">of</TOKEN>
				<TOKEN end_char="2187" id="token-11-8" start_char="2185">all</TOKEN>
				<TOKEN end_char="2191" id="token-11-9" start_char="2189">its</TOKEN>
				<TOKEN end_char="2200" id="token-11-10" start_char="2193">chemical</TOKEN>
				<TOKEN end_char="2208" id="token-11-11" start_char="2202">weapons</TOKEN>
				<TOKEN end_char="2210" id="token-11-12" start_char="2209">,”</TOKEN>
				<TOKEN end_char="2215" id="token-11-13" start_char="2212">said</TOKEN>
				<TOKEN end_char="2225" id="token-11-14" start_char="2217">Netanyahu</TOKEN>
				<TOKEN end_char="2226" id="token-11-15" start_char="2226">,</TOKEN>
				<TOKEN end_char="2235" id="token-11-16" start_char="2228">standing</TOKEN>
				<TOKEN end_char="2242" id="token-11-17" start_char="2237">beside</TOKEN>
				<TOKEN end_char="2248" id="token-11-18" start_char="2244">Kerry</TOKEN>
				<TOKEN end_char="2254" id="token-11-19" start_char="2250">after</TOKEN>
				<TOKEN end_char="2260" id="token-11-20" start_char="2256">their</TOKEN>
				<TOKEN end_char="2268" id="token-11-21" start_char="2262">meeting</TOKEN>
				<TOKEN end_char="2269" id="token-11-22" start_char="2269">.</TOKEN>
				<TOKEN end_char="2271" id="token-11-23" start_char="2271">“</TOKEN>
				<TOKEN end_char="2275" id="token-11-24" start_char="2272">That</TOKEN>
				<TOKEN end_char="2281" id="token-11-25" start_char="2277">would</TOKEN>
				<TOKEN end_char="2286" id="token-11-26" start_char="2283">make</TOKEN>
				<TOKEN end_char="2290" id="token-11-27" start_char="2288">our</TOKEN>
				<TOKEN end_char="2297" id="token-11-28" start_char="2292">entire</TOKEN>
				<TOKEN end_char="2304" id="token-11-29" start_char="2299">region</TOKEN>
				<TOKEN end_char="2306" id="token-11-30" start_char="2306">a</TOKEN>
				<TOKEN end_char="2310" id="token-11-31" start_char="2308">lot</TOKEN>
				<TOKEN end_char="2316" id="token-11-32" start_char="2312">safer</TOKEN>
				<TOKEN end_char="2318" id="token-11-33" start_char="2317">.”</TOKEN>
			</SEG>
			<SEG end_char="2382" id="20130915_WAPO_b375f724-1e21-11e3-9ad0-96244100e647-12" start_char="2320">
				<ORIGINAL_TEXT>But earlier in the day, Netanyahu sounded a note of skepticism.</ORIGINAL_TEXT>
				<TOKEN end_char="2322" id="token-12-0" start_char="2320">But</TOKEN>
				<TOKEN end_char="2330" id="token-12-1" start_char="2324">earlier</TOKEN>
				<TOKEN end_char="2333" id="token-12-2" start_char="2332">in</TOKEN>
				<TOKEN end_char="2337" id="token-12-3" start_char="2335">the</TOKEN>
				<TOKEN end_char="2341" id="token-12-4" start_char="2339">day</TOKEN>
				<TOKEN end_char="2342" id="token-12-5" start_char="2342">,</TOKEN>
				<TOKEN end_char="2352" id="token-12-6" start_char="2344">Netanyahu</TOKEN>
				<TOKEN end_char="2360" id="token-12-7" start_char="2354">sounded</TOKEN>
				<TOKEN end_char="2362" id="token-12-8" start_char="2362">a</TOKEN>
				<TOKEN end_char="2367" id="token-12-9" start_char="2364">note</TOKEN>
				<TOKEN end_char="2370" id="token-12-10" start_char="2369">of</TOKEN>
				<TOKEN end_char="2381" id="token-12-11" start_char="2372">skepticism</TOKEN>
				<TOKEN end_char="2382" id="token-12-12" start_char="2382">.</TOKEN>
			</SEG>
			<SEG end_char="2834" id="20130915_WAPO_b375f724-1e21-11e3-9ad0-96244100e647-13" start_char="2384">
				<ORIGINAL_TEXT>“We hope the understandings that have been achieved between the U.S. and Russia regarding Syria’s chemical weapons will show results, and these understandings will be tested by results — the full destruction of the stocks of chemical weapons that the Syrian regime has used against its own people,” Netanyahu said in remarks to commemorate the 40th anniversary of the 1973 Arab-Israeli war, when Israel came under surprise attack from Syria and Egypt.</ORIGINAL_TEXT>
				<TOKEN end_char="2384" id="token-13-0" start_char="2384">“</TOKEN>
				<TOKEN end_char="2386" id="token-13-1" start_char="2385">We</TOKEN>
				<TOKEN end_char="2391" id="token-13-2" start_char="2388">hope</TOKEN>
				<TOKEN end_char="2395" id="token-13-3" start_char="2393">the</TOKEN>
				<TOKEN end_char="2410" id="token-13-4" start_char="2397">understandings</TOKEN>
				<TOKEN end_char="2415" id="token-13-5" start_char="2412">that</TOKEN>
				<TOKEN end_char="2420" id="token-13-6" start_char="2417">have</TOKEN>
				<TOKEN end_char="2425" id="token-13-7" start_char="2422">been</TOKEN>
				<TOKEN end_char="2434" id="token-13-8" start_char="2427">achieved</TOKEN>
				<TOKEN end_char="2442" id="token-13-9" start_char="2436">between</TOKEN>
				<TOKEN end_char="2446" id="token-13-10" start_char="2444">the</TOKEN>
				<TOKEN end_char="2448" id="token-13-11" start_char="2448">U</TOKEN>
				<TOKEN end_char="2449" id="token-13-12" start_char="2449">.</TOKEN>
				<TOKEN end_char="2450" id="token-13-13" start_char="2450">S</TOKEN>
				<TOKEN end_char="2451" id="token-13-14" start_char="2451">.</TOKEN>
				<TOKEN end_char="2455" id="token-13-15" start_char="2453">and</TOKEN>
				<TOKEN end_char="2462" id="token-13-16" start_char="2457">Russia</TOKEN>
				<TOKEN end_char="2472" id="token-13-17" start_char="2464">regarding</TOKEN>
				<TOKEN end_char="2478" id="token-13-18" start_char="2474">Syria</TOKEN>
				<TOKEN end_char="2479" id="token-13-19" start_char="2479">’</TOKEN>
				<TOKEN end_char="2480" id="token-13-20" start_char="2480">s</TOKEN>
				<TOKEN end_char="2489" id="token-13-21" start_char="2482">chemical</TOKEN>
				<TOKEN end_char="2497" id="token-13-22" start_char="2491">weapons</TOKEN>
				<TOKEN end_char="2502" id="token-13-23" start_char="2499">will</TOKEN>
				<TOKEN end_char="2507" id="token-13-24" start_char="2504">show</TOKEN>
				<TOKEN end_char="2515" id="token-13-25" start_char="2509">results</TOKEN>
				<TOKEN end_char="2516" id="token-13-26" start_char="2516">,</TOKEN>
				<TOKEN end_char="2520" id="token-13-27" start_char="2518">and</TOKEN>
				<TOKEN end_char="2526" id="token-13-28" start_char="2522">these</TOKEN>
				<TOKEN end_char="2541" id="token-13-29" start_char="2528">understandings</TOKEN>
				<TOKEN end_char="2546" id="token-13-30" start_char="2543">will</TOKEN>
				<TOKEN end_char="2549" id="token-13-31" start_char="2548">be</TOKEN>
				<TOKEN end_char="2556" id="token-13-32" start_char="2551">tested</TOKEN>
				<TOKEN end_char="2559" id="token-13-33" start_char="2558">by</TOKEN>
				<TOKEN end_char="2567" id="token-13-34" start_char="2561">results</TOKEN>
				<TOKEN end_char="2569" id="token-13-35" start_char="2569">—</TOKEN>
				<TOKEN end_char="2573" id="token-13-36" start_char="2571">the</TOKEN>
				<TOKEN end_char="2578" id="token-13-37" start_char="2575">full</TOKEN>
				<TOKEN end_char="2590" id="token-13-38" start_char="2580">destruction</TOKEN>
				<TOKEN end_char="2593" id="token-13-39" start_char="2592">of</TOKEN>
				<TOKEN end_char="2597" id="token-13-40" start_char="2595">the</TOKEN>
				<TOKEN end_char="2604" id="token-13-41" start_char="2599">stocks</TOKEN>
				<TOKEN end_char="2607" id="token-13-42" start_char="2606">of</TOKEN>
				<TOKEN end_char="2616" id="token-13-43" start_char="2609">chemical</TOKEN>
				<TOKEN end_char="2624" id="token-13-44" start_char="2618">weapons</TOKEN>
				<TOKEN end_char="2629" id="token-13-45" start_char="2626">that</TOKEN>
				<TOKEN end_char="2633" id="token-13-46" start_char="2631">the</TOKEN>
				<TOKEN end_char="2640" id="token-13-47" start_char="2635">Syrian</TOKEN>
				<TOKEN end_char="2647" id="token-13-48" start_char="2642">regime</TOKEN>
				<TOKEN end_char="2651" id="token-13-49" start_char="2649">has</TOKEN>
				<TOKEN end_char="2656" id="token-13-50" start_char="2653">used</TOKEN>
				<TOKEN end_char="2664" id="token-13-51" start_char="2658">against</TOKEN>
				<TOKEN end_char="2668" id="token-13-52" start_char="2666">its</TOKEN>
				<TOKEN end_char="2672" id="token-13-53" start_char="2670">own</TOKEN>
				<TOKEN end_char="2679" id="token-13-54" start_char="2674">people</TOKEN>
				<TOKEN end_char="2681" id="token-13-55" start_char="2680">,”</TOKEN>
				<TOKEN end_char="2691" id="token-13-56" start_char="2683">Netanyahu</TOKEN>
				<TOKEN end_char="2696" id="token-13-57" start_char="2693">said</TOKEN>
				<TOKEN end_char="2699" id="token-13-58" start_char="2698">in</TOKEN>
				<TOKEN end_char="2707" id="token-13-59" start_char="2701">remarks</TOKEN>
				<TOKEN end_char="2710" id="token-13-60" start_char="2709">to</TOKEN>
				<TOKEN end_char="2722" id="token-13-61" start_char="2712">commemorate</TOKEN>
				<TOKEN end_char="2726" id="token-13-62" start_char="2724">the</TOKEN>
				<TOKEN end_char="2731" id="token-13-63" start_char="2728">40th</TOKEN>
				<TOKEN end_char="2743" id="token-13-64" start_char="2733">anniversary</TOKEN>
				<TOKEN end_char="2746" id="token-13-65" start_char="2745">of</TOKEN>
				<TOKEN end_char="2750" id="token-13-66" start_char="2748">the</TOKEN>
				<TOKEN end_char="2755" id="token-13-67" start_char="2752">1973</TOKEN>
				<TOKEN end_char="2760" id="token-13-68" start_char="2757">Arab</TOKEN>
				<TOKEN end_char="2761" id="token-13-69" start_char="2761">-</TOKEN>
				<TOKEN end_char="2768" id="token-13-70" start_char="2762">Israeli</TOKEN>
				<TOKEN end_char="2772" id="token-13-71" start_char="2770">war</TOKEN>
				<TOKEN end_char="2773" id="token-13-72" start_char="2773">,</TOKEN>
				<TOKEN end_char="2778" id="token-13-73" start_char="2775">when</TOKEN>
				<TOKEN end_char="2785" id="token-13-74" start_char="2780">Israel</TOKEN>
				<TOKEN end_char="2790" id="token-13-75" start_char="2787">came</TOKEN>
				<TOKEN end_char="2796" id="token-13-76" start_char="2792">under</TOKEN>
				<TOKEN end_char="2805" id="token-13-77" start_char="2798">surprise</TOKEN>
				<TOKEN end_char="2812" id="token-13-78" start_char="2807">attack</TOKEN>
				<TOKEN end_char="2817" id="token-13-79" start_char="2814">from</TOKEN>
				<TOKEN end_char="2823" id="token-13-80" start_char="2819">Syria</TOKEN>
				<TOKEN end_char="2827" id="token-13-81" start_char="2825">and</TOKEN>
				<TOKEN end_char="2833" id="token-13-82" start_char="2829">Egypt</TOKEN>
				<TOKEN end_char="2834" id="token-13-83" start_char="2834">.</TOKEN>
			</SEG>
			<SEG end_char="3051" id="20130915_WAPO_b375f724-1e21-11e3-9ad0-96244100e647-14" start_char="2836">
				<ORIGINAL_TEXT>“We must also judge the results of the efforts of the international community to stop Iran’s nuclear armament,” he said. “Here as well, it is not words that will determine the outcome but rather actions and results.”</ORIGINAL_TEXT>
				<TOKEN end_char="2836" id="token-14-0" start_char="2836">“</TOKEN>
				<TOKEN end_char="2838" id="token-14-1" start_char="2837">We</TOKEN>
				<TOKEN end_char="2843" id="token-14-2" start_char="2840">must</TOKEN>
				<TOKEN end_char="2848" id="token-14-3" start_char="2845">also</TOKEN>
				<TOKEN end_char="2854" id="token-14-4" start_char="2850">judge</TOKEN>
				<TOKEN end_char="2858" id="token-14-5" start_char="2856">the</TOKEN>
				<TOKEN end_char="2866" id="token-14-6" start_char="2860">results</TOKEN>
				<TOKEN end_char="2869" id="token-14-7" start_char="2868">of</TOKEN>
				<TOKEN end_char="2873" id="token-14-8" start_char="2871">the</TOKEN>
				<TOKEN end_char="2881" id="token-14-9" start_char="2875">efforts</TOKEN>
				<TOKEN end_char="2884" id="token-14-10" start_char="2883">of</TOKEN>
				<TOKEN end_char="2888" id="token-14-11" start_char="2886">the</TOKEN>
				<TOKEN end_char="2902" id="token-14-12" start_char="2890">international</TOKEN>
				<TOKEN end_char="2912" id="token-14-13" start_char="2904">community</TOKEN>
				<TOKEN end_char="2915" id="token-14-14" start_char="2914">to</TOKEN>
				<TOKEN end_char="2920" id="token-14-15" start_char="2917">stop</TOKEN>
				<TOKEN end_char="2925" id="token-14-16" start_char="2922">Iran</TOKEN>
				<TOKEN end_char="2926" id="token-14-17" start_char="2926">’</TOKEN>
				<TOKEN end_char="2927" id="token-14-18" start_char="2927">s</TOKEN>
				<TOKEN end_char="2935" id="token-14-19" start_char="2929">nuclear</TOKEN>
				<TOKEN end_char="2944" id="token-14-20" start_char="2937">armament</TOKEN>
				<TOKEN end_char="2946" id="token-14-21" start_char="2945">,”</TOKEN>
				<TOKEN end_char="2949" id="token-14-22" start_char="2948">he</TOKEN>
				<TOKEN end_char="2954" id="token-14-23" start_char="2951">said</TOKEN>
				<TOKEN end_char="2955" id="token-14-24" start_char="2955">.</TOKEN>
				<TOKEN end_char="2957" id="token-14-25" start_char="2957">“</TOKEN>
				<TOKEN end_char="2961" id="token-14-26" start_char="2958">Here</TOKEN>
				<TOKEN end_char="2964" id="token-14-27" start_char="2963">as</TOKEN>
				<TOKEN end_char="2969" id="token-14-28" start_char="2966">well</TOKEN>
				<TOKEN end_char="2970" id="token-14-29" start_char="2970">,</TOKEN>
				<TOKEN end_char="2973" id="token-14-30" start_char="2972">it</TOKEN>
				<TOKEN end_char="2976" id="token-14-31" start_char="2975">is</TOKEN>
				<TOKEN end_char="2980" id="token-14-32" start_char="2978">not</TOKEN>
				<TOKEN end_char="2986" id="token-14-33" start_char="2982">words</TOKEN>
				<TOKEN end_char="2991" id="token-14-34" start_char="2988">that</TOKEN>
				<TOKEN end_char="2996" id="token-14-35" start_char="2993">will</TOKEN>
				<TOKEN end_char="3006" id="token-14-36" start_char="2998">determine</TOKEN>
				<TOKEN end_char="3010" id="token-14-37" start_char="3008">the</TOKEN>
				<TOKEN end_char="3018" id="token-14-38" start_char="3012">outcome</TOKEN>
				<TOKEN end_char="3022" id="token-14-39" start_char="3020">but</TOKEN>
				<TOKEN end_char="3029" id="token-14-40" start_char="3024">rather</TOKEN>
				<TOKEN end_char="3037" id="token-14-41" start_char="3031">actions</TOKEN>
				<TOKEN end_char="3041" id="token-14-42" start_char="3039">and</TOKEN>
				<TOKEN end_char="3049" id="token-14-43" start_char="3043">results</TOKEN>
				<TOKEN end_char="3051" id="token-14-44" start_char="3050">.”</TOKEN>
			</SEG>
			<SEG end_char="3184" id="20130915_WAPO_b375f724-1e21-11e3-9ad0-96244100e647-15" start_char="3053">
				<ORIGINAL_TEXT>Kerry heads next to Paris for discussions about the Syria deal with foreign ministers from France, Britain, Saudi Arabia and Turkey.</ORIGINAL_TEXT>
				<TOKEN end_char="3057" id="token-15-0" start_char="3053">Kerry</TOKEN>
				<TOKEN end_char="3063" id="token-15-1" start_char="3059">heads</TOKEN>
				<TOKEN end_char="3068" id="token-15-2" start_char="3065">next</TOKEN>
				<TOKEN end_char="3071" id="token-15-3" start_char="3070">to</TOKEN>
				<TOKEN end_char="3077" id="token-15-4" start_char="3073">Paris</TOKEN>
				<TOKEN end_char="3081" id="token-15-5" start_char="3079">for</TOKEN>
				<TOKEN end_char="3093" id="token-15-6" start_char="3083">discussions</TOKEN>
				<TOKEN end_char="3099" id="token-15-7" start_char="3095">about</TOKEN>
				<TOKEN end_char="3103" id="token-15-8" start_char="3101">the</TOKEN>
				<TOKEN end_char="3109" id="token-15-9" start_char="3105">Syria</TOKEN>
				<TOKEN end_char="3114" id="token-15-10" start_char="3111">deal</TOKEN>
				<TOKEN end_char="3119" id="token-15-11" start_char="3116">with</TOKEN>
				<TOKEN end_char="3127" id="token-15-12" start_char="3121">foreign</TOKEN>
				<TOKEN end_char="3137" id="token-15-13" start_char="3129">ministers</TOKEN>
				<TOKEN end_char="3142" id="token-15-14" start_char="3139">from</TOKEN>
				<TOKEN end_char="3149" id="token-15-15" start_char="3144">France</TOKEN>
				<TOKEN end_char="3150" id="token-15-16" start_char="3150">,</TOKEN>
				<TOKEN end_char="3158" id="token-15-17" start_char="3152">Britain</TOKEN>
				<TOKEN end_char="3159" id="token-15-18" start_char="3159">,</TOKEN>
				<TOKEN end_char="3165" id="token-15-19" start_char="3161">Saudi</TOKEN>
				<TOKEN end_char="3172" id="token-15-20" start_char="3167">Arabia</TOKEN>
				<TOKEN end_char="3176" id="token-15-21" start_char="3174">and</TOKEN>
				<TOKEN end_char="3183" id="token-15-22" start_char="3178">Turkey</TOKEN>
				<TOKEN end_char="3184" id="token-15-23" start_char="3184">.</TOKEN>
			</SEG>
			<SEG end_char="3473" id="20130915_WAPO_b375f724-1e21-11e3-9ad0-96244100e647-16" start_char="3186">
				<ORIGINAL_TEXT>Netanyahu’s caution appears to be shared by the Israeli public. In a poll published by the newspaper Israel Hayom, three-quarters of Israeli Jews said they did not believe Syria would give up its chemical weapons — and 65 percent said Obama would not succeed in preventing a nuclear Iran.</ORIGINAL_TEXT>
				<TOKEN end_char="3194" id="token-16-0" start_char="3186">Netanyahu</TOKEN>
				<TOKEN end_char="3195" id="token-16-1" start_char="3195">’</TOKEN>
				<TOKEN end_char="3196" id="token-16-2" start_char="3196">s</TOKEN>
				<TOKEN end_char="3204" id="token-16-3" start_char="3198">caution</TOKEN>
				<TOKEN end_char="3212" id="token-16-4" start_char="3206">appears</TOKEN>
				<TOKEN end_char="3215" id="token-16-5" start_char="3214">to</TOKEN>
				<TOKEN end_char="3218" id="token-16-6" start_char="3217">be</TOKEN>
				<TOKEN end_char="3225" id="token-16-7" start_char="3220">shared</TOKEN>
				<TOKEN end_char="3228" id="token-16-8" start_char="3227">by</TOKEN>
				<TOKEN end_char="3232" id="token-16-9" start_char="3230">the</TOKEN>
				<TOKEN end_char="3240" id="token-16-10" start_char="3234">Israeli</TOKEN>
				<TOKEN end_char="3247" id="token-16-11" start_char="3242">public</TOKEN>
				<TOKEN end_char="3248" id="token-16-12" start_char="3248">.</TOKEN>
				<TOKEN end_char="3251" id="token-16-13" start_char="3250">In</TOKEN>
				<TOKEN end_char="3253" id="token-16-14" start_char="3253">a</TOKEN>
				<TOKEN end_char="3258" id="token-16-15" start_char="3255">poll</TOKEN>
				<TOKEN end_char="3268" id="token-16-16" start_char="3260">published</TOKEN>
				<TOKEN end_char="3271" id="token-16-17" start_char="3270">by</TOKEN>
				<TOKEN end_char="3275" id="token-16-18" start_char="3273">the</TOKEN>
				<TOKEN end_char="3285" id="token-16-19" start_char="3277">newspaper</TOKEN>
				<TOKEN end_char="3292" id="token-16-20" start_char="3287">Israel</TOKEN>
				<TOKEN end_char="3298" id="token-16-21" start_char="3294">Hayom</TOKEN>
				<TOKEN end_char="3299" id="token-16-22" start_char="3299">,</TOKEN>
				<TOKEN end_char="3305" id="token-16-23" start_char="3301">three</TOKEN>
				<TOKEN end_char="3306" id="token-16-24" start_char="3306">-</TOKEN>
				<TOKEN end_char="3314" id="token-16-25" start_char="3307">quarters</TOKEN>
				<TOKEN end_char="3317" id="token-16-26" start_char="3316">of</TOKEN>
				<TOKEN end_char="3325" id="token-16-27" start_char="3319">Israeli</TOKEN>
				<TOKEN end_char="3330" id="token-16-28" start_char="3327">Jews</TOKEN>
				<TOKEN end_char="3335" id="token-16-29" start_char="3332">said</TOKEN>
				<TOKEN end_char="3340" id="token-16-30" start_char="3337">they</TOKEN>
				<TOKEN end_char="3344" id="token-16-31" start_char="3342">did</TOKEN>
				<TOKEN end_char="3348" id="token-16-32" start_char="3346">not</TOKEN>
				<TOKEN end_char="3356" id="token-16-33" start_char="3350">believe</TOKEN>
				<TOKEN end_char="3362" id="token-16-34" start_char="3358">Syria</TOKEN>
				<TOKEN end_char="3368" id="token-16-35" start_char="3364">would</TOKEN>
				<TOKEN end_char="3373" id="token-16-36" start_char="3370">give</TOKEN>
				<TOKEN end_char="3376" id="token-16-37" start_char="3375">up</TOKEN>
				<TOKEN end_char="3380" id="token-16-38" start_char="3378">its</TOKEN>
				<TOKEN end_char="3389" id="token-16-39" start_char="3382">chemical</TOKEN>
				<TOKEN end_char="3397" id="token-16-40" start_char="3391">weapons</TOKEN>
				<TOKEN end_char="3399" id="token-16-41" start_char="3399">—</TOKEN>
				<TOKEN end_char="3403" id="token-16-42" start_char="3401">and</TOKEN>
				<TOKEN end_char="3406" id="token-16-43" start_char="3405">65</TOKEN>
				<TOKEN end_char="3414" id="token-16-44" start_char="3408">percent</TOKEN>
				<TOKEN end_char="3419" id="token-16-45" start_char="3416">said</TOKEN>
				<TOKEN end_char="3425" id="token-16-46" start_char="3421">Obama</TOKEN>
				<TOKEN end_char="3431" id="token-16-47" start_char="3427">would</TOKEN>
				<TOKEN end_char="3435" id="token-16-48" start_char="3433">not</TOKEN>
				<TOKEN end_char="3443" id="token-16-49" start_char="3437">succeed</TOKEN>
				<TOKEN end_char="3446" id="token-16-50" start_char="3445">in</TOKEN>
				<TOKEN end_char="3457" id="token-16-51" start_char="3448">preventing</TOKEN>
				<TOKEN end_char="3459" id="token-16-52" start_char="3459">a</TOKEN>
				<TOKEN end_char="3467" id="token-16-53" start_char="3461">nuclear</TOKEN>
				<TOKEN end_char="3472" id="token-16-54" start_char="3469">Iran</TOKEN>
				<TOKEN end_char="3473" id="token-16-55" start_char="3473">.</TOKEN>
			</SEG>
			<SEG end_char="3709" id="20130915_WAPO_b375f724-1e21-11e3-9ad0-96244100e647-17" start_char="3475">
				<ORIGINAL_TEXT>Israel, which is presumed to have nuclear weapons and is suspected of at least some chemical weapons capability, is worried that the Syria deal could reinvigorate calls that the entire Middle East be rid of weapons of mass destruction.</ORIGINAL_TEXT>
				<TOKEN end_char="3480" id="token-17-0" start_char="3475">Israel</TOKEN>
				<TOKEN end_char="3481" id="token-17-1" start_char="3481">,</TOKEN>
				<TOKEN end_char="3487" id="token-17-2" start_char="3483">which</TOKEN>
				<TOKEN end_char="3490" id="token-17-3" start_char="3489">is</TOKEN>
				<TOKEN end_char="3499" id="token-17-4" start_char="3492">presumed</TOKEN>
				<TOKEN end_char="3502" id="token-17-5" start_char="3501">to</TOKEN>
				<TOKEN end_char="3507" id="token-17-6" start_char="3504">have</TOKEN>
				<TOKEN end_char="3515" id="token-17-7" start_char="3509">nuclear</TOKEN>
				<TOKEN end_char="3523" id="token-17-8" start_char="3517">weapons</TOKEN>
				<TOKEN end_char="3527" id="token-17-9" start_char="3525">and</TOKEN>
				<TOKEN end_char="3530" id="token-17-10" start_char="3529">is</TOKEN>
				<TOKEN end_char="3540" id="token-17-11" start_char="3532">suspected</TOKEN>
				<TOKEN end_char="3543" id="token-17-12" start_char="3542">of</TOKEN>
				<TOKEN end_char="3546" id="token-17-13" start_char="3545">at</TOKEN>
				<TOKEN end_char="3552" id="token-17-14" start_char="3548">least</TOKEN>
				<TOKEN end_char="3557" id="token-17-15" start_char="3554">some</TOKEN>
				<TOKEN end_char="3566" id="token-17-16" start_char="3559">chemical</TOKEN>
				<TOKEN end_char="3574" id="token-17-17" start_char="3568">weapons</TOKEN>
				<TOKEN end_char="3585" id="token-17-18" start_char="3576">capability</TOKEN>
				<TOKEN end_char="3586" id="token-17-19" start_char="3586">,</TOKEN>
				<TOKEN end_char="3589" id="token-17-20" start_char="3588">is</TOKEN>
				<TOKEN end_char="3597" id="token-17-21" start_char="3591">worried</TOKEN>
				<TOKEN end_char="3602" id="token-17-22" start_char="3599">that</TOKEN>
				<TOKEN end_char="3606" id="token-17-23" start_char="3604">the</TOKEN>
				<TOKEN end_char="3612" id="token-17-24" start_char="3608">Syria</TOKEN>
				<TOKEN end_char="3617" id="token-17-25" start_char="3614">deal</TOKEN>
				<TOKEN end_char="3623" id="token-17-26" start_char="3619">could</TOKEN>
				<TOKEN end_char="3636" id="token-17-27" start_char="3625">reinvigorate</TOKEN>
				<TOKEN end_char="3642" id="token-17-28" start_char="3638">calls</TOKEN>
				<TOKEN end_char="3647" id="token-17-29" start_char="3644">that</TOKEN>
				<TOKEN end_char="3651" id="token-17-30" start_char="3649">the</TOKEN>
				<TOKEN end_char="3658" id="token-17-31" start_char="3653">entire</TOKEN>
				<TOKEN end_char="3665" id="token-17-32" start_char="3660">Middle</TOKEN>
				<TOKEN end_char="3670" id="token-17-33" start_char="3667">East</TOKEN>
				<TOKEN end_char="3673" id="token-17-34" start_char="3672">be</TOKEN>
				<TOKEN end_char="3677" id="token-17-35" start_char="3675">rid</TOKEN>
				<TOKEN end_char="3680" id="token-17-36" start_char="3679">of</TOKEN>
				<TOKEN end_char="3688" id="token-17-37" start_char="3682">weapons</TOKEN>
				<TOKEN end_char="3691" id="token-17-38" start_char="3690">of</TOKEN>
				<TOKEN end_char="3696" id="token-17-39" start_char="3693">mass</TOKEN>
				<TOKEN end_char="3708" id="token-17-40" start_char="3698">destruction</TOKEN>
				<TOKEN end_char="3709" id="token-17-41" start_char="3709">.</TOKEN>
			</SEG>
			<SEG end_char="3862" id="20130915_WAPO_b375f724-1e21-11e3-9ad0-96244100e647-18" start_char="3711">
				<ORIGINAL_TEXT>That theme is likely to run through much of the discussion of the Syria chemical weapons arrangement during the annual U.N. General Assembly this month.</ORIGINAL_TEXT>
				<TOKEN end_char="3714" id="token-18-0" start_char="3711">That</TOKEN>
				<TOKEN end_char="3720" id="token-18-1" start_char="3716">theme</TOKEN>
				<TOKEN end_char="3723" id="token-18-2" start_char="3722">is</TOKEN>
				<TOKEN end_char="3730" id="token-18-3" start_char="3725">likely</TOKEN>
				<TOKEN end_char="3733" id="token-18-4" start_char="3732">to</TOKEN>
				<TOKEN end_char="3737" id="token-18-5" start_char="3735">run</TOKEN>
				<TOKEN end_char="3745" id="token-18-6" start_char="3739">through</TOKEN>
				<TOKEN end_char="3750" id="token-18-7" start_char="3747">much</TOKEN>
				<TOKEN end_char="3753" id="token-18-8" start_char="3752">of</TOKEN>
				<TOKEN end_char="3757" id="token-18-9" start_char="3755">the</TOKEN>
				<TOKEN end_char="3768" id="token-18-10" start_char="3759">discussion</TOKEN>
				<TOKEN end_char="3771" id="token-18-11" start_char="3770">of</TOKEN>
				<TOKEN end_char="3775" id="token-18-12" start_char="3773">the</TOKEN>
				<TOKEN end_char="3781" id="token-18-13" start_char="3777">Syria</TOKEN>
				<TOKEN end_char="3790" id="token-18-14" start_char="3783">chemical</TOKEN>
				<TOKEN end_char="3798" id="token-18-15" start_char="3792">weapons</TOKEN>
				<TOKEN end_char="3810" id="token-18-16" start_char="3800">arrangement</TOKEN>
				<TOKEN end_char="3817" id="token-18-17" start_char="3812">during</TOKEN>
				<TOKEN end_char="3821" id="token-18-18" start_char="3819">the</TOKEN>
				<TOKEN end_char="3828" id="token-18-19" start_char="3823">annual</TOKEN>
				<TOKEN end_char="3830" id="token-18-20" start_char="3830">U</TOKEN>
				<TOKEN end_char="3831" id="token-18-21" start_char="3831">.</TOKEN>
				<TOKEN end_char="3832" id="token-18-22" start_char="3832">N</TOKEN>
				<TOKEN end_char="3833" id="token-18-23" start_char="3833">.</TOKEN>
				<TOKEN end_char="3841" id="token-18-24" start_char="3835">General</TOKEN>
				<TOKEN end_char="3850" id="token-18-25" start_char="3843">Assembly</TOKEN>
				<TOKEN end_char="3855" id="token-18-26" start_char="3852">this</TOKEN>
				<TOKEN end_char="3861" id="token-18-27" start_char="3857">month</TOKEN>
				<TOKEN end_char="3862" id="token-18-28" start_char="3862">.</TOKEN>
			</SEG>
			<SEG end_char="4002" id="20130915_WAPO_b375f724-1e21-11e3-9ad0-96244100e647-19" start_char="3864">
				<ORIGINAL_TEXT>In the past, Russian President Vladimir Putin has said that Syria’s chemical weapons exist as a response to Israel’s military capabilities.</ORIGINAL_TEXT>
				<TOKEN end_char="3865" id="token-19-0" start_char="3864">In</TOKEN>
				<TOKEN end_char="3869" id="token-19-1" start_char="3867">the</TOKEN>
				<TOKEN end_char="3874" id="token-19-2" start_char="3871">past</TOKEN>
				<TOKEN end_char="3875" id="token-19-3" start_char="3875">,</TOKEN>
				<TOKEN end_char="3883" id="token-19-4" start_char="3877">Russian</TOKEN>
				<TOKEN end_char="3893" id="token-19-5" start_char="3885">President</TOKEN>
				<TOKEN end_char="3902" id="token-19-6" start_char="3895">Vladimir</TOKEN>
				<TOKEN end_char="3908" id="token-19-7" start_char="3904">Putin</TOKEN>
				<TOKEN end_char="3912" id="token-19-8" start_char="3910">has</TOKEN>
				<TOKEN end_char="3917" id="token-19-9" start_char="3914">said</TOKEN>
				<TOKEN end_char="3922" id="token-19-10" start_char="3919">that</TOKEN>
				<TOKEN end_char="3928" id="token-19-11" start_char="3924">Syria</TOKEN>
				<TOKEN end_char="3929" id="token-19-12" start_char="3929">’</TOKEN>
				<TOKEN end_char="3930" id="token-19-13" start_char="3930">s</TOKEN>
				<TOKEN end_char="3939" id="token-19-14" start_char="3932">chemical</TOKEN>
				<TOKEN end_char="3947" id="token-19-15" start_char="3941">weapons</TOKEN>
				<TOKEN end_char="3953" id="token-19-16" start_char="3949">exist</TOKEN>
				<TOKEN end_char="3956" id="token-19-17" start_char="3955">as</TOKEN>
				<TOKEN end_char="3958" id="token-19-18" start_char="3958">a</TOKEN>
				<TOKEN end_char="3967" id="token-19-19" start_char="3960">response</TOKEN>
				<TOKEN end_char="3970" id="token-19-20" start_char="3969">to</TOKEN>
				<TOKEN end_char="3977" id="token-19-21" start_char="3972">Israel</TOKEN>
				<TOKEN end_char="3978" id="token-19-22" start_char="3978">’</TOKEN>
				<TOKEN end_char="3979" id="token-19-23" start_char="3979">s</TOKEN>
				<TOKEN end_char="3988" id="token-19-24" start_char="3981">military</TOKEN>
				<TOKEN end_char="4001" id="token-19-25" start_char="3990">capabilities</TOKEN>
				<TOKEN end_char="4002" id="token-19-26" start_char="4002">.</TOKEN>
			</SEG>
		</TEXT>
	</DOC>
</LCTL_TEXT>
