<?xml version="1.0" encoding="utf-8"?>
<LCTL_TEXT>
	<DOC id="20130403_WAPO_8df2ffe4-9c5b-11e2-a941-a19bce7af755">
		<TEXT>
			<SEG end_char="44" id="20130403_WAPO_8df2ffe4-9c5b-11e2-a941-a19bce7af755-0" start_char="0">
				<ORIGINAL_TEXT>Third death in China from new bird flu strain</ORIGINAL_TEXT>
				<TOKEN end_char="4" id="token-0-0" start_char="0">Third</TOKEN>
				<TOKEN end_char="10" id="token-0-1" start_char="6">death</TOKEN>
				<TOKEN end_char="13" id="token-0-2" start_char="12">in</TOKEN>
				<TOKEN end_char="19" id="token-0-3" start_char="15">China</TOKEN>
				<TOKEN end_char="24" id="token-0-4" start_char="21">from</TOKEN>
				<TOKEN end_char="28" id="token-0-5" start_char="26">new</TOKEN>
				<TOKEN end_char="33" id="token-0-6" start_char="30">bird</TOKEN>
				<TOKEN end_char="37" id="token-0-7" start_char="35">flu</TOKEN>
				<TOKEN end_char="44" id="token-0-8" start_char="39">strain</TOKEN>
			</SEG>
			<SEG end_char="88" id="20130403_WAPO_8df2ffe4-9c5b-11e2-a941-a19bce7af755-1" start_char="46">
				<ORIGINAL_TEXT>Wednesday, April 3, 2013 10:37:00 GMT-05:00</ORIGINAL_TEXT>
				<TOKEN end_char="54" id="token-1-0" start_char="46">Wednesday</TOKEN>
				<TOKEN end_char="55" id="token-1-1" start_char="55">,</TOKEN>
				<TOKEN end_char="61" id="token-1-2" start_char="57">April</TOKEN>
				<TOKEN end_char="63" id="token-1-3" start_char="63">3</TOKEN>
				<TOKEN end_char="64" id="token-1-4" start_char="64">,</TOKEN>
				<TOKEN end_char="69" id="token-1-5" start_char="66">2013</TOKEN>
				<TOKEN end_char="72" id="token-1-6" start_char="71">10</TOKEN>
				<TOKEN end_char="73" id="token-1-7" start_char="73">:</TOKEN>
				<TOKEN end_char="75" id="token-1-8" start_char="74">37</TOKEN>
				<TOKEN end_char="76" id="token-1-9" start_char="76">:</TOKEN>
				<TOKEN end_char="78" id="token-1-10" start_char="77">00</TOKEN>
				<TOKEN end_char="82" id="token-1-11" start_char="80">GMT</TOKEN>
				<TOKEN end_char="83" id="token-1-12" start_char="83">-</TOKEN>
				<TOKEN end_char="85" id="token-1-13" start_char="84">05</TOKEN>
				<TOKEN end_char="86" id="token-1-14" start_char="86">:</TOKEN>
				<TOKEN end_char="88" id="token-1-15" start_char="87">00</TOKEN>
			</SEG>
			<SEG end_char="244" id="20130403_WAPO_8df2ffe4-9c5b-11e2-a941-a19bce7af755-2" start_char="90">
				<ORIGINAL_TEXT>BEIJING — Chinese authorities tried to calm spreading health concerns Wednesday after a third person was reported to have died from a new type of bird flu.</ORIGINAL_TEXT>
				<TOKEN end_char="96" id="token-2-0" start_char="90">BEIJING</TOKEN>
				<TOKEN end_char="98" id="token-2-1" start_char="98">—</TOKEN>
				<TOKEN end_char="106" id="token-2-2" start_char="100">Chinese</TOKEN>
				<TOKEN end_char="118" id="token-2-3" start_char="108">authorities</TOKEN>
				<TOKEN end_char="124" id="token-2-4" start_char="120">tried</TOKEN>
				<TOKEN end_char="127" id="token-2-5" start_char="126">to</TOKEN>
				<TOKEN end_char="132" id="token-2-6" start_char="129">calm</TOKEN>
				<TOKEN end_char="142" id="token-2-7" start_char="134">spreading</TOKEN>
				<TOKEN end_char="149" id="token-2-8" start_char="144">health</TOKEN>
				<TOKEN end_char="158" id="token-2-9" start_char="151">concerns</TOKEN>
				<TOKEN end_char="168" id="token-2-10" start_char="160">Wednesday</TOKEN>
				<TOKEN end_char="174" id="token-2-11" start_char="170">after</TOKEN>
				<TOKEN end_char="176" id="token-2-12" start_char="176">a</TOKEN>
				<TOKEN end_char="182" id="token-2-13" start_char="178">third</TOKEN>
				<TOKEN end_char="189" id="token-2-14" start_char="184">person</TOKEN>
				<TOKEN end_char="193" id="token-2-15" start_char="191">was</TOKEN>
				<TOKEN end_char="202" id="token-2-16" start_char="195">reported</TOKEN>
				<TOKEN end_char="205" id="token-2-17" start_char="204">to</TOKEN>
				<TOKEN end_char="210" id="token-2-18" start_char="207">have</TOKEN>
				<TOKEN end_char="215" id="token-2-19" start_char="212">died</TOKEN>
				<TOKEN end_char="220" id="token-2-20" start_char="217">from</TOKEN>
				<TOKEN end_char="222" id="token-2-21" start_char="222">a</TOKEN>
				<TOKEN end_char="226" id="token-2-22" start_char="224">new</TOKEN>
				<TOKEN end_char="231" id="token-2-23" start_char="228">type</TOKEN>
				<TOKEN end_char="234" id="token-2-24" start_char="233">of</TOKEN>
				<TOKEN end_char="239" id="token-2-25" start_char="236">bird</TOKEN>
				<TOKEN end_char="243" id="token-2-26" start_char="241">flu</TOKEN>
				<TOKEN end_char="244" id="token-2-27" start_char="244">.</TOKEN>
			</SEG>
			<SEG end_char="453" id="20130403_WAPO_8df2ffe4-9c5b-11e2-a941-a19bce7af755-3" start_char="246">
				<ORIGINAL_TEXT>The emergence in China of the H7N9 strain of avian flu — a total of nine cases have been reported since it was revealed last weekend — are troubling because the strain has not previously been found in humans.</ORIGINAL_TEXT>
				<TOKEN end_char="248" id="token-3-0" start_char="246">The</TOKEN>
				<TOKEN end_char="258" id="token-3-1" start_char="250">emergence</TOKEN>
				<TOKEN end_char="261" id="token-3-2" start_char="260">in</TOKEN>
				<TOKEN end_char="267" id="token-3-3" start_char="263">China</TOKEN>
				<TOKEN end_char="270" id="token-3-4" start_char="269">of</TOKEN>
				<TOKEN end_char="274" id="token-3-5" start_char="272">the</TOKEN>
				<TOKEN end_char="279" id="token-3-6" start_char="276">H7N9</TOKEN>
				<TOKEN end_char="286" id="token-3-7" start_char="281">strain</TOKEN>
				<TOKEN end_char="289" id="token-3-8" start_char="288">of</TOKEN>
				<TOKEN end_char="295" id="token-3-9" start_char="291">avian</TOKEN>
				<TOKEN end_char="299" id="token-3-10" start_char="297">flu</TOKEN>
				<TOKEN end_char="301" id="token-3-11" start_char="301">—</TOKEN>
				<TOKEN end_char="303" id="token-3-12" start_char="303">a</TOKEN>
				<TOKEN end_char="309" id="token-3-13" start_char="305">total</TOKEN>
				<TOKEN end_char="312" id="token-3-14" start_char="311">of</TOKEN>
				<TOKEN end_char="317" id="token-3-15" start_char="314">nine</TOKEN>
				<TOKEN end_char="323" id="token-3-16" start_char="319">cases</TOKEN>
				<TOKEN end_char="328" id="token-3-17" start_char="325">have</TOKEN>
				<TOKEN end_char="333" id="token-3-18" start_char="330">been</TOKEN>
				<TOKEN end_char="342" id="token-3-19" start_char="335">reported</TOKEN>
				<TOKEN end_char="348" id="token-3-20" start_char="344">since</TOKEN>
				<TOKEN end_char="351" id="token-3-21" start_char="350">it</TOKEN>
				<TOKEN end_char="355" id="token-3-22" start_char="353">was</TOKEN>
				<TOKEN end_char="364" id="token-3-23" start_char="357">revealed</TOKEN>
				<TOKEN end_char="369" id="token-3-24" start_char="366">last</TOKEN>
				<TOKEN end_char="377" id="token-3-25" start_char="371">weekend</TOKEN>
				<TOKEN end_char="379" id="token-3-26" start_char="379">—</TOKEN>
				<TOKEN end_char="383" id="token-3-27" start_char="381">are</TOKEN>
				<TOKEN end_char="393" id="token-3-28" start_char="385">troubling</TOKEN>
				<TOKEN end_char="401" id="token-3-29" start_char="395">because</TOKEN>
				<TOKEN end_char="405" id="token-3-30" start_char="403">the</TOKEN>
				<TOKEN end_char="412" id="token-3-31" start_char="407">strain</TOKEN>
				<TOKEN end_char="416" id="token-3-32" start_char="414">has</TOKEN>
				<TOKEN end_char="420" id="token-3-33" start_char="418">not</TOKEN>
				<TOKEN end_char="431" id="token-3-34" start_char="422">previously</TOKEN>
				<TOKEN end_char="436" id="token-3-35" start_char="433">been</TOKEN>
				<TOKEN end_char="442" id="token-3-36" start_char="438">found</TOKEN>
				<TOKEN end_char="445" id="token-3-37" start_char="444">in</TOKEN>
				<TOKEN end_char="452" id="token-3-38" start_char="447">humans</TOKEN>
				<TOKEN end_char="453" id="token-3-39" start_char="453">.</TOKEN>
			</SEG>
			<SEG end_char="829" id="20130403_WAPO_8df2ffe4-9c5b-11e2-a941-a19bce7af755-4" start_char="455">
				<ORIGINAL_TEXT>Even as two new cases were announced Wednesday, China’s state media sought to reassure the public that the chances of contracting H7N9 remain low. They also said that testing kits developed for the strain have been distributed to the national flu-monitoring network. Nothing so far, authorities stressed, suggests that the strain can be transmitted from one human to another.</ORIGINAL_TEXT>
				<TOKEN end_char="458" id="token-4-0" start_char="455">Even</TOKEN>
				<TOKEN end_char="461" id="token-4-1" start_char="460">as</TOKEN>
				<TOKEN end_char="465" id="token-4-2" start_char="463">two</TOKEN>
				<TOKEN end_char="469" id="token-4-3" start_char="467">new</TOKEN>
				<TOKEN end_char="475" id="token-4-4" start_char="471">cases</TOKEN>
				<TOKEN end_char="480" id="token-4-5" start_char="477">were</TOKEN>
				<TOKEN end_char="490" id="token-4-6" start_char="482">announced</TOKEN>
				<TOKEN end_char="500" id="token-4-7" start_char="492">Wednesday</TOKEN>
				<TOKEN end_char="501" id="token-4-8" start_char="501">,</TOKEN>
				<TOKEN end_char="507" id="token-4-9" start_char="503">China</TOKEN>
				<TOKEN end_char="508" id="token-4-10" start_char="508">’</TOKEN>
				<TOKEN end_char="509" id="token-4-11" start_char="509">s</TOKEN>
				<TOKEN end_char="515" id="token-4-12" start_char="511">state</TOKEN>
				<TOKEN end_char="521" id="token-4-13" start_char="517">media</TOKEN>
				<TOKEN end_char="528" id="token-4-14" start_char="523">sought</TOKEN>
				<TOKEN end_char="531" id="token-4-15" start_char="530">to</TOKEN>
				<TOKEN end_char="540" id="token-4-16" start_char="533">reassure</TOKEN>
				<TOKEN end_char="544" id="token-4-17" start_char="542">the</TOKEN>
				<TOKEN end_char="551" id="token-4-18" start_char="546">public</TOKEN>
				<TOKEN end_char="556" id="token-4-19" start_char="553">that</TOKEN>
				<TOKEN end_char="560" id="token-4-20" start_char="558">the</TOKEN>
				<TOKEN end_char="568" id="token-4-21" start_char="562">chances</TOKEN>
				<TOKEN end_char="571" id="token-4-22" start_char="570">of</TOKEN>
				<TOKEN end_char="583" id="token-4-23" start_char="573">contracting</TOKEN>
				<TOKEN end_char="588" id="token-4-24" start_char="585">H7N9</TOKEN>
				<TOKEN end_char="595" id="token-4-25" start_char="590">remain</TOKEN>
				<TOKEN end_char="599" id="token-4-26" start_char="597">low</TOKEN>
				<TOKEN end_char="600" id="token-4-27" start_char="600">.</TOKEN>
				<TOKEN end_char="605" id="token-4-28" start_char="602">They</TOKEN>
				<TOKEN end_char="610" id="token-4-29" start_char="607">also</TOKEN>
				<TOKEN end_char="615" id="token-4-30" start_char="612">said</TOKEN>
				<TOKEN end_char="620" id="token-4-31" start_char="617">that</TOKEN>
				<TOKEN end_char="628" id="token-4-32" start_char="622">testing</TOKEN>
				<TOKEN end_char="633" id="token-4-33" start_char="630">kits</TOKEN>
				<TOKEN end_char="643" id="token-4-34" start_char="635">developed</TOKEN>
				<TOKEN end_char="647" id="token-4-35" start_char="645">for</TOKEN>
				<TOKEN end_char="651" id="token-4-36" start_char="649">the</TOKEN>
				<TOKEN end_char="658" id="token-4-37" start_char="653">strain</TOKEN>
				<TOKEN end_char="663" id="token-4-38" start_char="660">have</TOKEN>
				<TOKEN end_char="668" id="token-4-39" start_char="665">been</TOKEN>
				<TOKEN end_char="680" id="token-4-40" start_char="670">distributed</TOKEN>
				<TOKEN end_char="683" id="token-4-41" start_char="682">to</TOKEN>
				<TOKEN end_char="687" id="token-4-42" start_char="685">the</TOKEN>
				<TOKEN end_char="696" id="token-4-43" start_char="689">national</TOKEN>
				<TOKEN end_char="700" id="token-4-44" start_char="698">flu</TOKEN>
				<TOKEN end_char="701" id="token-4-45" start_char="701">-</TOKEN>
				<TOKEN end_char="711" id="token-4-46" start_char="702">monitoring</TOKEN>
				<TOKEN end_char="719" id="token-4-47" start_char="713">network</TOKEN>
				<TOKEN end_char="720" id="token-4-48" start_char="720">.</TOKEN>
				<TOKEN end_char="728" id="token-4-49" start_char="722">Nothing</TOKEN>
				<TOKEN end_char="731" id="token-4-50" start_char="730">so</TOKEN>
				<TOKEN end_char="735" id="token-4-51" start_char="733">far</TOKEN>
				<TOKEN end_char="736" id="token-4-52" start_char="736">,</TOKEN>
				<TOKEN end_char="748" id="token-4-53" start_char="738">authorities</TOKEN>
				<TOKEN end_char="757" id="token-4-54" start_char="750">stressed</TOKEN>
				<TOKEN end_char="758" id="token-4-55" start_char="758">,</TOKEN>
				<TOKEN end_char="767" id="token-4-56" start_char="760">suggests</TOKEN>
				<TOKEN end_char="772" id="token-4-57" start_char="769">that</TOKEN>
				<TOKEN end_char="776" id="token-4-58" start_char="774">the</TOKEN>
				<TOKEN end_char="783" id="token-4-59" start_char="778">strain</TOKEN>
				<TOKEN end_char="787" id="token-4-60" start_char="785">can</TOKEN>
				<TOKEN end_char="790" id="token-4-61" start_char="789">be</TOKEN>
				<TOKEN end_char="802" id="token-4-62" start_char="792">transmitted</TOKEN>
				<TOKEN end_char="807" id="token-4-63" start_char="804">from</TOKEN>
				<TOKEN end_char="811" id="token-4-64" start_char="809">one</TOKEN>
				<TOKEN end_char="817" id="token-4-65" start_char="813">human</TOKEN>
				<TOKEN end_char="820" id="token-4-66" start_char="819">to</TOKEN>
				<TOKEN end_char="828" id="token-4-67" start_char="822">another</TOKEN>
				<TOKEN end_char="829" id="token-4-68" start_char="829">.</TOKEN>
			</SEG>
			<SEG end_char="1160" id="20130403_WAPO_8df2ffe4-9c5b-11e2-a941-a19bce7af755-5" start_char="831">
				<ORIGINAL_TEXT>The World Health Organization also urged calm this week but noted the importance of determining how the virus came to infect humans and whether it might spread. Just one patient so far appeared to have had direct contact with poultry. Dozens of people who came into contact with each patient are being monitored, authorities said.</ORIGINAL_TEXT>
				<TOKEN end_char="833" id="token-5-0" start_char="831">The</TOKEN>
				<TOKEN end_char="839" id="token-5-1" start_char="835">World</TOKEN>
				<TOKEN end_char="846" id="token-5-2" start_char="841">Health</TOKEN>
				<TOKEN end_char="859" id="token-5-3" start_char="848">Organization</TOKEN>
				<TOKEN end_char="864" id="token-5-4" start_char="861">also</TOKEN>
				<TOKEN end_char="870" id="token-5-5" start_char="866">urged</TOKEN>
				<TOKEN end_char="875" id="token-5-6" start_char="872">calm</TOKEN>
				<TOKEN end_char="880" id="token-5-7" start_char="877">this</TOKEN>
				<TOKEN end_char="885" id="token-5-8" start_char="882">week</TOKEN>
				<TOKEN end_char="889" id="token-5-9" start_char="887">but</TOKEN>
				<TOKEN end_char="895" id="token-5-10" start_char="891">noted</TOKEN>
				<TOKEN end_char="899" id="token-5-11" start_char="897">the</TOKEN>
				<TOKEN end_char="910" id="token-5-12" start_char="901">importance</TOKEN>
				<TOKEN end_char="913" id="token-5-13" start_char="912">of</TOKEN>
				<TOKEN end_char="925" id="token-5-14" start_char="915">determining</TOKEN>
				<TOKEN end_char="929" id="token-5-15" start_char="927">how</TOKEN>
				<TOKEN end_char="933" id="token-5-16" start_char="931">the</TOKEN>
				<TOKEN end_char="939" id="token-5-17" start_char="935">virus</TOKEN>
				<TOKEN end_char="944" id="token-5-18" start_char="941">came</TOKEN>
				<TOKEN end_char="947" id="token-5-19" start_char="946">to</TOKEN>
				<TOKEN end_char="954" id="token-5-20" start_char="949">infect</TOKEN>
				<TOKEN end_char="961" id="token-5-21" start_char="956">humans</TOKEN>
				<TOKEN end_char="965" id="token-5-22" start_char="963">and</TOKEN>
				<TOKEN end_char="973" id="token-5-23" start_char="967">whether</TOKEN>
				<TOKEN end_char="976" id="token-5-24" start_char="975">it</TOKEN>
				<TOKEN end_char="982" id="token-5-25" start_char="978">might</TOKEN>
				<TOKEN end_char="989" id="token-5-26" start_char="984">spread</TOKEN>
				<TOKEN end_char="990" id="token-5-27" start_char="990">.</TOKEN>
				<TOKEN end_char="995" id="token-5-28" start_char="992">Just</TOKEN>
				<TOKEN end_char="999" id="token-5-29" start_char="997">one</TOKEN>
				<TOKEN end_char="1007" id="token-5-30" start_char="1001">patient</TOKEN>
				<TOKEN end_char="1010" id="token-5-31" start_char="1009">so</TOKEN>
				<TOKEN end_char="1014" id="token-5-32" start_char="1012">far</TOKEN>
				<TOKEN end_char="1023" id="token-5-33" start_char="1016">appeared</TOKEN>
				<TOKEN end_char="1026" id="token-5-34" start_char="1025">to</TOKEN>
				<TOKEN end_char="1031" id="token-5-35" start_char="1028">have</TOKEN>
				<TOKEN end_char="1035" id="token-5-36" start_char="1033">had</TOKEN>
				<TOKEN end_char="1042" id="token-5-37" start_char="1037">direct</TOKEN>
				<TOKEN end_char="1050" id="token-5-38" start_char="1044">contact</TOKEN>
				<TOKEN end_char="1055" id="token-5-39" start_char="1052">with</TOKEN>
				<TOKEN end_char="1063" id="token-5-40" start_char="1057">poultry</TOKEN>
				<TOKEN end_char="1064" id="token-5-41" start_char="1064">.</TOKEN>
				<TOKEN end_char="1071" id="token-5-42" start_char="1066">Dozens</TOKEN>
				<TOKEN end_char="1074" id="token-5-43" start_char="1073">of</TOKEN>
				<TOKEN end_char="1081" id="token-5-44" start_char="1076">people</TOKEN>
				<TOKEN end_char="1085" id="token-5-45" start_char="1083">who</TOKEN>
				<TOKEN end_char="1090" id="token-5-46" start_char="1087">came</TOKEN>
				<TOKEN end_char="1095" id="token-5-47" start_char="1092">into</TOKEN>
				<TOKEN end_char="1103" id="token-5-48" start_char="1097">contact</TOKEN>
				<TOKEN end_char="1108" id="token-5-49" start_char="1105">with</TOKEN>
				<TOKEN end_char="1113" id="token-5-50" start_char="1110">each</TOKEN>
				<TOKEN end_char="1121" id="token-5-51" start_char="1115">patient</TOKEN>
				<TOKEN end_char="1125" id="token-5-52" start_char="1123">are</TOKEN>
				<TOKEN end_char="1131" id="token-5-53" start_char="1127">being</TOKEN>
				<TOKEN end_char="1141" id="token-5-54" start_char="1133">monitored</TOKEN>
				<TOKEN end_char="1142" id="token-5-55" start_char="1142">,</TOKEN>
				<TOKEN end_char="1154" id="token-5-56" start_char="1144">authorities</TOKEN>
				<TOKEN end_char="1159" id="token-5-57" start_char="1156">said</TOKEN>
				<TOKEN end_char="1160" id="token-5-58" start_char="1160">.</TOKEN>
			</SEG>
			<SEG end_char="1274" id="20130403_WAPO_8df2ffe4-9c5b-11e2-a941-a19bce7af755-6" start_char="1162">
				<ORIGINAL_TEXT>A different strain of bird flu, H5N1, that emerged in 2003 has killed more than 370 people, according to the WHO.</ORIGINAL_TEXT>
				<TOKEN end_char="1162" id="token-6-0" start_char="1162">A</TOKEN>
				<TOKEN end_char="1172" id="token-6-1" start_char="1164">different</TOKEN>
				<TOKEN end_char="1179" id="token-6-2" start_char="1174">strain</TOKEN>
				<TOKEN end_char="1182" id="token-6-3" start_char="1181">of</TOKEN>
				<TOKEN end_char="1187" id="token-6-4" start_char="1184">bird</TOKEN>
				<TOKEN end_char="1191" id="token-6-5" start_char="1189">flu</TOKEN>
				<TOKEN end_char="1192" id="token-6-6" start_char="1192">,</TOKEN>
				<TOKEN end_char="1197" id="token-6-7" start_char="1194">H5N1</TOKEN>
				<TOKEN end_char="1198" id="token-6-8" start_char="1198">,</TOKEN>
				<TOKEN end_char="1203" id="token-6-9" start_char="1200">that</TOKEN>
				<TOKEN end_char="1211" id="token-6-10" start_char="1205">emerged</TOKEN>
				<TOKEN end_char="1214" id="token-6-11" start_char="1213">in</TOKEN>
				<TOKEN end_char="1219" id="token-6-12" start_char="1216">2003</TOKEN>
				<TOKEN end_char="1223" id="token-6-13" start_char="1221">has</TOKEN>
				<TOKEN end_char="1230" id="token-6-14" start_char="1225">killed</TOKEN>
				<TOKEN end_char="1235" id="token-6-15" start_char="1232">more</TOKEN>
				<TOKEN end_char="1240" id="token-6-16" start_char="1237">than</TOKEN>
				<TOKEN end_char="1244" id="token-6-17" start_char="1242">370</TOKEN>
				<TOKEN end_char="1251" id="token-6-18" start_char="1246">people</TOKEN>
				<TOKEN end_char="1252" id="token-6-19" start_char="1252">,</TOKEN>
				<TOKEN end_char="1262" id="token-6-20" start_char="1254">according</TOKEN>
				<TOKEN end_char="1265" id="token-6-21" start_char="1264">to</TOKEN>
				<TOKEN end_char="1269" id="token-6-22" start_char="1267">the</TOKEN>
				<TOKEN end_char="1273" id="token-6-23" start_char="1271">WHO</TOKEN>
				<TOKEN end_char="1274" id="token-6-24" start_char="1274">.</TOKEN>
			</SEG>
			<SEG end_char="1579" id="20130403_WAPO_8df2ffe4-9c5b-11e2-a941-a19bce7af755-7" start_char="1276">
				<ORIGINAL_TEXT>Local media on Wednesday described the latest fatality as a 38-year-old chef in the eastern province of Zhejiang. A second patient from the same area was described as a 67-year-old retiree who was being treated in a hospital. Authorities revealed over the weekend that two other men had died in Shanghai.</ORIGINAL_TEXT>
				<TOKEN end_char="1280" id="token-7-0" start_char="1276">Local</TOKEN>
				<TOKEN end_char="1286" id="token-7-1" start_char="1282">media</TOKEN>
				<TOKEN end_char="1289" id="token-7-2" start_char="1288">on</TOKEN>
				<TOKEN end_char="1299" id="token-7-3" start_char="1291">Wednesday</TOKEN>
				<TOKEN end_char="1309" id="token-7-4" start_char="1301">described</TOKEN>
				<TOKEN end_char="1313" id="token-7-5" start_char="1311">the</TOKEN>
				<TOKEN end_char="1320" id="token-7-6" start_char="1315">latest</TOKEN>
				<TOKEN end_char="1329" id="token-7-7" start_char="1322">fatality</TOKEN>
				<TOKEN end_char="1332" id="token-7-8" start_char="1331">as</TOKEN>
				<TOKEN end_char="1334" id="token-7-9" start_char="1334">a</TOKEN>
				<TOKEN end_char="1337" id="token-7-10" start_char="1336">38</TOKEN>
				<TOKEN end_char="1338" id="token-7-11" start_char="1338">-</TOKEN>
				<TOKEN end_char="1342" id="token-7-12" start_char="1339">year</TOKEN>
				<TOKEN end_char="1343" id="token-7-13" start_char="1343">-</TOKEN>
				<TOKEN end_char="1346" id="token-7-14" start_char="1344">old</TOKEN>
				<TOKEN end_char="1351" id="token-7-15" start_char="1348">chef</TOKEN>
				<TOKEN end_char="1354" id="token-7-16" start_char="1353">in</TOKEN>
				<TOKEN end_char="1358" id="token-7-17" start_char="1356">the</TOKEN>
				<TOKEN end_char="1366" id="token-7-18" start_char="1360">eastern</TOKEN>
				<TOKEN end_char="1375" id="token-7-19" start_char="1368">province</TOKEN>
				<TOKEN end_char="1378" id="token-7-20" start_char="1377">of</TOKEN>
				<TOKEN end_char="1387" id="token-7-21" start_char="1380">Zhejiang</TOKEN>
				<TOKEN end_char="1388" id="token-7-22" start_char="1388">.</TOKEN>
				<TOKEN end_char="1390" id="token-7-23" start_char="1390">A</TOKEN>
				<TOKEN end_char="1397" id="token-7-24" start_char="1392">second</TOKEN>
				<TOKEN end_char="1405" id="token-7-25" start_char="1399">patient</TOKEN>
				<TOKEN end_char="1410" id="token-7-26" start_char="1407">from</TOKEN>
				<TOKEN end_char="1414" id="token-7-27" start_char="1412">the</TOKEN>
				<TOKEN end_char="1419" id="token-7-28" start_char="1416">same</TOKEN>
				<TOKEN end_char="1424" id="token-7-29" start_char="1421">area</TOKEN>
				<TOKEN end_char="1428" id="token-7-30" start_char="1426">was</TOKEN>
				<TOKEN end_char="1438" id="token-7-31" start_char="1430">described</TOKEN>
				<TOKEN end_char="1441" id="token-7-32" start_char="1440">as</TOKEN>
				<TOKEN end_char="1443" id="token-7-33" start_char="1443">a</TOKEN>
				<TOKEN end_char="1446" id="token-7-34" start_char="1445">67</TOKEN>
				<TOKEN end_char="1447" id="token-7-35" start_char="1447">-</TOKEN>
				<TOKEN end_char="1451" id="token-7-36" start_char="1448">year</TOKEN>
				<TOKEN end_char="1452" id="token-7-37" start_char="1452">-</TOKEN>
				<TOKEN end_char="1455" id="token-7-38" start_char="1453">old</TOKEN>
				<TOKEN end_char="1463" id="token-7-39" start_char="1457">retiree</TOKEN>
				<TOKEN end_char="1467" id="token-7-40" start_char="1465">who</TOKEN>
				<TOKEN end_char="1471" id="token-7-41" start_char="1469">was</TOKEN>
				<TOKEN end_char="1477" id="token-7-42" start_char="1473">being</TOKEN>
				<TOKEN end_char="1485" id="token-7-43" start_char="1479">treated</TOKEN>
				<TOKEN end_char="1488" id="token-7-44" start_char="1487">in</TOKEN>
				<TOKEN end_char="1490" id="token-7-45" start_char="1490">a</TOKEN>
				<TOKEN end_char="1499" id="token-7-46" start_char="1492">hospital</TOKEN>
				<TOKEN end_char="1500" id="token-7-47" start_char="1500">.</TOKEN>
				<TOKEN end_char="1512" id="token-7-48" start_char="1502">Authorities</TOKEN>
				<TOKEN end_char="1521" id="token-7-49" start_char="1514">revealed</TOKEN>
				<TOKEN end_char="1526" id="token-7-50" start_char="1523">over</TOKEN>
				<TOKEN end_char="1530" id="token-7-51" start_char="1528">the</TOKEN>
				<TOKEN end_char="1538" id="token-7-52" start_char="1532">weekend</TOKEN>
				<TOKEN end_char="1543" id="token-7-53" start_char="1540">that</TOKEN>
				<TOKEN end_char="1547" id="token-7-54" start_char="1545">two</TOKEN>
				<TOKEN end_char="1553" id="token-7-55" start_char="1549">other</TOKEN>
				<TOKEN end_char="1557" id="token-7-56" start_char="1555">men</TOKEN>
				<TOKEN end_char="1561" id="token-7-57" start_char="1559">had</TOKEN>
				<TOKEN end_char="1566" id="token-7-58" start_char="1563">died</TOKEN>
				<TOKEN end_char="1569" id="token-7-59" start_char="1568">in</TOKEN>
				<TOKEN end_char="1578" id="token-7-60" start_char="1571">Shanghai</TOKEN>
				<TOKEN end_char="1579" id="token-7-61" start_char="1579">.</TOKEN>
			</SEG>
			<SEG end_char="1921" id="20130403_WAPO_8df2ffe4-9c5b-11e2-a941-a19bce7af755-8" start_char="1581">
				<ORIGINAL_TEXT>Shanghai officials appeared particularly eager to dispel rumors that the new avian flu strain was related to the recent scandal triggered by the discovery of more than 15,000 dead pigs in Shanghai-area rivers. Public statements released Wednesday were aimed at assuring citizens that poultry and pork supplies in the city remain safe to eat.</ORIGINAL_TEXT>
				<TOKEN end_char="1588" id="token-8-0" start_char="1581">Shanghai</TOKEN>
				<TOKEN end_char="1598" id="token-8-1" start_char="1590">officials</TOKEN>
				<TOKEN end_char="1607" id="token-8-2" start_char="1600">appeared</TOKEN>
				<TOKEN end_char="1620" id="token-8-3" start_char="1609">particularly</TOKEN>
				<TOKEN end_char="1626" id="token-8-4" start_char="1622">eager</TOKEN>
				<TOKEN end_char="1629" id="token-8-5" start_char="1628">to</TOKEN>
				<TOKEN end_char="1636" id="token-8-6" start_char="1631">dispel</TOKEN>
				<TOKEN end_char="1643" id="token-8-7" start_char="1638">rumors</TOKEN>
				<TOKEN end_char="1648" id="token-8-8" start_char="1645">that</TOKEN>
				<TOKEN end_char="1652" id="token-8-9" start_char="1650">the</TOKEN>
				<TOKEN end_char="1656" id="token-8-10" start_char="1654">new</TOKEN>
				<TOKEN end_char="1662" id="token-8-11" start_char="1658">avian</TOKEN>
				<TOKEN end_char="1666" id="token-8-12" start_char="1664">flu</TOKEN>
				<TOKEN end_char="1673" id="token-8-13" start_char="1668">strain</TOKEN>
				<TOKEN end_char="1677" id="token-8-14" start_char="1675">was</TOKEN>
				<TOKEN end_char="1685" id="token-8-15" start_char="1679">related</TOKEN>
				<TOKEN end_char="1688" id="token-8-16" start_char="1687">to</TOKEN>
				<TOKEN end_char="1692" id="token-8-17" start_char="1690">the</TOKEN>
				<TOKEN end_char="1699" id="token-8-18" start_char="1694">recent</TOKEN>
				<TOKEN end_char="1707" id="token-8-19" start_char="1701">scandal</TOKEN>
				<TOKEN end_char="1717" id="token-8-20" start_char="1709">triggered</TOKEN>
				<TOKEN end_char="1720" id="token-8-21" start_char="1719">by</TOKEN>
				<TOKEN end_char="1724" id="token-8-22" start_char="1722">the</TOKEN>
				<TOKEN end_char="1734" id="token-8-23" start_char="1726">discovery</TOKEN>
				<TOKEN end_char="1737" id="token-8-24" start_char="1736">of</TOKEN>
				<TOKEN end_char="1742" id="token-8-25" start_char="1739">more</TOKEN>
				<TOKEN end_char="1747" id="token-8-26" start_char="1744">than</TOKEN>
				<TOKEN end_char="1750" id="token-8-27" start_char="1749">15</TOKEN>
				<TOKEN end_char="1751" id="token-8-28" start_char="1751">,</TOKEN>
				<TOKEN end_char="1754" id="token-8-29" start_char="1752">000</TOKEN>
				<TOKEN end_char="1759" id="token-8-30" start_char="1756">dead</TOKEN>
				<TOKEN end_char="1764" id="token-8-31" start_char="1761">pigs</TOKEN>
				<TOKEN end_char="1767" id="token-8-32" start_char="1766">in</TOKEN>
				<TOKEN end_char="1776" id="token-8-33" start_char="1769">Shanghai</TOKEN>
				<TOKEN end_char="1777" id="token-8-34" start_char="1777">-</TOKEN>
				<TOKEN end_char="1781" id="token-8-35" start_char="1778">area</TOKEN>
				<TOKEN end_char="1788" id="token-8-36" start_char="1783">rivers</TOKEN>
				<TOKEN end_char="1789" id="token-8-37" start_char="1789">.</TOKEN>
				<TOKEN end_char="1796" id="token-8-38" start_char="1791">Public</TOKEN>
				<TOKEN end_char="1807" id="token-8-39" start_char="1798">statements</TOKEN>
				<TOKEN end_char="1816" id="token-8-40" start_char="1809">released</TOKEN>
				<TOKEN end_char="1826" id="token-8-41" start_char="1818">Wednesday</TOKEN>
				<TOKEN end_char="1831" id="token-8-42" start_char="1828">were</TOKEN>
				<TOKEN end_char="1837" id="token-8-43" start_char="1833">aimed</TOKEN>
				<TOKEN end_char="1840" id="token-8-44" start_char="1839">at</TOKEN>
				<TOKEN end_char="1849" id="token-8-45" start_char="1842">assuring</TOKEN>
				<TOKEN end_char="1858" id="token-8-46" start_char="1851">citizens</TOKEN>
				<TOKEN end_char="1863" id="token-8-47" start_char="1860">that</TOKEN>
				<TOKEN end_char="1871" id="token-8-48" start_char="1865">poultry</TOKEN>
				<TOKEN end_char="1875" id="token-8-49" start_char="1873">and</TOKEN>
				<TOKEN end_char="1880" id="token-8-50" start_char="1877">pork</TOKEN>
				<TOKEN end_char="1889" id="token-8-51" start_char="1882">supplies</TOKEN>
				<TOKEN end_char="1892" id="token-8-52" start_char="1891">in</TOKEN>
				<TOKEN end_char="1896" id="token-8-53" start_char="1894">the</TOKEN>
				<TOKEN end_char="1901" id="token-8-54" start_char="1898">city</TOKEN>
				<TOKEN end_char="1908" id="token-8-55" start_char="1903">remain</TOKEN>
				<TOKEN end_char="1913" id="token-8-56" start_char="1910">safe</TOKEN>
				<TOKEN end_char="1916" id="token-8-57" start_char="1915">to</TOKEN>
				<TOKEN end_char="1920" id="token-8-58" start_char="1918">eat</TOKEN>
				<TOKEN end_char="1921" id="token-8-59" start_char="1921">.</TOKEN>
			</SEG>
			<SEG end_char="2129" id="20130403_WAPO_8df2ffe4-9c5b-11e2-a941-a19bce7af755-9" start_char="1923">
				<ORIGINAL_TEXT>The Shanghai Animal Disease Prevention and Control Center tested 34 samples from pig carcases and reported finding no traces of bird flu, state media reported. Many city residents, however, remain skeptical.</ORIGINAL_TEXT>
				<TOKEN end_char="1925" id="token-9-0" start_char="1923">The</TOKEN>
				<TOKEN end_char="1934" id="token-9-1" start_char="1927">Shanghai</TOKEN>
				<TOKEN end_char="1941" id="token-9-2" start_char="1936">Animal</TOKEN>
				<TOKEN end_char="1949" id="token-9-3" start_char="1943">Disease</TOKEN>
				<TOKEN end_char="1960" id="token-9-4" start_char="1951">Prevention</TOKEN>
				<TOKEN end_char="1964" id="token-9-5" start_char="1962">and</TOKEN>
				<TOKEN end_char="1972" id="token-9-6" start_char="1966">Control</TOKEN>
				<TOKEN end_char="1979" id="token-9-7" start_char="1974">Center</TOKEN>
				<TOKEN end_char="1986" id="token-9-8" start_char="1981">tested</TOKEN>
				<TOKEN end_char="1989" id="token-9-9" start_char="1988">34</TOKEN>
				<TOKEN end_char="1997" id="token-9-10" start_char="1991">samples</TOKEN>
				<TOKEN end_char="2002" id="token-9-11" start_char="1999">from</TOKEN>
				<TOKEN end_char="2006" id="token-9-12" start_char="2004">pig</TOKEN>
				<TOKEN end_char="2015" id="token-9-13" start_char="2008">carcases</TOKEN>
				<TOKEN end_char="2019" id="token-9-14" start_char="2017">and</TOKEN>
				<TOKEN end_char="2028" id="token-9-15" start_char="2021">reported</TOKEN>
				<TOKEN end_char="2036" id="token-9-16" start_char="2030">finding</TOKEN>
				<TOKEN end_char="2039" id="token-9-17" start_char="2038">no</TOKEN>
				<TOKEN end_char="2046" id="token-9-18" start_char="2041">traces</TOKEN>
				<TOKEN end_char="2049" id="token-9-19" start_char="2048">of</TOKEN>
				<TOKEN end_char="2054" id="token-9-20" start_char="2051">bird</TOKEN>
				<TOKEN end_char="2058" id="token-9-21" start_char="2056">flu</TOKEN>
				<TOKEN end_char="2059" id="token-9-22" start_char="2059">,</TOKEN>
				<TOKEN end_char="2065" id="token-9-23" start_char="2061">state</TOKEN>
				<TOKEN end_char="2071" id="token-9-24" start_char="2067">media</TOKEN>
				<TOKEN end_char="2080" id="token-9-25" start_char="2073">reported</TOKEN>
				<TOKEN end_char="2081" id="token-9-26" start_char="2081">.</TOKEN>
				<TOKEN end_char="2086" id="token-9-27" start_char="2083">Many</TOKEN>
				<TOKEN end_char="2091" id="token-9-28" start_char="2088">city</TOKEN>
				<TOKEN end_char="2101" id="token-9-29" start_char="2093">residents</TOKEN>
				<TOKEN end_char="2102" id="token-9-30" start_char="2102">,</TOKEN>
				<TOKEN end_char="2110" id="token-9-31" start_char="2104">however</TOKEN>
				<TOKEN end_char="2111" id="token-9-32" start_char="2111">,</TOKEN>
				<TOKEN end_char="2118" id="token-9-33" start_char="2113">remain</TOKEN>
				<TOKEN end_char="2128" id="token-9-34" start_char="2120">skeptical</TOKEN>
				<TOKEN end_char="2129" id="token-9-35" start_char="2129">.</TOKEN>
			</SEG>
			<SEG end_char="2345" id="20130403_WAPO_8df2ffe4-9c5b-11e2-a941-a19bce7af755-10" start_char="2131">
				<ORIGINAL_TEXT>This week, Vietnam enacted a ban on all poultry products from China, stepping up border controls, while Taiwan put officials on alert and set up a monitoring group as a precaution against an epidemic-level outbreak.</ORIGINAL_TEXT>
				<TOKEN end_char="2134" id="token-10-0" start_char="2131">This</TOKEN>
				<TOKEN end_char="2139" id="token-10-1" start_char="2136">week</TOKEN>
				<TOKEN end_char="2140" id="token-10-2" start_char="2140">,</TOKEN>
				<TOKEN end_char="2148" id="token-10-3" start_char="2142">Vietnam</TOKEN>
				<TOKEN end_char="2156" id="token-10-4" start_char="2150">enacted</TOKEN>
				<TOKEN end_char="2158" id="token-10-5" start_char="2158">a</TOKEN>
				<TOKEN end_char="2162" id="token-10-6" start_char="2160">ban</TOKEN>
				<TOKEN end_char="2165" id="token-10-7" start_char="2164">on</TOKEN>
				<TOKEN end_char="2169" id="token-10-8" start_char="2167">all</TOKEN>
				<TOKEN end_char="2177" id="token-10-9" start_char="2171">poultry</TOKEN>
				<TOKEN end_char="2186" id="token-10-10" start_char="2179">products</TOKEN>
				<TOKEN end_char="2191" id="token-10-11" start_char="2188">from</TOKEN>
				<TOKEN end_char="2197" id="token-10-12" start_char="2193">China</TOKEN>
				<TOKEN end_char="2198" id="token-10-13" start_char="2198">,</TOKEN>
				<TOKEN end_char="2207" id="token-10-14" start_char="2200">stepping</TOKEN>
				<TOKEN end_char="2210" id="token-10-15" start_char="2209">up</TOKEN>
				<TOKEN end_char="2217" id="token-10-16" start_char="2212">border</TOKEN>
				<TOKEN end_char="2226" id="token-10-17" start_char="2219">controls</TOKEN>
				<TOKEN end_char="2227" id="token-10-18" start_char="2227">,</TOKEN>
				<TOKEN end_char="2233" id="token-10-19" start_char="2229">while</TOKEN>
				<TOKEN end_char="2240" id="token-10-20" start_char="2235">Taiwan</TOKEN>
				<TOKEN end_char="2244" id="token-10-21" start_char="2242">put</TOKEN>
				<TOKEN end_char="2254" id="token-10-22" start_char="2246">officials</TOKEN>
				<TOKEN end_char="2257" id="token-10-23" start_char="2256">on</TOKEN>
				<TOKEN end_char="2263" id="token-10-24" start_char="2259">alert</TOKEN>
				<TOKEN end_char="2267" id="token-10-25" start_char="2265">and</TOKEN>
				<TOKEN end_char="2271" id="token-10-26" start_char="2269">set</TOKEN>
				<TOKEN end_char="2274" id="token-10-27" start_char="2273">up</TOKEN>
				<TOKEN end_char="2276" id="token-10-28" start_char="2276">a</TOKEN>
				<TOKEN end_char="2287" id="token-10-29" start_char="2278">monitoring</TOKEN>
				<TOKEN end_char="2293" id="token-10-30" start_char="2289">group</TOKEN>
				<TOKEN end_char="2296" id="token-10-31" start_char="2295">as</TOKEN>
				<TOKEN end_char="2298" id="token-10-32" start_char="2298">a</TOKEN>
				<TOKEN end_char="2309" id="token-10-33" start_char="2300">precaution</TOKEN>
				<TOKEN end_char="2317" id="token-10-34" start_char="2311">against</TOKEN>
				<TOKEN end_char="2320" id="token-10-35" start_char="2319">an</TOKEN>
				<TOKEN end_char="2329" id="token-10-36" start_char="2322">epidemic</TOKEN>
				<TOKEN end_char="2330" id="token-10-37" start_char="2330">-</TOKEN>
				<TOKEN end_char="2335" id="token-10-38" start_char="2331">level</TOKEN>
				<TOKEN end_char="2344" id="token-10-39" start_char="2337">outbreak</TOKEN>
				<TOKEN end_char="2345" id="token-10-40" start_char="2345">.</TOKEN>
			</SEG>
			<SEG end_char="2538" id="20130403_WAPO_8df2ffe4-9c5b-11e2-a941-a19bce7af755-11" start_char="2347">
				<ORIGINAL_TEXT>Some experts have deemed China a higher risk for bird flu given the sheer size of its poultry industry and its use of production methods that put farmers in closer proximity to their chickens.</ORIGINAL_TEXT>
				<TOKEN end_char="2350" id="token-11-0" start_char="2347">Some</TOKEN>
				<TOKEN end_char="2358" id="token-11-1" start_char="2352">experts</TOKEN>
				<TOKEN end_char="2363" id="token-11-2" start_char="2360">have</TOKEN>
				<TOKEN end_char="2370" id="token-11-3" start_char="2365">deemed</TOKEN>
				<TOKEN end_char="2376" id="token-11-4" start_char="2372">China</TOKEN>
				<TOKEN end_char="2378" id="token-11-5" start_char="2378">a</TOKEN>
				<TOKEN end_char="2385" id="token-11-6" start_char="2380">higher</TOKEN>
				<TOKEN end_char="2390" id="token-11-7" start_char="2387">risk</TOKEN>
				<TOKEN end_char="2394" id="token-11-8" start_char="2392">for</TOKEN>
				<TOKEN end_char="2399" id="token-11-9" start_char="2396">bird</TOKEN>
				<TOKEN end_char="2403" id="token-11-10" start_char="2401">flu</TOKEN>
				<TOKEN end_char="2409" id="token-11-11" start_char="2405">given</TOKEN>
				<TOKEN end_char="2413" id="token-11-12" start_char="2411">the</TOKEN>
				<TOKEN end_char="2419" id="token-11-13" start_char="2415">sheer</TOKEN>
				<TOKEN end_char="2424" id="token-11-14" start_char="2421">size</TOKEN>
				<TOKEN end_char="2427" id="token-11-15" start_char="2426">of</TOKEN>
				<TOKEN end_char="2431" id="token-11-16" start_char="2429">its</TOKEN>
				<TOKEN end_char="2439" id="token-11-17" start_char="2433">poultry</TOKEN>
				<TOKEN end_char="2448" id="token-11-18" start_char="2441">industry</TOKEN>
				<TOKEN end_char="2452" id="token-11-19" start_char="2450">and</TOKEN>
				<TOKEN end_char="2456" id="token-11-20" start_char="2454">its</TOKEN>
				<TOKEN end_char="2460" id="token-11-21" start_char="2458">use</TOKEN>
				<TOKEN end_char="2463" id="token-11-22" start_char="2462">of</TOKEN>
				<TOKEN end_char="2474" id="token-11-23" start_char="2465">production</TOKEN>
				<TOKEN end_char="2482" id="token-11-24" start_char="2476">methods</TOKEN>
				<TOKEN end_char="2487" id="token-11-25" start_char="2484">that</TOKEN>
				<TOKEN end_char="2491" id="token-11-26" start_char="2489">put</TOKEN>
				<TOKEN end_char="2499" id="token-11-27" start_char="2493">farmers</TOKEN>
				<TOKEN end_char="2502" id="token-11-28" start_char="2501">in</TOKEN>
				<TOKEN end_char="2509" id="token-11-29" start_char="2504">closer</TOKEN>
				<TOKEN end_char="2519" id="token-11-30" start_char="2511">proximity</TOKEN>
				<TOKEN end_char="2522" id="token-11-31" start_char="2521">to</TOKEN>
				<TOKEN end_char="2528" id="token-11-32" start_char="2524">their</TOKEN>
				<TOKEN end_char="2537" id="token-11-33" start_char="2530">chickens</TOKEN>
				<TOKEN end_char="2538" id="token-11-34" start_char="2538">.</TOKEN>
			</SEG>
			<SEG end_char="2970" id="20130403_WAPO_8df2ffe4-9c5b-11e2-a941-a19bce7af755-12" start_char="2540">
				<ORIGINAL_TEXT>In their media and public-health response, Chinese authorities have been haunted by the specter of past medical crises, most notably the SARS outbreak of 2002 and 2003, when official censorship and tight control of information worsened matters. But Zhong Nanshan, director of the Chinese Medical Association, told Chinese media it is considered very unlikely that this bird flu strain will turn into a problem on the scale of SARS.</ORIGINAL_TEXT>
				<TOKEN end_char="2541" id="token-12-0" start_char="2540">In</TOKEN>
				<TOKEN end_char="2547" id="token-12-1" start_char="2543">their</TOKEN>
				<TOKEN end_char="2553" id="token-12-2" start_char="2549">media</TOKEN>
				<TOKEN end_char="2557" id="token-12-3" start_char="2555">and</TOKEN>
				<TOKEN end_char="2564" id="token-12-4" start_char="2559">public</TOKEN>
				<TOKEN end_char="2565" id="token-12-5" start_char="2565">-</TOKEN>
				<TOKEN end_char="2571" id="token-12-6" start_char="2566">health</TOKEN>
				<TOKEN end_char="2580" id="token-12-7" start_char="2573">response</TOKEN>
				<TOKEN end_char="2581" id="token-12-8" start_char="2581">,</TOKEN>
				<TOKEN end_char="2589" id="token-12-9" start_char="2583">Chinese</TOKEN>
				<TOKEN end_char="2601" id="token-12-10" start_char="2591">authorities</TOKEN>
				<TOKEN end_char="2606" id="token-12-11" start_char="2603">have</TOKEN>
				<TOKEN end_char="2611" id="token-12-12" start_char="2608">been</TOKEN>
				<TOKEN end_char="2619" id="token-12-13" start_char="2613">haunted</TOKEN>
				<TOKEN end_char="2622" id="token-12-14" start_char="2621">by</TOKEN>
				<TOKEN end_char="2626" id="token-12-15" start_char="2624">the</TOKEN>
				<TOKEN end_char="2634" id="token-12-16" start_char="2628">specter</TOKEN>
				<TOKEN end_char="2637" id="token-12-17" start_char="2636">of</TOKEN>
				<TOKEN end_char="2642" id="token-12-18" start_char="2639">past</TOKEN>
				<TOKEN end_char="2650" id="token-12-19" start_char="2644">medical</TOKEN>
				<TOKEN end_char="2657" id="token-12-20" start_char="2652">crises</TOKEN>
				<TOKEN end_char="2658" id="token-12-21" start_char="2658">,</TOKEN>
				<TOKEN end_char="2663" id="token-12-22" start_char="2660">most</TOKEN>
				<TOKEN end_char="2671" id="token-12-23" start_char="2665">notably</TOKEN>
				<TOKEN end_char="2675" id="token-12-24" start_char="2673">the</TOKEN>
				<TOKEN end_char="2680" id="token-12-25" start_char="2677">SARS</TOKEN>
				<TOKEN end_char="2689" id="token-12-26" start_char="2682">outbreak</TOKEN>
				<TOKEN end_char="2692" id="token-12-27" start_char="2691">of</TOKEN>
				<TOKEN end_char="2697" id="token-12-28" start_char="2694">2002</TOKEN>
				<TOKEN end_char="2701" id="token-12-29" start_char="2699">and</TOKEN>
				<TOKEN end_char="2706" id="token-12-30" start_char="2703">2003</TOKEN>
				<TOKEN end_char="2707" id="token-12-31" start_char="2707">,</TOKEN>
				<TOKEN end_char="2712" id="token-12-32" start_char="2709">when</TOKEN>
				<TOKEN end_char="2721" id="token-12-33" start_char="2714">official</TOKEN>
				<TOKEN end_char="2732" id="token-12-34" start_char="2723">censorship</TOKEN>
				<TOKEN end_char="2736" id="token-12-35" start_char="2734">and</TOKEN>
				<TOKEN end_char="2742" id="token-12-36" start_char="2738">tight</TOKEN>
				<TOKEN end_char="2750" id="token-12-37" start_char="2744">control</TOKEN>
				<TOKEN end_char="2753" id="token-12-38" start_char="2752">of</TOKEN>
				<TOKEN end_char="2765" id="token-12-39" start_char="2755">information</TOKEN>
				<TOKEN end_char="2774" id="token-12-40" start_char="2767">worsened</TOKEN>
				<TOKEN end_char="2782" id="token-12-41" start_char="2776">matters</TOKEN>
				<TOKEN end_char="2783" id="token-12-42" start_char="2783">.</TOKEN>
				<TOKEN end_char="2787" id="token-12-43" start_char="2785">But</TOKEN>
				<TOKEN end_char="2793" id="token-12-44" start_char="2789">Zhong</TOKEN>
				<TOKEN end_char="2801" id="token-12-45" start_char="2795">Nanshan</TOKEN>
				<TOKEN end_char="2802" id="token-12-46" start_char="2802">,</TOKEN>
				<TOKEN end_char="2811" id="token-12-47" start_char="2804">director</TOKEN>
				<TOKEN end_char="2814" id="token-12-48" start_char="2813">of</TOKEN>
				<TOKEN end_char="2818" id="token-12-49" start_char="2816">the</TOKEN>
				<TOKEN end_char="2826" id="token-12-50" start_char="2820">Chinese</TOKEN>
				<TOKEN end_char="2834" id="token-12-51" start_char="2828">Medical</TOKEN>
				<TOKEN end_char="2846" id="token-12-52" start_char="2836">Association</TOKEN>
				<TOKEN end_char="2847" id="token-12-53" start_char="2847">,</TOKEN>
				<TOKEN end_char="2852" id="token-12-54" start_char="2849">told</TOKEN>
				<TOKEN end_char="2860" id="token-12-55" start_char="2854">Chinese</TOKEN>
				<TOKEN end_char="2866" id="token-12-56" start_char="2862">media</TOKEN>
				<TOKEN end_char="2869" id="token-12-57" start_char="2868">it</TOKEN>
				<TOKEN end_char="2872" id="token-12-58" start_char="2871">is</TOKEN>
				<TOKEN end_char="2883" id="token-12-59" start_char="2874">considered</TOKEN>
				<TOKEN end_char="2888" id="token-12-60" start_char="2885">very</TOKEN>
				<TOKEN end_char="2897" id="token-12-61" start_char="2890">unlikely</TOKEN>
				<TOKEN end_char="2902" id="token-12-62" start_char="2899">that</TOKEN>
				<TOKEN end_char="2907" id="token-12-63" start_char="2904">this</TOKEN>
				<TOKEN end_char="2912" id="token-12-64" start_char="2909">bird</TOKEN>
				<TOKEN end_char="2916" id="token-12-65" start_char="2914">flu</TOKEN>
				<TOKEN end_char="2923" id="token-12-66" start_char="2918">strain</TOKEN>
				<TOKEN end_char="2928" id="token-12-67" start_char="2925">will</TOKEN>
				<TOKEN end_char="2933" id="token-12-68" start_char="2930">turn</TOKEN>
				<TOKEN end_char="2938" id="token-12-69" start_char="2935">into</TOKEN>
				<TOKEN end_char="2940" id="token-12-70" start_char="2940">a</TOKEN>
				<TOKEN end_char="2948" id="token-12-71" start_char="2942">problem</TOKEN>
				<TOKEN end_char="2951" id="token-12-72" start_char="2950">on</TOKEN>
				<TOKEN end_char="2955" id="token-12-73" start_char="2953">the</TOKEN>
				<TOKEN end_char="2961" id="token-12-74" start_char="2957">scale</TOKEN>
				<TOKEN end_char="2964" id="token-12-75" start_char="2963">of</TOKEN>
				<TOKEN end_char="2969" id="token-12-76" start_char="2966">SARS</TOKEN>
				<TOKEN end_char="2970" id="token-12-77" start_char="2970">.</TOKEN>
			</SEG>
		</TEXT>
	</DOC>
</LCTL_TEXT>
