<?xml version="1.0" encoding="utf-8"?>
<LCTL_TEXT>
	<DOC id="20130209_WAPO_091a14ac-7149-11e2-a050-b83a7b35c4b5">
		<TEXT>
			<SEG end_char="75" id="20130209_WAPO_091a14ac-7149-11e2-a050-b83a7b35c4b5-0" start_char="0">
				<ORIGINAL_TEXT>The State of the Union game: Hopefuls jockey to get their causes into speech</ORIGINAL_TEXT>
				<TOKEN end_char="2" id="token-0-0" start_char="0">The</TOKEN>
				<TOKEN end_char="8" id="token-0-1" start_char="4">State</TOKEN>
				<TOKEN end_char="11" id="token-0-2" start_char="10">of</TOKEN>
				<TOKEN end_char="15" id="token-0-3" start_char="13">the</TOKEN>
				<TOKEN end_char="21" id="token-0-4" start_char="17">Union</TOKEN>
				<TOKEN end_char="26" id="token-0-5" start_char="23">game</TOKEN>
				<TOKEN end_char="27" id="token-0-6" start_char="27">:</TOKEN>
				<TOKEN end_char="36" id="token-0-7" start_char="29">Hopefuls</TOKEN>
				<TOKEN end_char="43" id="token-0-8" start_char="38">jockey</TOKEN>
				<TOKEN end_char="46" id="token-0-9" start_char="45">to</TOKEN>
				<TOKEN end_char="50" id="token-0-10" start_char="48">get</TOKEN>
				<TOKEN end_char="56" id="token-0-11" start_char="52">their</TOKEN>
				<TOKEN end_char="63" id="token-0-12" start_char="58">causes</TOKEN>
				<TOKEN end_char="68" id="token-0-13" start_char="65">into</TOKEN>
				<TOKEN end_char="75" id="token-0-14" start_char="70">speech</TOKEN>
			</SEG>
			<SEG end_char="121" id="20130209_WAPO_091a14ac-7149-11e2-a050-b83a7b35c4b5-1" start_char="77">
				<ORIGINAL_TEXT>Saturday, February 9, 2013 17:04:00 GMT-05:00</ORIGINAL_TEXT>
				<TOKEN end_char="84" id="token-1-0" start_char="77">Saturday</TOKEN>
				<TOKEN end_char="85" id="token-1-1" start_char="85">,</TOKEN>
				<TOKEN end_char="94" id="token-1-2" start_char="87">February</TOKEN>
				<TOKEN end_char="96" id="token-1-3" start_char="96">9</TOKEN>
				<TOKEN end_char="97" id="token-1-4" start_char="97">,</TOKEN>
				<TOKEN end_char="102" id="token-1-5" start_char="99">2013</TOKEN>
				<TOKEN end_char="105" id="token-1-6" start_char="104">17</TOKEN>
				<TOKEN end_char="106" id="token-1-7" start_char="106">:</TOKEN>
				<TOKEN end_char="108" id="token-1-8" start_char="107">04</TOKEN>
				<TOKEN end_char="109" id="token-1-9" start_char="109">:</TOKEN>
				<TOKEN end_char="111" id="token-1-10" start_char="110">00</TOKEN>
				<TOKEN end_char="115" id="token-1-11" start_char="113">GMT</TOKEN>
				<TOKEN end_char="116" id="token-1-12" start_char="116">-</TOKEN>
				<TOKEN end_char="118" id="token-1-13" start_char="117">05</TOKEN>
				<TOKEN end_char="119" id="token-1-14" start_char="119">:</TOKEN>
				<TOKEN end_char="121" id="token-1-15" start_char="120">00</TOKEN>
			</SEG>
			<SEG end_char="152" id="20130209_WAPO_091a14ac-7149-11e2-a050-b83a7b35c4b5-2" start_char="123">
				<ORIGINAL_TEXT>Call it rhetorical earmarking.</ORIGINAL_TEXT>
				<TOKEN end_char="126" id="token-2-0" start_char="123">Call</TOKEN>
				<TOKEN end_char="129" id="token-2-1" start_char="128">it</TOKEN>
				<TOKEN end_char="140" id="token-2-2" start_char="131">rhetorical</TOKEN>
				<TOKEN end_char="151" id="token-2-3" start_char="142">earmarking</TOKEN>
				<TOKEN end_char="152" id="token-2-4" start_char="152">.</TOKEN>
			</SEG>
			<SEG end_char="568" id="20130209_WAPO_091a14ac-7149-11e2-a050-b83a7b35c4b5-3" start_char="154">
				<ORIGINAL_TEXT>Every year, interest groups and individuals lobby the White House to get their pet policy issues or coveted causes mentioned in the State of the Union address. And every year, the president, his speechwriters and policy advisers have to decide which agenda items merit a paragraph or sentence, a shout-out or some extra-special form of recognition. This year, gun-control advocates are likely to have the spotlight.</ORIGINAL_TEXT>
				<TOKEN end_char="158" id="token-3-0" start_char="154">Every</TOKEN>
				<TOKEN end_char="163" id="token-3-1" start_char="160">year</TOKEN>
				<TOKEN end_char="164" id="token-3-2" start_char="164">,</TOKEN>
				<TOKEN end_char="173" id="token-3-3" start_char="166">interest</TOKEN>
				<TOKEN end_char="180" id="token-3-4" start_char="175">groups</TOKEN>
				<TOKEN end_char="184" id="token-3-5" start_char="182">and</TOKEN>
				<TOKEN end_char="196" id="token-3-6" start_char="186">individuals</TOKEN>
				<TOKEN end_char="202" id="token-3-7" start_char="198">lobby</TOKEN>
				<TOKEN end_char="206" id="token-3-8" start_char="204">the</TOKEN>
				<TOKEN end_char="212" id="token-3-9" start_char="208">White</TOKEN>
				<TOKEN end_char="218" id="token-3-10" start_char="214">House</TOKEN>
				<TOKEN end_char="221" id="token-3-11" start_char="220">to</TOKEN>
				<TOKEN end_char="225" id="token-3-12" start_char="223">get</TOKEN>
				<TOKEN end_char="231" id="token-3-13" start_char="227">their</TOKEN>
				<TOKEN end_char="235" id="token-3-14" start_char="233">pet</TOKEN>
				<TOKEN end_char="242" id="token-3-15" start_char="237">policy</TOKEN>
				<TOKEN end_char="249" id="token-3-16" start_char="244">issues</TOKEN>
				<TOKEN end_char="252" id="token-3-17" start_char="251">or</TOKEN>
				<TOKEN end_char="260" id="token-3-18" start_char="254">coveted</TOKEN>
				<TOKEN end_char="267" id="token-3-19" start_char="262">causes</TOKEN>
				<TOKEN end_char="277" id="token-3-20" start_char="269">mentioned</TOKEN>
				<TOKEN end_char="280" id="token-3-21" start_char="279">in</TOKEN>
				<TOKEN end_char="284" id="token-3-22" start_char="282">the</TOKEN>
				<TOKEN end_char="290" id="token-3-23" start_char="286">State</TOKEN>
				<TOKEN end_char="293" id="token-3-24" start_char="292">of</TOKEN>
				<TOKEN end_char="297" id="token-3-25" start_char="295">the</TOKEN>
				<TOKEN end_char="303" id="token-3-26" start_char="299">Union</TOKEN>
				<TOKEN end_char="311" id="token-3-27" start_char="305">address</TOKEN>
				<TOKEN end_char="312" id="token-3-28" start_char="312">.</TOKEN>
				<TOKEN end_char="316" id="token-3-29" start_char="314">And</TOKEN>
				<TOKEN end_char="322" id="token-3-30" start_char="318">every</TOKEN>
				<TOKEN end_char="327" id="token-3-31" start_char="324">year</TOKEN>
				<TOKEN end_char="328" id="token-3-32" start_char="328">,</TOKEN>
				<TOKEN end_char="332" id="token-3-33" start_char="330">the</TOKEN>
				<TOKEN end_char="342" id="token-3-34" start_char="334">president</TOKEN>
				<TOKEN end_char="343" id="token-3-35" start_char="343">,</TOKEN>
				<TOKEN end_char="347" id="token-3-36" start_char="345">his</TOKEN>
				<TOKEN end_char="361" id="token-3-37" start_char="349">speechwriters</TOKEN>
				<TOKEN end_char="365" id="token-3-38" start_char="363">and</TOKEN>
				<TOKEN end_char="372" id="token-3-39" start_char="367">policy</TOKEN>
				<TOKEN end_char="381" id="token-3-40" start_char="374">advisers</TOKEN>
				<TOKEN end_char="386" id="token-3-41" start_char="383">have</TOKEN>
				<TOKEN end_char="389" id="token-3-42" start_char="388">to</TOKEN>
				<TOKEN end_char="396" id="token-3-43" start_char="391">decide</TOKEN>
				<TOKEN end_char="402" id="token-3-44" start_char="398">which</TOKEN>
				<TOKEN end_char="409" id="token-3-45" start_char="404">agenda</TOKEN>
				<TOKEN end_char="415" id="token-3-46" start_char="411">items</TOKEN>
				<TOKEN end_char="421" id="token-3-47" start_char="417">merit</TOKEN>
				<TOKEN end_char="423" id="token-3-48" start_char="423">a</TOKEN>
				<TOKEN end_char="433" id="token-3-49" start_char="425">paragraph</TOKEN>
				<TOKEN end_char="436" id="token-3-50" start_char="435">or</TOKEN>
				<TOKEN end_char="445" id="token-3-51" start_char="438">sentence</TOKEN>
				<TOKEN end_char="446" id="token-3-52" start_char="446">,</TOKEN>
				<TOKEN end_char="448" id="token-3-53" start_char="448">a</TOKEN>
				<TOKEN end_char="454" id="token-3-54" start_char="450">shout</TOKEN>
				<TOKEN end_char="455" id="token-3-55" start_char="455">-</TOKEN>
				<TOKEN end_char="458" id="token-3-56" start_char="456">out</TOKEN>
				<TOKEN end_char="461" id="token-3-57" start_char="460">or</TOKEN>
				<TOKEN end_char="466" id="token-3-58" start_char="463">some</TOKEN>
				<TOKEN end_char="472" id="token-3-59" start_char="468">extra</TOKEN>
				<TOKEN end_char="473" id="token-3-60" start_char="473">-</TOKEN>
				<TOKEN end_char="480" id="token-3-61" start_char="474">special</TOKEN>
				<TOKEN end_char="485" id="token-3-62" start_char="482">form</TOKEN>
				<TOKEN end_char="488" id="token-3-63" start_char="487">of</TOKEN>
				<TOKEN end_char="500" id="token-3-64" start_char="490">recognition</TOKEN>
				<TOKEN end_char="501" id="token-3-65" start_char="501">.</TOKEN>
				<TOKEN end_char="506" id="token-3-66" start_char="503">This</TOKEN>
				<TOKEN end_char="511" id="token-3-67" start_char="508">year</TOKEN>
				<TOKEN end_char="512" id="token-3-68" start_char="512">,</TOKEN>
				<TOKEN end_char="516" id="token-3-69" start_char="514">gun</TOKEN>
				<TOKEN end_char="517" id="token-3-70" start_char="517">-</TOKEN>
				<TOKEN end_char="524" id="token-3-71" start_char="518">control</TOKEN>
				<TOKEN end_char="534" id="token-3-72" start_char="526">advocates</TOKEN>
				<TOKEN end_char="538" id="token-3-73" start_char="536">are</TOKEN>
				<TOKEN end_char="545" id="token-3-74" start_char="540">likely</TOKEN>
				<TOKEN end_char="548" id="token-3-75" start_char="547">to</TOKEN>
				<TOKEN end_char="553" id="token-3-76" start_char="550">have</TOKEN>
				<TOKEN end_char="557" id="token-3-77" start_char="555">the</TOKEN>
				<TOKEN end_char="567" id="token-3-78" start_char="559">spotlight</TOKEN>
				<TOKEN end_char="568" id="token-3-79" start_char="568">.</TOKEN>
			</SEG>
			<SEG end_char="698" id="20130209_WAPO_091a14ac-7149-11e2-a050-b83a7b35c4b5-4" start_char="570">
				<ORIGINAL_TEXT>The barrage of lobbying and jockeying has become a Washington ritual that is often reviled by those on both sides of the process.</ORIGINAL_TEXT>
				<TOKEN end_char="572" id="token-4-0" start_char="570">The</TOKEN>
				<TOKEN end_char="580" id="token-4-1" start_char="574">barrage</TOKEN>
				<TOKEN end_char="583" id="token-4-2" start_char="582">of</TOKEN>
				<TOKEN end_char="592" id="token-4-3" start_char="585">lobbying</TOKEN>
				<TOKEN end_char="596" id="token-4-4" start_char="594">and</TOKEN>
				<TOKEN end_char="606" id="token-4-5" start_char="598">jockeying</TOKEN>
				<TOKEN end_char="610" id="token-4-6" start_char="608">has</TOKEN>
				<TOKEN end_char="617" id="token-4-7" start_char="612">become</TOKEN>
				<TOKEN end_char="619" id="token-4-8" start_char="619">a</TOKEN>
				<TOKEN end_char="630" id="token-4-9" start_char="621">Washington</TOKEN>
				<TOKEN end_char="637" id="token-4-10" start_char="632">ritual</TOKEN>
				<TOKEN end_char="642" id="token-4-11" start_char="639">that</TOKEN>
				<TOKEN end_char="645" id="token-4-12" start_char="644">is</TOKEN>
				<TOKEN end_char="651" id="token-4-13" start_char="647">often</TOKEN>
				<TOKEN end_char="659" id="token-4-14" start_char="653">reviled</TOKEN>
				<TOKEN end_char="662" id="token-4-15" start_char="661">by</TOKEN>
				<TOKEN end_char="668" id="token-4-16" start_char="664">those</TOKEN>
				<TOKEN end_char="671" id="token-4-17" start_char="670">on</TOKEN>
				<TOKEN end_char="676" id="token-4-18" start_char="673">both</TOKEN>
				<TOKEN end_char="682" id="token-4-19" start_char="678">sides</TOKEN>
				<TOKEN end_char="685" id="token-4-20" start_char="684">of</TOKEN>
				<TOKEN end_char="689" id="token-4-21" start_char="687">the</TOKEN>
				<TOKEN end_char="697" id="token-4-22" start_char="691">process</TOKEN>
				<TOKEN end_char="698" id="token-4-23" start_char="698">.</TOKEN>
			</SEG>
			<SEG end_char="1021" id="20130209_WAPO_091a14ac-7149-11e2-a050-b83a7b35c4b5-5" start_char="700">
				<ORIGINAL_TEXT>“The State of the Union is the most hated speech by many speechwriters,” said William McGurn, former chief speechwriter for President George W. Bush. “No matter how many times you vow it won’t become a laundry list, it becomes a laundry list, if only because it is where the president lays out his legislative priorities.”</ORIGINAL_TEXT>
				<TOKEN end_char="700" id="token-5-0" start_char="700">“</TOKEN>
				<TOKEN end_char="703" id="token-5-1" start_char="701">The</TOKEN>
				<TOKEN end_char="709" id="token-5-2" start_char="705">State</TOKEN>
				<TOKEN end_char="712" id="token-5-3" start_char="711">of</TOKEN>
				<TOKEN end_char="716" id="token-5-4" start_char="714">the</TOKEN>
				<TOKEN end_char="722" id="token-5-5" start_char="718">Union</TOKEN>
				<TOKEN end_char="725" id="token-5-6" start_char="724">is</TOKEN>
				<TOKEN end_char="729" id="token-5-7" start_char="727">the</TOKEN>
				<TOKEN end_char="734" id="token-5-8" start_char="731">most</TOKEN>
				<TOKEN end_char="740" id="token-5-9" start_char="736">hated</TOKEN>
				<TOKEN end_char="747" id="token-5-10" start_char="742">speech</TOKEN>
				<TOKEN end_char="750" id="token-5-11" start_char="749">by</TOKEN>
				<TOKEN end_char="755" id="token-5-12" start_char="752">many</TOKEN>
				<TOKEN end_char="769" id="token-5-13" start_char="757">speechwriters</TOKEN>
				<TOKEN end_char="771" id="token-5-14" start_char="770">,”</TOKEN>
				<TOKEN end_char="776" id="token-5-15" start_char="773">said</TOKEN>
				<TOKEN end_char="784" id="token-5-16" start_char="778">William</TOKEN>
				<TOKEN end_char="791" id="token-5-17" start_char="786">McGurn</TOKEN>
				<TOKEN end_char="792" id="token-5-18" start_char="792">,</TOKEN>
				<TOKEN end_char="799" id="token-5-19" start_char="794">former</TOKEN>
				<TOKEN end_char="805" id="token-5-20" start_char="801">chief</TOKEN>
				<TOKEN end_char="818" id="token-5-21" start_char="807">speechwriter</TOKEN>
				<TOKEN end_char="822" id="token-5-22" start_char="820">for</TOKEN>
				<TOKEN end_char="832" id="token-5-23" start_char="824">President</TOKEN>
				<TOKEN end_char="839" id="token-5-24" start_char="834">George</TOKEN>
				<TOKEN end_char="841" id="token-5-25" start_char="841">W</TOKEN>
				<TOKEN end_char="842" id="token-5-26" start_char="842">.</TOKEN>
				<TOKEN end_char="847" id="token-5-27" start_char="844">Bush</TOKEN>
				<TOKEN end_char="848" id="token-5-28" start_char="848">.</TOKEN>
				<TOKEN end_char="850" id="token-5-29" start_char="850">“</TOKEN>
				<TOKEN end_char="852" id="token-5-30" start_char="851">No</TOKEN>
				<TOKEN end_char="859" id="token-5-31" start_char="854">matter</TOKEN>
				<TOKEN end_char="863" id="token-5-32" start_char="861">how</TOKEN>
				<TOKEN end_char="868" id="token-5-33" start_char="865">many</TOKEN>
				<TOKEN end_char="874" id="token-5-34" start_char="870">times</TOKEN>
				<TOKEN end_char="878" id="token-5-35" start_char="876">you</TOKEN>
				<TOKEN end_char="882" id="token-5-36" start_char="880">vow</TOKEN>
				<TOKEN end_char="885" id="token-5-37" start_char="884">it</TOKEN>
				<TOKEN end_char="889" id="token-5-38" start_char="887">won</TOKEN>
				<TOKEN end_char="890" id="token-5-39" start_char="890">’</TOKEN>
				<TOKEN end_char="891" id="token-5-40" start_char="891">t</TOKEN>
				<TOKEN end_char="898" id="token-5-41" start_char="893">become</TOKEN>
				<TOKEN end_char="900" id="token-5-42" start_char="900">a</TOKEN>
				<TOKEN end_char="908" id="token-5-43" start_char="902">laundry</TOKEN>
				<TOKEN end_char="913" id="token-5-44" start_char="910">list</TOKEN>
				<TOKEN end_char="914" id="token-5-45" start_char="914">,</TOKEN>
				<TOKEN end_char="917" id="token-5-46" start_char="916">it</TOKEN>
				<TOKEN end_char="925" id="token-5-47" start_char="919">becomes</TOKEN>
				<TOKEN end_char="927" id="token-5-48" start_char="927">a</TOKEN>
				<TOKEN end_char="935" id="token-5-49" start_char="929">laundry</TOKEN>
				<TOKEN end_char="940" id="token-5-50" start_char="937">list</TOKEN>
				<TOKEN end_char="941" id="token-5-51" start_char="941">,</TOKEN>
				<TOKEN end_char="944" id="token-5-52" start_char="943">if</TOKEN>
				<TOKEN end_char="949" id="token-5-53" start_char="946">only</TOKEN>
				<TOKEN end_char="957" id="token-5-54" start_char="951">because</TOKEN>
				<TOKEN end_char="960" id="token-5-55" start_char="959">it</TOKEN>
				<TOKEN end_char="963" id="token-5-56" start_char="962">is</TOKEN>
				<TOKEN end_char="969" id="token-5-57" start_char="965">where</TOKEN>
				<TOKEN end_char="973" id="token-5-58" start_char="971">the</TOKEN>
				<TOKEN end_char="983" id="token-5-59" start_char="975">president</TOKEN>
				<TOKEN end_char="988" id="token-5-60" start_char="985">lays</TOKEN>
				<TOKEN end_char="992" id="token-5-61" start_char="990">out</TOKEN>
				<TOKEN end_char="996" id="token-5-62" start_char="994">his</TOKEN>
				<TOKEN end_char="1008" id="token-5-63" start_char="998">legislative</TOKEN>
				<TOKEN end_char="1019" id="token-5-64" start_char="1010">priorities</TOKEN>
				<TOKEN end_char="1021" id="token-5-65" start_char="1020">.”</TOKEN>
			</SEG>
			<SEG end_char="1134" id="20130209_WAPO_091a14ac-7149-11e2-a050-b83a7b35c4b5-6" start_char="1023">
				<ORIGINAL_TEXT>In some cases, the most vocal lobbyists can be those from the various departments inside the federal government.</ORIGINAL_TEXT>
				<TOKEN end_char="1024" id="token-6-0" start_char="1023">In</TOKEN>
				<TOKEN end_char="1029" id="token-6-1" start_char="1026">some</TOKEN>
				<TOKEN end_char="1035" id="token-6-2" start_char="1031">cases</TOKEN>
				<TOKEN end_char="1036" id="token-6-3" start_char="1036">,</TOKEN>
				<TOKEN end_char="1040" id="token-6-4" start_char="1038">the</TOKEN>
				<TOKEN end_char="1045" id="token-6-5" start_char="1042">most</TOKEN>
				<TOKEN end_char="1051" id="token-6-6" start_char="1047">vocal</TOKEN>
				<TOKEN end_char="1061" id="token-6-7" start_char="1053">lobbyists</TOKEN>
				<TOKEN end_char="1065" id="token-6-8" start_char="1063">can</TOKEN>
				<TOKEN end_char="1068" id="token-6-9" start_char="1067">be</TOKEN>
				<TOKEN end_char="1074" id="token-6-10" start_char="1070">those</TOKEN>
				<TOKEN end_char="1079" id="token-6-11" start_char="1076">from</TOKEN>
				<TOKEN end_char="1083" id="token-6-12" start_char="1081">the</TOKEN>
				<TOKEN end_char="1091" id="token-6-13" start_char="1085">various</TOKEN>
				<TOKEN end_char="1103" id="token-6-14" start_char="1093">departments</TOKEN>
				<TOKEN end_char="1110" id="token-6-15" start_char="1105">inside</TOKEN>
				<TOKEN end_char="1114" id="token-6-16" start_char="1112">the</TOKEN>
				<TOKEN end_char="1122" id="token-6-17" start_char="1116">federal</TOKEN>
				<TOKEN end_char="1133" id="token-6-18" start_char="1124">government</TOKEN>
				<TOKEN end_char="1134" id="token-6-19" start_char="1134">.</TOKEN>
			</SEG>
			<SEG end_char="1420" id="20130209_WAPO_091a14ac-7149-11e2-a050-b83a7b35c4b5-7" start_char="1136">
				<ORIGINAL_TEXT>“For someone toiling away on some policy, the State of the Union may be the only chance to elevate that work by getting a presidential mention,” McGurn said. “These are the people who want things mentioned, and getting departments to boil down their priorities was always a challenge.”</ORIGINAL_TEXT>
				<TOKEN end_char="1136" id="token-7-0" start_char="1136">“</TOKEN>
				<TOKEN end_char="1139" id="token-7-1" start_char="1137">For</TOKEN>
				<TOKEN end_char="1147" id="token-7-2" start_char="1141">someone</TOKEN>
				<TOKEN end_char="1155" id="token-7-3" start_char="1149">toiling</TOKEN>
				<TOKEN end_char="1160" id="token-7-4" start_char="1157">away</TOKEN>
				<TOKEN end_char="1163" id="token-7-5" start_char="1162">on</TOKEN>
				<TOKEN end_char="1168" id="token-7-6" start_char="1165">some</TOKEN>
				<TOKEN end_char="1175" id="token-7-7" start_char="1170">policy</TOKEN>
				<TOKEN end_char="1176" id="token-7-8" start_char="1176">,</TOKEN>
				<TOKEN end_char="1180" id="token-7-9" start_char="1178">the</TOKEN>
				<TOKEN end_char="1186" id="token-7-10" start_char="1182">State</TOKEN>
				<TOKEN end_char="1189" id="token-7-11" start_char="1188">of</TOKEN>
				<TOKEN end_char="1193" id="token-7-12" start_char="1191">the</TOKEN>
				<TOKEN end_char="1199" id="token-7-13" start_char="1195">Union</TOKEN>
				<TOKEN end_char="1203" id="token-7-14" start_char="1201">may</TOKEN>
				<TOKEN end_char="1206" id="token-7-15" start_char="1205">be</TOKEN>
				<TOKEN end_char="1210" id="token-7-16" start_char="1208">the</TOKEN>
				<TOKEN end_char="1215" id="token-7-17" start_char="1212">only</TOKEN>
				<TOKEN end_char="1222" id="token-7-18" start_char="1217">chance</TOKEN>
				<TOKEN end_char="1225" id="token-7-19" start_char="1224">to</TOKEN>
				<TOKEN end_char="1233" id="token-7-20" start_char="1227">elevate</TOKEN>
				<TOKEN end_char="1238" id="token-7-21" start_char="1235">that</TOKEN>
				<TOKEN end_char="1243" id="token-7-22" start_char="1240">work</TOKEN>
				<TOKEN end_char="1246" id="token-7-23" start_char="1245">by</TOKEN>
				<TOKEN end_char="1254" id="token-7-24" start_char="1248">getting</TOKEN>
				<TOKEN end_char="1256" id="token-7-25" start_char="1256">a</TOKEN>
				<TOKEN end_char="1269" id="token-7-26" start_char="1258">presidential</TOKEN>
				<TOKEN end_char="1277" id="token-7-27" start_char="1271">mention</TOKEN>
				<TOKEN end_char="1279" id="token-7-28" start_char="1278">,”</TOKEN>
				<TOKEN end_char="1286" id="token-7-29" start_char="1281">McGurn</TOKEN>
				<TOKEN end_char="1291" id="token-7-30" start_char="1288">said</TOKEN>
				<TOKEN end_char="1292" id="token-7-31" start_char="1292">.</TOKEN>
				<TOKEN end_char="1294" id="token-7-32" start_char="1294">“</TOKEN>
				<TOKEN end_char="1299" id="token-7-33" start_char="1295">These</TOKEN>
				<TOKEN end_char="1303" id="token-7-34" start_char="1301">are</TOKEN>
				<TOKEN end_char="1307" id="token-7-35" start_char="1305">the</TOKEN>
				<TOKEN end_char="1314" id="token-7-36" start_char="1309">people</TOKEN>
				<TOKEN end_char="1318" id="token-7-37" start_char="1316">who</TOKEN>
				<TOKEN end_char="1323" id="token-7-38" start_char="1320">want</TOKEN>
				<TOKEN end_char="1330" id="token-7-39" start_char="1325">things</TOKEN>
				<TOKEN end_char="1340" id="token-7-40" start_char="1332">mentioned</TOKEN>
				<TOKEN end_char="1341" id="token-7-41" start_char="1341">,</TOKEN>
				<TOKEN end_char="1345" id="token-7-42" start_char="1343">and</TOKEN>
				<TOKEN end_char="1353" id="token-7-43" start_char="1347">getting</TOKEN>
				<TOKEN end_char="1365" id="token-7-44" start_char="1355">departments</TOKEN>
				<TOKEN end_char="1368" id="token-7-45" start_char="1367">to</TOKEN>
				<TOKEN end_char="1373" id="token-7-46" start_char="1370">boil</TOKEN>
				<TOKEN end_char="1378" id="token-7-47" start_char="1375">down</TOKEN>
				<TOKEN end_char="1384" id="token-7-48" start_char="1380">their</TOKEN>
				<TOKEN end_char="1395" id="token-7-49" start_char="1386">priorities</TOKEN>
				<TOKEN end_char="1399" id="token-7-50" start_char="1397">was</TOKEN>
				<TOKEN end_char="1406" id="token-7-51" start_char="1401">always</TOKEN>
				<TOKEN end_char="1408" id="token-7-52" start_char="1408">a</TOKEN>
				<TOKEN end_char="1418" id="token-7-53" start_char="1410">challenge</TOKEN>
				<TOKEN end_char="1420" id="token-7-54" start_char="1419">.”</TOKEN>
			</SEG>
			<SEG end_char="1769" id="20130209_WAPO_091a14ac-7149-11e2-a050-b83a7b35c4b5-8" start_char="1422">
				<ORIGINAL_TEXT>While any one line in a State of the Union speech may not seem to be a matter of critical importance, Bush’s 2003 speech — and the brouhaha that resulted from the inclusion of the now-infamous “16 words” alleging that Saddam Hussein had sought to purchase uranium from Niger — is a reminder of the consequences that even a single sentence can have.</ORIGINAL_TEXT>
				<TOKEN end_char="1426" id="token-8-0" start_char="1422">While</TOKEN>
				<TOKEN end_char="1430" id="token-8-1" start_char="1428">any</TOKEN>
				<TOKEN end_char="1434" id="token-8-2" start_char="1432">one</TOKEN>
				<TOKEN end_char="1439" id="token-8-3" start_char="1436">line</TOKEN>
				<TOKEN end_char="1442" id="token-8-4" start_char="1441">in</TOKEN>
				<TOKEN end_char="1444" id="token-8-5" start_char="1444">a</TOKEN>
				<TOKEN end_char="1450" id="token-8-6" start_char="1446">State</TOKEN>
				<TOKEN end_char="1453" id="token-8-7" start_char="1452">of</TOKEN>
				<TOKEN end_char="1457" id="token-8-8" start_char="1455">the</TOKEN>
				<TOKEN end_char="1463" id="token-8-9" start_char="1459">Union</TOKEN>
				<TOKEN end_char="1470" id="token-8-10" start_char="1465">speech</TOKEN>
				<TOKEN end_char="1474" id="token-8-11" start_char="1472">may</TOKEN>
				<TOKEN end_char="1478" id="token-8-12" start_char="1476">not</TOKEN>
				<TOKEN end_char="1483" id="token-8-13" start_char="1480">seem</TOKEN>
				<TOKEN end_char="1486" id="token-8-14" start_char="1485">to</TOKEN>
				<TOKEN end_char="1489" id="token-8-15" start_char="1488">be</TOKEN>
				<TOKEN end_char="1491" id="token-8-16" start_char="1491">a</TOKEN>
				<TOKEN end_char="1498" id="token-8-17" start_char="1493">matter</TOKEN>
				<TOKEN end_char="1501" id="token-8-18" start_char="1500">of</TOKEN>
				<TOKEN end_char="1510" id="token-8-19" start_char="1503">critical</TOKEN>
				<TOKEN end_char="1521" id="token-8-20" start_char="1512">importance</TOKEN>
				<TOKEN end_char="1522" id="token-8-21" start_char="1522">,</TOKEN>
				<TOKEN end_char="1527" id="token-8-22" start_char="1524">Bush</TOKEN>
				<TOKEN end_char="1528" id="token-8-23" start_char="1528">’</TOKEN>
				<TOKEN end_char="1529" id="token-8-24" start_char="1529">s</TOKEN>
				<TOKEN end_char="1534" id="token-8-25" start_char="1531">2003</TOKEN>
				<TOKEN end_char="1541" id="token-8-26" start_char="1536">speech</TOKEN>
				<TOKEN end_char="1543" id="token-8-27" start_char="1543">—</TOKEN>
				<TOKEN end_char="1547" id="token-8-28" start_char="1545">and</TOKEN>
				<TOKEN end_char="1551" id="token-8-29" start_char="1549">the</TOKEN>
				<TOKEN end_char="1560" id="token-8-30" start_char="1553">brouhaha</TOKEN>
				<TOKEN end_char="1565" id="token-8-31" start_char="1562">that</TOKEN>
				<TOKEN end_char="1574" id="token-8-32" start_char="1567">resulted</TOKEN>
				<TOKEN end_char="1579" id="token-8-33" start_char="1576">from</TOKEN>
				<TOKEN end_char="1583" id="token-8-34" start_char="1581">the</TOKEN>
				<TOKEN end_char="1593" id="token-8-35" start_char="1585">inclusion</TOKEN>
				<TOKEN end_char="1596" id="token-8-36" start_char="1595">of</TOKEN>
				<TOKEN end_char="1600" id="token-8-37" start_char="1598">the</TOKEN>
				<TOKEN end_char="1604" id="token-8-38" start_char="1602">now</TOKEN>
				<TOKEN end_char="1605" id="token-8-39" start_char="1605">-</TOKEN>
				<TOKEN end_char="1613" id="token-8-40" start_char="1606">infamous</TOKEN>
				<TOKEN end_char="1615" id="token-8-41" start_char="1615">“</TOKEN>
				<TOKEN end_char="1617" id="token-8-42" start_char="1616">16</TOKEN>
				<TOKEN end_char="1623" id="token-8-43" start_char="1619">words</TOKEN>
				<TOKEN end_char="1624" id="token-8-44" start_char="1624">”</TOKEN>
				<TOKEN end_char="1633" id="token-8-45" start_char="1626">alleging</TOKEN>
				<TOKEN end_char="1638" id="token-8-46" start_char="1635">that</TOKEN>
				<TOKEN end_char="1645" id="token-8-47" start_char="1640">Saddam</TOKEN>
				<TOKEN end_char="1653" id="token-8-48" start_char="1647">Hussein</TOKEN>
				<TOKEN end_char="1657" id="token-8-49" start_char="1655">had</TOKEN>
				<TOKEN end_char="1664" id="token-8-50" start_char="1659">sought</TOKEN>
				<TOKEN end_char="1667" id="token-8-51" start_char="1666">to</TOKEN>
				<TOKEN end_char="1676" id="token-8-52" start_char="1669">purchase</TOKEN>
				<TOKEN end_char="1684" id="token-8-53" start_char="1678">uranium</TOKEN>
				<TOKEN end_char="1689" id="token-8-54" start_char="1686">from</TOKEN>
				<TOKEN end_char="1695" id="token-8-55" start_char="1691">Niger</TOKEN>
				<TOKEN end_char="1697" id="token-8-56" start_char="1697">—</TOKEN>
				<TOKEN end_char="1700" id="token-8-57" start_char="1699">is</TOKEN>
				<TOKEN end_char="1702" id="token-8-58" start_char="1702">a</TOKEN>
				<TOKEN end_char="1711" id="token-8-59" start_char="1704">reminder</TOKEN>
				<TOKEN end_char="1714" id="token-8-60" start_char="1713">of</TOKEN>
				<TOKEN end_char="1718" id="token-8-61" start_char="1716">the</TOKEN>
				<TOKEN end_char="1731" id="token-8-62" start_char="1720">consequences</TOKEN>
				<TOKEN end_char="1736" id="token-8-63" start_char="1733">that</TOKEN>
				<TOKEN end_char="1741" id="token-8-64" start_char="1738">even</TOKEN>
				<TOKEN end_char="1743" id="token-8-65" start_char="1743">a</TOKEN>
				<TOKEN end_char="1750" id="token-8-66" start_char="1745">single</TOKEN>
				<TOKEN end_char="1759" id="token-8-67" start_char="1752">sentence</TOKEN>
				<TOKEN end_char="1763" id="token-8-68" start_char="1761">can</TOKEN>
				<TOKEN end_char="1768" id="token-8-69" start_char="1765">have</TOKEN>
				<TOKEN end_char="1769" id="token-8-70" start_char="1769">.</TOKEN>
			</SEG>
			<SEG end_char="1873" id="20130209_WAPO_091a14ac-7149-11e2-a050-b83a7b35c4b5-9" start_char="1771">
				<ORIGINAL_TEXT>Interest groups say they pursue a scattershot strategy as they lobby to get their issues in the speech.</ORIGINAL_TEXT>
				<TOKEN end_char="1778" id="token-9-0" start_char="1771">Interest</TOKEN>
				<TOKEN end_char="1785" id="token-9-1" start_char="1780">groups</TOKEN>
				<TOKEN end_char="1789" id="token-9-2" start_char="1787">say</TOKEN>
				<TOKEN end_char="1794" id="token-9-3" start_char="1791">they</TOKEN>
				<TOKEN end_char="1801" id="token-9-4" start_char="1796">pursue</TOKEN>
				<TOKEN end_char="1803" id="token-9-5" start_char="1803">a</TOKEN>
				<TOKEN end_char="1815" id="token-9-6" start_char="1805">scattershot</TOKEN>
				<TOKEN end_char="1824" id="token-9-7" start_char="1817">strategy</TOKEN>
				<TOKEN end_char="1827" id="token-9-8" start_char="1826">as</TOKEN>
				<TOKEN end_char="1832" id="token-9-9" start_char="1829">they</TOKEN>
				<TOKEN end_char="1838" id="token-9-10" start_char="1834">lobby</TOKEN>
				<TOKEN end_char="1841" id="token-9-11" start_char="1840">to</TOKEN>
				<TOKEN end_char="1845" id="token-9-12" start_char="1843">get</TOKEN>
				<TOKEN end_char="1851" id="token-9-13" start_char="1847">their</TOKEN>
				<TOKEN end_char="1858" id="token-9-14" start_char="1853">issues</TOKEN>
				<TOKEN end_char="1861" id="token-9-15" start_char="1860">in</TOKEN>
				<TOKEN end_char="1865" id="token-9-16" start_char="1863">the</TOKEN>
				<TOKEN end_char="1872" id="token-9-17" start_char="1867">speech</TOKEN>
				<TOKEN end_char="1873" id="token-9-18" start_char="1873">.</TOKEN>
			</SEG>
			<SEG end_char="2125" id="20130209_WAPO_091a14ac-7149-11e2-a050-b83a7b35c4b5-10" start_char="1875">
				<ORIGINAL_TEXT>“What we try to do is get our priorities in front of as many people as possible so that you start creating some kind of echo effect,” said Arturo Vargas, executive director of the National Association of Latino Elected and Appointed Officials (NALEO).</ORIGINAL_TEXT>
				<TOKEN end_char="1875" id="token-10-0" start_char="1875">“</TOKEN>
				<TOKEN end_char="1879" id="token-10-1" start_char="1876">What</TOKEN>
				<TOKEN end_char="1882" id="token-10-2" start_char="1881">we</TOKEN>
				<TOKEN end_char="1886" id="token-10-3" start_char="1884">try</TOKEN>
				<TOKEN end_char="1889" id="token-10-4" start_char="1888">to</TOKEN>
				<TOKEN end_char="1892" id="token-10-5" start_char="1891">do</TOKEN>
				<TOKEN end_char="1895" id="token-10-6" start_char="1894">is</TOKEN>
				<TOKEN end_char="1899" id="token-10-7" start_char="1897">get</TOKEN>
				<TOKEN end_char="1903" id="token-10-8" start_char="1901">our</TOKEN>
				<TOKEN end_char="1914" id="token-10-9" start_char="1905">priorities</TOKEN>
				<TOKEN end_char="1917" id="token-10-10" start_char="1916">in</TOKEN>
				<TOKEN end_char="1923" id="token-10-11" start_char="1919">front</TOKEN>
				<TOKEN end_char="1926" id="token-10-12" start_char="1925">of</TOKEN>
				<TOKEN end_char="1929" id="token-10-13" start_char="1928">as</TOKEN>
				<TOKEN end_char="1934" id="token-10-14" start_char="1931">many</TOKEN>
				<TOKEN end_char="1941" id="token-10-15" start_char="1936">people</TOKEN>
				<TOKEN end_char="1944" id="token-10-16" start_char="1943">as</TOKEN>
				<TOKEN end_char="1953" id="token-10-17" start_char="1946">possible</TOKEN>
				<TOKEN end_char="1956" id="token-10-18" start_char="1955">so</TOKEN>
				<TOKEN end_char="1961" id="token-10-19" start_char="1958">that</TOKEN>
				<TOKEN end_char="1965" id="token-10-20" start_char="1963">you</TOKEN>
				<TOKEN end_char="1971" id="token-10-21" start_char="1967">start</TOKEN>
				<TOKEN end_char="1980" id="token-10-22" start_char="1973">creating</TOKEN>
				<TOKEN end_char="1985" id="token-10-23" start_char="1982">some</TOKEN>
				<TOKEN end_char="1990" id="token-10-24" start_char="1987">kind</TOKEN>
				<TOKEN end_char="1993" id="token-10-25" start_char="1992">of</TOKEN>
				<TOKEN end_char="1998" id="token-10-26" start_char="1995">echo</TOKEN>
				<TOKEN end_char="2005" id="token-10-27" start_char="2000">effect</TOKEN>
				<TOKEN end_char="2007" id="token-10-28" start_char="2006">,”</TOKEN>
				<TOKEN end_char="2012" id="token-10-29" start_char="2009">said</TOKEN>
				<TOKEN end_char="2019" id="token-10-30" start_char="2014">Arturo</TOKEN>
				<TOKEN end_char="2026" id="token-10-31" start_char="2021">Vargas</TOKEN>
				<TOKEN end_char="2027" id="token-10-32" start_char="2027">,</TOKEN>
				<TOKEN end_char="2037" id="token-10-33" start_char="2029">executive</TOKEN>
				<TOKEN end_char="2046" id="token-10-34" start_char="2039">director</TOKEN>
				<TOKEN end_char="2049" id="token-10-35" start_char="2048">of</TOKEN>
				<TOKEN end_char="2053" id="token-10-36" start_char="2051">the</TOKEN>
				<TOKEN end_char="2062" id="token-10-37" start_char="2055">National</TOKEN>
				<TOKEN end_char="2074" id="token-10-38" start_char="2064">Association</TOKEN>
				<TOKEN end_char="2077" id="token-10-39" start_char="2076">of</TOKEN>
				<TOKEN end_char="2084" id="token-10-40" start_char="2079">Latino</TOKEN>
				<TOKEN end_char="2092" id="token-10-41" start_char="2086">Elected</TOKEN>
				<TOKEN end_char="2096" id="token-10-42" start_char="2094">and</TOKEN>
				<TOKEN end_char="2106" id="token-10-43" start_char="2098">Appointed</TOKEN>
				<TOKEN end_char="2116" id="token-10-44" start_char="2108">Officials</TOKEN>
				<TOKEN end_char="2118" id="token-10-45" start_char="2118">(</TOKEN>
				<TOKEN end_char="2123" id="token-10-46" start_char="2119">NALEO</TOKEN>
				<TOKEN end_char="2125" id="token-10-47" start_char="2124">).</TOKEN>
			</SEG>
			<SEG end_char="2469" id="20130209_WAPO_091a14ac-7149-11e2-a050-b83a7b35c4b5-11" start_char="2127">
				<ORIGINAL_TEXT>Depending on the focus of the organization, the typical channels might include the Office of Public Engagement, the Domestic Policy Council or the Office of Intergovernmental Affairs, as well as Cabinet secretaries and departments dedicated to specific issues, such as the Council on Environmental Quality and the Council of Economic Advisers.</ORIGINAL_TEXT>
				<TOKEN end_char="2135" id="token-11-0" start_char="2127">Depending</TOKEN>
				<TOKEN end_char="2138" id="token-11-1" start_char="2137">on</TOKEN>
				<TOKEN end_char="2142" id="token-11-2" start_char="2140">the</TOKEN>
				<TOKEN end_char="2148" id="token-11-3" start_char="2144">focus</TOKEN>
				<TOKEN end_char="2151" id="token-11-4" start_char="2150">of</TOKEN>
				<TOKEN end_char="2155" id="token-11-5" start_char="2153">the</TOKEN>
				<TOKEN end_char="2168" id="token-11-6" start_char="2157">organization</TOKEN>
				<TOKEN end_char="2169" id="token-11-7" start_char="2169">,</TOKEN>
				<TOKEN end_char="2173" id="token-11-8" start_char="2171">the</TOKEN>
				<TOKEN end_char="2181" id="token-11-9" start_char="2175">typical</TOKEN>
				<TOKEN end_char="2190" id="token-11-10" start_char="2183">channels</TOKEN>
				<TOKEN end_char="2196" id="token-11-11" start_char="2192">might</TOKEN>
				<TOKEN end_char="2204" id="token-11-12" start_char="2198">include</TOKEN>
				<TOKEN end_char="2208" id="token-11-13" start_char="2206">the</TOKEN>
				<TOKEN end_char="2215" id="token-11-14" start_char="2210">Office</TOKEN>
				<TOKEN end_char="2218" id="token-11-15" start_char="2217">of</TOKEN>
				<TOKEN end_char="2225" id="token-11-16" start_char="2220">Public</TOKEN>
				<TOKEN end_char="2236" id="token-11-17" start_char="2227">Engagement</TOKEN>
				<TOKEN end_char="2237" id="token-11-18" start_char="2237">,</TOKEN>
				<TOKEN end_char="2241" id="token-11-19" start_char="2239">the</TOKEN>
				<TOKEN end_char="2250" id="token-11-20" start_char="2243">Domestic</TOKEN>
				<TOKEN end_char="2257" id="token-11-21" start_char="2252">Policy</TOKEN>
				<TOKEN end_char="2265" id="token-11-22" start_char="2259">Council</TOKEN>
				<TOKEN end_char="2268" id="token-11-23" start_char="2267">or</TOKEN>
				<TOKEN end_char="2272" id="token-11-24" start_char="2270">the</TOKEN>
				<TOKEN end_char="2279" id="token-11-25" start_char="2274">Office</TOKEN>
				<TOKEN end_char="2282" id="token-11-26" start_char="2281">of</TOKEN>
				<TOKEN end_char="2300" id="token-11-27" start_char="2284">Intergovernmental</TOKEN>
				<TOKEN end_char="2308" id="token-11-28" start_char="2302">Affairs</TOKEN>
				<TOKEN end_char="2309" id="token-11-29" start_char="2309">,</TOKEN>
				<TOKEN end_char="2312" id="token-11-30" start_char="2311">as</TOKEN>
				<TOKEN end_char="2317" id="token-11-31" start_char="2314">well</TOKEN>
				<TOKEN end_char="2320" id="token-11-32" start_char="2319">as</TOKEN>
				<TOKEN end_char="2328" id="token-11-33" start_char="2322">Cabinet</TOKEN>
				<TOKEN end_char="2340" id="token-11-34" start_char="2330">secretaries</TOKEN>
				<TOKEN end_char="2344" id="token-11-35" start_char="2342">and</TOKEN>
				<TOKEN end_char="2356" id="token-11-36" start_char="2346">departments</TOKEN>
				<TOKEN end_char="2366" id="token-11-37" start_char="2358">dedicated</TOKEN>
				<TOKEN end_char="2369" id="token-11-38" start_char="2368">to</TOKEN>
				<TOKEN end_char="2378" id="token-11-39" start_char="2371">specific</TOKEN>
				<TOKEN end_char="2385" id="token-11-40" start_char="2380">issues</TOKEN>
				<TOKEN end_char="2386" id="token-11-41" start_char="2386">,</TOKEN>
				<TOKEN end_char="2391" id="token-11-42" start_char="2388">such</TOKEN>
				<TOKEN end_char="2394" id="token-11-43" start_char="2393">as</TOKEN>
				<TOKEN end_char="2398" id="token-11-44" start_char="2396">the</TOKEN>
				<TOKEN end_char="2406" id="token-11-45" start_char="2400">Council</TOKEN>
				<TOKEN end_char="2409" id="token-11-46" start_char="2408">on</TOKEN>
				<TOKEN end_char="2423" id="token-11-47" start_char="2411">Environmental</TOKEN>
				<TOKEN end_char="2431" id="token-11-48" start_char="2425">Quality</TOKEN>
				<TOKEN end_char="2435" id="token-11-49" start_char="2433">and</TOKEN>
				<TOKEN end_char="2439" id="token-11-50" start_char="2437">the</TOKEN>
				<TOKEN end_char="2447" id="token-11-51" start_char="2441">Council</TOKEN>
				<TOKEN end_char="2450" id="token-11-52" start_char="2449">of</TOKEN>
				<TOKEN end_char="2459" id="token-11-53" start_char="2452">Economic</TOKEN>
				<TOKEN end_char="2468" id="token-11-54" start_char="2461">Advisers</TOKEN>
				<TOKEN end_char="2469" id="token-11-55" start_char="2469">.</TOKEN>
			</SEG>
			<SEG end_char="2670" id="20130209_WAPO_091a14ac-7149-11e2-a050-b83a7b35c4b5-12" start_char="2471">
				<ORIGINAL_TEXT>This year, while the process is much the same as it has been in the past, some of those involved in lobbying the White House say their bar for success is higher than it has been for previous speeches.</ORIGINAL_TEXT>
				<TOKEN end_char="2474" id="token-12-0" start_char="2471">This</TOKEN>
				<TOKEN end_char="2479" id="token-12-1" start_char="2476">year</TOKEN>
				<TOKEN end_char="2480" id="token-12-2" start_char="2480">,</TOKEN>
				<TOKEN end_char="2486" id="token-12-3" start_char="2482">while</TOKEN>
				<TOKEN end_char="2490" id="token-12-4" start_char="2488">the</TOKEN>
				<TOKEN end_char="2498" id="token-12-5" start_char="2492">process</TOKEN>
				<TOKEN end_char="2501" id="token-12-6" start_char="2500">is</TOKEN>
				<TOKEN end_char="2506" id="token-12-7" start_char="2503">much</TOKEN>
				<TOKEN end_char="2510" id="token-12-8" start_char="2508">the</TOKEN>
				<TOKEN end_char="2515" id="token-12-9" start_char="2512">same</TOKEN>
				<TOKEN end_char="2518" id="token-12-10" start_char="2517">as</TOKEN>
				<TOKEN end_char="2521" id="token-12-11" start_char="2520">it</TOKEN>
				<TOKEN end_char="2525" id="token-12-12" start_char="2523">has</TOKEN>
				<TOKEN end_char="2530" id="token-12-13" start_char="2527">been</TOKEN>
				<TOKEN end_char="2533" id="token-12-14" start_char="2532">in</TOKEN>
				<TOKEN end_char="2537" id="token-12-15" start_char="2535">the</TOKEN>
				<TOKEN end_char="2542" id="token-12-16" start_char="2539">past</TOKEN>
				<TOKEN end_char="2543" id="token-12-17" start_char="2543">,</TOKEN>
				<TOKEN end_char="2548" id="token-12-18" start_char="2545">some</TOKEN>
				<TOKEN end_char="2551" id="token-12-19" start_char="2550">of</TOKEN>
				<TOKEN end_char="2557" id="token-12-20" start_char="2553">those</TOKEN>
				<TOKEN end_char="2566" id="token-12-21" start_char="2559">involved</TOKEN>
				<TOKEN end_char="2569" id="token-12-22" start_char="2568">in</TOKEN>
				<TOKEN end_char="2578" id="token-12-23" start_char="2571">lobbying</TOKEN>
				<TOKEN end_char="2582" id="token-12-24" start_char="2580">the</TOKEN>
				<TOKEN end_char="2588" id="token-12-25" start_char="2584">White</TOKEN>
				<TOKEN end_char="2594" id="token-12-26" start_char="2590">House</TOKEN>
				<TOKEN end_char="2598" id="token-12-27" start_char="2596">say</TOKEN>
				<TOKEN end_char="2604" id="token-12-28" start_char="2600">their</TOKEN>
				<TOKEN end_char="2608" id="token-12-29" start_char="2606">bar</TOKEN>
				<TOKEN end_char="2612" id="token-12-30" start_char="2610">for</TOKEN>
				<TOKEN end_char="2620" id="token-12-31" start_char="2614">success</TOKEN>
				<TOKEN end_char="2623" id="token-12-32" start_char="2622">is</TOKEN>
				<TOKEN end_char="2630" id="token-12-33" start_char="2625">higher</TOKEN>
				<TOKEN end_char="2635" id="token-12-34" start_char="2632">than</TOKEN>
				<TOKEN end_char="2638" id="token-12-35" start_char="2637">it</TOKEN>
				<TOKEN end_char="2642" id="token-12-36" start_char="2640">has</TOKEN>
				<TOKEN end_char="2647" id="token-12-37" start_char="2644">been</TOKEN>
				<TOKEN end_char="2651" id="token-12-38" start_char="2649">for</TOKEN>
				<TOKEN end_char="2660" id="token-12-39" start_char="2653">previous</TOKEN>
				<TOKEN end_char="2669" id="token-12-40" start_char="2662">speeches</TOKEN>
				<TOKEN end_char="2670" id="token-12-41" start_char="2670">.</TOKEN>
			</SEG>
			<SEG end_char="2956" id="20130209_WAPO_091a14ac-7149-11e2-a050-b83a7b35c4b5-13" start_char="2672">
				<ORIGINAL_TEXT>Whereas in recent years a vague mention of a policy goal might have been viewed as a win, this time, as President Obama embarks on a second term and as Congress remains gridlocked, some interest groups are hoping that the White House will bypass Capitol Hill and take executive action.</ORIGINAL_TEXT>
				<TOKEN end_char="2678" id="token-13-0" start_char="2672">Whereas</TOKEN>
				<TOKEN end_char="2681" id="token-13-1" start_char="2680">in</TOKEN>
				<TOKEN end_char="2688" id="token-13-2" start_char="2683">recent</TOKEN>
				<TOKEN end_char="2694" id="token-13-3" start_char="2690">years</TOKEN>
				<TOKEN end_char="2696" id="token-13-4" start_char="2696">a</TOKEN>
				<TOKEN end_char="2702" id="token-13-5" start_char="2698">vague</TOKEN>
				<TOKEN end_char="2710" id="token-13-6" start_char="2704">mention</TOKEN>
				<TOKEN end_char="2713" id="token-13-7" start_char="2712">of</TOKEN>
				<TOKEN end_char="2715" id="token-13-8" start_char="2715">a</TOKEN>
				<TOKEN end_char="2722" id="token-13-9" start_char="2717">policy</TOKEN>
				<TOKEN end_char="2727" id="token-13-10" start_char="2724">goal</TOKEN>
				<TOKEN end_char="2733" id="token-13-11" start_char="2729">might</TOKEN>
				<TOKEN end_char="2738" id="token-13-12" start_char="2735">have</TOKEN>
				<TOKEN end_char="2743" id="token-13-13" start_char="2740">been</TOKEN>
				<TOKEN end_char="2750" id="token-13-14" start_char="2745">viewed</TOKEN>
				<TOKEN end_char="2753" id="token-13-15" start_char="2752">as</TOKEN>
				<TOKEN end_char="2755" id="token-13-16" start_char="2755">a</TOKEN>
				<TOKEN end_char="2759" id="token-13-17" start_char="2757">win</TOKEN>
				<TOKEN end_char="2760" id="token-13-18" start_char="2760">,</TOKEN>
				<TOKEN end_char="2765" id="token-13-19" start_char="2762">this</TOKEN>
				<TOKEN end_char="2770" id="token-13-20" start_char="2767">time</TOKEN>
				<TOKEN end_char="2771" id="token-13-21" start_char="2771">,</TOKEN>
				<TOKEN end_char="2774" id="token-13-22" start_char="2773">as</TOKEN>
				<TOKEN end_char="2784" id="token-13-23" start_char="2776">President</TOKEN>
				<TOKEN end_char="2790" id="token-13-24" start_char="2786">Obama</TOKEN>
				<TOKEN end_char="2798" id="token-13-25" start_char="2792">embarks</TOKEN>
				<TOKEN end_char="2801" id="token-13-26" start_char="2800">on</TOKEN>
				<TOKEN end_char="2803" id="token-13-27" start_char="2803">a</TOKEN>
				<TOKEN end_char="2810" id="token-13-28" start_char="2805">second</TOKEN>
				<TOKEN end_char="2815" id="token-13-29" start_char="2812">term</TOKEN>
				<TOKEN end_char="2819" id="token-13-30" start_char="2817">and</TOKEN>
				<TOKEN end_char="2822" id="token-13-31" start_char="2821">as</TOKEN>
				<TOKEN end_char="2831" id="token-13-32" start_char="2824">Congress</TOKEN>
				<TOKEN end_char="2839" id="token-13-33" start_char="2833">remains</TOKEN>
				<TOKEN end_char="2850" id="token-13-34" start_char="2841">gridlocked</TOKEN>
				<TOKEN end_char="2851" id="token-13-35" start_char="2851">,</TOKEN>
				<TOKEN end_char="2856" id="token-13-36" start_char="2853">some</TOKEN>
				<TOKEN end_char="2865" id="token-13-37" start_char="2858">interest</TOKEN>
				<TOKEN end_char="2872" id="token-13-38" start_char="2867">groups</TOKEN>
				<TOKEN end_char="2876" id="token-13-39" start_char="2874">are</TOKEN>
				<TOKEN end_char="2883" id="token-13-40" start_char="2878">hoping</TOKEN>
				<TOKEN end_char="2888" id="token-13-41" start_char="2885">that</TOKEN>
				<TOKEN end_char="2892" id="token-13-42" start_char="2890">the</TOKEN>
				<TOKEN end_char="2898" id="token-13-43" start_char="2894">White</TOKEN>
				<TOKEN end_char="2904" id="token-13-44" start_char="2900">House</TOKEN>
				<TOKEN end_char="2909" id="token-13-45" start_char="2906">will</TOKEN>
				<TOKEN end_char="2916" id="token-13-46" start_char="2911">bypass</TOKEN>
				<TOKEN end_char="2924" id="token-13-47" start_char="2918">Capitol</TOKEN>
				<TOKEN end_char="2929" id="token-13-48" start_char="2926">Hill</TOKEN>
				<TOKEN end_char="2933" id="token-13-49" start_char="2931">and</TOKEN>
				<TOKEN end_char="2938" id="token-13-50" start_char="2935">take</TOKEN>
				<TOKEN end_char="2948" id="token-13-51" start_char="2940">executive</TOKEN>
				<TOKEN end_char="2955" id="token-13-52" start_char="2950">action</TOKEN>
				<TOKEN end_char="2956" id="token-13-53" start_char="2956">.</TOKEN>
			</SEG>
			<SEG end_char="3297" id="20130209_WAPO_091a14ac-7149-11e2-a050-b83a7b35c4b5-14" start_char="2958">
				<ORIGINAL_TEXT>“In the past you might be hoping for him to say the word ‘climate’ — that’s such a big accomplishment,” said Melinda Pierce, legislative director of the Sierra Club. “We have much bigger hopes this year. . . . I think the question coming out of [the inauguration] was, what can the president do given that Congress isn’t delivering at all?”</ORIGINAL_TEXT>
				<TOKEN end_char="2958" id="token-14-0" start_char="2958">“</TOKEN>
				<TOKEN end_char="2960" id="token-14-1" start_char="2959">In</TOKEN>
				<TOKEN end_char="2964" id="token-14-2" start_char="2962">the</TOKEN>
				<TOKEN end_char="2969" id="token-14-3" start_char="2966">past</TOKEN>
				<TOKEN end_char="2973" id="token-14-4" start_char="2971">you</TOKEN>
				<TOKEN end_char="2979" id="token-14-5" start_char="2975">might</TOKEN>
				<TOKEN end_char="2982" id="token-14-6" start_char="2981">be</TOKEN>
				<TOKEN end_char="2989" id="token-14-7" start_char="2984">hoping</TOKEN>
				<TOKEN end_char="2993" id="token-14-8" start_char="2991">for</TOKEN>
				<TOKEN end_char="2997" id="token-14-9" start_char="2995">him</TOKEN>
				<TOKEN end_char="3000" id="token-14-10" start_char="2999">to</TOKEN>
				<TOKEN end_char="3004" id="token-14-11" start_char="3002">say</TOKEN>
				<TOKEN end_char="3008" id="token-14-12" start_char="3006">the</TOKEN>
				<TOKEN end_char="3013" id="token-14-13" start_char="3010">word</TOKEN>
				<TOKEN end_char="3015" id="token-14-14" start_char="3015">‘</TOKEN>
				<TOKEN end_char="3022" id="token-14-15" start_char="3016">climate</TOKEN>
				<TOKEN end_char="3023" id="token-14-16" start_char="3023">’</TOKEN>
				<TOKEN end_char="3025" id="token-14-17" start_char="3025">—</TOKEN>
				<TOKEN end_char="3030" id="token-14-18" start_char="3027">that</TOKEN>
				<TOKEN end_char="3031" id="token-14-19" start_char="3031">’</TOKEN>
				<TOKEN end_char="3032" id="token-14-20" start_char="3032">s</TOKEN>
				<TOKEN end_char="3037" id="token-14-21" start_char="3034">such</TOKEN>
				<TOKEN end_char="3039" id="token-14-22" start_char="3039">a</TOKEN>
				<TOKEN end_char="3043" id="token-14-23" start_char="3041">big</TOKEN>
				<TOKEN end_char="3058" id="token-14-24" start_char="3045">accomplishment</TOKEN>
				<TOKEN end_char="3060" id="token-14-25" start_char="3059">,”</TOKEN>
				<TOKEN end_char="3065" id="token-14-26" start_char="3062">said</TOKEN>
				<TOKEN end_char="3073" id="token-14-27" start_char="3067">Melinda</TOKEN>
				<TOKEN end_char="3080" id="token-14-28" start_char="3075">Pierce</TOKEN>
				<TOKEN end_char="3081" id="token-14-29" start_char="3081">,</TOKEN>
				<TOKEN end_char="3093" id="token-14-30" start_char="3083">legislative</TOKEN>
				<TOKEN end_char="3102" id="token-14-31" start_char="3095">director</TOKEN>
				<TOKEN end_char="3105" id="token-14-32" start_char="3104">of</TOKEN>
				<TOKEN end_char="3109" id="token-14-33" start_char="3107">the</TOKEN>
				<TOKEN end_char="3116" id="token-14-34" start_char="3111">Sierra</TOKEN>
				<TOKEN end_char="3121" id="token-14-35" start_char="3118">Club</TOKEN>
				<TOKEN end_char="3122" id="token-14-36" start_char="3122">.</TOKEN>
				<TOKEN end_char="3124" id="token-14-37" start_char="3124">“</TOKEN>
				<TOKEN end_char="3126" id="token-14-38" start_char="3125">We</TOKEN>
				<TOKEN end_char="3131" id="token-14-39" start_char="3128">have</TOKEN>
				<TOKEN end_char="3136" id="token-14-40" start_char="3133">much</TOKEN>
				<TOKEN end_char="3143" id="token-14-41" start_char="3138">bigger</TOKEN>
				<TOKEN end_char="3149" id="token-14-42" start_char="3145">hopes</TOKEN>
				<TOKEN end_char="3154" id="token-14-43" start_char="3151">this</TOKEN>
				<TOKEN end_char="3159" id="token-14-44" start_char="3156">year</TOKEN>
				<TOKEN end_char="3160" id="token-14-45" start_char="3160">.</TOKEN>
				<TOKEN end_char="3162" id="token-14-46" start_char="3162">.</TOKEN>
				<TOKEN end_char="3164" id="token-14-47" start_char="3164">.</TOKEN>
				<TOKEN end_char="3166" id="token-14-48" start_char="3166">.</TOKEN>
				<TOKEN end_char="3168" id="token-14-49" start_char="3168">I</TOKEN>
				<TOKEN end_char="3174" id="token-14-50" start_char="3170">think</TOKEN>
				<TOKEN end_char="3178" id="token-14-51" start_char="3176">the</TOKEN>
				<TOKEN end_char="3187" id="token-14-52" start_char="3180">question</TOKEN>
				<TOKEN end_char="3194" id="token-14-53" start_char="3189">coming</TOKEN>
				<TOKEN end_char="3198" id="token-14-54" start_char="3196">out</TOKEN>
				<TOKEN end_char="3201" id="token-14-55" start_char="3200">of</TOKEN>
				<TOKEN end_char="3203" id="token-14-56" start_char="3203">[</TOKEN>
				<TOKEN end_char="3206" id="token-14-57" start_char="3204">the</TOKEN>
				<TOKEN end_char="3219" id="token-14-58" start_char="3208">inauguration</TOKEN>
				<TOKEN end_char="3220" id="token-14-59" start_char="3220">]</TOKEN>
				<TOKEN end_char="3224" id="token-14-60" start_char="3222">was</TOKEN>
				<TOKEN end_char="3225" id="token-14-61" start_char="3225">,</TOKEN>
				<TOKEN end_char="3230" id="token-14-62" start_char="3227">what</TOKEN>
				<TOKEN end_char="3234" id="token-14-63" start_char="3232">can</TOKEN>
				<TOKEN end_char="3238" id="token-14-64" start_char="3236">the</TOKEN>
				<TOKEN end_char="3248" id="token-14-65" start_char="3240">president</TOKEN>
				<TOKEN end_char="3251" id="token-14-66" start_char="3250">do</TOKEN>
				<TOKEN end_char="3257" id="token-14-67" start_char="3253">given</TOKEN>
				<TOKEN end_char="3262" id="token-14-68" start_char="3259">that</TOKEN>
				<TOKEN end_char="3271" id="token-14-69" start_char="3264">Congress</TOKEN>
				<TOKEN end_char="3275" id="token-14-70" start_char="3273">isn</TOKEN>
				<TOKEN end_char="3276" id="token-14-71" start_char="3276">’</TOKEN>
				<TOKEN end_char="3277" id="token-14-72" start_char="3277">t</TOKEN>
				<TOKEN end_char="3288" id="token-14-73" start_char="3279">delivering</TOKEN>
				<TOKEN end_char="3291" id="token-14-74" start_char="3290">at</TOKEN>
				<TOKEN end_char="3295" id="token-14-75" start_char="3293">all</TOKEN>
				<TOKEN end_char="3297" id="token-14-76" start_char="3296">?”</TOKEN>
			</SEG>
			<SEG end_char="3346" id="20130209_WAPO_091a14ac-7149-11e2-a050-b83a7b35c4b5-15" start_char="3299">
				<ORIGINAL_TEXT>“Obviously, we have answers to that,” she added.</ORIGINAL_TEXT>
				<TOKEN end_char="3299" id="token-15-0" start_char="3299">“</TOKEN>
				<TOKEN end_char="3308" id="token-15-1" start_char="3300">Obviously</TOKEN>
				<TOKEN end_char="3309" id="token-15-2" start_char="3309">,</TOKEN>
				<TOKEN end_char="3312" id="token-15-3" start_char="3311">we</TOKEN>
				<TOKEN end_char="3317" id="token-15-4" start_char="3314">have</TOKEN>
				<TOKEN end_char="3325" id="token-15-5" start_char="3319">answers</TOKEN>
				<TOKEN end_char="3328" id="token-15-6" start_char="3327">to</TOKEN>
				<TOKEN end_char="3333" id="token-15-7" start_char="3330">that</TOKEN>
				<TOKEN end_char="3335" id="token-15-8" start_char="3334">,”</TOKEN>
				<TOKEN end_char="3339" id="token-15-9" start_char="3337">she</TOKEN>
				<TOKEN end_char="3345" id="token-15-10" start_char="3341">added</TOKEN>
				<TOKEN end_char="3346" id="token-15-11" start_char="3346">.</TOKEN>
			</SEG>
			<SEG end_char="3499" id="20130209_WAPO_091a14ac-7149-11e2-a050-b83a7b35c4b5-16" start_char="3348">
				<ORIGINAL_TEXT>When it comes to the potential courses of action for the White House, many advocacy organizations have made clear that they have specific moves in mind.</ORIGINAL_TEXT>
				<TOKEN end_char="3351" id="token-16-0" start_char="3348">When</TOKEN>
				<TOKEN end_char="3354" id="token-16-1" start_char="3353">it</TOKEN>
				<TOKEN end_char="3360" id="token-16-2" start_char="3356">comes</TOKEN>
				<TOKEN end_char="3363" id="token-16-3" start_char="3362">to</TOKEN>
				<TOKEN end_char="3367" id="token-16-4" start_char="3365">the</TOKEN>
				<TOKEN end_char="3377" id="token-16-5" start_char="3369">potential</TOKEN>
				<TOKEN end_char="3385" id="token-16-6" start_char="3379">courses</TOKEN>
				<TOKEN end_char="3388" id="token-16-7" start_char="3387">of</TOKEN>
				<TOKEN end_char="3395" id="token-16-8" start_char="3390">action</TOKEN>
				<TOKEN end_char="3399" id="token-16-9" start_char="3397">for</TOKEN>
				<TOKEN end_char="3403" id="token-16-10" start_char="3401">the</TOKEN>
				<TOKEN end_char="3409" id="token-16-11" start_char="3405">White</TOKEN>
				<TOKEN end_char="3415" id="token-16-12" start_char="3411">House</TOKEN>
				<TOKEN end_char="3416" id="token-16-13" start_char="3416">,</TOKEN>
				<TOKEN end_char="3421" id="token-16-14" start_char="3418">many</TOKEN>
				<TOKEN end_char="3430" id="token-16-15" start_char="3423">advocacy</TOKEN>
				<TOKEN end_char="3444" id="token-16-16" start_char="3432">organizations</TOKEN>
				<TOKEN end_char="3449" id="token-16-17" start_char="3446">have</TOKEN>
				<TOKEN end_char="3454" id="token-16-18" start_char="3451">made</TOKEN>
				<TOKEN end_char="3460" id="token-16-19" start_char="3456">clear</TOKEN>
				<TOKEN end_char="3465" id="token-16-20" start_char="3462">that</TOKEN>
				<TOKEN end_char="3470" id="token-16-21" start_char="3467">they</TOKEN>
				<TOKEN end_char="3475" id="token-16-22" start_char="3472">have</TOKEN>
				<TOKEN end_char="3484" id="token-16-23" start_char="3477">specific</TOKEN>
				<TOKEN end_char="3490" id="token-16-24" start_char="3486">moves</TOKEN>
				<TOKEN end_char="3493" id="token-16-25" start_char="3492">in</TOKEN>
				<TOKEN end_char="3498" id="token-16-26" start_char="3495">mind</TOKEN>
				<TOKEN end_char="3499" id="token-16-27" start_char="3499">.</TOKEN>
			</SEG>
			<SEG end_char="3673" id="20130209_WAPO_091a14ac-7149-11e2-a050-b83a7b35c4b5-17" start_char="3501">
				<ORIGINAL_TEXT>Human Rights Campaign, the country’s largest gay rights group, is pressing for an executive order granting nondiscrimination protections to employees of federal contractors.</ORIGINAL_TEXT>
				<TOKEN end_char="3505" id="token-17-0" start_char="3501">Human</TOKEN>
				<TOKEN end_char="3512" id="token-17-1" start_char="3507">Rights</TOKEN>
				<TOKEN end_char="3521" id="token-17-2" start_char="3514">Campaign</TOKEN>
				<TOKEN end_char="3522" id="token-17-3" start_char="3522">,</TOKEN>
				<TOKEN end_char="3526" id="token-17-4" start_char="3524">the</TOKEN>
				<TOKEN end_char="3534" id="token-17-5" start_char="3528">country</TOKEN>
				<TOKEN end_char="3535" id="token-17-6" start_char="3535">’</TOKEN>
				<TOKEN end_char="3536" id="token-17-7" start_char="3536">s</TOKEN>
				<TOKEN end_char="3544" id="token-17-8" start_char="3538">largest</TOKEN>
				<TOKEN end_char="3548" id="token-17-9" start_char="3546">gay</TOKEN>
				<TOKEN end_char="3555" id="token-17-10" start_char="3550">rights</TOKEN>
				<TOKEN end_char="3561" id="token-17-11" start_char="3557">group</TOKEN>
				<TOKEN end_char="3562" id="token-17-12" start_char="3562">,</TOKEN>
				<TOKEN end_char="3565" id="token-17-13" start_char="3564">is</TOKEN>
				<TOKEN end_char="3574" id="token-17-14" start_char="3567">pressing</TOKEN>
				<TOKEN end_char="3578" id="token-17-15" start_char="3576">for</TOKEN>
				<TOKEN end_char="3581" id="token-17-16" start_char="3580">an</TOKEN>
				<TOKEN end_char="3591" id="token-17-17" start_char="3583">executive</TOKEN>
				<TOKEN end_char="3597" id="token-17-18" start_char="3593">order</TOKEN>
				<TOKEN end_char="3606" id="token-17-19" start_char="3599">granting</TOKEN>
				<TOKEN end_char="3624" id="token-17-20" start_char="3608">nondiscrimination</TOKEN>
				<TOKEN end_char="3636" id="token-17-21" start_char="3626">protections</TOKEN>
				<TOKEN end_char="3639" id="token-17-22" start_char="3638">to</TOKEN>
				<TOKEN end_char="3649" id="token-17-23" start_char="3641">employees</TOKEN>
				<TOKEN end_char="3652" id="token-17-24" start_char="3651">of</TOKEN>
				<TOKEN end_char="3660" id="token-17-25" start_char="3654">federal</TOKEN>
				<TOKEN end_char="3672" id="token-17-26" start_char="3662">contractors</TOKEN>
				<TOKEN end_char="3673" id="token-17-27" start_char="3673">.</TOKEN>
			</SEG>
			<SEG end_char="3866" id="20130209_WAPO_091a14ac-7149-11e2-a050-b83a7b35c4b5-18" start_char="3675">
				<ORIGINAL_TEXT>Among the items on an eight-page policy wish list sent by NALEO to the White House last month are legislative progress on immigration and the creation of a White House Office of New Americans.</ORIGINAL_TEXT>
				<TOKEN end_char="3679" id="token-18-0" start_char="3675">Among</TOKEN>
				<TOKEN end_char="3683" id="token-18-1" start_char="3681">the</TOKEN>
				<TOKEN end_char="3689" id="token-18-2" start_char="3685">items</TOKEN>
				<TOKEN end_char="3692" id="token-18-3" start_char="3691">on</TOKEN>
				<TOKEN end_char="3695" id="token-18-4" start_char="3694">an</TOKEN>
				<TOKEN end_char="3701" id="token-18-5" start_char="3697">eight</TOKEN>
				<TOKEN end_char="3702" id="token-18-6" start_char="3702">-</TOKEN>
				<TOKEN end_char="3706" id="token-18-7" start_char="3703">page</TOKEN>
				<TOKEN end_char="3713" id="token-18-8" start_char="3708">policy</TOKEN>
				<TOKEN end_char="3718" id="token-18-9" start_char="3715">wish</TOKEN>
				<TOKEN end_char="3723" id="token-18-10" start_char="3720">list</TOKEN>
				<TOKEN end_char="3728" id="token-18-11" start_char="3725">sent</TOKEN>
				<TOKEN end_char="3731" id="token-18-12" start_char="3730">by</TOKEN>
				<TOKEN end_char="3737" id="token-18-13" start_char="3733">NALEO</TOKEN>
				<TOKEN end_char="3740" id="token-18-14" start_char="3739">to</TOKEN>
				<TOKEN end_char="3744" id="token-18-15" start_char="3742">the</TOKEN>
				<TOKEN end_char="3750" id="token-18-16" start_char="3746">White</TOKEN>
				<TOKEN end_char="3756" id="token-18-17" start_char="3752">House</TOKEN>
				<TOKEN end_char="3761" id="token-18-18" start_char="3758">last</TOKEN>
				<TOKEN end_char="3767" id="token-18-19" start_char="3763">month</TOKEN>
				<TOKEN end_char="3771" id="token-18-20" start_char="3769">are</TOKEN>
				<TOKEN end_char="3783" id="token-18-21" start_char="3773">legislative</TOKEN>
				<TOKEN end_char="3792" id="token-18-22" start_char="3785">progress</TOKEN>
				<TOKEN end_char="3795" id="token-18-23" start_char="3794">on</TOKEN>
				<TOKEN end_char="3807" id="token-18-24" start_char="3797">immigration</TOKEN>
				<TOKEN end_char="3811" id="token-18-25" start_char="3809">and</TOKEN>
				<TOKEN end_char="3815" id="token-18-26" start_char="3813">the</TOKEN>
				<TOKEN end_char="3824" id="token-18-27" start_char="3817">creation</TOKEN>
				<TOKEN end_char="3827" id="token-18-28" start_char="3826">of</TOKEN>
				<TOKEN end_char="3829" id="token-18-29" start_char="3829">a</TOKEN>
				<TOKEN end_char="3835" id="token-18-30" start_char="3831">White</TOKEN>
				<TOKEN end_char="3841" id="token-18-31" start_char="3837">House</TOKEN>
				<TOKEN end_char="3848" id="token-18-32" start_char="3843">Office</TOKEN>
				<TOKEN end_char="3851" id="token-18-33" start_char="3850">of</TOKEN>
				<TOKEN end_char="3855" id="token-18-34" start_char="3853">New</TOKEN>
				<TOKEN end_char="3865" id="token-18-35" start_char="3857">Americans</TOKEN>
				<TOKEN end_char="3866" id="token-18-36" start_char="3866">.</TOKEN>
			</SEG>
		</TEXT>
	</DOC>
</LCTL_TEXT>
