<?xml version="1.0" encoding="utf-8"?>
<LCTL_TEXT>
	<DOC id="20130515_WAPO_49b21fa6bddd6876eef3e3dea49ca609">
		<TEXT>
			<SEG end_char="36" id="20130515_WAPO_49b21fa6bddd6876eef3e3dea49ca609-0" start_char="0">
				<ORIGINAL_TEXT>New Zealand may declare a war on cats</ORIGINAL_TEXT>
				<TOKEN end_char="2" id="token-0-0" start_char="0">New</TOKEN>
				<TOKEN end_char="10" id="token-0-1" start_char="4">Zealand</TOKEN>
				<TOKEN end_char="14" id="token-0-2" start_char="12">may</TOKEN>
				<TOKEN end_char="22" id="token-0-3" start_char="16">declare</TOKEN>
				<TOKEN end_char="24" id="token-0-4" start_char="24">a</TOKEN>
				<TOKEN end_char="28" id="token-0-5" start_char="26">war</TOKEN>
				<TOKEN end_char="31" id="token-0-6" start_char="30">on</TOKEN>
				<TOKEN end_char="36" id="token-0-7" start_char="33">cats</TOKEN>
			</SEG>
			<SEG end_char="79" id="20130515_WAPO_49b21fa6bddd6876eef3e3dea49ca609-1" start_char="38">
				<ORIGINAL_TEXT>Wednesday, May 15, 2013 09:34:03 GMT-05:00</ORIGINAL_TEXT>
				<TOKEN end_char="46" id="token-1-0" start_char="38">Wednesday</TOKEN>
				<TOKEN end_char="47" id="token-1-1" start_char="47">,</TOKEN>
				<TOKEN end_char="51" id="token-1-2" start_char="49">May</TOKEN>
				<TOKEN end_char="54" id="token-1-3" start_char="53">15</TOKEN>
				<TOKEN end_char="55" id="token-1-4" start_char="55">,</TOKEN>
				<TOKEN end_char="60" id="token-1-5" start_char="57">2013</TOKEN>
				<TOKEN end_char="63" id="token-1-6" start_char="62">09</TOKEN>
				<TOKEN end_char="64" id="token-1-7" start_char="64">:</TOKEN>
				<TOKEN end_char="66" id="token-1-8" start_char="65">34</TOKEN>
				<TOKEN end_char="67" id="token-1-9" start_char="67">:</TOKEN>
				<TOKEN end_char="69" id="token-1-10" start_char="68">03</TOKEN>
				<TOKEN end_char="73" id="token-1-11" start_char="71">GMT</TOKEN>
				<TOKEN end_char="74" id="token-1-12" start_char="74">-</TOKEN>
				<TOKEN end_char="76" id="token-1-13" start_char="75">05</TOKEN>
				<TOKEN end_char="77" id="token-1-14" start_char="77">:</TOKEN>
				<TOKEN end_char="79" id="token-1-15" start_char="78">00</TOKEN>
			</SEG>
			<SEG end_char="419" id="20130515_WAPO_49b21fa6bddd6876eef3e3dea49ca609-2" start_char="81">
				<ORIGINAL_TEXT>Environmentalists in peaceful, pacifist New Zealand are going to war against cats, launching a plan to end feline presence on their island-chain nation once and for all. Both pets and strays, they warn, are threatening the country's delicate and famously beautiful ecosystem. The Washington Post's Karla Adams reports from the front lines:</ORIGINAL_TEXT>
				<TOKEN end_char="97" id="token-2-0" start_char="81">Environmentalists</TOKEN>
				<TOKEN end_char="100" id="token-2-1" start_char="99">in</TOKEN>
				<TOKEN end_char="109" id="token-2-2" start_char="102">peaceful</TOKEN>
				<TOKEN end_char="110" id="token-2-3" start_char="110">,</TOKEN>
				<TOKEN end_char="119" id="token-2-4" start_char="112">pacifist</TOKEN>
				<TOKEN end_char="123" id="token-2-5" start_char="121">New</TOKEN>
				<TOKEN end_char="131" id="token-2-6" start_char="125">Zealand</TOKEN>
				<TOKEN end_char="135" id="token-2-7" start_char="133">are</TOKEN>
				<TOKEN end_char="141" id="token-2-8" start_char="137">going</TOKEN>
				<TOKEN end_char="144" id="token-2-9" start_char="143">to</TOKEN>
				<TOKEN end_char="148" id="token-2-10" start_char="146">war</TOKEN>
				<TOKEN end_char="156" id="token-2-11" start_char="150">against</TOKEN>
				<TOKEN end_char="161" id="token-2-12" start_char="158">cats</TOKEN>
				<TOKEN end_char="162" id="token-2-13" start_char="162">,</TOKEN>
				<TOKEN end_char="172" id="token-2-14" start_char="164">launching</TOKEN>
				<TOKEN end_char="174" id="token-2-15" start_char="174">a</TOKEN>
				<TOKEN end_char="179" id="token-2-16" start_char="176">plan</TOKEN>
				<TOKEN end_char="182" id="token-2-17" start_char="181">to</TOKEN>
				<TOKEN end_char="186" id="token-2-18" start_char="184">end</TOKEN>
				<TOKEN end_char="193" id="token-2-19" start_char="188">feline</TOKEN>
				<TOKEN end_char="202" id="token-2-20" start_char="195">presence</TOKEN>
				<TOKEN end_char="205" id="token-2-21" start_char="204">on</TOKEN>
				<TOKEN end_char="211" id="token-2-22" start_char="207">their</TOKEN>
				<TOKEN end_char="218" id="token-2-23" start_char="213">island</TOKEN>
				<TOKEN end_char="219" id="token-2-24" start_char="219">-</TOKEN>
				<TOKEN end_char="224" id="token-2-25" start_char="220">chain</TOKEN>
				<TOKEN end_char="231" id="token-2-26" start_char="226">nation</TOKEN>
				<TOKEN end_char="236" id="token-2-27" start_char="233">once</TOKEN>
				<TOKEN end_char="240" id="token-2-28" start_char="238">and</TOKEN>
				<TOKEN end_char="244" id="token-2-29" start_char="242">for</TOKEN>
				<TOKEN end_char="248" id="token-2-30" start_char="246">all</TOKEN>
				<TOKEN end_char="249" id="token-2-31" start_char="249">.</TOKEN>
				<TOKEN end_char="254" id="token-2-32" start_char="251">Both</TOKEN>
				<TOKEN end_char="259" id="token-2-33" start_char="256">pets</TOKEN>
				<TOKEN end_char="263" id="token-2-34" start_char="261">and</TOKEN>
				<TOKEN end_char="270" id="token-2-35" start_char="265">strays</TOKEN>
				<TOKEN end_char="271" id="token-2-36" start_char="271">,</TOKEN>
				<TOKEN end_char="276" id="token-2-37" start_char="273">they</TOKEN>
				<TOKEN end_char="281" id="token-2-38" start_char="278">warn</TOKEN>
				<TOKEN end_char="282" id="token-2-39" start_char="282">,</TOKEN>
				<TOKEN end_char="286" id="token-2-40" start_char="284">are</TOKEN>
				<TOKEN end_char="298" id="token-2-41" start_char="288">threatening</TOKEN>
				<TOKEN end_char="302" id="token-2-42" start_char="300">the</TOKEN>
				<TOKEN end_char="310" id="token-2-43" start_char="304">country</TOKEN>
				<TOKEN end_char="311" id="token-2-44" start_char="311">'</TOKEN>
				<TOKEN end_char="312" id="token-2-45" start_char="312">s</TOKEN>
				<TOKEN end_char="321" id="token-2-46" start_char="314">delicate</TOKEN>
				<TOKEN end_char="325" id="token-2-47" start_char="323">and</TOKEN>
				<TOKEN end_char="334" id="token-2-48" start_char="327">famously</TOKEN>
				<TOKEN end_char="344" id="token-2-49" start_char="336">beautiful</TOKEN>
				<TOKEN end_char="354" id="token-2-50" start_char="346">ecosystem</TOKEN>
				<TOKEN end_char="355" id="token-2-51" start_char="355">.</TOKEN>
				<TOKEN end_char="359" id="token-2-52" start_char="357">The</TOKEN>
				<TOKEN end_char="370" id="token-2-53" start_char="361">Washington</TOKEN>
				<TOKEN end_char="375" id="token-2-54" start_char="372">Post</TOKEN>
				<TOKEN end_char="376" id="token-2-55" start_char="376">'</TOKEN>
				<TOKEN end_char="377" id="token-2-56" start_char="377">s</TOKEN>
				<TOKEN end_char="383" id="token-2-57" start_char="379">Karla</TOKEN>
				<TOKEN end_char="389" id="token-2-58" start_char="385">Adams</TOKEN>
				<TOKEN end_char="397" id="token-2-59" start_char="391">reports</TOKEN>
				<TOKEN end_char="402" id="token-2-60" start_char="399">from</TOKEN>
				<TOKEN end_char="406" id="token-2-61" start_char="404">the</TOKEN>
				<TOKEN end_char="412" id="token-2-62" start_char="408">front</TOKEN>
				<TOKEN end_char="418" id="token-2-63" start_char="414">lines</TOKEN>
				<TOKEN end_char="419" id="token-2-64" start_char="419">:</TOKEN>
			</SEG>
			<SEG end_char="552" id="20130515_WAPO_49b21fa6bddd6876eef3e3dea49ca609-3" start_char="421">
				<ORIGINAL_TEXT>The New Zealand government is taking the proposal seriously enough that they commissioned a study to estimate its cost: $20 billion.</ORIGINAL_TEXT>
				<TOKEN end_char="423" id="token-3-0" start_char="421">The</TOKEN>
				<TOKEN end_char="427" id="token-3-1" start_char="425">New</TOKEN>
				<TOKEN end_char="435" id="token-3-2" start_char="429">Zealand</TOKEN>
				<TOKEN end_char="446" id="token-3-3" start_char="437">government</TOKEN>
				<TOKEN end_char="449" id="token-3-4" start_char="448">is</TOKEN>
				<TOKEN end_char="456" id="token-3-5" start_char="451">taking</TOKEN>
				<TOKEN end_char="460" id="token-3-6" start_char="458">the</TOKEN>
				<TOKEN end_char="469" id="token-3-7" start_char="462">proposal</TOKEN>
				<TOKEN end_char="479" id="token-3-8" start_char="471">seriously</TOKEN>
				<TOKEN end_char="486" id="token-3-9" start_char="481">enough</TOKEN>
				<TOKEN end_char="491" id="token-3-10" start_char="488">that</TOKEN>
				<TOKEN end_char="496" id="token-3-11" start_char="493">they</TOKEN>
				<TOKEN end_char="509" id="token-3-12" start_char="498">commissioned</TOKEN>
				<TOKEN end_char="511" id="token-3-13" start_char="511">a</TOKEN>
				<TOKEN end_char="517" id="token-3-14" start_char="513">study</TOKEN>
				<TOKEN end_char="520" id="token-3-15" start_char="519">to</TOKEN>
				<TOKEN end_char="529" id="token-3-16" start_char="522">estimate</TOKEN>
				<TOKEN end_char="533" id="token-3-17" start_char="531">its</TOKEN>
				<TOKEN end_char="538" id="token-3-18" start_char="535">cost</TOKEN>
				<TOKEN end_char="539" id="token-3-19" start_char="539">:</TOKEN>
				<TOKEN end_char="541" id="token-3-20" start_char="541">$</TOKEN>
				<TOKEN end_char="543" id="token-3-21" start_char="542">20</TOKEN>
				<TOKEN end_char="551" id="token-3-22" start_char="545">billion</TOKEN>
				<TOKEN end_char="552" id="token-3-23" start_char="552">.</TOKEN>
			</SEG>
			<SEG end_char="976" id="20130515_WAPO_49b21fa6bddd6876eef3e3dea49ca609-4" start_char="554">
				<ORIGINAL_TEXT>Morgan and other environmentalists backing the controversial plan point out that New Zealand's fauna developed in the absence of cats or other large-mammal predators. Flightless birds such as the kiwi, a national symbol, are being devastated by the newly arrived cats, as are flighted birds. New Zealanders, Adams's story makes clear, really, really love birds, so they might be unusually receptive to giving up their cats.</ORIGINAL_TEXT>
				<TOKEN end_char="559" id="token-4-0" start_char="554">Morgan</TOKEN>
				<TOKEN end_char="563" id="token-4-1" start_char="561">and</TOKEN>
				<TOKEN end_char="569" id="token-4-2" start_char="565">other</TOKEN>
				<TOKEN end_char="587" id="token-4-3" start_char="571">environmentalists</TOKEN>
				<TOKEN end_char="595" id="token-4-4" start_char="589">backing</TOKEN>
				<TOKEN end_char="599" id="token-4-5" start_char="597">the</TOKEN>
				<TOKEN end_char="613" id="token-4-6" start_char="601">controversial</TOKEN>
				<TOKEN end_char="618" id="token-4-7" start_char="615">plan</TOKEN>
				<TOKEN end_char="624" id="token-4-8" start_char="620">point</TOKEN>
				<TOKEN end_char="628" id="token-4-9" start_char="626">out</TOKEN>
				<TOKEN end_char="633" id="token-4-10" start_char="630">that</TOKEN>
				<TOKEN end_char="637" id="token-4-11" start_char="635">New</TOKEN>
				<TOKEN end_char="645" id="token-4-12" start_char="639">Zealand</TOKEN>
				<TOKEN end_char="646" id="token-4-13" start_char="646">'</TOKEN>
				<TOKEN end_char="647" id="token-4-14" start_char="647">s</TOKEN>
				<TOKEN end_char="653" id="token-4-15" start_char="649">fauna</TOKEN>
				<TOKEN end_char="663" id="token-4-16" start_char="655">developed</TOKEN>
				<TOKEN end_char="666" id="token-4-17" start_char="665">in</TOKEN>
				<TOKEN end_char="670" id="token-4-18" start_char="668">the</TOKEN>
				<TOKEN end_char="678" id="token-4-19" start_char="672">absence</TOKEN>
				<TOKEN end_char="681" id="token-4-20" start_char="680">of</TOKEN>
				<TOKEN end_char="686" id="token-4-21" start_char="683">cats</TOKEN>
				<TOKEN end_char="689" id="token-4-22" start_char="688">or</TOKEN>
				<TOKEN end_char="695" id="token-4-23" start_char="691">other</TOKEN>
				<TOKEN end_char="701" id="token-4-24" start_char="697">large</TOKEN>
				<TOKEN end_char="702" id="token-4-25" start_char="702">-</TOKEN>
				<TOKEN end_char="708" id="token-4-26" start_char="703">mammal</TOKEN>
				<TOKEN end_char="718" id="token-4-27" start_char="710">predators</TOKEN>
				<TOKEN end_char="719" id="token-4-28" start_char="719">.</TOKEN>
				<TOKEN end_char="730" id="token-4-29" start_char="721">Flightless</TOKEN>
				<TOKEN end_char="736" id="token-4-30" start_char="732">birds</TOKEN>
				<TOKEN end_char="741" id="token-4-31" start_char="738">such</TOKEN>
				<TOKEN end_char="744" id="token-4-32" start_char="743">as</TOKEN>
				<TOKEN end_char="748" id="token-4-33" start_char="746">the</TOKEN>
				<TOKEN end_char="753" id="token-4-34" start_char="750">kiwi</TOKEN>
				<TOKEN end_char="754" id="token-4-35" start_char="754">,</TOKEN>
				<TOKEN end_char="756" id="token-4-36" start_char="756">a</TOKEN>
				<TOKEN end_char="765" id="token-4-37" start_char="758">national</TOKEN>
				<TOKEN end_char="772" id="token-4-38" start_char="767">symbol</TOKEN>
				<TOKEN end_char="773" id="token-4-39" start_char="773">,</TOKEN>
				<TOKEN end_char="777" id="token-4-40" start_char="775">are</TOKEN>
				<TOKEN end_char="783" id="token-4-41" start_char="779">being</TOKEN>
				<TOKEN end_char="794" id="token-4-42" start_char="785">devastated</TOKEN>
				<TOKEN end_char="797" id="token-4-43" start_char="796">by</TOKEN>
				<TOKEN end_char="801" id="token-4-44" start_char="799">the</TOKEN>
				<TOKEN end_char="807" id="token-4-45" start_char="803">newly</TOKEN>
				<TOKEN end_char="815" id="token-4-46" start_char="809">arrived</TOKEN>
				<TOKEN end_char="820" id="token-4-47" start_char="817">cats</TOKEN>
				<TOKEN end_char="821" id="token-4-48" start_char="821">,</TOKEN>
				<TOKEN end_char="824" id="token-4-49" start_char="823">as</TOKEN>
				<TOKEN end_char="828" id="token-4-50" start_char="826">are</TOKEN>
				<TOKEN end_char="837" id="token-4-51" start_char="830">flighted</TOKEN>
				<TOKEN end_char="843" id="token-4-52" start_char="839">birds</TOKEN>
				<TOKEN end_char="844" id="token-4-53" start_char="844">.</TOKEN>
				<TOKEN end_char="848" id="token-4-54" start_char="846">New</TOKEN>
				<TOKEN end_char="859" id="token-4-55" start_char="850">Zealanders</TOKEN>
				<TOKEN end_char="860" id="token-4-56" start_char="860">,</TOKEN>
				<TOKEN end_char="866" id="token-4-57" start_char="862">Adams</TOKEN>
				<TOKEN end_char="867" id="token-4-58" start_char="867">'</TOKEN>
				<TOKEN end_char="868" id="token-4-59" start_char="868">s</TOKEN>
				<TOKEN end_char="874" id="token-4-60" start_char="870">story</TOKEN>
				<TOKEN end_char="880" id="token-4-61" start_char="876">makes</TOKEN>
				<TOKEN end_char="886" id="token-4-62" start_char="882">clear</TOKEN>
				<TOKEN end_char="887" id="token-4-63" start_char="887">,</TOKEN>
				<TOKEN end_char="894" id="token-4-64" start_char="889">really</TOKEN>
				<TOKEN end_char="895" id="token-4-65" start_char="895">,</TOKEN>
				<TOKEN end_char="902" id="token-4-66" start_char="897">really</TOKEN>
				<TOKEN end_char="907" id="token-4-67" start_char="904">love</TOKEN>
				<TOKEN end_char="913" id="token-4-68" start_char="909">birds</TOKEN>
				<TOKEN end_char="914" id="token-4-69" start_char="914">,</TOKEN>
				<TOKEN end_char="917" id="token-4-70" start_char="916">so</TOKEN>
				<TOKEN end_char="922" id="token-4-71" start_char="919">they</TOKEN>
				<TOKEN end_char="928" id="token-4-72" start_char="924">might</TOKEN>
				<TOKEN end_char="931" id="token-4-73" start_char="930">be</TOKEN>
				<TOKEN end_char="941" id="token-4-74" start_char="933">unusually</TOKEN>
				<TOKEN end_char="951" id="token-4-75" start_char="943">receptive</TOKEN>
				<TOKEN end_char="954" id="token-4-76" start_char="953">to</TOKEN>
				<TOKEN end_char="961" id="token-4-77" start_char="956">giving</TOKEN>
				<TOKEN end_char="964" id="token-4-78" start_char="963">up</TOKEN>
				<TOKEN end_char="970" id="token-4-79" start_char="966">their</TOKEN>
				<TOKEN end_char="975" id="token-4-80" start_char="972">cats</TOKEN>
				<TOKEN end_char="976" id="token-4-81" start_char="976">.</TOKEN>
			</SEG>
			<SEG end_char="1134" id="20130515_WAPO_49b21fa6bddd6876eef3e3dea49ca609-5" start_char="978">
				<ORIGINAL_TEXT>There's some precedent for this sort of effort: The country spent half a million dollars over two years to eradicate possums from a small New Zealand island.</ORIGINAL_TEXT>
				<TOKEN end_char="982" id="token-5-0" start_char="978">There</TOKEN>
				<TOKEN end_char="983" id="token-5-1" start_char="983">'</TOKEN>
				<TOKEN end_char="984" id="token-5-2" start_char="984">s</TOKEN>
				<TOKEN end_char="989" id="token-5-3" start_char="986">some</TOKEN>
				<TOKEN end_char="999" id="token-5-4" start_char="991">precedent</TOKEN>
				<TOKEN end_char="1003" id="token-5-5" start_char="1001">for</TOKEN>
				<TOKEN end_char="1008" id="token-5-6" start_char="1005">this</TOKEN>
				<TOKEN end_char="1013" id="token-5-7" start_char="1010">sort</TOKEN>
				<TOKEN end_char="1016" id="token-5-8" start_char="1015">of</TOKEN>
				<TOKEN end_char="1023" id="token-5-9" start_char="1018">effort</TOKEN>
				<TOKEN end_char="1024" id="token-5-10" start_char="1024">:</TOKEN>
				<TOKEN end_char="1028" id="token-5-11" start_char="1026">The</TOKEN>
				<TOKEN end_char="1036" id="token-5-12" start_char="1030">country</TOKEN>
				<TOKEN end_char="1042" id="token-5-13" start_char="1038">spent</TOKEN>
				<TOKEN end_char="1047" id="token-5-14" start_char="1044">half</TOKEN>
				<TOKEN end_char="1049" id="token-5-15" start_char="1049">a</TOKEN>
				<TOKEN end_char="1057" id="token-5-16" start_char="1051">million</TOKEN>
				<TOKEN end_char="1065" id="token-5-17" start_char="1059">dollars</TOKEN>
				<TOKEN end_char="1070" id="token-5-18" start_char="1067">over</TOKEN>
				<TOKEN end_char="1074" id="token-5-19" start_char="1072">two</TOKEN>
				<TOKEN end_char="1080" id="token-5-20" start_char="1076">years</TOKEN>
				<TOKEN end_char="1083" id="token-5-21" start_char="1082">to</TOKEN>
				<TOKEN end_char="1093" id="token-5-22" start_char="1085">eradicate</TOKEN>
				<TOKEN end_char="1101" id="token-5-23" start_char="1095">possums</TOKEN>
				<TOKEN end_char="1106" id="token-5-24" start_char="1103">from</TOKEN>
				<TOKEN end_char="1108" id="token-5-25" start_char="1108">a</TOKEN>
				<TOKEN end_char="1114" id="token-5-26" start_char="1110">small</TOKEN>
				<TOKEN end_char="1118" id="token-5-27" start_char="1116">New</TOKEN>
				<TOKEN end_char="1126" id="token-5-28" start_char="1120">Zealand</TOKEN>
				<TOKEN end_char="1133" id="token-5-29" start_char="1128">island</TOKEN>
				<TOKEN end_char="1134" id="token-5-30" start_char="1134">.</TOKEN>
			</SEG>
			<SEG end_char="1581" id="20130515_WAPO_49b21fa6bddd6876eef3e3dea49ca609-6" start_char="1136">
				<ORIGINAL_TEXT>Morgan is pushing for a sort of pilot program on Stewart Island, population 402, to create a cat-free zone. Although current cat owners wouldn't have to give up their pets, they would be forbidden from replacing them. Current cat owners would also have to neuter the animals and keep them indoors or leashed (have you ever tried to put a cat on a leash?) at all times. It's not clear what would happen to strays, but one imagines it's unpleasant.</ORIGINAL_TEXT>
				<TOKEN end_char="1141" id="token-6-0" start_char="1136">Morgan</TOKEN>
				<TOKEN end_char="1144" id="token-6-1" start_char="1143">is</TOKEN>
				<TOKEN end_char="1152" id="token-6-2" start_char="1146">pushing</TOKEN>
				<TOKEN end_char="1156" id="token-6-3" start_char="1154">for</TOKEN>
				<TOKEN end_char="1158" id="token-6-4" start_char="1158">a</TOKEN>
				<TOKEN end_char="1163" id="token-6-5" start_char="1160">sort</TOKEN>
				<TOKEN end_char="1166" id="token-6-6" start_char="1165">of</TOKEN>
				<TOKEN end_char="1172" id="token-6-7" start_char="1168">pilot</TOKEN>
				<TOKEN end_char="1180" id="token-6-8" start_char="1174">program</TOKEN>
				<TOKEN end_char="1183" id="token-6-9" start_char="1182">on</TOKEN>
				<TOKEN end_char="1191" id="token-6-10" start_char="1185">Stewart</TOKEN>
				<TOKEN end_char="1198" id="token-6-11" start_char="1193">Island</TOKEN>
				<TOKEN end_char="1199" id="token-6-12" start_char="1199">,</TOKEN>
				<TOKEN end_char="1210" id="token-6-13" start_char="1201">population</TOKEN>
				<TOKEN end_char="1214" id="token-6-14" start_char="1212">402</TOKEN>
				<TOKEN end_char="1215" id="token-6-15" start_char="1215">,</TOKEN>
				<TOKEN end_char="1218" id="token-6-16" start_char="1217">to</TOKEN>
				<TOKEN end_char="1225" id="token-6-17" start_char="1220">create</TOKEN>
				<TOKEN end_char="1227" id="token-6-18" start_char="1227">a</TOKEN>
				<TOKEN end_char="1231" id="token-6-19" start_char="1229">cat</TOKEN>
				<TOKEN end_char="1232" id="token-6-20" start_char="1232">-</TOKEN>
				<TOKEN end_char="1236" id="token-6-21" start_char="1233">free</TOKEN>
				<TOKEN end_char="1241" id="token-6-22" start_char="1238">zone</TOKEN>
				<TOKEN end_char="1242" id="token-6-23" start_char="1242">.</TOKEN>
				<TOKEN end_char="1251" id="token-6-24" start_char="1244">Although</TOKEN>
				<TOKEN end_char="1259" id="token-6-25" start_char="1253">current</TOKEN>
				<TOKEN end_char="1263" id="token-6-26" start_char="1261">cat</TOKEN>
				<TOKEN end_char="1270" id="token-6-27" start_char="1265">owners</TOKEN>
				<TOKEN end_char="1277" id="token-6-28" start_char="1272">wouldn</TOKEN>
				<TOKEN end_char="1278" id="token-6-29" start_char="1278">'</TOKEN>
				<TOKEN end_char="1279" id="token-6-30" start_char="1279">t</TOKEN>
				<TOKEN end_char="1284" id="token-6-31" start_char="1281">have</TOKEN>
				<TOKEN end_char="1287" id="token-6-32" start_char="1286">to</TOKEN>
				<TOKEN end_char="1292" id="token-6-33" start_char="1289">give</TOKEN>
				<TOKEN end_char="1295" id="token-6-34" start_char="1294">up</TOKEN>
				<TOKEN end_char="1301" id="token-6-35" start_char="1297">their</TOKEN>
				<TOKEN end_char="1306" id="token-6-36" start_char="1303">pets</TOKEN>
				<TOKEN end_char="1307" id="token-6-37" start_char="1307">,</TOKEN>
				<TOKEN end_char="1312" id="token-6-38" start_char="1309">they</TOKEN>
				<TOKEN end_char="1318" id="token-6-39" start_char="1314">would</TOKEN>
				<TOKEN end_char="1321" id="token-6-40" start_char="1320">be</TOKEN>
				<TOKEN end_char="1331" id="token-6-41" start_char="1323">forbidden</TOKEN>
				<TOKEN end_char="1336" id="token-6-42" start_char="1333">from</TOKEN>
				<TOKEN end_char="1346" id="token-6-43" start_char="1338">replacing</TOKEN>
				<TOKEN end_char="1351" id="token-6-44" start_char="1348">them</TOKEN>
				<TOKEN end_char="1352" id="token-6-45" start_char="1352">.</TOKEN>
				<TOKEN end_char="1360" id="token-6-46" start_char="1354">Current</TOKEN>
				<TOKEN end_char="1364" id="token-6-47" start_char="1362">cat</TOKEN>
				<TOKEN end_char="1371" id="token-6-48" start_char="1366">owners</TOKEN>
				<TOKEN end_char="1377" id="token-6-49" start_char="1373">would</TOKEN>
				<TOKEN end_char="1382" id="token-6-50" start_char="1379">also</TOKEN>
				<TOKEN end_char="1387" id="token-6-51" start_char="1384">have</TOKEN>
				<TOKEN end_char="1390" id="token-6-52" start_char="1389">to</TOKEN>
				<TOKEN end_char="1397" id="token-6-53" start_char="1392">neuter</TOKEN>
				<TOKEN end_char="1401" id="token-6-54" start_char="1399">the</TOKEN>
				<TOKEN end_char="1409" id="token-6-55" start_char="1403">animals</TOKEN>
				<TOKEN end_char="1413" id="token-6-56" start_char="1411">and</TOKEN>
				<TOKEN end_char="1418" id="token-6-57" start_char="1415">keep</TOKEN>
				<TOKEN end_char="1423" id="token-6-58" start_char="1420">them</TOKEN>
				<TOKEN end_char="1431" id="token-6-59" start_char="1425">indoors</TOKEN>
				<TOKEN end_char="1434" id="token-6-60" start_char="1433">or</TOKEN>
				<TOKEN end_char="1442" id="token-6-61" start_char="1436">leashed</TOKEN>
				<TOKEN end_char="1444" id="token-6-62" start_char="1444">(</TOKEN>
				<TOKEN end_char="1448" id="token-6-63" start_char="1445">have</TOKEN>
				<TOKEN end_char="1452" id="token-6-64" start_char="1450">you</TOKEN>
				<TOKEN end_char="1457" id="token-6-65" start_char="1454">ever</TOKEN>
				<TOKEN end_char="1463" id="token-6-66" start_char="1459">tried</TOKEN>
				<TOKEN end_char="1466" id="token-6-67" start_char="1465">to</TOKEN>
				<TOKEN end_char="1470" id="token-6-68" start_char="1468">put</TOKEN>
				<TOKEN end_char="1472" id="token-6-69" start_char="1472">a</TOKEN>
				<TOKEN end_char="1476" id="token-6-70" start_char="1474">cat</TOKEN>
				<TOKEN end_char="1479" id="token-6-71" start_char="1478">on</TOKEN>
				<TOKEN end_char="1481" id="token-6-72" start_char="1481">a</TOKEN>
				<TOKEN end_char="1487" id="token-6-73" start_char="1483">leash</TOKEN>
				<TOKEN end_char="1489" id="token-6-74" start_char="1488">?)</TOKEN>
				<TOKEN end_char="1492" id="token-6-75" start_char="1491">at</TOKEN>
				<TOKEN end_char="1496" id="token-6-76" start_char="1494">all</TOKEN>
				<TOKEN end_char="1502" id="token-6-77" start_char="1498">times</TOKEN>
				<TOKEN end_char="1503" id="token-6-78" start_char="1503">.</TOKEN>
				<TOKEN end_char="1506" id="token-6-79" start_char="1505">It</TOKEN>
				<TOKEN end_char="1507" id="token-6-80" start_char="1507">'</TOKEN>
				<TOKEN end_char="1508" id="token-6-81" start_char="1508">s</TOKEN>
				<TOKEN end_char="1512" id="token-6-82" start_char="1510">not</TOKEN>
				<TOKEN end_char="1518" id="token-6-83" start_char="1514">clear</TOKEN>
				<TOKEN end_char="1523" id="token-6-84" start_char="1520">what</TOKEN>
				<TOKEN end_char="1529" id="token-6-85" start_char="1525">would</TOKEN>
				<TOKEN end_char="1536" id="token-6-86" start_char="1531">happen</TOKEN>
				<TOKEN end_char="1539" id="token-6-87" start_char="1538">to</TOKEN>
				<TOKEN end_char="1546" id="token-6-88" start_char="1541">strays</TOKEN>
				<TOKEN end_char="1547" id="token-6-89" start_char="1547">,</TOKEN>
				<TOKEN end_char="1551" id="token-6-90" start_char="1549">but</TOKEN>
				<TOKEN end_char="1555" id="token-6-91" start_char="1553">one</TOKEN>
				<TOKEN end_char="1564" id="token-6-92" start_char="1557">imagines</TOKEN>
				<TOKEN end_char="1567" id="token-6-93" start_char="1566">it</TOKEN>
				<TOKEN end_char="1568" id="token-6-94" start_char="1568">'</TOKEN>
				<TOKEN end_char="1569" id="token-6-95" start_char="1569">s</TOKEN>
				<TOKEN end_char="1580" id="token-6-96" start_char="1571">unpleasant</TOKEN>
				<TOKEN end_char="1581" id="token-6-97" start_char="1581">.</TOKEN>
			</SEG>
			<SEG end_char="1677" id="20130515_WAPO_49b21fa6bddd6876eef3e3dea49ca609-7" start_char="1583">
				<ORIGINAL_TEXT>For the moment, though, the plan is just hypothetical. New Zealand is not yet at war with cats.</ORIGINAL_TEXT>
				<TOKEN end_char="1585" id="token-7-0" start_char="1583">For</TOKEN>
				<TOKEN end_char="1589" id="token-7-1" start_char="1587">the</TOKEN>
				<TOKEN end_char="1596" id="token-7-2" start_char="1591">moment</TOKEN>
				<TOKEN end_char="1597" id="token-7-3" start_char="1597">,</TOKEN>
				<TOKEN end_char="1604" id="token-7-4" start_char="1599">though</TOKEN>
				<TOKEN end_char="1605" id="token-7-5" start_char="1605">,</TOKEN>
				<TOKEN end_char="1609" id="token-7-6" start_char="1607">the</TOKEN>
				<TOKEN end_char="1614" id="token-7-7" start_char="1611">plan</TOKEN>
				<TOKEN end_char="1617" id="token-7-8" start_char="1616">is</TOKEN>
				<TOKEN end_char="1622" id="token-7-9" start_char="1619">just</TOKEN>
				<TOKEN end_char="1635" id="token-7-10" start_char="1624">hypothetical</TOKEN>
				<TOKEN end_char="1636" id="token-7-11" start_char="1636">.</TOKEN>
				<TOKEN end_char="1640" id="token-7-12" start_char="1638">New</TOKEN>
				<TOKEN end_char="1648" id="token-7-13" start_char="1642">Zealand</TOKEN>
				<TOKEN end_char="1651" id="token-7-14" start_char="1650">is</TOKEN>
				<TOKEN end_char="1655" id="token-7-15" start_char="1653">not</TOKEN>
				<TOKEN end_char="1659" id="token-7-16" start_char="1657">yet</TOKEN>
				<TOKEN end_char="1662" id="token-7-17" start_char="1661">at</TOKEN>
				<TOKEN end_char="1666" id="token-7-18" start_char="1664">war</TOKEN>
				<TOKEN end_char="1671" id="token-7-19" start_char="1668">with</TOKEN>
				<TOKEN end_char="1676" id="token-7-20" start_char="1673">cats</TOKEN>
				<TOKEN end_char="1677" id="token-7-21" start_char="1677">.</TOKEN>
			</SEG>
		</TEXT>
	</DOC>
</LCTL_TEXT>
