<?xml version="1.0" encoding="utf-8"?>
<LCTL_TEXT>
	<DOC id="20130828_WAPO_f1503b36-0c1f-11e3-b87c-476db8ac34cd">
		<TEXT>
			<SEG end_char="60" id="20130828_WAPO_f1503b36-0c1f-11e3-b87c-476db8ac34cd-0" start_char="0">
				<ORIGINAL_TEXT>Leggett, Montgomery business and civic leaders to visit China</ORIGINAL_TEXT>
				<TOKEN end_char="6" id="token-0-0" start_char="0">Leggett</TOKEN>
				<TOKEN end_char="7" id="token-0-1" start_char="7">,</TOKEN>
				<TOKEN end_char="18" id="token-0-2" start_char="9">Montgomery</TOKEN>
				<TOKEN end_char="27" id="token-0-3" start_char="20">business</TOKEN>
				<TOKEN end_char="31" id="token-0-4" start_char="29">and</TOKEN>
				<TOKEN end_char="37" id="token-0-5" start_char="33">civic</TOKEN>
				<TOKEN end_char="45" id="token-0-6" start_char="39">leaders</TOKEN>
				<TOKEN end_char="48" id="token-0-7" start_char="47">to</TOKEN>
				<TOKEN end_char="54" id="token-0-8" start_char="50">visit</TOKEN>
				<TOKEN end_char="60" id="token-0-9" start_char="56">China</TOKEN>
			</SEG>
			<SEG end_char="106" id="20130828_WAPO_f1503b36-0c1f-11e3-b87c-476db8ac34cd-1" start_char="62">
				<ORIGINAL_TEXT>Wednesday, August 28, 2013 13:19:34 GMT-05:00</ORIGINAL_TEXT>
				<TOKEN end_char="70" id="token-1-0" start_char="62">Wednesday</TOKEN>
				<TOKEN end_char="71" id="token-1-1" start_char="71">,</TOKEN>
				<TOKEN end_char="78" id="token-1-2" start_char="73">August</TOKEN>
				<TOKEN end_char="81" id="token-1-3" start_char="80">28</TOKEN>
				<TOKEN end_char="82" id="token-1-4" start_char="82">,</TOKEN>
				<TOKEN end_char="87" id="token-1-5" start_char="84">2013</TOKEN>
				<TOKEN end_char="90" id="token-1-6" start_char="89">13</TOKEN>
				<TOKEN end_char="91" id="token-1-7" start_char="91">:</TOKEN>
				<TOKEN end_char="93" id="token-1-8" start_char="92">19</TOKEN>
				<TOKEN end_char="94" id="token-1-9" start_char="94">:</TOKEN>
				<TOKEN end_char="96" id="token-1-10" start_char="95">34</TOKEN>
				<TOKEN end_char="100" id="token-1-11" start_char="98">GMT</TOKEN>
				<TOKEN end_char="101" id="token-1-12" start_char="101">-</TOKEN>
				<TOKEN end_char="103" id="token-1-13" start_char="102">05</TOKEN>
				<TOKEN end_char="104" id="token-1-14" start_char="104">:</TOKEN>
				<TOKEN end_char="106" id="token-1-15" start_char="105">00</TOKEN>
			</SEG>
			<SEG end_char="312" id="20130828_WAPO_f1503b36-0c1f-11e3-b87c-476db8ac34cd-2" start_char="108">
				<ORIGINAL_TEXT>Montgomery County Executive Isiah Leggett will visit China next month, leading a delegation of business and civic leaders looking for partnership opportunities in areas such as education and biotechnology.</ORIGINAL_TEXT>
				<TOKEN end_char="117" id="token-2-0" start_char="108">Montgomery</TOKEN>
				<TOKEN end_char="124" id="token-2-1" start_char="119">County</TOKEN>
				<TOKEN end_char="134" id="token-2-2" start_char="126">Executive</TOKEN>
				<TOKEN end_char="140" id="token-2-3" start_char="136">Isiah</TOKEN>
				<TOKEN end_char="148" id="token-2-4" start_char="142">Leggett</TOKEN>
				<TOKEN end_char="153" id="token-2-5" start_char="150">will</TOKEN>
				<TOKEN end_char="159" id="token-2-6" start_char="155">visit</TOKEN>
				<TOKEN end_char="165" id="token-2-7" start_char="161">China</TOKEN>
				<TOKEN end_char="170" id="token-2-8" start_char="167">next</TOKEN>
				<TOKEN end_char="176" id="token-2-9" start_char="172">month</TOKEN>
				<TOKEN end_char="177" id="token-2-10" start_char="177">,</TOKEN>
				<TOKEN end_char="185" id="token-2-11" start_char="179">leading</TOKEN>
				<TOKEN end_char="187" id="token-2-12" start_char="187">a</TOKEN>
				<TOKEN end_char="198" id="token-2-13" start_char="189">delegation</TOKEN>
				<TOKEN end_char="201" id="token-2-14" start_char="200">of</TOKEN>
				<TOKEN end_char="210" id="token-2-15" start_char="203">business</TOKEN>
				<TOKEN end_char="214" id="token-2-16" start_char="212">and</TOKEN>
				<TOKEN end_char="220" id="token-2-17" start_char="216">civic</TOKEN>
				<TOKEN end_char="228" id="token-2-18" start_char="222">leaders</TOKEN>
				<TOKEN end_char="236" id="token-2-19" start_char="230">looking</TOKEN>
				<TOKEN end_char="240" id="token-2-20" start_char="238">for</TOKEN>
				<TOKEN end_char="252" id="token-2-21" start_char="242">partnership</TOKEN>
				<TOKEN end_char="266" id="token-2-22" start_char="254">opportunities</TOKEN>
				<TOKEN end_char="269" id="token-2-23" start_char="268">in</TOKEN>
				<TOKEN end_char="275" id="token-2-24" start_char="271">areas</TOKEN>
				<TOKEN end_char="280" id="token-2-25" start_char="277">such</TOKEN>
				<TOKEN end_char="283" id="token-2-26" start_char="282">as</TOKEN>
				<TOKEN end_char="293" id="token-2-27" start_char="285">education</TOKEN>
				<TOKEN end_char="297" id="token-2-28" start_char="295">and</TOKEN>
				<TOKEN end_char="311" id="token-2-29" start_char="299">biotechnology</TOKEN>
				<TOKEN end_char="312" id="token-2-30" start_char="312">.</TOKEN>
			</SEG>
			<SEG end_char="700" id="20130828_WAPO_f1503b36-0c1f-11e3-b87c-476db8ac34cd-3" start_char="314">
				<ORIGINAL_TEXT>While final details are still being worked out, Leggett’s group is scheduled to visit Beijing, Shanghai, Benxi and Xi’an, the county’s newest “sister city.” The trip, set for Sept. 15-25, has been jointly organized by the county, the Maryland China Business Council and the state of Maryland’s trade and investment office in Shanghai, which will help with roundtables and other contacts.</ORIGINAL_TEXT>
				<TOKEN end_char="318" id="token-3-0" start_char="314">While</TOKEN>
				<TOKEN end_char="324" id="token-3-1" start_char="320">final</TOKEN>
				<TOKEN end_char="332" id="token-3-2" start_char="326">details</TOKEN>
				<TOKEN end_char="336" id="token-3-3" start_char="334">are</TOKEN>
				<TOKEN end_char="342" id="token-3-4" start_char="338">still</TOKEN>
				<TOKEN end_char="348" id="token-3-5" start_char="344">being</TOKEN>
				<TOKEN end_char="355" id="token-3-6" start_char="350">worked</TOKEN>
				<TOKEN end_char="359" id="token-3-7" start_char="357">out</TOKEN>
				<TOKEN end_char="360" id="token-3-8" start_char="360">,</TOKEN>
				<TOKEN end_char="368" id="token-3-9" start_char="362">Leggett</TOKEN>
				<TOKEN end_char="369" id="token-3-10" start_char="369">’</TOKEN>
				<TOKEN end_char="370" id="token-3-11" start_char="370">s</TOKEN>
				<TOKEN end_char="376" id="token-3-12" start_char="372">group</TOKEN>
				<TOKEN end_char="379" id="token-3-13" start_char="378">is</TOKEN>
				<TOKEN end_char="389" id="token-3-14" start_char="381">scheduled</TOKEN>
				<TOKEN end_char="392" id="token-3-15" start_char="391">to</TOKEN>
				<TOKEN end_char="398" id="token-3-16" start_char="394">visit</TOKEN>
				<TOKEN end_char="406" id="token-3-17" start_char="400">Beijing</TOKEN>
				<TOKEN end_char="407" id="token-3-18" start_char="407">,</TOKEN>
				<TOKEN end_char="416" id="token-3-19" start_char="409">Shanghai</TOKEN>
				<TOKEN end_char="417" id="token-3-20" start_char="417">,</TOKEN>
				<TOKEN end_char="423" id="token-3-21" start_char="419">Benxi</TOKEN>
				<TOKEN end_char="427" id="token-3-22" start_char="425">and</TOKEN>
				<TOKEN end_char="430" id="token-3-23" start_char="429">Xi</TOKEN>
				<TOKEN end_char="431" id="token-3-24" start_char="431">’</TOKEN>
				<TOKEN end_char="433" id="token-3-25" start_char="432">an</TOKEN>
				<TOKEN end_char="434" id="token-3-26" start_char="434">,</TOKEN>
				<TOKEN end_char="438" id="token-3-27" start_char="436">the</TOKEN>
				<TOKEN end_char="445" id="token-3-28" start_char="440">county</TOKEN>
				<TOKEN end_char="446" id="token-3-29" start_char="446">’</TOKEN>
				<TOKEN end_char="447" id="token-3-30" start_char="447">s</TOKEN>
				<TOKEN end_char="454" id="token-3-31" start_char="449">newest</TOKEN>
				<TOKEN end_char="456" id="token-3-32" start_char="456">“</TOKEN>
				<TOKEN end_char="462" id="token-3-33" start_char="457">sister</TOKEN>
				<TOKEN end_char="467" id="token-3-34" start_char="464">city</TOKEN>
				<TOKEN end_char="469" id="token-3-35" start_char="468">.”</TOKEN>
				<TOKEN end_char="473" id="token-3-36" start_char="471">The</TOKEN>
				<TOKEN end_char="478" id="token-3-37" start_char="475">trip</TOKEN>
				<TOKEN end_char="479" id="token-3-38" start_char="479">,</TOKEN>
				<TOKEN end_char="483" id="token-3-39" start_char="481">set</TOKEN>
				<TOKEN end_char="487" id="token-3-40" start_char="485">for</TOKEN>
				<TOKEN end_char="492" id="token-3-41" start_char="489">Sept</TOKEN>
				<TOKEN end_char="493" id="token-3-42" start_char="493">.</TOKEN>
				<TOKEN end_char="496" id="token-3-43" start_char="495">15</TOKEN>
				<TOKEN end_char="497" id="token-3-44" start_char="497">-</TOKEN>
				<TOKEN end_char="499" id="token-3-45" start_char="498">25</TOKEN>
				<TOKEN end_char="500" id="token-3-46" start_char="500">,</TOKEN>
				<TOKEN end_char="504" id="token-3-47" start_char="502">has</TOKEN>
				<TOKEN end_char="509" id="token-3-48" start_char="506">been</TOKEN>
				<TOKEN end_char="517" id="token-3-49" start_char="511">jointly</TOKEN>
				<TOKEN end_char="527" id="token-3-50" start_char="519">organized</TOKEN>
				<TOKEN end_char="530" id="token-3-51" start_char="529">by</TOKEN>
				<TOKEN end_char="534" id="token-3-52" start_char="532">the</TOKEN>
				<TOKEN end_char="541" id="token-3-53" start_char="536">county</TOKEN>
				<TOKEN end_char="542" id="token-3-54" start_char="542">,</TOKEN>
				<TOKEN end_char="546" id="token-3-55" start_char="544">the</TOKEN>
				<TOKEN end_char="555" id="token-3-56" start_char="548">Maryland</TOKEN>
				<TOKEN end_char="561" id="token-3-57" start_char="557">China</TOKEN>
				<TOKEN end_char="570" id="token-3-58" start_char="563">Business</TOKEN>
				<TOKEN end_char="578" id="token-3-59" start_char="572">Council</TOKEN>
				<TOKEN end_char="582" id="token-3-60" start_char="580">and</TOKEN>
				<TOKEN end_char="586" id="token-3-61" start_char="584">the</TOKEN>
				<TOKEN end_char="592" id="token-3-62" start_char="588">state</TOKEN>
				<TOKEN end_char="595" id="token-3-63" start_char="594">of</TOKEN>
				<TOKEN end_char="604" id="token-3-64" start_char="597">Maryland</TOKEN>
				<TOKEN end_char="605" id="token-3-65" start_char="605">’</TOKEN>
				<TOKEN end_char="606" id="token-3-66" start_char="606">s</TOKEN>
				<TOKEN end_char="612" id="token-3-67" start_char="608">trade</TOKEN>
				<TOKEN end_char="616" id="token-3-68" start_char="614">and</TOKEN>
				<TOKEN end_char="627" id="token-3-69" start_char="618">investment</TOKEN>
				<TOKEN end_char="634" id="token-3-70" start_char="629">office</TOKEN>
				<TOKEN end_char="637" id="token-3-71" start_char="636">in</TOKEN>
				<TOKEN end_char="646" id="token-3-72" start_char="639">Shanghai</TOKEN>
				<TOKEN end_char="647" id="token-3-73" start_char="647">,</TOKEN>
				<TOKEN end_char="653" id="token-3-74" start_char="649">which</TOKEN>
				<TOKEN end_char="658" id="token-3-75" start_char="655">will</TOKEN>
				<TOKEN end_char="663" id="token-3-76" start_char="660">help</TOKEN>
				<TOKEN end_char="668" id="token-3-77" start_char="665">with</TOKEN>
				<TOKEN end_char="680" id="token-3-78" start_char="670">roundtables</TOKEN>
				<TOKEN end_char="684" id="token-3-79" start_char="682">and</TOKEN>
				<TOKEN end_char="690" id="token-3-80" start_char="686">other</TOKEN>
				<TOKEN end_char="699" id="token-3-81" start_char="692">contacts</TOKEN>
				<TOKEN end_char="700" id="token-3-82" start_char="700">.</TOKEN>
			</SEG>
			<SEG end_char="807" id="20130828_WAPO_f1503b36-0c1f-11e3-b87c-476db8ac34cd-4" start_char="702">
				<ORIGINAL_TEXT>The Chinese investment footprint in Montgomery is small, but it’s one that officials would like to expand.</ORIGINAL_TEXT>
				<TOKEN end_char="704" id="token-4-0" start_char="702">The</TOKEN>
				<TOKEN end_char="712" id="token-4-1" start_char="706">Chinese</TOKEN>
				<TOKEN end_char="723" id="token-4-2" start_char="714">investment</TOKEN>
				<TOKEN end_char="733" id="token-4-3" start_char="725">footprint</TOKEN>
				<TOKEN end_char="736" id="token-4-4" start_char="735">in</TOKEN>
				<TOKEN end_char="747" id="token-4-5" start_char="738">Montgomery</TOKEN>
				<TOKEN end_char="750" id="token-4-6" start_char="749">is</TOKEN>
				<TOKEN end_char="756" id="token-4-7" start_char="752">small</TOKEN>
				<TOKEN end_char="757" id="token-4-8" start_char="757">,</TOKEN>
				<TOKEN end_char="761" id="token-4-9" start_char="759">but</TOKEN>
				<TOKEN end_char="764" id="token-4-10" start_char="763">it</TOKEN>
				<TOKEN end_char="765" id="token-4-11" start_char="765">’</TOKEN>
				<TOKEN end_char="766" id="token-4-12" start_char="766">s</TOKEN>
				<TOKEN end_char="770" id="token-4-13" start_char="768">one</TOKEN>
				<TOKEN end_char="775" id="token-4-14" start_char="772">that</TOKEN>
				<TOKEN end_char="785" id="token-4-15" start_char="777">officials</TOKEN>
				<TOKEN end_char="791" id="token-4-16" start_char="787">would</TOKEN>
				<TOKEN end_char="796" id="token-4-17" start_char="793">like</TOKEN>
				<TOKEN end_char="799" id="token-4-18" start_char="798">to</TOKEN>
				<TOKEN end_char="806" id="token-4-19" start_char="801">expand</TOKEN>
				<TOKEN end_char="807" id="token-4-20" start_char="807">.</TOKEN>
			</SEG>
			<SEG end_char="1006" id="20130828_WAPO_f1503b36-0c1f-11e3-b87c-476db8ac34cd-5" start_char="809">
				<ORIGINAL_TEXT>“We are visitors from Montgomery County interested in finding the right partners and learning about market opportunities to advance business ties,” said Lily Qi, a Leggett aide for special projects.</ORIGINAL_TEXT>
				<TOKEN end_char="809" id="token-5-0" start_char="809">“</TOKEN>
				<TOKEN end_char="811" id="token-5-1" start_char="810">We</TOKEN>
				<TOKEN end_char="815" id="token-5-2" start_char="813">are</TOKEN>
				<TOKEN end_char="824" id="token-5-3" start_char="817">visitors</TOKEN>
				<TOKEN end_char="829" id="token-5-4" start_char="826">from</TOKEN>
				<TOKEN end_char="840" id="token-5-5" start_char="831">Montgomery</TOKEN>
				<TOKEN end_char="847" id="token-5-6" start_char="842">County</TOKEN>
				<TOKEN end_char="858" id="token-5-7" start_char="849">interested</TOKEN>
				<TOKEN end_char="861" id="token-5-8" start_char="860">in</TOKEN>
				<TOKEN end_char="869" id="token-5-9" start_char="863">finding</TOKEN>
				<TOKEN end_char="873" id="token-5-10" start_char="871">the</TOKEN>
				<TOKEN end_char="879" id="token-5-11" start_char="875">right</TOKEN>
				<TOKEN end_char="888" id="token-5-12" start_char="881">partners</TOKEN>
				<TOKEN end_char="892" id="token-5-13" start_char="890">and</TOKEN>
				<TOKEN end_char="901" id="token-5-14" start_char="894">learning</TOKEN>
				<TOKEN end_char="907" id="token-5-15" start_char="903">about</TOKEN>
				<TOKEN end_char="914" id="token-5-16" start_char="909">market</TOKEN>
				<TOKEN end_char="928" id="token-5-17" start_char="916">opportunities</TOKEN>
				<TOKEN end_char="931" id="token-5-18" start_char="930">to</TOKEN>
				<TOKEN end_char="939" id="token-5-19" start_char="933">advance</TOKEN>
				<TOKEN end_char="948" id="token-5-20" start_char="941">business</TOKEN>
				<TOKEN end_char="953" id="token-5-21" start_char="950">ties</TOKEN>
				<TOKEN end_char="955" id="token-5-22" start_char="954">,”</TOKEN>
				<TOKEN end_char="960" id="token-5-23" start_char="957">said</TOKEN>
				<TOKEN end_char="965" id="token-5-24" start_char="962">Lily</TOKEN>
				<TOKEN end_char="968" id="token-5-25" start_char="967">Qi</TOKEN>
				<TOKEN end_char="969" id="token-5-26" start_char="969">,</TOKEN>
				<TOKEN end_char="971" id="token-5-27" start_char="971">a</TOKEN>
				<TOKEN end_char="979" id="token-5-28" start_char="973">Leggett</TOKEN>
				<TOKEN end_char="984" id="token-5-29" start_char="981">aide</TOKEN>
				<TOKEN end_char="988" id="token-5-30" start_char="986">for</TOKEN>
				<TOKEN end_char="996" id="token-5-31" start_char="990">special</TOKEN>
				<TOKEN end_char="1005" id="token-5-32" start_char="998">projects</TOKEN>
				<TOKEN end_char="1006" id="token-5-33" start_char="1006">.</TOKEN>
			</SEG>
			<SEG end_char="1387" id="20130828_WAPO_f1503b36-0c1f-11e3-b87c-476db8ac34cd-6" start_char="1008">
				<ORIGINAL_TEXT>Leggett is scheduled to host a reception for the business community in Shanghai. The group will also visit the Zhangjiang biotech and pharmaceutical park, known as “Drug Valley.” In Benxi, a city in the northeast near the provincial capital of Shenyang, the delegation will learn about the massive medical complex planned by the central government called “China Medicine Capital.”</ORIGINAL_TEXT>
				<TOKEN end_char="1014" id="token-6-0" start_char="1008">Leggett</TOKEN>
				<TOKEN end_char="1017" id="token-6-1" start_char="1016">is</TOKEN>
				<TOKEN end_char="1027" id="token-6-2" start_char="1019">scheduled</TOKEN>
				<TOKEN end_char="1030" id="token-6-3" start_char="1029">to</TOKEN>
				<TOKEN end_char="1035" id="token-6-4" start_char="1032">host</TOKEN>
				<TOKEN end_char="1037" id="token-6-5" start_char="1037">a</TOKEN>
				<TOKEN end_char="1047" id="token-6-6" start_char="1039">reception</TOKEN>
				<TOKEN end_char="1051" id="token-6-7" start_char="1049">for</TOKEN>
				<TOKEN end_char="1055" id="token-6-8" start_char="1053">the</TOKEN>
				<TOKEN end_char="1064" id="token-6-9" start_char="1057">business</TOKEN>
				<TOKEN end_char="1074" id="token-6-10" start_char="1066">community</TOKEN>
				<TOKEN end_char="1077" id="token-6-11" start_char="1076">in</TOKEN>
				<TOKEN end_char="1086" id="token-6-12" start_char="1079">Shanghai</TOKEN>
				<TOKEN end_char="1087" id="token-6-13" start_char="1087">.</TOKEN>
				<TOKEN end_char="1091" id="token-6-14" start_char="1089">The</TOKEN>
				<TOKEN end_char="1097" id="token-6-15" start_char="1093">group</TOKEN>
				<TOKEN end_char="1102" id="token-6-16" start_char="1099">will</TOKEN>
				<TOKEN end_char="1107" id="token-6-17" start_char="1104">also</TOKEN>
				<TOKEN end_char="1113" id="token-6-18" start_char="1109">visit</TOKEN>
				<TOKEN end_char="1117" id="token-6-19" start_char="1115">the</TOKEN>
				<TOKEN end_char="1128" id="token-6-20" start_char="1119">Zhangjiang</TOKEN>
				<TOKEN end_char="1136" id="token-6-21" start_char="1130">biotech</TOKEN>
				<TOKEN end_char="1140" id="token-6-22" start_char="1138">and</TOKEN>
				<TOKEN end_char="1155" id="token-6-23" start_char="1142">pharmaceutical</TOKEN>
				<TOKEN end_char="1160" id="token-6-24" start_char="1157">park</TOKEN>
				<TOKEN end_char="1161" id="token-6-25" start_char="1161">,</TOKEN>
				<TOKEN end_char="1167" id="token-6-26" start_char="1163">known</TOKEN>
				<TOKEN end_char="1170" id="token-6-27" start_char="1169">as</TOKEN>
				<TOKEN end_char="1172" id="token-6-28" start_char="1172">“</TOKEN>
				<TOKEN end_char="1176" id="token-6-29" start_char="1173">Drug</TOKEN>
				<TOKEN end_char="1183" id="token-6-30" start_char="1178">Valley</TOKEN>
				<TOKEN end_char="1185" id="token-6-31" start_char="1184">.”</TOKEN>
				<TOKEN end_char="1188" id="token-6-32" start_char="1187">In</TOKEN>
				<TOKEN end_char="1194" id="token-6-33" start_char="1190">Benxi</TOKEN>
				<TOKEN end_char="1195" id="token-6-34" start_char="1195">,</TOKEN>
				<TOKEN end_char="1197" id="token-6-35" start_char="1197">a</TOKEN>
				<TOKEN end_char="1202" id="token-6-36" start_char="1199">city</TOKEN>
				<TOKEN end_char="1205" id="token-6-37" start_char="1204">in</TOKEN>
				<TOKEN end_char="1209" id="token-6-38" start_char="1207">the</TOKEN>
				<TOKEN end_char="1219" id="token-6-39" start_char="1211">northeast</TOKEN>
				<TOKEN end_char="1224" id="token-6-40" start_char="1221">near</TOKEN>
				<TOKEN end_char="1228" id="token-6-41" start_char="1226">the</TOKEN>
				<TOKEN end_char="1239" id="token-6-42" start_char="1230">provincial</TOKEN>
				<TOKEN end_char="1247" id="token-6-43" start_char="1241">capital</TOKEN>
				<TOKEN end_char="1250" id="token-6-44" start_char="1249">of</TOKEN>
				<TOKEN end_char="1259" id="token-6-45" start_char="1252">Shenyang</TOKEN>
				<TOKEN end_char="1260" id="token-6-46" start_char="1260">,</TOKEN>
				<TOKEN end_char="1264" id="token-6-47" start_char="1262">the</TOKEN>
				<TOKEN end_char="1275" id="token-6-48" start_char="1266">delegation</TOKEN>
				<TOKEN end_char="1280" id="token-6-49" start_char="1277">will</TOKEN>
				<TOKEN end_char="1286" id="token-6-50" start_char="1282">learn</TOKEN>
				<TOKEN end_char="1292" id="token-6-51" start_char="1288">about</TOKEN>
				<TOKEN end_char="1296" id="token-6-52" start_char="1294">the</TOKEN>
				<TOKEN end_char="1304" id="token-6-53" start_char="1298">massive</TOKEN>
				<TOKEN end_char="1312" id="token-6-54" start_char="1306">medical</TOKEN>
				<TOKEN end_char="1320" id="token-6-55" start_char="1314">complex</TOKEN>
				<TOKEN end_char="1328" id="token-6-56" start_char="1322">planned</TOKEN>
				<TOKEN end_char="1331" id="token-6-57" start_char="1330">by</TOKEN>
				<TOKEN end_char="1335" id="token-6-58" start_char="1333">the</TOKEN>
				<TOKEN end_char="1343" id="token-6-59" start_char="1337">central</TOKEN>
				<TOKEN end_char="1354" id="token-6-60" start_char="1345">government</TOKEN>
				<TOKEN end_char="1361" id="token-6-61" start_char="1356">called</TOKEN>
				<TOKEN end_char="1363" id="token-6-62" start_char="1363">“</TOKEN>
				<TOKEN end_char="1368" id="token-6-63" start_char="1364">China</TOKEN>
				<TOKEN end_char="1377" id="token-6-64" start_char="1370">Medicine</TOKEN>
				<TOKEN end_char="1385" id="token-6-65" start_char="1379">Capital</TOKEN>
				<TOKEN end_char="1387" id="token-6-66" start_char="1386">.”</TOKEN>
			</SEG>
			<SEG end_char="1734" id="20130828_WAPO_f1503b36-0c1f-11e3-b87c-476db8ac34cd-7" start_char="1389">
				<ORIGINAL_TEXT>In Xi’an, one of the country’s oldest cities, Leggett will finalize the county’s newest sister city agreement to foster cultural understanding and trade. Xi’an joins Gondar, Ethiopia and Morazan, El Salvador. Xi’an No. 1 Middle School, which is actually a high school, will also partner with the county’s Winston Churchill High School in Potomac.</ORIGINAL_TEXT>
				<TOKEN end_char="1390" id="token-7-0" start_char="1389">In</TOKEN>
				<TOKEN end_char="1393" id="token-7-1" start_char="1392">Xi</TOKEN>
				<TOKEN end_char="1394" id="token-7-2" start_char="1394">’</TOKEN>
				<TOKEN end_char="1396" id="token-7-3" start_char="1395">an</TOKEN>
				<TOKEN end_char="1397" id="token-7-4" start_char="1397">,</TOKEN>
				<TOKEN end_char="1401" id="token-7-5" start_char="1399">one</TOKEN>
				<TOKEN end_char="1404" id="token-7-6" start_char="1403">of</TOKEN>
				<TOKEN end_char="1408" id="token-7-7" start_char="1406">the</TOKEN>
				<TOKEN end_char="1416" id="token-7-8" start_char="1410">country</TOKEN>
				<TOKEN end_char="1417" id="token-7-9" start_char="1417">’</TOKEN>
				<TOKEN end_char="1418" id="token-7-10" start_char="1418">s</TOKEN>
				<TOKEN end_char="1425" id="token-7-11" start_char="1420">oldest</TOKEN>
				<TOKEN end_char="1432" id="token-7-12" start_char="1427">cities</TOKEN>
				<TOKEN end_char="1433" id="token-7-13" start_char="1433">,</TOKEN>
				<TOKEN end_char="1441" id="token-7-14" start_char="1435">Leggett</TOKEN>
				<TOKEN end_char="1446" id="token-7-15" start_char="1443">will</TOKEN>
				<TOKEN end_char="1455" id="token-7-16" start_char="1448">finalize</TOKEN>
				<TOKEN end_char="1459" id="token-7-17" start_char="1457">the</TOKEN>
				<TOKEN end_char="1466" id="token-7-18" start_char="1461">county</TOKEN>
				<TOKEN end_char="1467" id="token-7-19" start_char="1467">’</TOKEN>
				<TOKEN end_char="1468" id="token-7-20" start_char="1468">s</TOKEN>
				<TOKEN end_char="1475" id="token-7-21" start_char="1470">newest</TOKEN>
				<TOKEN end_char="1482" id="token-7-22" start_char="1477">sister</TOKEN>
				<TOKEN end_char="1487" id="token-7-23" start_char="1484">city</TOKEN>
				<TOKEN end_char="1497" id="token-7-24" start_char="1489">agreement</TOKEN>
				<TOKEN end_char="1500" id="token-7-25" start_char="1499">to</TOKEN>
				<TOKEN end_char="1507" id="token-7-26" start_char="1502">foster</TOKEN>
				<TOKEN end_char="1516" id="token-7-27" start_char="1509">cultural</TOKEN>
				<TOKEN end_char="1530" id="token-7-28" start_char="1518">understanding</TOKEN>
				<TOKEN end_char="1534" id="token-7-29" start_char="1532">and</TOKEN>
				<TOKEN end_char="1540" id="token-7-30" start_char="1536">trade</TOKEN>
				<TOKEN end_char="1541" id="token-7-31" start_char="1541">.</TOKEN>
				<TOKEN end_char="1544" id="token-7-32" start_char="1543">Xi</TOKEN>
				<TOKEN end_char="1545" id="token-7-33" start_char="1545">’</TOKEN>
				<TOKEN end_char="1547" id="token-7-34" start_char="1546">an</TOKEN>
				<TOKEN end_char="1553" id="token-7-35" start_char="1549">joins</TOKEN>
				<TOKEN end_char="1560" id="token-7-36" start_char="1555">Gondar</TOKEN>
				<TOKEN end_char="1561" id="token-7-37" start_char="1561">,</TOKEN>
				<TOKEN end_char="1570" id="token-7-38" start_char="1563">Ethiopia</TOKEN>
				<TOKEN end_char="1574" id="token-7-39" start_char="1572">and</TOKEN>
				<TOKEN end_char="1582" id="token-7-40" start_char="1576">Morazan</TOKEN>
				<TOKEN end_char="1583" id="token-7-41" start_char="1583">,</TOKEN>
				<TOKEN end_char="1586" id="token-7-42" start_char="1585">El</TOKEN>
				<TOKEN end_char="1595" id="token-7-43" start_char="1588">Salvador</TOKEN>
				<TOKEN end_char="1596" id="token-7-44" start_char="1596">.</TOKEN>
				<TOKEN end_char="1599" id="token-7-45" start_char="1598">Xi</TOKEN>
				<TOKEN end_char="1600" id="token-7-46" start_char="1600">’</TOKEN>
				<TOKEN end_char="1602" id="token-7-47" start_char="1601">an</TOKEN>
				<TOKEN end_char="1605" id="token-7-48" start_char="1604">No</TOKEN>
				<TOKEN end_char="1606" id="token-7-49" start_char="1606">.</TOKEN>
				<TOKEN end_char="1608" id="token-7-50" start_char="1608">1</TOKEN>
				<TOKEN end_char="1615" id="token-7-51" start_char="1610">Middle</TOKEN>
				<TOKEN end_char="1622" id="token-7-52" start_char="1617">School</TOKEN>
				<TOKEN end_char="1623" id="token-7-53" start_char="1623">,</TOKEN>
				<TOKEN end_char="1629" id="token-7-54" start_char="1625">which</TOKEN>
				<TOKEN end_char="1632" id="token-7-55" start_char="1631">is</TOKEN>
				<TOKEN end_char="1641" id="token-7-56" start_char="1634">actually</TOKEN>
				<TOKEN end_char="1643" id="token-7-57" start_char="1643">a</TOKEN>
				<TOKEN end_char="1648" id="token-7-58" start_char="1645">high</TOKEN>
				<TOKEN end_char="1655" id="token-7-59" start_char="1650">school</TOKEN>
				<TOKEN end_char="1656" id="token-7-60" start_char="1656">,</TOKEN>
				<TOKEN end_char="1661" id="token-7-61" start_char="1658">will</TOKEN>
				<TOKEN end_char="1666" id="token-7-62" start_char="1663">also</TOKEN>
				<TOKEN end_char="1674" id="token-7-63" start_char="1668">partner</TOKEN>
				<TOKEN end_char="1679" id="token-7-64" start_char="1676">with</TOKEN>
				<TOKEN end_char="1683" id="token-7-65" start_char="1681">the</TOKEN>
				<TOKEN end_char="1690" id="token-7-66" start_char="1685">county</TOKEN>
				<TOKEN end_char="1691" id="token-7-67" start_char="1691">’</TOKEN>
				<TOKEN end_char="1692" id="token-7-68" start_char="1692">s</TOKEN>
				<TOKEN end_char="1700" id="token-7-69" start_char="1694">Winston</TOKEN>
				<TOKEN end_char="1710" id="token-7-70" start_char="1702">Churchill</TOKEN>
				<TOKEN end_char="1715" id="token-7-71" start_char="1712">High</TOKEN>
				<TOKEN end_char="1722" id="token-7-72" start_char="1717">School</TOKEN>
				<TOKEN end_char="1725" id="token-7-73" start_char="1724">in</TOKEN>
				<TOKEN end_char="1733" id="token-7-74" start_char="1727">Potomac</TOKEN>
				<TOKEN end_char="1734" id="token-7-75" start_char="1734">.</TOKEN>
			</SEG>
			<SEG end_char="1943" id="20130828_WAPO_f1503b36-0c1f-11e3-b87c-476db8ac34cd-8" start_char="1736">
				<ORIGINAL_TEXT>According to a draft itinerary, some of the county delegation will attend a Beijing dinner hosted by the China Fortune Land Development, a company that invests in industrial parks and residential real estate.</ORIGINAL_TEXT>
				<TOKEN end_char="1744" id="token-8-0" start_char="1736">According</TOKEN>
				<TOKEN end_char="1747" id="token-8-1" start_char="1746">to</TOKEN>
				<TOKEN end_char="1749" id="token-8-2" start_char="1749">a</TOKEN>
				<TOKEN end_char="1755" id="token-8-3" start_char="1751">draft</TOKEN>
				<TOKEN end_char="1765" id="token-8-4" start_char="1757">itinerary</TOKEN>
				<TOKEN end_char="1766" id="token-8-5" start_char="1766">,</TOKEN>
				<TOKEN end_char="1771" id="token-8-6" start_char="1768">some</TOKEN>
				<TOKEN end_char="1774" id="token-8-7" start_char="1773">of</TOKEN>
				<TOKEN end_char="1778" id="token-8-8" start_char="1776">the</TOKEN>
				<TOKEN end_char="1785" id="token-8-9" start_char="1780">county</TOKEN>
				<TOKEN end_char="1796" id="token-8-10" start_char="1787">delegation</TOKEN>
				<TOKEN end_char="1801" id="token-8-11" start_char="1798">will</TOKEN>
				<TOKEN end_char="1808" id="token-8-12" start_char="1803">attend</TOKEN>
				<TOKEN end_char="1810" id="token-8-13" start_char="1810">a</TOKEN>
				<TOKEN end_char="1818" id="token-8-14" start_char="1812">Beijing</TOKEN>
				<TOKEN end_char="1825" id="token-8-15" start_char="1820">dinner</TOKEN>
				<TOKEN end_char="1832" id="token-8-16" start_char="1827">hosted</TOKEN>
				<TOKEN end_char="1835" id="token-8-17" start_char="1834">by</TOKEN>
				<TOKEN end_char="1839" id="token-8-18" start_char="1837">the</TOKEN>
				<TOKEN end_char="1845" id="token-8-19" start_char="1841">China</TOKEN>
				<TOKEN end_char="1853" id="token-8-20" start_char="1847">Fortune</TOKEN>
				<TOKEN end_char="1858" id="token-8-21" start_char="1855">Land</TOKEN>
				<TOKEN end_char="1870" id="token-8-22" start_char="1860">Development</TOKEN>
				<TOKEN end_char="1871" id="token-8-23" start_char="1871">,</TOKEN>
				<TOKEN end_char="1873" id="token-8-24" start_char="1873">a</TOKEN>
				<TOKEN end_char="1881" id="token-8-25" start_char="1875">company</TOKEN>
				<TOKEN end_char="1886" id="token-8-26" start_char="1883">that</TOKEN>
				<TOKEN end_char="1894" id="token-8-27" start_char="1888">invests</TOKEN>
				<TOKEN end_char="1897" id="token-8-28" start_char="1896">in</TOKEN>
				<TOKEN end_char="1908" id="token-8-29" start_char="1899">industrial</TOKEN>
				<TOKEN end_char="1914" id="token-8-30" start_char="1910">parks</TOKEN>
				<TOKEN end_char="1918" id="token-8-31" start_char="1916">and</TOKEN>
				<TOKEN end_char="1930" id="token-8-32" start_char="1920">residential</TOKEN>
				<TOKEN end_char="1935" id="token-8-33" start_char="1932">real</TOKEN>
				<TOKEN end_char="1942" id="token-8-34" start_char="1937">estate</TOKEN>
				<TOKEN end_char="1943" id="token-8-35" start_char="1943">.</TOKEN>
			</SEG>
			<SEG end_char="2144" id="20130828_WAPO_f1503b36-0c1f-11e3-b87c-476db8ac34cd-9" start_char="1945">
				<ORIGINAL_TEXT>It won’t be all business. In Beijing, for example, the schedule includes touristy options such as “The Legend of Kung Fu Show.” In Xi’an there is the “Imperial Dumpling Dinner with Tang Dynasty Show.”</ORIGINAL_TEXT>
				<TOKEN end_char="1946" id="token-9-0" start_char="1945">It</TOKEN>
				<TOKEN end_char="1950" id="token-9-1" start_char="1948">won</TOKEN>
				<TOKEN end_char="1951" id="token-9-2" start_char="1951">’</TOKEN>
				<TOKEN end_char="1952" id="token-9-3" start_char="1952">t</TOKEN>
				<TOKEN end_char="1955" id="token-9-4" start_char="1954">be</TOKEN>
				<TOKEN end_char="1959" id="token-9-5" start_char="1957">all</TOKEN>
				<TOKEN end_char="1968" id="token-9-6" start_char="1961">business</TOKEN>
				<TOKEN end_char="1969" id="token-9-7" start_char="1969">.</TOKEN>
				<TOKEN end_char="1972" id="token-9-8" start_char="1971">In</TOKEN>
				<TOKEN end_char="1980" id="token-9-9" start_char="1974">Beijing</TOKEN>
				<TOKEN end_char="1981" id="token-9-10" start_char="1981">,</TOKEN>
				<TOKEN end_char="1985" id="token-9-11" start_char="1983">for</TOKEN>
				<TOKEN end_char="1993" id="token-9-12" start_char="1987">example</TOKEN>
				<TOKEN end_char="1994" id="token-9-13" start_char="1994">,</TOKEN>
				<TOKEN end_char="1998" id="token-9-14" start_char="1996">the</TOKEN>
				<TOKEN end_char="2007" id="token-9-15" start_char="2000">schedule</TOKEN>
				<TOKEN end_char="2016" id="token-9-16" start_char="2009">includes</TOKEN>
				<TOKEN end_char="2025" id="token-9-17" start_char="2018">touristy</TOKEN>
				<TOKEN end_char="2033" id="token-9-18" start_char="2027">options</TOKEN>
				<TOKEN end_char="2038" id="token-9-19" start_char="2035">such</TOKEN>
				<TOKEN end_char="2041" id="token-9-20" start_char="2040">as</TOKEN>
				<TOKEN end_char="2043" id="token-9-21" start_char="2043">“</TOKEN>
				<TOKEN end_char="2046" id="token-9-22" start_char="2044">The</TOKEN>
				<TOKEN end_char="2053" id="token-9-23" start_char="2048">Legend</TOKEN>
				<TOKEN end_char="2056" id="token-9-24" start_char="2055">of</TOKEN>
				<TOKEN end_char="2061" id="token-9-25" start_char="2058">Kung</TOKEN>
				<TOKEN end_char="2064" id="token-9-26" start_char="2063">Fu</TOKEN>
				<TOKEN end_char="2069" id="token-9-27" start_char="2066">Show</TOKEN>
				<TOKEN end_char="2071" id="token-9-28" start_char="2070">.”</TOKEN>
				<TOKEN end_char="2074" id="token-9-29" start_char="2073">In</TOKEN>
				<TOKEN end_char="2077" id="token-9-30" start_char="2076">Xi</TOKEN>
				<TOKEN end_char="2078" id="token-9-31" start_char="2078">’</TOKEN>
				<TOKEN end_char="2080" id="token-9-32" start_char="2079">an</TOKEN>
				<TOKEN end_char="2086" id="token-9-33" start_char="2082">there</TOKEN>
				<TOKEN end_char="2089" id="token-9-34" start_char="2088">is</TOKEN>
				<TOKEN end_char="2093" id="token-9-35" start_char="2091">the</TOKEN>
				<TOKEN end_char="2095" id="token-9-36" start_char="2095">“</TOKEN>
				<TOKEN end_char="2103" id="token-9-37" start_char="2096">Imperial</TOKEN>
				<TOKEN end_char="2112" id="token-9-38" start_char="2105">Dumpling</TOKEN>
				<TOKEN end_char="2119" id="token-9-39" start_char="2114">Dinner</TOKEN>
				<TOKEN end_char="2124" id="token-9-40" start_char="2121">with</TOKEN>
				<TOKEN end_char="2129" id="token-9-41" start_char="2126">Tang</TOKEN>
				<TOKEN end_char="2137" id="token-9-42" start_char="2131">Dynasty</TOKEN>
				<TOKEN end_char="2142" id="token-9-43" start_char="2139">Show</TOKEN>
				<TOKEN end_char="2144" id="token-9-44" start_char="2143">.”</TOKEN>
			</SEG>
			<SEG end_char="2486" id="20130828_WAPO_f1503b36-0c1f-11e3-b87c-476db8ac34cd-10" start_char="2146">
				<ORIGINAL_TEXT>A full list of the delegation is not yet available. It includes Elaine Amir, executive director of Johns Hopkins’ Montgomery campus, Superintendent of Schools Joshua Starr and two County Council members, Roger Berliner (D-Potomac-Bethesda) and Hans Riemer (D-At Large). All delegation members are paying their own way, county officials said.</ORIGINAL_TEXT>
				<TOKEN end_char="2146" id="token-10-0" start_char="2146">A</TOKEN>
				<TOKEN end_char="2151" id="token-10-1" start_char="2148">full</TOKEN>
				<TOKEN end_char="2156" id="token-10-2" start_char="2153">list</TOKEN>
				<TOKEN end_char="2159" id="token-10-3" start_char="2158">of</TOKEN>
				<TOKEN end_char="2163" id="token-10-4" start_char="2161">the</TOKEN>
				<TOKEN end_char="2174" id="token-10-5" start_char="2165">delegation</TOKEN>
				<TOKEN end_char="2177" id="token-10-6" start_char="2176">is</TOKEN>
				<TOKEN end_char="2181" id="token-10-7" start_char="2179">not</TOKEN>
				<TOKEN end_char="2185" id="token-10-8" start_char="2183">yet</TOKEN>
				<TOKEN end_char="2195" id="token-10-9" start_char="2187">available</TOKEN>
				<TOKEN end_char="2196" id="token-10-10" start_char="2196">.</TOKEN>
				<TOKEN end_char="2199" id="token-10-11" start_char="2198">It</TOKEN>
				<TOKEN end_char="2208" id="token-10-12" start_char="2201">includes</TOKEN>
				<TOKEN end_char="2215" id="token-10-13" start_char="2210">Elaine</TOKEN>
				<TOKEN end_char="2220" id="token-10-14" start_char="2217">Amir</TOKEN>
				<TOKEN end_char="2221" id="token-10-15" start_char="2221">,</TOKEN>
				<TOKEN end_char="2231" id="token-10-16" start_char="2223">executive</TOKEN>
				<TOKEN end_char="2240" id="token-10-17" start_char="2233">director</TOKEN>
				<TOKEN end_char="2243" id="token-10-18" start_char="2242">of</TOKEN>
				<TOKEN end_char="2249" id="token-10-19" start_char="2245">Johns</TOKEN>
				<TOKEN end_char="2257" id="token-10-20" start_char="2251">Hopkins</TOKEN>
				<TOKEN end_char="2258" id="token-10-21" start_char="2258">’</TOKEN>
				<TOKEN end_char="2269" id="token-10-22" start_char="2260">Montgomery</TOKEN>
				<TOKEN end_char="2276" id="token-10-23" start_char="2271">campus</TOKEN>
				<TOKEN end_char="2277" id="token-10-24" start_char="2277">,</TOKEN>
				<TOKEN end_char="2292" id="token-10-25" start_char="2279">Superintendent</TOKEN>
				<TOKEN end_char="2295" id="token-10-26" start_char="2294">of</TOKEN>
				<TOKEN end_char="2303" id="token-10-27" start_char="2297">Schools</TOKEN>
				<TOKEN end_char="2310" id="token-10-28" start_char="2305">Joshua</TOKEN>
				<TOKEN end_char="2316" id="token-10-29" start_char="2312">Starr</TOKEN>
				<TOKEN end_char="2320" id="token-10-30" start_char="2318">and</TOKEN>
				<TOKEN end_char="2324" id="token-10-31" start_char="2322">two</TOKEN>
				<TOKEN end_char="2331" id="token-10-32" start_char="2326">County</TOKEN>
				<TOKEN end_char="2339" id="token-10-33" start_char="2333">Council</TOKEN>
				<TOKEN end_char="2347" id="token-10-34" start_char="2341">members</TOKEN>
				<TOKEN end_char="2348" id="token-10-35" start_char="2348">,</TOKEN>
				<TOKEN end_char="2354" id="token-10-36" start_char="2350">Roger</TOKEN>
				<TOKEN end_char="2363" id="token-10-37" start_char="2356">Berliner</TOKEN>
				<TOKEN end_char="2365" id="token-10-38" start_char="2365">(</TOKEN>
				<TOKEN end_char="2366" id="token-10-39" start_char="2366">D</TOKEN>
				<TOKEN end_char="2367" id="token-10-40" start_char="2367">-</TOKEN>
				<TOKEN end_char="2374" id="token-10-41" start_char="2368">Potomac</TOKEN>
				<TOKEN end_char="2375" id="token-10-42" start_char="2375">-</TOKEN>
				<TOKEN end_char="2383" id="token-10-43" start_char="2376">Bethesda</TOKEN>
				<TOKEN end_char="2384" id="token-10-44" start_char="2384">)</TOKEN>
				<TOKEN end_char="2388" id="token-10-45" start_char="2386">and</TOKEN>
				<TOKEN end_char="2393" id="token-10-46" start_char="2390">Hans</TOKEN>
				<TOKEN end_char="2400" id="token-10-47" start_char="2395">Riemer</TOKEN>
				<TOKEN end_char="2402" id="token-10-48" start_char="2402">(</TOKEN>
				<TOKEN end_char="2403" id="token-10-49" start_char="2403">D</TOKEN>
				<TOKEN end_char="2404" id="token-10-50" start_char="2404">-</TOKEN>
				<TOKEN end_char="2406" id="token-10-51" start_char="2405">At</TOKEN>
				<TOKEN end_char="2412" id="token-10-52" start_char="2408">Large</TOKEN>
				<TOKEN end_char="2414" id="token-10-53" start_char="2413">).</TOKEN>
				<TOKEN end_char="2418" id="token-10-54" start_char="2416">All</TOKEN>
				<TOKEN end_char="2429" id="token-10-55" start_char="2420">delegation</TOKEN>
				<TOKEN end_char="2437" id="token-10-56" start_char="2431">members</TOKEN>
				<TOKEN end_char="2441" id="token-10-57" start_char="2439">are</TOKEN>
				<TOKEN end_char="2448" id="token-10-58" start_char="2443">paying</TOKEN>
				<TOKEN end_char="2454" id="token-10-59" start_char="2450">their</TOKEN>
				<TOKEN end_char="2458" id="token-10-60" start_char="2456">own</TOKEN>
				<TOKEN end_char="2462" id="token-10-61" start_char="2460">way</TOKEN>
				<TOKEN end_char="2463" id="token-10-62" start_char="2463">,</TOKEN>
				<TOKEN end_char="2470" id="token-10-63" start_char="2465">county</TOKEN>
				<TOKEN end_char="2480" id="token-10-64" start_char="2472">officials</TOKEN>
				<TOKEN end_char="2485" id="token-10-65" start_char="2482">said</TOKEN>
				<TOKEN end_char="2486" id="token-10-66" start_char="2486">.</TOKEN>
			</SEG>
		</TEXT>
	</DOC>
</LCTL_TEXT>
