<?xml version="1.0" encoding="utf-8"?>
<LCTL_TEXT>
	<DOC id="20130418_WAPO_51b9cc04-a82e-11e2-a8e2-5b98cb59187f">
		<TEXT>
			<SEG end_char="50" id="20130418_WAPO_51b9cc04-a82e-11e2-a8e2-5b98cb59187f-0" start_char="0">
				<ORIGINAL_TEXT>Episcopal Church wins Virginia Supreme Court ruling</ORIGINAL_TEXT>
				<TOKEN end_char="8" id="token-0-0" start_char="0">Episcopal</TOKEN>
				<TOKEN end_char="15" id="token-0-1" start_char="10">Church</TOKEN>
				<TOKEN end_char="20" id="token-0-2" start_char="17">wins</TOKEN>
				<TOKEN end_char="29" id="token-0-3" start_char="22">Virginia</TOKEN>
				<TOKEN end_char="37" id="token-0-4" start_char="31">Supreme</TOKEN>
				<TOKEN end_char="43" id="token-0-5" start_char="39">Court</TOKEN>
				<TOKEN end_char="50" id="token-0-6" start_char="45">ruling</TOKEN>
			</SEG>
			<SEG end_char="94" id="20130418_WAPO_51b9cc04-a82e-11e2-a8e2-5b98cb59187f-1" start_char="52">
				<ORIGINAL_TEXT>Thursday, April 18, 2013 12:47:00 GMT-05:00</ORIGINAL_TEXT>
				<TOKEN end_char="59" id="token-1-0" start_char="52">Thursday</TOKEN>
				<TOKEN end_char="60" id="token-1-1" start_char="60">,</TOKEN>
				<TOKEN end_char="66" id="token-1-2" start_char="62">April</TOKEN>
				<TOKEN end_char="69" id="token-1-3" start_char="68">18</TOKEN>
				<TOKEN end_char="70" id="token-1-4" start_char="70">,</TOKEN>
				<TOKEN end_char="75" id="token-1-5" start_char="72">2013</TOKEN>
				<TOKEN end_char="78" id="token-1-6" start_char="77">12</TOKEN>
				<TOKEN end_char="79" id="token-1-7" start_char="79">:</TOKEN>
				<TOKEN end_char="81" id="token-1-8" start_char="80">47</TOKEN>
				<TOKEN end_char="82" id="token-1-9" start_char="82">:</TOKEN>
				<TOKEN end_char="84" id="token-1-10" start_char="83">00</TOKEN>
				<TOKEN end_char="88" id="token-1-11" start_char="86">GMT</TOKEN>
				<TOKEN end_char="89" id="token-1-12" start_char="89">-</TOKEN>
				<TOKEN end_char="91" id="token-1-13" start_char="90">05</TOKEN>
				<TOKEN end_char="92" id="token-1-14" start_char="92">:</TOKEN>
				<TOKEN end_char="94" id="token-1-15" start_char="93">00</TOKEN>
			</SEG>
			<SEG end_char="335" id="20130418_WAPO_51b9cc04-a82e-11e2-a8e2-5b98cb59187f-2" start_char="96">
				<ORIGINAL_TEXT>The Virginia Supreme Court ruled for the Episcopal Church on Thursday in a bitter, multi­million-dollar property dispute with a conservative congregation that had left the denomination amid controversies over homosexuality and other issues.</ORIGINAL_TEXT>
				<TOKEN end_char="98" id="token-2-0" start_char="96">The</TOKEN>
				<TOKEN end_char="107" id="token-2-1" start_char="100">Virginia</TOKEN>
				<TOKEN end_char="115" id="token-2-2" start_char="109">Supreme</TOKEN>
				<TOKEN end_char="121" id="token-2-3" start_char="117">Court</TOKEN>
				<TOKEN end_char="127" id="token-2-4" start_char="123">ruled</TOKEN>
				<TOKEN end_char="131" id="token-2-5" start_char="129">for</TOKEN>
				<TOKEN end_char="135" id="token-2-6" start_char="133">the</TOKEN>
				<TOKEN end_char="145" id="token-2-7" start_char="137">Episcopal</TOKEN>
				<TOKEN end_char="152" id="token-2-8" start_char="147">Church</TOKEN>
				<TOKEN end_char="155" id="token-2-9" start_char="154">on</TOKEN>
				<TOKEN end_char="164" id="token-2-10" start_char="157">Thursday</TOKEN>
				<TOKEN end_char="167" id="token-2-11" start_char="166">in</TOKEN>
				<TOKEN end_char="169" id="token-2-12" start_char="169">a</TOKEN>
				<TOKEN end_char="176" id="token-2-13" start_char="171">bitter</TOKEN>
				<TOKEN end_char="177" id="token-2-14" start_char="177">,</TOKEN>
				<TOKEN end_char="183" id="token-2-15" start_char="179">multi</TOKEN>
				<TOKEN end_char="184" id="token-2-16" start_char="184">­</TOKEN>
				<TOKEN end_char="191" id="token-2-17" start_char="185">million</TOKEN>
				<TOKEN end_char="192" id="token-2-18" start_char="192">-</TOKEN>
				<TOKEN end_char="198" id="token-2-19" start_char="193">dollar</TOKEN>
				<TOKEN end_char="207" id="token-2-20" start_char="200">property</TOKEN>
				<TOKEN end_char="215" id="token-2-21" start_char="209">dispute</TOKEN>
				<TOKEN end_char="220" id="token-2-22" start_char="217">with</TOKEN>
				<TOKEN end_char="222" id="token-2-23" start_char="222">a</TOKEN>
				<TOKEN end_char="235" id="token-2-24" start_char="224">conservative</TOKEN>
				<TOKEN end_char="248" id="token-2-25" start_char="237">congregation</TOKEN>
				<TOKEN end_char="253" id="token-2-26" start_char="250">that</TOKEN>
				<TOKEN end_char="257" id="token-2-27" start_char="255">had</TOKEN>
				<TOKEN end_char="262" id="token-2-28" start_char="259">left</TOKEN>
				<TOKEN end_char="266" id="token-2-29" start_char="264">the</TOKEN>
				<TOKEN end_char="279" id="token-2-30" start_char="268">denomination</TOKEN>
				<TOKEN end_char="284" id="token-2-31" start_char="281">amid</TOKEN>
				<TOKEN end_char="298" id="token-2-32" start_char="286">controversies</TOKEN>
				<TOKEN end_char="303" id="token-2-33" start_char="300">over</TOKEN>
				<TOKEN end_char="317" id="token-2-34" start_char="305">homosexuality</TOKEN>
				<TOKEN end_char="321" id="token-2-35" start_char="319">and</TOKEN>
				<TOKEN end_char="327" id="token-2-36" start_char="323">other</TOKEN>
				<TOKEN end_char="334" id="token-2-37" start_char="329">issues</TOKEN>
				<TOKEN end_char="335" id="token-2-38" start_char="335">.</TOKEN>
			</SEG>
			<SEG end_char="547" id="20130418_WAPO_51b9cc04-a82e-11e2-a8e2-5b98cb59187f-3" start_char="337">
				<ORIGINAL_TEXT>The panel affirmed a lower court’s decision that the 3,000-member congregation, which voted in 2006 to leave the Episcopal Church, did not have the right to keep the sprawling property known as the Falls Church.</ORIGINAL_TEXT>
				<TOKEN end_char="339" id="token-3-0" start_char="337">The</TOKEN>
				<TOKEN end_char="345" id="token-3-1" start_char="341">panel</TOKEN>
				<TOKEN end_char="354" id="token-3-2" start_char="347">affirmed</TOKEN>
				<TOKEN end_char="356" id="token-3-3" start_char="356">a</TOKEN>
				<TOKEN end_char="362" id="token-3-4" start_char="358">lower</TOKEN>
				<TOKEN end_char="368" id="token-3-5" start_char="364">court</TOKEN>
				<TOKEN end_char="369" id="token-3-6" start_char="369">’</TOKEN>
				<TOKEN end_char="370" id="token-3-7" start_char="370">s</TOKEN>
				<TOKEN end_char="379" id="token-3-8" start_char="372">decision</TOKEN>
				<TOKEN end_char="384" id="token-3-9" start_char="381">that</TOKEN>
				<TOKEN end_char="388" id="token-3-10" start_char="386">the</TOKEN>
				<TOKEN end_char="390" id="token-3-11" start_char="390">3</TOKEN>
				<TOKEN end_char="391" id="token-3-12" start_char="391">,</TOKEN>
				<TOKEN end_char="394" id="token-3-13" start_char="392">000</TOKEN>
				<TOKEN end_char="395" id="token-3-14" start_char="395">-</TOKEN>
				<TOKEN end_char="401" id="token-3-15" start_char="396">member</TOKEN>
				<TOKEN end_char="414" id="token-3-16" start_char="403">congregation</TOKEN>
				<TOKEN end_char="415" id="token-3-17" start_char="415">,</TOKEN>
				<TOKEN end_char="421" id="token-3-18" start_char="417">which</TOKEN>
				<TOKEN end_char="427" id="token-3-19" start_char="423">voted</TOKEN>
				<TOKEN end_char="430" id="token-3-20" start_char="429">in</TOKEN>
				<TOKEN end_char="435" id="token-3-21" start_char="432">2006</TOKEN>
				<TOKEN end_char="438" id="token-3-22" start_char="437">to</TOKEN>
				<TOKEN end_char="444" id="token-3-23" start_char="440">leave</TOKEN>
				<TOKEN end_char="448" id="token-3-24" start_char="446">the</TOKEN>
				<TOKEN end_char="458" id="token-3-25" start_char="450">Episcopal</TOKEN>
				<TOKEN end_char="465" id="token-3-26" start_char="460">Church</TOKEN>
				<TOKEN end_char="466" id="token-3-27" start_char="466">,</TOKEN>
				<TOKEN end_char="470" id="token-3-28" start_char="468">did</TOKEN>
				<TOKEN end_char="474" id="token-3-29" start_char="472">not</TOKEN>
				<TOKEN end_char="479" id="token-3-30" start_char="476">have</TOKEN>
				<TOKEN end_char="483" id="token-3-31" start_char="481">the</TOKEN>
				<TOKEN end_char="489" id="token-3-32" start_char="485">right</TOKEN>
				<TOKEN end_char="492" id="token-3-33" start_char="491">to</TOKEN>
				<TOKEN end_char="497" id="token-3-34" start_char="494">keep</TOKEN>
				<TOKEN end_char="501" id="token-3-35" start_char="499">the</TOKEN>
				<TOKEN end_char="511" id="token-3-36" start_char="503">sprawling</TOKEN>
				<TOKEN end_char="520" id="token-3-37" start_char="513">property</TOKEN>
				<TOKEN end_char="526" id="token-3-38" start_char="522">known</TOKEN>
				<TOKEN end_char="529" id="token-3-39" start_char="528">as</TOKEN>
				<TOKEN end_char="533" id="token-3-40" start_char="531">the</TOKEN>
				<TOKEN end_char="539" id="token-3-41" start_char="535">Falls</TOKEN>
				<TOKEN end_char="546" id="token-3-42" start_char="541">Church</TOKEN>
				<TOKEN end_char="547" id="token-3-43" start_char="547">.</TOKEN>
			</SEG>
			<SEG end_char="676" id="20130418_WAPO_51b9cc04-a82e-11e2-a8e2-5b98cb59187f-4" start_char="549">
				<ORIGINAL_TEXT>The Falls Church property is one of the country’s largest Episcopal churches and is a central landmark in downtown Falls Church.</ORIGINAL_TEXT>
				<TOKEN end_char="551" id="token-4-0" start_char="549">The</TOKEN>
				<TOKEN end_char="557" id="token-4-1" start_char="553">Falls</TOKEN>
				<TOKEN end_char="564" id="token-4-2" start_char="559">Church</TOKEN>
				<TOKEN end_char="573" id="token-4-3" start_char="566">property</TOKEN>
				<TOKEN end_char="576" id="token-4-4" start_char="575">is</TOKEN>
				<TOKEN end_char="580" id="token-4-5" start_char="578">one</TOKEN>
				<TOKEN end_char="583" id="token-4-6" start_char="582">of</TOKEN>
				<TOKEN end_char="587" id="token-4-7" start_char="585">the</TOKEN>
				<TOKEN end_char="595" id="token-4-8" start_char="589">country</TOKEN>
				<TOKEN end_char="596" id="token-4-9" start_char="596">’</TOKEN>
				<TOKEN end_char="597" id="token-4-10" start_char="597">s</TOKEN>
				<TOKEN end_char="605" id="token-4-11" start_char="599">largest</TOKEN>
				<TOKEN end_char="615" id="token-4-12" start_char="607">Episcopal</TOKEN>
				<TOKEN end_char="624" id="token-4-13" start_char="617">churches</TOKEN>
				<TOKEN end_char="628" id="token-4-14" start_char="626">and</TOKEN>
				<TOKEN end_char="631" id="token-4-15" start_char="630">is</TOKEN>
				<TOKEN end_char="633" id="token-4-16" start_char="633">a</TOKEN>
				<TOKEN end_char="641" id="token-4-17" start_char="635">central</TOKEN>
				<TOKEN end_char="650" id="token-4-18" start_char="643">landmark</TOKEN>
				<TOKEN end_char="653" id="token-4-19" start_char="652">in</TOKEN>
				<TOKEN end_char="662" id="token-4-20" start_char="655">downtown</TOKEN>
				<TOKEN end_char="668" id="token-4-21" start_char="664">Falls</TOKEN>
				<TOKEN end_char="675" id="token-4-22" start_char="670">Church</TOKEN>
				<TOKEN end_char="676" id="token-4-23" start_char="676">.</TOKEN>
			</SEG>
			<SEG end_char="915" id="20130418_WAPO_51b9cc04-a82e-11e2-a8e2-5b98cb59187f-5" start_char="678">
				<ORIGINAL_TEXT>The breakaway congregation, now called the Falls Church Anglican, has been worshiping in the Bishop O’Connell High School auditorium in Arlington County while it sought to overturn the Fairfax County Circuit Court decision from last year.</ORIGINAL_TEXT>
				<TOKEN end_char="680" id="token-5-0" start_char="678">The</TOKEN>
				<TOKEN end_char="690" id="token-5-1" start_char="682">breakaway</TOKEN>
				<TOKEN end_char="703" id="token-5-2" start_char="692">congregation</TOKEN>
				<TOKEN end_char="704" id="token-5-3" start_char="704">,</TOKEN>
				<TOKEN end_char="708" id="token-5-4" start_char="706">now</TOKEN>
				<TOKEN end_char="715" id="token-5-5" start_char="710">called</TOKEN>
				<TOKEN end_char="719" id="token-5-6" start_char="717">the</TOKEN>
				<TOKEN end_char="725" id="token-5-7" start_char="721">Falls</TOKEN>
				<TOKEN end_char="732" id="token-5-8" start_char="727">Church</TOKEN>
				<TOKEN end_char="741" id="token-5-9" start_char="734">Anglican</TOKEN>
				<TOKEN end_char="742" id="token-5-10" start_char="742">,</TOKEN>
				<TOKEN end_char="746" id="token-5-11" start_char="744">has</TOKEN>
				<TOKEN end_char="751" id="token-5-12" start_char="748">been</TOKEN>
				<TOKEN end_char="762" id="token-5-13" start_char="753">worshiping</TOKEN>
				<TOKEN end_char="765" id="token-5-14" start_char="764">in</TOKEN>
				<TOKEN end_char="769" id="token-5-15" start_char="767">the</TOKEN>
				<TOKEN end_char="776" id="token-5-16" start_char="771">Bishop</TOKEN>
				<TOKEN end_char="778" id="token-5-17" start_char="778">O</TOKEN>
				<TOKEN end_char="779" id="token-5-18" start_char="779">’</TOKEN>
				<TOKEN end_char="786" id="token-5-19" start_char="780">Connell</TOKEN>
				<TOKEN end_char="791" id="token-5-20" start_char="788">High</TOKEN>
				<TOKEN end_char="798" id="token-5-21" start_char="793">School</TOKEN>
				<TOKEN end_char="809" id="token-5-22" start_char="800">auditorium</TOKEN>
				<TOKEN end_char="812" id="token-5-23" start_char="811">in</TOKEN>
				<TOKEN end_char="822" id="token-5-24" start_char="814">Arlington</TOKEN>
				<TOKEN end_char="829" id="token-5-25" start_char="824">County</TOKEN>
				<TOKEN end_char="835" id="token-5-26" start_char="831">while</TOKEN>
				<TOKEN end_char="838" id="token-5-27" start_char="837">it</TOKEN>
				<TOKEN end_char="845" id="token-5-28" start_char="840">sought</TOKEN>
				<TOKEN end_char="848" id="token-5-29" start_char="847">to</TOKEN>
				<TOKEN end_char="857" id="token-5-30" start_char="850">overturn</TOKEN>
				<TOKEN end_char="861" id="token-5-31" start_char="859">the</TOKEN>
				<TOKEN end_char="869" id="token-5-32" start_char="863">Fairfax</TOKEN>
				<TOKEN end_char="876" id="token-5-33" start_char="871">County</TOKEN>
				<TOKEN end_char="884" id="token-5-34" start_char="878">Circuit</TOKEN>
				<TOKEN end_char="890" id="token-5-35" start_char="886">Court</TOKEN>
				<TOKEN end_char="899" id="token-5-36" start_char="892">decision</TOKEN>
				<TOKEN end_char="904" id="token-5-37" start_char="901">from</TOKEN>
				<TOKEN end_char="909" id="token-5-38" start_char="906">last</TOKEN>
				<TOKEN end_char="914" id="token-5-39" start_char="911">year</TOKEN>
				<TOKEN end_char="915" id="token-5-40" start_char="915">.</TOKEN>
			</SEG>
			<SEG end_char="1128" id="20130418_WAPO_51b9cc04-a82e-11e2-a8e2-5b98cb59187f-6" start_char="917">
				<ORIGINAL_TEXT>On Thursday, the Supreme Court affirmed that the property was rightly given to the mainline denomination but said some of the nearly $3 million in church coffers belongs to the Falls Church Anglican congregation.</ORIGINAL_TEXT>
				<TOKEN end_char="918" id="token-6-0" start_char="917">On</TOKEN>
				<TOKEN end_char="927" id="token-6-1" start_char="920">Thursday</TOKEN>
				<TOKEN end_char="928" id="token-6-2" start_char="928">,</TOKEN>
				<TOKEN end_char="932" id="token-6-3" start_char="930">the</TOKEN>
				<TOKEN end_char="940" id="token-6-4" start_char="934">Supreme</TOKEN>
				<TOKEN end_char="946" id="token-6-5" start_char="942">Court</TOKEN>
				<TOKEN end_char="955" id="token-6-6" start_char="948">affirmed</TOKEN>
				<TOKEN end_char="960" id="token-6-7" start_char="957">that</TOKEN>
				<TOKEN end_char="964" id="token-6-8" start_char="962">the</TOKEN>
				<TOKEN end_char="973" id="token-6-9" start_char="966">property</TOKEN>
				<TOKEN end_char="977" id="token-6-10" start_char="975">was</TOKEN>
				<TOKEN end_char="985" id="token-6-11" start_char="979">rightly</TOKEN>
				<TOKEN end_char="991" id="token-6-12" start_char="987">given</TOKEN>
				<TOKEN end_char="994" id="token-6-13" start_char="993">to</TOKEN>
				<TOKEN end_char="998" id="token-6-14" start_char="996">the</TOKEN>
				<TOKEN end_char="1007" id="token-6-15" start_char="1000">mainline</TOKEN>
				<TOKEN end_char="1020" id="token-6-16" start_char="1009">denomination</TOKEN>
				<TOKEN end_char="1024" id="token-6-17" start_char="1022">but</TOKEN>
				<TOKEN end_char="1029" id="token-6-18" start_char="1026">said</TOKEN>
				<TOKEN end_char="1034" id="token-6-19" start_char="1031">some</TOKEN>
				<TOKEN end_char="1037" id="token-6-20" start_char="1036">of</TOKEN>
				<TOKEN end_char="1041" id="token-6-21" start_char="1039">the</TOKEN>
				<TOKEN end_char="1048" id="token-6-22" start_char="1043">nearly</TOKEN>
				<TOKEN end_char="1050" id="token-6-23" start_char="1050">$</TOKEN>
				<TOKEN end_char="1051" id="token-6-24" start_char="1051">3</TOKEN>
				<TOKEN end_char="1059" id="token-6-25" start_char="1053">million</TOKEN>
				<TOKEN end_char="1062" id="token-6-26" start_char="1061">in</TOKEN>
				<TOKEN end_char="1069" id="token-6-27" start_char="1064">church</TOKEN>
				<TOKEN end_char="1077" id="token-6-28" start_char="1071">coffers</TOKEN>
				<TOKEN end_char="1085" id="token-6-29" start_char="1079">belongs</TOKEN>
				<TOKEN end_char="1088" id="token-6-30" start_char="1087">to</TOKEN>
				<TOKEN end_char="1092" id="token-6-31" start_char="1090">the</TOKEN>
				<TOKEN end_char="1098" id="token-6-32" start_char="1094">Falls</TOKEN>
				<TOKEN end_char="1105" id="token-6-33" start_char="1100">Church</TOKEN>
				<TOKEN end_char="1114" id="token-6-34" start_char="1107">Anglican</TOKEN>
				<TOKEN end_char="1127" id="token-6-35" start_char="1116">congregation</TOKEN>
				<TOKEN end_char="1128" id="token-6-36" start_char="1128">.</TOKEN>
			</SEG>
			<SEG end_char="1551" id="20130418_WAPO_51b9cc04-a82e-11e2-a8e2-5b98cb59187f-7" start_char="1130">
				<ORIGINAL_TEXT>It was not immediately clear whether there would be an appeal by either side. If there is not, this would end a property dispute that drew global attention starting in 2006 when more than a dozen Virginia congregations voted to leave the Episcopal Church but keep the church properties, arguing that the denomination had “left” by becoming more liberal on homosexuality, the role of women and how God views non-Christians.</ORIGINAL_TEXT>
				<TOKEN end_char="1131" id="token-7-0" start_char="1130">It</TOKEN>
				<TOKEN end_char="1135" id="token-7-1" start_char="1133">was</TOKEN>
				<TOKEN end_char="1139" id="token-7-2" start_char="1137">not</TOKEN>
				<TOKEN end_char="1151" id="token-7-3" start_char="1141">immediately</TOKEN>
				<TOKEN end_char="1157" id="token-7-4" start_char="1153">clear</TOKEN>
				<TOKEN end_char="1165" id="token-7-5" start_char="1159">whether</TOKEN>
				<TOKEN end_char="1171" id="token-7-6" start_char="1167">there</TOKEN>
				<TOKEN end_char="1177" id="token-7-7" start_char="1173">would</TOKEN>
				<TOKEN end_char="1180" id="token-7-8" start_char="1179">be</TOKEN>
				<TOKEN end_char="1183" id="token-7-9" start_char="1182">an</TOKEN>
				<TOKEN end_char="1190" id="token-7-10" start_char="1185">appeal</TOKEN>
				<TOKEN end_char="1193" id="token-7-11" start_char="1192">by</TOKEN>
				<TOKEN end_char="1200" id="token-7-12" start_char="1195">either</TOKEN>
				<TOKEN end_char="1205" id="token-7-13" start_char="1202">side</TOKEN>
				<TOKEN end_char="1206" id="token-7-14" start_char="1206">.</TOKEN>
				<TOKEN end_char="1209" id="token-7-15" start_char="1208">If</TOKEN>
				<TOKEN end_char="1215" id="token-7-16" start_char="1211">there</TOKEN>
				<TOKEN end_char="1218" id="token-7-17" start_char="1217">is</TOKEN>
				<TOKEN end_char="1222" id="token-7-18" start_char="1220">not</TOKEN>
				<TOKEN end_char="1223" id="token-7-19" start_char="1223">,</TOKEN>
				<TOKEN end_char="1228" id="token-7-20" start_char="1225">this</TOKEN>
				<TOKEN end_char="1234" id="token-7-21" start_char="1230">would</TOKEN>
				<TOKEN end_char="1238" id="token-7-22" start_char="1236">end</TOKEN>
				<TOKEN end_char="1240" id="token-7-23" start_char="1240">a</TOKEN>
				<TOKEN end_char="1249" id="token-7-24" start_char="1242">property</TOKEN>
				<TOKEN end_char="1257" id="token-7-25" start_char="1251">dispute</TOKEN>
				<TOKEN end_char="1262" id="token-7-26" start_char="1259">that</TOKEN>
				<TOKEN end_char="1267" id="token-7-27" start_char="1264">drew</TOKEN>
				<TOKEN end_char="1274" id="token-7-28" start_char="1269">global</TOKEN>
				<TOKEN end_char="1284" id="token-7-29" start_char="1276">attention</TOKEN>
				<TOKEN end_char="1293" id="token-7-30" start_char="1286">starting</TOKEN>
				<TOKEN end_char="1296" id="token-7-31" start_char="1295">in</TOKEN>
				<TOKEN end_char="1301" id="token-7-32" start_char="1298">2006</TOKEN>
				<TOKEN end_char="1306" id="token-7-33" start_char="1303">when</TOKEN>
				<TOKEN end_char="1311" id="token-7-34" start_char="1308">more</TOKEN>
				<TOKEN end_char="1316" id="token-7-35" start_char="1313">than</TOKEN>
				<TOKEN end_char="1318" id="token-7-36" start_char="1318">a</TOKEN>
				<TOKEN end_char="1324" id="token-7-37" start_char="1320">dozen</TOKEN>
				<TOKEN end_char="1333" id="token-7-38" start_char="1326">Virginia</TOKEN>
				<TOKEN end_char="1347" id="token-7-39" start_char="1335">congregations</TOKEN>
				<TOKEN end_char="1353" id="token-7-40" start_char="1349">voted</TOKEN>
				<TOKEN end_char="1356" id="token-7-41" start_char="1355">to</TOKEN>
				<TOKEN end_char="1362" id="token-7-42" start_char="1358">leave</TOKEN>
				<TOKEN end_char="1366" id="token-7-43" start_char="1364">the</TOKEN>
				<TOKEN end_char="1376" id="token-7-44" start_char="1368">Episcopal</TOKEN>
				<TOKEN end_char="1383" id="token-7-45" start_char="1378">Church</TOKEN>
				<TOKEN end_char="1387" id="token-7-46" start_char="1385">but</TOKEN>
				<TOKEN end_char="1392" id="token-7-47" start_char="1389">keep</TOKEN>
				<TOKEN end_char="1396" id="token-7-48" start_char="1394">the</TOKEN>
				<TOKEN end_char="1403" id="token-7-49" start_char="1398">church</TOKEN>
				<TOKEN end_char="1414" id="token-7-50" start_char="1405">properties</TOKEN>
				<TOKEN end_char="1415" id="token-7-51" start_char="1415">,</TOKEN>
				<TOKEN end_char="1423" id="token-7-52" start_char="1417">arguing</TOKEN>
				<TOKEN end_char="1428" id="token-7-53" start_char="1425">that</TOKEN>
				<TOKEN end_char="1432" id="token-7-54" start_char="1430">the</TOKEN>
				<TOKEN end_char="1445" id="token-7-55" start_char="1434">denomination</TOKEN>
				<TOKEN end_char="1449" id="token-7-56" start_char="1447">had</TOKEN>
				<TOKEN end_char="1451" id="token-7-57" start_char="1451">“</TOKEN>
				<TOKEN end_char="1455" id="token-7-58" start_char="1452">left</TOKEN>
				<TOKEN end_char="1456" id="token-7-59" start_char="1456">”</TOKEN>
				<TOKEN end_char="1459" id="token-7-60" start_char="1458">by</TOKEN>
				<TOKEN end_char="1468" id="token-7-61" start_char="1461">becoming</TOKEN>
				<TOKEN end_char="1473" id="token-7-62" start_char="1470">more</TOKEN>
				<TOKEN end_char="1481" id="token-7-63" start_char="1475">liberal</TOKEN>
				<TOKEN end_char="1484" id="token-7-64" start_char="1483">on</TOKEN>
				<TOKEN end_char="1498" id="token-7-65" start_char="1486">homosexuality</TOKEN>
				<TOKEN end_char="1499" id="token-7-66" start_char="1499">,</TOKEN>
				<TOKEN end_char="1503" id="token-7-67" start_char="1501">the</TOKEN>
				<TOKEN end_char="1508" id="token-7-68" start_char="1505">role</TOKEN>
				<TOKEN end_char="1511" id="token-7-69" start_char="1510">of</TOKEN>
				<TOKEN end_char="1517" id="token-7-70" start_char="1513">women</TOKEN>
				<TOKEN end_char="1521" id="token-7-71" start_char="1519">and</TOKEN>
				<TOKEN end_char="1525" id="token-7-72" start_char="1523">how</TOKEN>
				<TOKEN end_char="1529" id="token-7-73" start_char="1527">God</TOKEN>
				<TOKEN end_char="1535" id="token-7-74" start_char="1531">views</TOKEN>
				<TOKEN end_char="1539" id="token-7-75" start_char="1537">non</TOKEN>
				<TOKEN end_char="1540" id="token-7-76" start_char="1540">-</TOKEN>
				<TOKEN end_char="1550" id="token-7-77" start_char="1541">Christians</TOKEN>
				<TOKEN end_char="1551" id="token-7-78" start_char="1551">.</TOKEN>
			</SEG>
			<SEG end_char="1943" id="20130418_WAPO_51b9cc04-a82e-11e2-a8e2-5b98cb59187f-8" start_char="1553">
				<ORIGINAL_TEXT>Similar disputes have roiled Episcopal churches around the country and other parts of mainline Christianity, not only on questions of gay equality but also on more secular issues related to property rights. The Virginia dispute also became an issue in global Anglicanism — of which the Episcopal Church is part — when one of the breakaway leaders was disinvited to a global Anglican meeting.</ORIGINAL_TEXT>
				<TOKEN end_char="1559" id="token-8-0" start_char="1553">Similar</TOKEN>
				<TOKEN end_char="1568" id="token-8-1" start_char="1561">disputes</TOKEN>
				<TOKEN end_char="1573" id="token-8-2" start_char="1570">have</TOKEN>
				<TOKEN end_char="1580" id="token-8-3" start_char="1575">roiled</TOKEN>
				<TOKEN end_char="1590" id="token-8-4" start_char="1582">Episcopal</TOKEN>
				<TOKEN end_char="1599" id="token-8-5" start_char="1592">churches</TOKEN>
				<TOKEN end_char="1606" id="token-8-6" start_char="1601">around</TOKEN>
				<TOKEN end_char="1610" id="token-8-7" start_char="1608">the</TOKEN>
				<TOKEN end_char="1618" id="token-8-8" start_char="1612">country</TOKEN>
				<TOKEN end_char="1622" id="token-8-9" start_char="1620">and</TOKEN>
				<TOKEN end_char="1628" id="token-8-10" start_char="1624">other</TOKEN>
				<TOKEN end_char="1634" id="token-8-11" start_char="1630">parts</TOKEN>
				<TOKEN end_char="1637" id="token-8-12" start_char="1636">of</TOKEN>
				<TOKEN end_char="1646" id="token-8-13" start_char="1639">mainline</TOKEN>
				<TOKEN end_char="1659" id="token-8-14" start_char="1648">Christianity</TOKEN>
				<TOKEN end_char="1660" id="token-8-15" start_char="1660">,</TOKEN>
				<TOKEN end_char="1664" id="token-8-16" start_char="1662">not</TOKEN>
				<TOKEN end_char="1669" id="token-8-17" start_char="1666">only</TOKEN>
				<TOKEN end_char="1672" id="token-8-18" start_char="1671">on</TOKEN>
				<TOKEN end_char="1682" id="token-8-19" start_char="1674">questions</TOKEN>
				<TOKEN end_char="1685" id="token-8-20" start_char="1684">of</TOKEN>
				<TOKEN end_char="1689" id="token-8-21" start_char="1687">gay</TOKEN>
				<TOKEN end_char="1698" id="token-8-22" start_char="1691">equality</TOKEN>
				<TOKEN end_char="1702" id="token-8-23" start_char="1700">but</TOKEN>
				<TOKEN end_char="1707" id="token-8-24" start_char="1704">also</TOKEN>
				<TOKEN end_char="1710" id="token-8-25" start_char="1709">on</TOKEN>
				<TOKEN end_char="1715" id="token-8-26" start_char="1712">more</TOKEN>
				<TOKEN end_char="1723" id="token-8-27" start_char="1717">secular</TOKEN>
				<TOKEN end_char="1730" id="token-8-28" start_char="1725">issues</TOKEN>
				<TOKEN end_char="1738" id="token-8-29" start_char="1732">related</TOKEN>
				<TOKEN end_char="1741" id="token-8-30" start_char="1740">to</TOKEN>
				<TOKEN end_char="1750" id="token-8-31" start_char="1743">property</TOKEN>
				<TOKEN end_char="1757" id="token-8-32" start_char="1752">rights</TOKEN>
				<TOKEN end_char="1758" id="token-8-33" start_char="1758">.</TOKEN>
				<TOKEN end_char="1762" id="token-8-34" start_char="1760">The</TOKEN>
				<TOKEN end_char="1771" id="token-8-35" start_char="1764">Virginia</TOKEN>
				<TOKEN end_char="1779" id="token-8-36" start_char="1773">dispute</TOKEN>
				<TOKEN end_char="1784" id="token-8-37" start_char="1781">also</TOKEN>
				<TOKEN end_char="1791" id="token-8-38" start_char="1786">became</TOKEN>
				<TOKEN end_char="1794" id="token-8-39" start_char="1793">an</TOKEN>
				<TOKEN end_char="1800" id="token-8-40" start_char="1796">issue</TOKEN>
				<TOKEN end_char="1803" id="token-8-41" start_char="1802">in</TOKEN>
				<TOKEN end_char="1810" id="token-8-42" start_char="1805">global</TOKEN>
				<TOKEN end_char="1822" id="token-8-43" start_char="1812">Anglicanism</TOKEN>
				<TOKEN end_char="1824" id="token-8-44" start_char="1824">—</TOKEN>
				<TOKEN end_char="1827" id="token-8-45" start_char="1826">of</TOKEN>
				<TOKEN end_char="1833" id="token-8-46" start_char="1829">which</TOKEN>
				<TOKEN end_char="1837" id="token-8-47" start_char="1835">the</TOKEN>
				<TOKEN end_char="1847" id="token-8-48" start_char="1839">Episcopal</TOKEN>
				<TOKEN end_char="1854" id="token-8-49" start_char="1849">Church</TOKEN>
				<TOKEN end_char="1857" id="token-8-50" start_char="1856">is</TOKEN>
				<TOKEN end_char="1862" id="token-8-51" start_char="1859">part</TOKEN>
				<TOKEN end_char="1864" id="token-8-52" start_char="1864">—</TOKEN>
				<TOKEN end_char="1869" id="token-8-53" start_char="1866">when</TOKEN>
				<TOKEN end_char="1873" id="token-8-54" start_char="1871">one</TOKEN>
				<TOKEN end_char="1876" id="token-8-55" start_char="1875">of</TOKEN>
				<TOKEN end_char="1880" id="token-8-56" start_char="1878">the</TOKEN>
				<TOKEN end_char="1890" id="token-8-57" start_char="1882">breakaway</TOKEN>
				<TOKEN end_char="1898" id="token-8-58" start_char="1892">leaders</TOKEN>
				<TOKEN end_char="1902" id="token-8-59" start_char="1900">was</TOKEN>
				<TOKEN end_char="1913" id="token-8-60" start_char="1904">disinvited</TOKEN>
				<TOKEN end_char="1916" id="token-8-61" start_char="1915">to</TOKEN>
				<TOKEN end_char="1918" id="token-8-62" start_char="1918">a</TOKEN>
				<TOKEN end_char="1925" id="token-8-63" start_char="1920">global</TOKEN>
				<TOKEN end_char="1934" id="token-8-64" start_char="1927">Anglican</TOKEN>
				<TOKEN end_char="1942" id="token-8-65" start_char="1936">meeting</TOKEN>
				<TOKEN end_char="1943" id="token-8-66" start_char="1943">.</TOKEN>
			</SEG>
			<SEG end_char="2213" id="20130418_WAPO_51b9cc04-a82e-11e2-a8e2-5b98cb59187f-9" start_char="1945">
				<ORIGINAL_TEXT>Even after their votes, the conservative congregations have remained part of Anglicanism by being taken in by more like-minded Anglican bodies in Africa. They have since formed a U.S. wing that they hope will become a separate Anglican branch like the Episcopal Church.</ORIGINAL_TEXT>
				<TOKEN end_char="1948" id="token-9-0" start_char="1945">Even</TOKEN>
				<TOKEN end_char="1954" id="token-9-1" start_char="1950">after</TOKEN>
				<TOKEN end_char="1960" id="token-9-2" start_char="1956">their</TOKEN>
				<TOKEN end_char="1966" id="token-9-3" start_char="1962">votes</TOKEN>
				<TOKEN end_char="1967" id="token-9-4" start_char="1967">,</TOKEN>
				<TOKEN end_char="1971" id="token-9-5" start_char="1969">the</TOKEN>
				<TOKEN end_char="1984" id="token-9-6" start_char="1973">conservative</TOKEN>
				<TOKEN end_char="1998" id="token-9-7" start_char="1986">congregations</TOKEN>
				<TOKEN end_char="2003" id="token-9-8" start_char="2000">have</TOKEN>
				<TOKEN end_char="2012" id="token-9-9" start_char="2005">remained</TOKEN>
				<TOKEN end_char="2017" id="token-9-10" start_char="2014">part</TOKEN>
				<TOKEN end_char="2020" id="token-9-11" start_char="2019">of</TOKEN>
				<TOKEN end_char="2032" id="token-9-12" start_char="2022">Anglicanism</TOKEN>
				<TOKEN end_char="2035" id="token-9-13" start_char="2034">by</TOKEN>
				<TOKEN end_char="2041" id="token-9-14" start_char="2037">being</TOKEN>
				<TOKEN end_char="2047" id="token-9-15" start_char="2043">taken</TOKEN>
				<TOKEN end_char="2050" id="token-9-16" start_char="2049">in</TOKEN>
				<TOKEN end_char="2053" id="token-9-17" start_char="2052">by</TOKEN>
				<TOKEN end_char="2058" id="token-9-18" start_char="2055">more</TOKEN>
				<TOKEN end_char="2063" id="token-9-19" start_char="2060">like</TOKEN>
				<TOKEN end_char="2064" id="token-9-20" start_char="2064">-</TOKEN>
				<TOKEN end_char="2070" id="token-9-21" start_char="2065">minded</TOKEN>
				<TOKEN end_char="2079" id="token-9-22" start_char="2072">Anglican</TOKEN>
				<TOKEN end_char="2086" id="token-9-23" start_char="2081">bodies</TOKEN>
				<TOKEN end_char="2089" id="token-9-24" start_char="2088">in</TOKEN>
				<TOKEN end_char="2096" id="token-9-25" start_char="2091">Africa</TOKEN>
				<TOKEN end_char="2097" id="token-9-26" start_char="2097">.</TOKEN>
				<TOKEN end_char="2102" id="token-9-27" start_char="2099">They</TOKEN>
				<TOKEN end_char="2107" id="token-9-28" start_char="2104">have</TOKEN>
				<TOKEN end_char="2113" id="token-9-29" start_char="2109">since</TOKEN>
				<TOKEN end_char="2120" id="token-9-30" start_char="2115">formed</TOKEN>
				<TOKEN end_char="2122" id="token-9-31" start_char="2122">a</TOKEN>
				<TOKEN end_char="2124" id="token-9-32" start_char="2124">U</TOKEN>
				<TOKEN end_char="2125" id="token-9-33" start_char="2125">.</TOKEN>
				<TOKEN end_char="2126" id="token-9-34" start_char="2126">S</TOKEN>
				<TOKEN end_char="2127" id="token-9-35" start_char="2127">.</TOKEN>
				<TOKEN end_char="2132" id="token-9-36" start_char="2129">wing</TOKEN>
				<TOKEN end_char="2137" id="token-9-37" start_char="2134">that</TOKEN>
				<TOKEN end_char="2142" id="token-9-38" start_char="2139">they</TOKEN>
				<TOKEN end_char="2147" id="token-9-39" start_char="2144">hope</TOKEN>
				<TOKEN end_char="2152" id="token-9-40" start_char="2149">will</TOKEN>
				<TOKEN end_char="2159" id="token-9-41" start_char="2154">become</TOKEN>
				<TOKEN end_char="2161" id="token-9-42" start_char="2161">a</TOKEN>
				<TOKEN end_char="2170" id="token-9-43" start_char="2163">separate</TOKEN>
				<TOKEN end_char="2179" id="token-9-44" start_char="2172">Anglican</TOKEN>
				<TOKEN end_char="2186" id="token-9-45" start_char="2181">branch</TOKEN>
				<TOKEN end_char="2191" id="token-9-46" start_char="2188">like</TOKEN>
				<TOKEN end_char="2195" id="token-9-47" start_char="2193">the</TOKEN>
				<TOKEN end_char="2205" id="token-9-48" start_char="2197">Episcopal</TOKEN>
				<TOKEN end_char="2212" id="token-9-49" start_char="2207">Church</TOKEN>
				<TOKEN end_char="2213" id="token-9-50" start_char="2213">.</TOKEN>
			</SEG>
			<SEG end_char="2456" id="20130418_WAPO_51b9cc04-a82e-11e2-a8e2-5b98cb59187f-10" start_char="2215">
				<ORIGINAL_TEXT>After the Fairfax County Circuit Court decision, the Episcopal Church and its Virginia Diocese reached agreements with six other congregations involved in the court case to divvy up money and property. Only the Falls Church pursued an appeal.</ORIGINAL_TEXT>
				<TOKEN end_char="2219" id="token-10-0" start_char="2215">After</TOKEN>
				<TOKEN end_char="2223" id="token-10-1" start_char="2221">the</TOKEN>
				<TOKEN end_char="2231" id="token-10-2" start_char="2225">Fairfax</TOKEN>
				<TOKEN end_char="2238" id="token-10-3" start_char="2233">County</TOKEN>
				<TOKEN end_char="2246" id="token-10-4" start_char="2240">Circuit</TOKEN>
				<TOKEN end_char="2252" id="token-10-5" start_char="2248">Court</TOKEN>
				<TOKEN end_char="2261" id="token-10-6" start_char="2254">decision</TOKEN>
				<TOKEN end_char="2262" id="token-10-7" start_char="2262">,</TOKEN>
				<TOKEN end_char="2266" id="token-10-8" start_char="2264">the</TOKEN>
				<TOKEN end_char="2276" id="token-10-9" start_char="2268">Episcopal</TOKEN>
				<TOKEN end_char="2283" id="token-10-10" start_char="2278">Church</TOKEN>
				<TOKEN end_char="2287" id="token-10-11" start_char="2285">and</TOKEN>
				<TOKEN end_char="2291" id="token-10-12" start_char="2289">its</TOKEN>
				<TOKEN end_char="2300" id="token-10-13" start_char="2293">Virginia</TOKEN>
				<TOKEN end_char="2308" id="token-10-14" start_char="2302">Diocese</TOKEN>
				<TOKEN end_char="2316" id="token-10-15" start_char="2310">reached</TOKEN>
				<TOKEN end_char="2327" id="token-10-16" start_char="2318">agreements</TOKEN>
				<TOKEN end_char="2332" id="token-10-17" start_char="2329">with</TOKEN>
				<TOKEN end_char="2336" id="token-10-18" start_char="2334">six</TOKEN>
				<TOKEN end_char="2342" id="token-10-19" start_char="2338">other</TOKEN>
				<TOKEN end_char="2356" id="token-10-20" start_char="2344">congregations</TOKEN>
				<TOKEN end_char="2365" id="token-10-21" start_char="2358">involved</TOKEN>
				<TOKEN end_char="2368" id="token-10-22" start_char="2367">in</TOKEN>
				<TOKEN end_char="2372" id="token-10-23" start_char="2370">the</TOKEN>
				<TOKEN end_char="2378" id="token-10-24" start_char="2374">court</TOKEN>
				<TOKEN end_char="2383" id="token-10-25" start_char="2380">case</TOKEN>
				<TOKEN end_char="2386" id="token-10-26" start_char="2385">to</TOKEN>
				<TOKEN end_char="2392" id="token-10-27" start_char="2388">divvy</TOKEN>
				<TOKEN end_char="2395" id="token-10-28" start_char="2394">up</TOKEN>
				<TOKEN end_char="2401" id="token-10-29" start_char="2397">money</TOKEN>
				<TOKEN end_char="2405" id="token-10-30" start_char="2403">and</TOKEN>
				<TOKEN end_char="2414" id="token-10-31" start_char="2407">property</TOKEN>
				<TOKEN end_char="2415" id="token-10-32" start_char="2415">.</TOKEN>
				<TOKEN end_char="2420" id="token-10-33" start_char="2417">Only</TOKEN>
				<TOKEN end_char="2424" id="token-10-34" start_char="2422">the</TOKEN>
				<TOKEN end_char="2430" id="token-10-35" start_char="2426">Falls</TOKEN>
				<TOKEN end_char="2437" id="token-10-36" start_char="2432">Church</TOKEN>
				<TOKEN end_char="2445" id="token-10-37" start_char="2439">pursued</TOKEN>
				<TOKEN end_char="2448" id="token-10-38" start_char="2447">an</TOKEN>
				<TOKEN end_char="2455" id="token-10-39" start_char="2450">appeal</TOKEN>
				<TOKEN end_char="2456" id="token-10-40" start_char="2456">.</TOKEN>
			</SEG>
			<SEG end_char="2793" id="20130418_WAPO_51b9cc04-a82e-11e2-a8e2-5b98cb59187f-11" start_char="2458">
				<ORIGINAL_TEXT>George Ward, senior warden for the Falls Church Anglican, said that his community was disappointed by the ruling but that it is “thriving.” The Anglican group in the auditorium is far larger than the Episcopal group that won the sprawling property; about 200 Episcopalians come on a typical Sunday, said its rector, the Rev. John Ohmer.</ORIGINAL_TEXT>
				<TOKEN end_char="2463" id="token-11-0" start_char="2458">George</TOKEN>
				<TOKEN end_char="2468" id="token-11-1" start_char="2465">Ward</TOKEN>
				<TOKEN end_char="2469" id="token-11-2" start_char="2469">,</TOKEN>
				<TOKEN end_char="2476" id="token-11-3" start_char="2471">senior</TOKEN>
				<TOKEN end_char="2483" id="token-11-4" start_char="2478">warden</TOKEN>
				<TOKEN end_char="2487" id="token-11-5" start_char="2485">for</TOKEN>
				<TOKEN end_char="2491" id="token-11-6" start_char="2489">the</TOKEN>
				<TOKEN end_char="2497" id="token-11-7" start_char="2493">Falls</TOKEN>
				<TOKEN end_char="2504" id="token-11-8" start_char="2499">Church</TOKEN>
				<TOKEN end_char="2513" id="token-11-9" start_char="2506">Anglican</TOKEN>
				<TOKEN end_char="2514" id="token-11-10" start_char="2514">,</TOKEN>
				<TOKEN end_char="2519" id="token-11-11" start_char="2516">said</TOKEN>
				<TOKEN end_char="2524" id="token-11-12" start_char="2521">that</TOKEN>
				<TOKEN end_char="2528" id="token-11-13" start_char="2526">his</TOKEN>
				<TOKEN end_char="2538" id="token-11-14" start_char="2530">community</TOKEN>
				<TOKEN end_char="2542" id="token-11-15" start_char="2540">was</TOKEN>
				<TOKEN end_char="2555" id="token-11-16" start_char="2544">disappointed</TOKEN>
				<TOKEN end_char="2558" id="token-11-17" start_char="2557">by</TOKEN>
				<TOKEN end_char="2562" id="token-11-18" start_char="2560">the</TOKEN>
				<TOKEN end_char="2569" id="token-11-19" start_char="2564">ruling</TOKEN>
				<TOKEN end_char="2573" id="token-11-20" start_char="2571">but</TOKEN>
				<TOKEN end_char="2578" id="token-11-21" start_char="2575">that</TOKEN>
				<TOKEN end_char="2581" id="token-11-22" start_char="2580">it</TOKEN>
				<TOKEN end_char="2584" id="token-11-23" start_char="2583">is</TOKEN>
				<TOKEN end_char="2586" id="token-11-24" start_char="2586">“</TOKEN>
				<TOKEN end_char="2594" id="token-11-25" start_char="2587">thriving</TOKEN>
				<TOKEN end_char="2596" id="token-11-26" start_char="2595">.”</TOKEN>
				<TOKEN end_char="2600" id="token-11-27" start_char="2598">The</TOKEN>
				<TOKEN end_char="2609" id="token-11-28" start_char="2602">Anglican</TOKEN>
				<TOKEN end_char="2615" id="token-11-29" start_char="2611">group</TOKEN>
				<TOKEN end_char="2618" id="token-11-30" start_char="2617">in</TOKEN>
				<TOKEN end_char="2622" id="token-11-31" start_char="2620">the</TOKEN>
				<TOKEN end_char="2633" id="token-11-32" start_char="2624">auditorium</TOKEN>
				<TOKEN end_char="2636" id="token-11-33" start_char="2635">is</TOKEN>
				<TOKEN end_char="2640" id="token-11-34" start_char="2638">far</TOKEN>
				<TOKEN end_char="2647" id="token-11-35" start_char="2642">larger</TOKEN>
				<TOKEN end_char="2652" id="token-11-36" start_char="2649">than</TOKEN>
				<TOKEN end_char="2656" id="token-11-37" start_char="2654">the</TOKEN>
				<TOKEN end_char="2666" id="token-11-38" start_char="2658">Episcopal</TOKEN>
				<TOKEN end_char="2672" id="token-11-39" start_char="2668">group</TOKEN>
				<TOKEN end_char="2677" id="token-11-40" start_char="2674">that</TOKEN>
				<TOKEN end_char="2681" id="token-11-41" start_char="2679">won</TOKEN>
				<TOKEN end_char="2685" id="token-11-42" start_char="2683">the</TOKEN>
				<TOKEN end_char="2695" id="token-11-43" start_char="2687">sprawling</TOKEN>
				<TOKEN end_char="2704" id="token-11-44" start_char="2697">property</TOKEN>
				<TOKEN end_char="2705" id="token-11-45" start_char="2705">;</TOKEN>
				<TOKEN end_char="2711" id="token-11-46" start_char="2707">about</TOKEN>
				<TOKEN end_char="2715" id="token-11-47" start_char="2713">200</TOKEN>
				<TOKEN end_char="2729" id="token-11-48" start_char="2717">Episcopalians</TOKEN>
				<TOKEN end_char="2734" id="token-11-49" start_char="2731">come</TOKEN>
				<TOKEN end_char="2737" id="token-11-50" start_char="2736">on</TOKEN>
				<TOKEN end_char="2739" id="token-11-51" start_char="2739">a</TOKEN>
				<TOKEN end_char="2747" id="token-11-52" start_char="2741">typical</TOKEN>
				<TOKEN end_char="2754" id="token-11-53" start_char="2749">Sunday</TOKEN>
				<TOKEN end_char="2755" id="token-11-54" start_char="2755">,</TOKEN>
				<TOKEN end_char="2760" id="token-11-55" start_char="2757">said</TOKEN>
				<TOKEN end_char="2764" id="token-11-56" start_char="2762">its</TOKEN>
				<TOKEN end_char="2771" id="token-11-57" start_char="2766">rector</TOKEN>
				<TOKEN end_char="2772" id="token-11-58" start_char="2772">,</TOKEN>
				<TOKEN end_char="2776" id="token-11-59" start_char="2774">the</TOKEN>
				<TOKEN end_char="2780" id="token-11-60" start_char="2778">Rev</TOKEN>
				<TOKEN end_char="2781" id="token-11-61" start_char="2781">.</TOKEN>
				<TOKEN end_char="2786" id="token-11-62" start_char="2783">John</TOKEN>
				<TOKEN end_char="2792" id="token-11-63" start_char="2788">Ohmer</TOKEN>
				<TOKEN end_char="2793" id="token-11-64" start_char="2793">.</TOKEN>
			</SEG>
			<SEG end_char="2887" id="20130418_WAPO_51b9cc04-a82e-11e2-a8e2-5b98cb59187f-12" start_char="2795">
				<ORIGINAL_TEXT>The Rev. Shannon Johnston, the Episcopal bishop of Virginia, said the diocese was “grateful.”</ORIGINAL_TEXT>
				<TOKEN end_char="2797" id="token-12-0" start_char="2795">The</TOKEN>
				<TOKEN end_char="2801" id="token-12-1" start_char="2799">Rev</TOKEN>
				<TOKEN end_char="2802" id="token-12-2" start_char="2802">.</TOKEN>
				<TOKEN end_char="2810" id="token-12-3" start_char="2804">Shannon</TOKEN>
				<TOKEN end_char="2819" id="token-12-4" start_char="2812">Johnston</TOKEN>
				<TOKEN end_char="2820" id="token-12-5" start_char="2820">,</TOKEN>
				<TOKEN end_char="2824" id="token-12-6" start_char="2822">the</TOKEN>
				<TOKEN end_char="2834" id="token-12-7" start_char="2826">Episcopal</TOKEN>
				<TOKEN end_char="2841" id="token-12-8" start_char="2836">bishop</TOKEN>
				<TOKEN end_char="2844" id="token-12-9" start_char="2843">of</TOKEN>
				<TOKEN end_char="2853" id="token-12-10" start_char="2846">Virginia</TOKEN>
				<TOKEN end_char="2854" id="token-12-11" start_char="2854">,</TOKEN>
				<TOKEN end_char="2859" id="token-12-12" start_char="2856">said</TOKEN>
				<TOKEN end_char="2863" id="token-12-13" start_char="2861">the</TOKEN>
				<TOKEN end_char="2871" id="token-12-14" start_char="2865">diocese</TOKEN>
				<TOKEN end_char="2875" id="token-12-15" start_char="2873">was</TOKEN>
				<TOKEN end_char="2877" id="token-12-16" start_char="2877">“</TOKEN>
				<TOKEN end_char="2885" id="token-12-17" start_char="2878">grateful</TOKEN>
				<TOKEN end_char="2887" id="token-12-18" start_char="2886">.”</TOKEN>
			</SEG>
			<SEG end_char="3127" id="20130418_WAPO_51b9cc04-a82e-11e2-a8e2-5b98cb59187f-13" start_char="2889">
				<ORIGINAL_TEXT>“This decision ensures that Episcopalians will have a home for years to come in Falls Church, and frees all of us, on both sides of this issue, to preach the Gospel and teach the faith unencumbered by this dispute,” he said in a statement.</ORIGINAL_TEXT>
				<TOKEN end_char="2889" id="token-13-0" start_char="2889">“</TOKEN>
				<TOKEN end_char="2893" id="token-13-1" start_char="2890">This</TOKEN>
				<TOKEN end_char="2902" id="token-13-2" start_char="2895">decision</TOKEN>
				<TOKEN end_char="2910" id="token-13-3" start_char="2904">ensures</TOKEN>
				<TOKEN end_char="2915" id="token-13-4" start_char="2912">that</TOKEN>
				<TOKEN end_char="2929" id="token-13-5" start_char="2917">Episcopalians</TOKEN>
				<TOKEN end_char="2934" id="token-13-6" start_char="2931">will</TOKEN>
				<TOKEN end_char="2939" id="token-13-7" start_char="2936">have</TOKEN>
				<TOKEN end_char="2941" id="token-13-8" start_char="2941">a</TOKEN>
				<TOKEN end_char="2946" id="token-13-9" start_char="2943">home</TOKEN>
				<TOKEN end_char="2950" id="token-13-10" start_char="2948">for</TOKEN>
				<TOKEN end_char="2956" id="token-13-11" start_char="2952">years</TOKEN>
				<TOKEN end_char="2959" id="token-13-12" start_char="2958">to</TOKEN>
				<TOKEN end_char="2964" id="token-13-13" start_char="2961">come</TOKEN>
				<TOKEN end_char="2967" id="token-13-14" start_char="2966">in</TOKEN>
				<TOKEN end_char="2973" id="token-13-15" start_char="2969">Falls</TOKEN>
				<TOKEN end_char="2980" id="token-13-16" start_char="2975">Church</TOKEN>
				<TOKEN end_char="2981" id="token-13-17" start_char="2981">,</TOKEN>
				<TOKEN end_char="2985" id="token-13-18" start_char="2983">and</TOKEN>
				<TOKEN end_char="2991" id="token-13-19" start_char="2987">frees</TOKEN>
				<TOKEN end_char="2995" id="token-13-20" start_char="2993">all</TOKEN>
				<TOKEN end_char="2998" id="token-13-21" start_char="2997">of</TOKEN>
				<TOKEN end_char="3001" id="token-13-22" start_char="3000">us</TOKEN>
				<TOKEN end_char="3002" id="token-13-23" start_char="3002">,</TOKEN>
				<TOKEN end_char="3005" id="token-13-24" start_char="3004">on</TOKEN>
				<TOKEN end_char="3010" id="token-13-25" start_char="3007">both</TOKEN>
				<TOKEN end_char="3016" id="token-13-26" start_char="3012">sides</TOKEN>
				<TOKEN end_char="3019" id="token-13-27" start_char="3018">of</TOKEN>
				<TOKEN end_char="3024" id="token-13-28" start_char="3021">this</TOKEN>
				<TOKEN end_char="3030" id="token-13-29" start_char="3026">issue</TOKEN>
				<TOKEN end_char="3031" id="token-13-30" start_char="3031">,</TOKEN>
				<TOKEN end_char="3034" id="token-13-31" start_char="3033">to</TOKEN>
				<TOKEN end_char="3041" id="token-13-32" start_char="3036">preach</TOKEN>
				<TOKEN end_char="3045" id="token-13-33" start_char="3043">the</TOKEN>
				<TOKEN end_char="3052" id="token-13-34" start_char="3047">Gospel</TOKEN>
				<TOKEN end_char="3056" id="token-13-35" start_char="3054">and</TOKEN>
				<TOKEN end_char="3062" id="token-13-36" start_char="3058">teach</TOKEN>
				<TOKEN end_char="3066" id="token-13-37" start_char="3064">the</TOKEN>
				<TOKEN end_char="3072" id="token-13-38" start_char="3068">faith</TOKEN>
				<TOKEN end_char="3085" id="token-13-39" start_char="3074">unencumbered</TOKEN>
				<TOKEN end_char="3088" id="token-13-40" start_char="3087">by</TOKEN>
				<TOKEN end_char="3093" id="token-13-41" start_char="3090">this</TOKEN>
				<TOKEN end_char="3101" id="token-13-42" start_char="3095">dispute</TOKEN>
				<TOKEN end_char="3103" id="token-13-43" start_char="3102">,”</TOKEN>
				<TOKEN end_char="3106" id="token-13-44" start_char="3105">he</TOKEN>
				<TOKEN end_char="3111" id="token-13-45" start_char="3108">said</TOKEN>
				<TOKEN end_char="3114" id="token-13-46" start_char="3113">in</TOKEN>
				<TOKEN end_char="3116" id="token-13-47" start_char="3116">a</TOKEN>
				<TOKEN end_char="3126" id="token-13-48" start_char="3118">statement</TOKEN>
				<TOKEN end_char="3127" id="token-13-49" start_char="3127">.</TOKEN>
			</SEG>
		</TEXT>
	</DOC>
</LCTL_TEXT>
