<?xml version="1.0" encoding="utf-8"?>
<LCTL_TEXT>
	<DOC id="20130320_WAPO_b807450e-919a-11e2-bdea-e32ad90da239">
		<TEXT>
			<SEG end_char="61" id="20130320_WAPO_b807450e-919a-11e2-bdea-e32ad90da239-0" start_char="0">
				<ORIGINAL_TEXT>Leukemia treatment shows good results in a handful of patients</ORIGINAL_TEXT>
				<TOKEN end_char="7" id="token-0-0" start_char="0">Leukemia</TOKEN>
				<TOKEN end_char="17" id="token-0-1" start_char="9">treatment</TOKEN>
				<TOKEN end_char="23" id="token-0-2" start_char="19">shows</TOKEN>
				<TOKEN end_char="28" id="token-0-3" start_char="25">good</TOKEN>
				<TOKEN end_char="36" id="token-0-4" start_char="30">results</TOKEN>
				<TOKEN end_char="39" id="token-0-5" start_char="38">in</TOKEN>
				<TOKEN end_char="41" id="token-0-6" start_char="41">a</TOKEN>
				<TOKEN end_char="49" id="token-0-7" start_char="43">handful</TOKEN>
				<TOKEN end_char="52" id="token-0-8" start_char="51">of</TOKEN>
				<TOKEN end_char="61" id="token-0-9" start_char="54">patients</TOKEN>
			</SEG>
			<SEG end_char="106" id="20130320_WAPO_b807450e-919a-11e2-bdea-e32ad90da239-1" start_char="63">
				<ORIGINAL_TEXT>Wednesday, March 20, 2013 19:54:39 GMT-05:00</ORIGINAL_TEXT>
				<TOKEN end_char="71" id="token-1-0" start_char="63">Wednesday</TOKEN>
				<TOKEN end_char="72" id="token-1-1" start_char="72">,</TOKEN>
				<TOKEN end_char="78" id="token-1-2" start_char="74">March</TOKEN>
				<TOKEN end_char="81" id="token-1-3" start_char="80">20</TOKEN>
				<TOKEN end_char="82" id="token-1-4" start_char="82">,</TOKEN>
				<TOKEN end_char="87" id="token-1-5" start_char="84">2013</TOKEN>
				<TOKEN end_char="90" id="token-1-6" start_char="89">19</TOKEN>
				<TOKEN end_char="91" id="token-1-7" start_char="91">:</TOKEN>
				<TOKEN end_char="93" id="token-1-8" start_char="92">54</TOKEN>
				<TOKEN end_char="94" id="token-1-9" start_char="94">:</TOKEN>
				<TOKEN end_char="96" id="token-1-10" start_char="95">39</TOKEN>
				<TOKEN end_char="100" id="token-1-11" start_char="98">GMT</TOKEN>
				<TOKEN end_char="101" id="token-1-12" start_char="101">-</TOKEN>
				<TOKEN end_char="103" id="token-1-13" start_char="102">05</TOKEN>
				<TOKEN end_char="104" id="token-1-14" start_char="104">:</TOKEN>
				<TOKEN end_char="106" id="token-1-15" start_char="105">00</TOKEN>
			</SEG>
			<SEG end_char="300" id="20130320_WAPO_b807450e-919a-11e2-bdea-e32ad90da239-2" start_char="108">
				<ORIGINAL_TEXT>A leukemia therapy in which a patient’s lymphocytes are genetically modified to attack the tumor cells causing the disease has shown dramatic effects in five patients, according to a new study.</ORIGINAL_TEXT>
				<TOKEN end_char="108" id="token-2-0" start_char="108">A</TOKEN>
				<TOKEN end_char="117" id="token-2-1" start_char="110">leukemia</TOKEN>
				<TOKEN end_char="125" id="token-2-2" start_char="119">therapy</TOKEN>
				<TOKEN end_char="128" id="token-2-3" start_char="127">in</TOKEN>
				<TOKEN end_char="134" id="token-2-4" start_char="130">which</TOKEN>
				<TOKEN end_char="136" id="token-2-5" start_char="136">a</TOKEN>
				<TOKEN end_char="144" id="token-2-6" start_char="138">patient</TOKEN>
				<TOKEN end_char="145" id="token-2-7" start_char="145">’</TOKEN>
				<TOKEN end_char="146" id="token-2-8" start_char="146">s</TOKEN>
				<TOKEN end_char="158" id="token-2-9" start_char="148">lymphocytes</TOKEN>
				<TOKEN end_char="162" id="token-2-10" start_char="160">are</TOKEN>
				<TOKEN end_char="174" id="token-2-11" start_char="164">genetically</TOKEN>
				<TOKEN end_char="183" id="token-2-12" start_char="176">modified</TOKEN>
				<TOKEN end_char="186" id="token-2-13" start_char="185">to</TOKEN>
				<TOKEN end_char="193" id="token-2-14" start_char="188">attack</TOKEN>
				<TOKEN end_char="197" id="token-2-15" start_char="195">the</TOKEN>
				<TOKEN end_char="203" id="token-2-16" start_char="199">tumor</TOKEN>
				<TOKEN end_char="209" id="token-2-17" start_char="205">cells</TOKEN>
				<TOKEN end_char="217" id="token-2-18" start_char="211">causing</TOKEN>
				<TOKEN end_char="221" id="token-2-19" start_char="219">the</TOKEN>
				<TOKEN end_char="229" id="token-2-20" start_char="223">disease</TOKEN>
				<TOKEN end_char="233" id="token-2-21" start_char="231">has</TOKEN>
				<TOKEN end_char="239" id="token-2-22" start_char="235">shown</TOKEN>
				<TOKEN end_char="248" id="token-2-23" start_char="241">dramatic</TOKEN>
				<TOKEN end_char="256" id="token-2-24" start_char="250">effects</TOKEN>
				<TOKEN end_char="259" id="token-2-25" start_char="258">in</TOKEN>
				<TOKEN end_char="264" id="token-2-26" start_char="261">five</TOKEN>
				<TOKEN end_char="273" id="token-2-27" start_char="266">patients</TOKEN>
				<TOKEN end_char="274" id="token-2-28" start_char="274">,</TOKEN>
				<TOKEN end_char="284" id="token-2-29" start_char="276">according</TOKEN>
				<TOKEN end_char="287" id="token-2-30" start_char="286">to</TOKEN>
				<TOKEN end_char="289" id="token-2-31" start_char="289">a</TOKEN>
				<TOKEN end_char="293" id="token-2-32" start_char="291">new</TOKEN>
				<TOKEN end_char="299" id="token-2-33" start_char="295">study</TOKEN>
				<TOKEN end_char="300" id="token-2-34" start_char="300">.</TOKEN>
			</SEG>
			<SEG end_char="525" id="20130320_WAPO_b807450e-919a-11e2-bdea-e32ad90da239-3" start_char="302">
				<ORIGINAL_TEXT>The treatment appeared to eliminate cancer cells that had grown back after initially being beaten down by chemotherapy. Patients were then able to undergo bone marrow transplants, a grueling but sometimes curative procedure.</ORIGINAL_TEXT>
				<TOKEN end_char="304" id="token-3-0" start_char="302">The</TOKEN>
				<TOKEN end_char="314" id="token-3-1" start_char="306">treatment</TOKEN>
				<TOKEN end_char="323" id="token-3-2" start_char="316">appeared</TOKEN>
				<TOKEN end_char="326" id="token-3-3" start_char="325">to</TOKEN>
				<TOKEN end_char="336" id="token-3-4" start_char="328">eliminate</TOKEN>
				<TOKEN end_char="343" id="token-3-5" start_char="338">cancer</TOKEN>
				<TOKEN end_char="349" id="token-3-6" start_char="345">cells</TOKEN>
				<TOKEN end_char="354" id="token-3-7" start_char="351">that</TOKEN>
				<TOKEN end_char="358" id="token-3-8" start_char="356">had</TOKEN>
				<TOKEN end_char="364" id="token-3-9" start_char="360">grown</TOKEN>
				<TOKEN end_char="369" id="token-3-10" start_char="366">back</TOKEN>
				<TOKEN end_char="375" id="token-3-11" start_char="371">after</TOKEN>
				<TOKEN end_char="385" id="token-3-12" start_char="377">initially</TOKEN>
				<TOKEN end_char="391" id="token-3-13" start_char="387">being</TOKEN>
				<TOKEN end_char="398" id="token-3-14" start_char="393">beaten</TOKEN>
				<TOKEN end_char="403" id="token-3-15" start_char="400">down</TOKEN>
				<TOKEN end_char="406" id="token-3-16" start_char="405">by</TOKEN>
				<TOKEN end_char="419" id="token-3-17" start_char="408">chemotherapy</TOKEN>
				<TOKEN end_char="420" id="token-3-18" start_char="420">.</TOKEN>
				<TOKEN end_char="429" id="token-3-19" start_char="422">Patients</TOKEN>
				<TOKEN end_char="434" id="token-3-20" start_char="431">were</TOKEN>
				<TOKEN end_char="439" id="token-3-21" start_char="436">then</TOKEN>
				<TOKEN end_char="444" id="token-3-22" start_char="441">able</TOKEN>
				<TOKEN end_char="447" id="token-3-23" start_char="446">to</TOKEN>
				<TOKEN end_char="455" id="token-3-24" start_char="449">undergo</TOKEN>
				<TOKEN end_char="460" id="token-3-25" start_char="457">bone</TOKEN>
				<TOKEN end_char="467" id="token-3-26" start_char="462">marrow</TOKEN>
				<TOKEN end_char="479" id="token-3-27" start_char="469">transplants</TOKEN>
				<TOKEN end_char="480" id="token-3-28" start_char="480">,</TOKEN>
				<TOKEN end_char="482" id="token-3-29" start_char="482">a</TOKEN>
				<TOKEN end_char="491" id="token-3-30" start_char="484">grueling</TOKEN>
				<TOKEN end_char="495" id="token-3-31" start_char="493">but</TOKEN>
				<TOKEN end_char="505" id="token-3-32" start_char="497">sometimes</TOKEN>
				<TOKEN end_char="514" id="token-3-33" start_char="507">curative</TOKEN>
				<TOKEN end_char="524" id="token-3-34" start_char="516">procedure</TOKEN>
				<TOKEN end_char="525" id="token-3-35" start_char="525">.</TOKEN>
			</SEG>
			<SEG end_char="634" id="20130320_WAPO_b807450e-919a-11e2-bdea-e32ad90da239-4" start_char="527">
				<ORIGINAL_TEXT>Might the “immunotherapy” have been curative on its own? That’s the biggest of several unanswered questions.</ORIGINAL_TEXT>
				<TOKEN end_char="531" id="token-4-0" start_char="527">Might</TOKEN>
				<TOKEN end_char="535" id="token-4-1" start_char="533">the</TOKEN>
				<TOKEN end_char="537" id="token-4-2" start_char="537">“</TOKEN>
				<TOKEN end_char="550" id="token-4-3" start_char="538">immunotherapy</TOKEN>
				<TOKEN end_char="551" id="token-4-4" start_char="551">”</TOKEN>
				<TOKEN end_char="556" id="token-4-5" start_char="553">have</TOKEN>
				<TOKEN end_char="561" id="token-4-6" start_char="558">been</TOKEN>
				<TOKEN end_char="570" id="token-4-7" start_char="563">curative</TOKEN>
				<TOKEN end_char="573" id="token-4-8" start_char="572">on</TOKEN>
				<TOKEN end_char="577" id="token-4-9" start_char="575">its</TOKEN>
				<TOKEN end_char="581" id="token-4-10" start_char="579">own</TOKEN>
				<TOKEN end_char="582" id="token-4-11" start_char="582">?</TOKEN>
				<TOKEN end_char="587" id="token-4-12" start_char="584">That</TOKEN>
				<TOKEN end_char="588" id="token-4-13" start_char="588">’</TOKEN>
				<TOKEN end_char="589" id="token-4-14" start_char="589">s</TOKEN>
				<TOKEN end_char="593" id="token-4-15" start_char="591">the</TOKEN>
				<TOKEN end_char="601" id="token-4-16" start_char="595">biggest</TOKEN>
				<TOKEN end_char="604" id="token-4-17" start_char="603">of</TOKEN>
				<TOKEN end_char="612" id="token-4-18" start_char="606">several</TOKEN>
				<TOKEN end_char="623" id="token-4-19" start_char="614">unanswered</TOKEN>
				<TOKEN end_char="633" id="token-4-20" start_char="625">questions</TOKEN>
				<TOKEN end_char="634" id="token-4-21" start_char="634">.</TOKEN>
			</SEG>
			<SEG end_char="898" id="20130320_WAPO_b807450e-919a-11e2-bdea-e32ad90da239-5" start_char="636">
				<ORIGINAL_TEXT>“I’m banking on it,” said Renier J. Brentjens, an oncologist at Memorial Sloan-Kettering Cancer Center in New York, who led the study reported in Science Translational Medicine. “My goal is to remove bone marrow transplant as a requirement to treat this disease.”</ORIGINAL_TEXT>
				<TOKEN end_char="636" id="token-5-0" start_char="636">“</TOKEN>
				<TOKEN end_char="637" id="token-5-1" start_char="637">I</TOKEN>
				<TOKEN end_char="638" id="token-5-2" start_char="638">’</TOKEN>
				<TOKEN end_char="639" id="token-5-3" start_char="639">m</TOKEN>
				<TOKEN end_char="647" id="token-5-4" start_char="641">banking</TOKEN>
				<TOKEN end_char="650" id="token-5-5" start_char="649">on</TOKEN>
				<TOKEN end_char="653" id="token-5-6" start_char="652">it</TOKEN>
				<TOKEN end_char="655" id="token-5-7" start_char="654">,”</TOKEN>
				<TOKEN end_char="660" id="token-5-8" start_char="657">said</TOKEN>
				<TOKEN end_char="667" id="token-5-9" start_char="662">Renier</TOKEN>
				<TOKEN end_char="669" id="token-5-10" start_char="669">J</TOKEN>
				<TOKEN end_char="670" id="token-5-11" start_char="670">.</TOKEN>
				<TOKEN end_char="680" id="token-5-12" start_char="672">Brentjens</TOKEN>
				<TOKEN end_char="681" id="token-5-13" start_char="681">,</TOKEN>
				<TOKEN end_char="684" id="token-5-14" start_char="683">an</TOKEN>
				<TOKEN end_char="695" id="token-5-15" start_char="686">oncologist</TOKEN>
				<TOKEN end_char="698" id="token-5-16" start_char="697">at</TOKEN>
				<TOKEN end_char="707" id="token-5-17" start_char="700">Memorial</TOKEN>
				<TOKEN end_char="713" id="token-5-18" start_char="709">Sloan</TOKEN>
				<TOKEN end_char="714" id="token-5-19" start_char="714">-</TOKEN>
				<TOKEN end_char="723" id="token-5-20" start_char="715">Kettering</TOKEN>
				<TOKEN end_char="730" id="token-5-21" start_char="725">Cancer</TOKEN>
				<TOKEN end_char="737" id="token-5-22" start_char="732">Center</TOKEN>
				<TOKEN end_char="740" id="token-5-23" start_char="739">in</TOKEN>
				<TOKEN end_char="744" id="token-5-24" start_char="742">New</TOKEN>
				<TOKEN end_char="749" id="token-5-25" start_char="746">York</TOKEN>
				<TOKEN end_char="750" id="token-5-26" start_char="750">,</TOKEN>
				<TOKEN end_char="754" id="token-5-27" start_char="752">who</TOKEN>
				<TOKEN end_char="758" id="token-5-28" start_char="756">led</TOKEN>
				<TOKEN end_char="762" id="token-5-29" start_char="760">the</TOKEN>
				<TOKEN end_char="768" id="token-5-30" start_char="764">study</TOKEN>
				<TOKEN end_char="777" id="token-5-31" start_char="770">reported</TOKEN>
				<TOKEN end_char="780" id="token-5-32" start_char="779">in</TOKEN>
				<TOKEN end_char="788" id="token-5-33" start_char="782">Science</TOKEN>
				<TOKEN end_char="802" id="token-5-34" start_char="790">Translational</TOKEN>
				<TOKEN end_char="811" id="token-5-35" start_char="804">Medicine</TOKEN>
				<TOKEN end_char="812" id="token-5-36" start_char="812">.</TOKEN>
				<TOKEN end_char="814" id="token-5-37" start_char="814">“</TOKEN>
				<TOKEN end_char="816" id="token-5-38" start_char="815">My</TOKEN>
				<TOKEN end_char="821" id="token-5-39" start_char="818">goal</TOKEN>
				<TOKEN end_char="824" id="token-5-40" start_char="823">is</TOKEN>
				<TOKEN end_char="827" id="token-5-41" start_char="826">to</TOKEN>
				<TOKEN end_char="834" id="token-5-42" start_char="829">remove</TOKEN>
				<TOKEN end_char="839" id="token-5-43" start_char="836">bone</TOKEN>
				<TOKEN end_char="846" id="token-5-44" start_char="841">marrow</TOKEN>
				<TOKEN end_char="857" id="token-5-45" start_char="848">transplant</TOKEN>
				<TOKEN end_char="860" id="token-5-46" start_char="859">as</TOKEN>
				<TOKEN end_char="862" id="token-5-47" start_char="862">a</TOKEN>
				<TOKEN end_char="874" id="token-5-48" start_char="864">requirement</TOKEN>
				<TOKEN end_char="877" id="token-5-49" start_char="876">to</TOKEN>
				<TOKEN end_char="883" id="token-5-50" start_char="879">treat</TOKEN>
				<TOKEN end_char="888" id="token-5-51" start_char="885">this</TOKEN>
				<TOKEN end_char="896" id="token-5-52" start_char="890">disease</TOKEN>
				<TOKEN end_char="898" id="token-5-53" start_char="897">.”</TOKEN>
			</SEG>
			<SEG end_char="1123" id="20130320_WAPO_b807450e-919a-11e2-bdea-e32ad90da239-6" start_char="900">
				<ORIGINAL_TEXT>The four people had B-cell acute lymphoblastic leukemia, a blood cancer in which fewer than one-third of patients survive five years. All had gotten conventional chemotherapy, gone into temporary remission and then relapsed.</ORIGINAL_TEXT>
				<TOKEN end_char="902" id="token-6-0" start_char="900">The</TOKEN>
				<TOKEN end_char="907" id="token-6-1" start_char="904">four</TOKEN>
				<TOKEN end_char="914" id="token-6-2" start_char="909">people</TOKEN>
				<TOKEN end_char="918" id="token-6-3" start_char="916">had</TOKEN>
				<TOKEN end_char="920" id="token-6-4" start_char="920">B</TOKEN>
				<TOKEN end_char="921" id="token-6-5" start_char="921">-</TOKEN>
				<TOKEN end_char="925" id="token-6-6" start_char="922">cell</TOKEN>
				<TOKEN end_char="931" id="token-6-7" start_char="927">acute</TOKEN>
				<TOKEN end_char="945" id="token-6-8" start_char="933">lymphoblastic</TOKEN>
				<TOKEN end_char="954" id="token-6-9" start_char="947">leukemia</TOKEN>
				<TOKEN end_char="955" id="token-6-10" start_char="955">,</TOKEN>
				<TOKEN end_char="957" id="token-6-11" start_char="957">a</TOKEN>
				<TOKEN end_char="963" id="token-6-12" start_char="959">blood</TOKEN>
				<TOKEN end_char="970" id="token-6-13" start_char="965">cancer</TOKEN>
				<TOKEN end_char="973" id="token-6-14" start_char="972">in</TOKEN>
				<TOKEN end_char="979" id="token-6-15" start_char="975">which</TOKEN>
				<TOKEN end_char="985" id="token-6-16" start_char="981">fewer</TOKEN>
				<TOKEN end_char="990" id="token-6-17" start_char="987">than</TOKEN>
				<TOKEN end_char="994" id="token-6-18" start_char="992">one</TOKEN>
				<TOKEN end_char="995" id="token-6-19" start_char="995">-</TOKEN>
				<TOKEN end_char="1000" id="token-6-20" start_char="996">third</TOKEN>
				<TOKEN end_char="1003" id="token-6-21" start_char="1002">of</TOKEN>
				<TOKEN end_char="1012" id="token-6-22" start_char="1005">patients</TOKEN>
				<TOKEN end_char="1020" id="token-6-23" start_char="1014">survive</TOKEN>
				<TOKEN end_char="1025" id="token-6-24" start_char="1022">five</TOKEN>
				<TOKEN end_char="1031" id="token-6-25" start_char="1027">years</TOKEN>
				<TOKEN end_char="1032" id="token-6-26" start_char="1032">.</TOKEN>
				<TOKEN end_char="1036" id="token-6-27" start_char="1034">All</TOKEN>
				<TOKEN end_char="1040" id="token-6-28" start_char="1038">had</TOKEN>
				<TOKEN end_char="1047" id="token-6-29" start_char="1042">gotten</TOKEN>
				<TOKEN end_char="1060" id="token-6-30" start_char="1049">conventional</TOKEN>
				<TOKEN end_char="1073" id="token-6-31" start_char="1062">chemotherapy</TOKEN>
				<TOKEN end_char="1074" id="token-6-32" start_char="1074">,</TOKEN>
				<TOKEN end_char="1079" id="token-6-33" start_char="1076">gone</TOKEN>
				<TOKEN end_char="1084" id="token-6-34" start_char="1081">into</TOKEN>
				<TOKEN end_char="1094" id="token-6-35" start_char="1086">temporary</TOKEN>
				<TOKEN end_char="1104" id="token-6-36" start_char="1096">remission</TOKEN>
				<TOKEN end_char="1108" id="token-6-37" start_char="1106">and</TOKEN>
				<TOKEN end_char="1113" id="token-6-38" start_char="1110">then</TOKEN>
				<TOKEN end_char="1122" id="token-6-39" start_char="1115">relapsed</TOKEN>
				<TOKEN end_char="1123" id="token-6-40" start_char="1123">.</TOKEN>
			</SEG>
			<SEG end_char="1236" id="20130320_WAPO_b807450e-919a-11e2-bdea-e32ad90da239-7" start_char="1125">
				<ORIGINAL_TEXT>“These patients have what we term virtually terminal illness, with survival measured in months,” Brentjens said.</ORIGINAL_TEXT>
				<TOKEN end_char="1125" id="token-7-0" start_char="1125">“</TOKEN>
				<TOKEN end_char="1130" id="token-7-1" start_char="1126">These</TOKEN>
				<TOKEN end_char="1139" id="token-7-2" start_char="1132">patients</TOKEN>
				<TOKEN end_char="1144" id="token-7-3" start_char="1141">have</TOKEN>
				<TOKEN end_char="1149" id="token-7-4" start_char="1146">what</TOKEN>
				<TOKEN end_char="1152" id="token-7-5" start_char="1151">we</TOKEN>
				<TOKEN end_char="1157" id="token-7-6" start_char="1154">term</TOKEN>
				<TOKEN end_char="1167" id="token-7-7" start_char="1159">virtually</TOKEN>
				<TOKEN end_char="1176" id="token-7-8" start_char="1169">terminal</TOKEN>
				<TOKEN end_char="1184" id="token-7-9" start_char="1178">illness</TOKEN>
				<TOKEN end_char="1185" id="token-7-10" start_char="1185">,</TOKEN>
				<TOKEN end_char="1190" id="token-7-11" start_char="1187">with</TOKEN>
				<TOKEN end_char="1199" id="token-7-12" start_char="1192">survival</TOKEN>
				<TOKEN end_char="1208" id="token-7-13" start_char="1201">measured</TOKEN>
				<TOKEN end_char="1211" id="token-7-14" start_char="1210">in</TOKEN>
				<TOKEN end_char="1218" id="token-7-15" start_char="1213">months</TOKEN>
				<TOKEN end_char="1220" id="token-7-16" start_char="1219">,”</TOKEN>
				<TOKEN end_char="1230" id="token-7-17" start_char="1222">Brentjens</TOKEN>
				<TOKEN end_char="1235" id="token-7-18" start_char="1232">said</TOKEN>
				<TOKEN end_char="1236" id="token-7-19" start_char="1236">.</TOKEN>
			</SEG>
			<SEG end_char="1537" id="20130320_WAPO_b807450e-919a-11e2-bdea-e32ad90da239-8" start_char="1238">
				<ORIGINAL_TEXT>In the experimental treatment, immune system cells called T lymphocytes were filtered from the bloodstream of each patient. Using a virus to deliver the gene, the cells were then genetically altered so they carried on their surfaces a molecular receptor allowing them to attach to the leukemia cells.</ORIGINAL_TEXT>
				<TOKEN end_char="1239" id="token-8-0" start_char="1238">In</TOKEN>
				<TOKEN end_char="1243" id="token-8-1" start_char="1241">the</TOKEN>
				<TOKEN end_char="1256" id="token-8-2" start_char="1245">experimental</TOKEN>
				<TOKEN end_char="1266" id="token-8-3" start_char="1258">treatment</TOKEN>
				<TOKEN end_char="1267" id="token-8-4" start_char="1267">,</TOKEN>
				<TOKEN end_char="1274" id="token-8-5" start_char="1269">immune</TOKEN>
				<TOKEN end_char="1281" id="token-8-6" start_char="1276">system</TOKEN>
				<TOKEN end_char="1287" id="token-8-7" start_char="1283">cells</TOKEN>
				<TOKEN end_char="1294" id="token-8-8" start_char="1289">called</TOKEN>
				<TOKEN end_char="1296" id="token-8-9" start_char="1296">T</TOKEN>
				<TOKEN end_char="1308" id="token-8-10" start_char="1298">lymphocytes</TOKEN>
				<TOKEN end_char="1313" id="token-8-11" start_char="1310">were</TOKEN>
				<TOKEN end_char="1322" id="token-8-12" start_char="1315">filtered</TOKEN>
				<TOKEN end_char="1327" id="token-8-13" start_char="1324">from</TOKEN>
				<TOKEN end_char="1331" id="token-8-14" start_char="1329">the</TOKEN>
				<TOKEN end_char="1343" id="token-8-15" start_char="1333">bloodstream</TOKEN>
				<TOKEN end_char="1346" id="token-8-16" start_char="1345">of</TOKEN>
				<TOKEN end_char="1351" id="token-8-17" start_char="1348">each</TOKEN>
				<TOKEN end_char="1359" id="token-8-18" start_char="1353">patient</TOKEN>
				<TOKEN end_char="1360" id="token-8-19" start_char="1360">.</TOKEN>
				<TOKEN end_char="1366" id="token-8-20" start_char="1362">Using</TOKEN>
				<TOKEN end_char="1368" id="token-8-21" start_char="1368">a</TOKEN>
				<TOKEN end_char="1374" id="token-8-22" start_char="1370">virus</TOKEN>
				<TOKEN end_char="1377" id="token-8-23" start_char="1376">to</TOKEN>
				<TOKEN end_char="1385" id="token-8-24" start_char="1379">deliver</TOKEN>
				<TOKEN end_char="1389" id="token-8-25" start_char="1387">the</TOKEN>
				<TOKEN end_char="1394" id="token-8-26" start_char="1391">gene</TOKEN>
				<TOKEN end_char="1395" id="token-8-27" start_char="1395">,</TOKEN>
				<TOKEN end_char="1399" id="token-8-28" start_char="1397">the</TOKEN>
				<TOKEN end_char="1405" id="token-8-29" start_char="1401">cells</TOKEN>
				<TOKEN end_char="1410" id="token-8-30" start_char="1407">were</TOKEN>
				<TOKEN end_char="1415" id="token-8-31" start_char="1412">then</TOKEN>
				<TOKEN end_char="1427" id="token-8-32" start_char="1417">genetically</TOKEN>
				<TOKEN end_char="1435" id="token-8-33" start_char="1429">altered</TOKEN>
				<TOKEN end_char="1438" id="token-8-34" start_char="1437">so</TOKEN>
				<TOKEN end_char="1443" id="token-8-35" start_char="1440">they</TOKEN>
				<TOKEN end_char="1451" id="token-8-36" start_char="1445">carried</TOKEN>
				<TOKEN end_char="1454" id="token-8-37" start_char="1453">on</TOKEN>
				<TOKEN end_char="1460" id="token-8-38" start_char="1456">their</TOKEN>
				<TOKEN end_char="1469" id="token-8-39" start_char="1462">surfaces</TOKEN>
				<TOKEN end_char="1471" id="token-8-40" start_char="1471">a</TOKEN>
				<TOKEN end_char="1481" id="token-8-41" start_char="1473">molecular</TOKEN>
				<TOKEN end_char="1490" id="token-8-42" start_char="1483">receptor</TOKEN>
				<TOKEN end_char="1499" id="token-8-43" start_char="1492">allowing</TOKEN>
				<TOKEN end_char="1504" id="token-8-44" start_char="1501">them</TOKEN>
				<TOKEN end_char="1507" id="token-8-45" start_char="1506">to</TOKEN>
				<TOKEN end_char="1514" id="token-8-46" start_char="1509">attach</TOKEN>
				<TOKEN end_char="1517" id="token-8-47" start_char="1516">to</TOKEN>
				<TOKEN end_char="1521" id="token-8-48" start_char="1519">the</TOKEN>
				<TOKEN end_char="1530" id="token-8-49" start_char="1523">leukemia</TOKEN>
				<TOKEN end_char="1536" id="token-8-50" start_char="1532">cells</TOKEN>
				<TOKEN end_char="1537" id="token-8-51" start_char="1537">.</TOKEN>
			</SEG>
			<SEG end_char="1698" id="20130320_WAPO_b807450e-919a-11e2-bdea-e32ad90da239-9" start_char="1539">
				<ORIGINAL_TEXT>The lymphocytes were then infused back into the bloodstream. They homed in on the cancer cells and killed them. They also replicated, making more of themselves.</ORIGINAL_TEXT>
				<TOKEN end_char="1541" id="token-9-0" start_char="1539">The</TOKEN>
				<TOKEN end_char="1553" id="token-9-1" start_char="1543">lymphocytes</TOKEN>
				<TOKEN end_char="1558" id="token-9-2" start_char="1555">were</TOKEN>
				<TOKEN end_char="1563" id="token-9-3" start_char="1560">then</TOKEN>
				<TOKEN end_char="1571" id="token-9-4" start_char="1565">infused</TOKEN>
				<TOKEN end_char="1576" id="token-9-5" start_char="1573">back</TOKEN>
				<TOKEN end_char="1581" id="token-9-6" start_char="1578">into</TOKEN>
				<TOKEN end_char="1585" id="token-9-7" start_char="1583">the</TOKEN>
				<TOKEN end_char="1597" id="token-9-8" start_char="1587">bloodstream</TOKEN>
				<TOKEN end_char="1598" id="token-9-9" start_char="1598">.</TOKEN>
				<TOKEN end_char="1603" id="token-9-10" start_char="1600">They</TOKEN>
				<TOKEN end_char="1609" id="token-9-11" start_char="1605">homed</TOKEN>
				<TOKEN end_char="1612" id="token-9-12" start_char="1611">in</TOKEN>
				<TOKEN end_char="1615" id="token-9-13" start_char="1614">on</TOKEN>
				<TOKEN end_char="1619" id="token-9-14" start_char="1617">the</TOKEN>
				<TOKEN end_char="1626" id="token-9-15" start_char="1621">cancer</TOKEN>
				<TOKEN end_char="1632" id="token-9-16" start_char="1628">cells</TOKEN>
				<TOKEN end_char="1636" id="token-9-17" start_char="1634">and</TOKEN>
				<TOKEN end_char="1643" id="token-9-18" start_char="1638">killed</TOKEN>
				<TOKEN end_char="1648" id="token-9-19" start_char="1645">them</TOKEN>
				<TOKEN end_char="1649" id="token-9-20" start_char="1649">.</TOKEN>
				<TOKEN end_char="1654" id="token-9-21" start_char="1651">They</TOKEN>
				<TOKEN end_char="1659" id="token-9-22" start_char="1656">also</TOKEN>
				<TOKEN end_char="1670" id="token-9-23" start_char="1661">replicated</TOKEN>
				<TOKEN end_char="1671" id="token-9-24" start_char="1671">,</TOKEN>
				<TOKEN end_char="1678" id="token-9-25" start_char="1673">making</TOKEN>
				<TOKEN end_char="1683" id="token-9-26" start_char="1680">more</TOKEN>
				<TOKEN end_char="1686" id="token-9-27" start_char="1685">of</TOKEN>
				<TOKEN end_char="1697" id="token-9-28" start_char="1688">themselves</TOKEN>
				<TOKEN end_char="1698" id="token-9-29" start_char="1698">.</TOKEN>
			</SEG>
			<SEG end_char="2035" id="20130320_WAPO_b807450e-919a-11e2-bdea-e32ad90da239-10" start_char="1700">
				<ORIGINAL_TEXT>In two patients, the effects were especially notable. Before the treatment, more than 60 percent of the cells in their bone marrow, where leukemia originates, were cancer cells. Eight days after the treatment, no cancer cells were seen under the microscope. Within two months, even the most sensitive molecular search couldn’t find any.</ORIGINAL_TEXT>
				<TOKEN end_char="1701" id="token-10-0" start_char="1700">In</TOKEN>
				<TOKEN end_char="1705" id="token-10-1" start_char="1703">two</TOKEN>
				<TOKEN end_char="1714" id="token-10-2" start_char="1707">patients</TOKEN>
				<TOKEN end_char="1715" id="token-10-3" start_char="1715">,</TOKEN>
				<TOKEN end_char="1719" id="token-10-4" start_char="1717">the</TOKEN>
				<TOKEN end_char="1727" id="token-10-5" start_char="1721">effects</TOKEN>
				<TOKEN end_char="1732" id="token-10-6" start_char="1729">were</TOKEN>
				<TOKEN end_char="1743" id="token-10-7" start_char="1734">especially</TOKEN>
				<TOKEN end_char="1751" id="token-10-8" start_char="1745">notable</TOKEN>
				<TOKEN end_char="1752" id="token-10-9" start_char="1752">.</TOKEN>
				<TOKEN end_char="1759" id="token-10-10" start_char="1754">Before</TOKEN>
				<TOKEN end_char="1763" id="token-10-11" start_char="1761">the</TOKEN>
				<TOKEN end_char="1773" id="token-10-12" start_char="1765">treatment</TOKEN>
				<TOKEN end_char="1774" id="token-10-13" start_char="1774">,</TOKEN>
				<TOKEN end_char="1779" id="token-10-14" start_char="1776">more</TOKEN>
				<TOKEN end_char="1784" id="token-10-15" start_char="1781">than</TOKEN>
				<TOKEN end_char="1787" id="token-10-16" start_char="1786">60</TOKEN>
				<TOKEN end_char="1795" id="token-10-17" start_char="1789">percent</TOKEN>
				<TOKEN end_char="1798" id="token-10-18" start_char="1797">of</TOKEN>
				<TOKEN end_char="1802" id="token-10-19" start_char="1800">the</TOKEN>
				<TOKEN end_char="1808" id="token-10-20" start_char="1804">cells</TOKEN>
				<TOKEN end_char="1811" id="token-10-21" start_char="1810">in</TOKEN>
				<TOKEN end_char="1817" id="token-10-22" start_char="1813">their</TOKEN>
				<TOKEN end_char="1822" id="token-10-23" start_char="1819">bone</TOKEN>
				<TOKEN end_char="1829" id="token-10-24" start_char="1824">marrow</TOKEN>
				<TOKEN end_char="1830" id="token-10-25" start_char="1830">,</TOKEN>
				<TOKEN end_char="1836" id="token-10-26" start_char="1832">where</TOKEN>
				<TOKEN end_char="1845" id="token-10-27" start_char="1838">leukemia</TOKEN>
				<TOKEN end_char="1856" id="token-10-28" start_char="1847">originates</TOKEN>
				<TOKEN end_char="1857" id="token-10-29" start_char="1857">,</TOKEN>
				<TOKEN end_char="1862" id="token-10-30" start_char="1859">were</TOKEN>
				<TOKEN end_char="1869" id="token-10-31" start_char="1864">cancer</TOKEN>
				<TOKEN end_char="1875" id="token-10-32" start_char="1871">cells</TOKEN>
				<TOKEN end_char="1876" id="token-10-33" start_char="1876">.</TOKEN>
				<TOKEN end_char="1882" id="token-10-34" start_char="1878">Eight</TOKEN>
				<TOKEN end_char="1887" id="token-10-35" start_char="1884">days</TOKEN>
				<TOKEN end_char="1893" id="token-10-36" start_char="1889">after</TOKEN>
				<TOKEN end_char="1897" id="token-10-37" start_char="1895">the</TOKEN>
				<TOKEN end_char="1907" id="token-10-38" start_char="1899">treatment</TOKEN>
				<TOKEN end_char="1908" id="token-10-39" start_char="1908">,</TOKEN>
				<TOKEN end_char="1911" id="token-10-40" start_char="1910">no</TOKEN>
				<TOKEN end_char="1918" id="token-10-41" start_char="1913">cancer</TOKEN>
				<TOKEN end_char="1924" id="token-10-42" start_char="1920">cells</TOKEN>
				<TOKEN end_char="1929" id="token-10-43" start_char="1926">were</TOKEN>
				<TOKEN end_char="1934" id="token-10-44" start_char="1931">seen</TOKEN>
				<TOKEN end_char="1940" id="token-10-45" start_char="1936">under</TOKEN>
				<TOKEN end_char="1944" id="token-10-46" start_char="1942">the</TOKEN>
				<TOKEN end_char="1955" id="token-10-47" start_char="1946">microscope</TOKEN>
				<TOKEN end_char="1956" id="token-10-48" start_char="1956">.</TOKEN>
				<TOKEN end_char="1963" id="token-10-49" start_char="1958">Within</TOKEN>
				<TOKEN end_char="1967" id="token-10-50" start_char="1965">two</TOKEN>
				<TOKEN end_char="1974" id="token-10-51" start_char="1969">months</TOKEN>
				<TOKEN end_char="1975" id="token-10-52" start_char="1975">,</TOKEN>
				<TOKEN end_char="1980" id="token-10-53" start_char="1977">even</TOKEN>
				<TOKEN end_char="1984" id="token-10-54" start_char="1982">the</TOKEN>
				<TOKEN end_char="1989" id="token-10-55" start_char="1986">most</TOKEN>
				<TOKEN end_char="1999" id="token-10-56" start_char="1991">sensitive</TOKEN>
				<TOKEN end_char="2009" id="token-10-57" start_char="2001">molecular</TOKEN>
				<TOKEN end_char="2016" id="token-10-58" start_char="2011">search</TOKEN>
				<TOKEN end_char="2023" id="token-10-59" start_char="2018">couldn</TOKEN>
				<TOKEN end_char="2024" id="token-10-60" start_char="2024">’</TOKEN>
				<TOKEN end_char="2025" id="token-10-61" start_char="2025">t</TOKEN>
				<TOKEN end_char="2030" id="token-10-62" start_char="2027">find</TOKEN>
				<TOKEN end_char="2034" id="token-10-63" start_char="2032">any</TOKEN>
				<TOKEN end_char="2035" id="token-10-64" start_char="2035">.</TOKEN>
			</SEG>
			<SEG end_char="2315" id="20130320_WAPO_b807450e-919a-11e2-bdea-e32ad90da239-11" start_char="2037">
				<ORIGINAL_TEXT>Those two patients had a stormy course, however. In the process of killing billions of leukemia cells, the infused lymphocytes released a storm of hormones called cytokines, causing fever, blood pressure instability and other problems. Both patients spent time in intensive care.</ORIGINAL_TEXT>
				<TOKEN end_char="2041" id="token-11-0" start_char="2037">Those</TOKEN>
				<TOKEN end_char="2045" id="token-11-1" start_char="2043">two</TOKEN>
				<TOKEN end_char="2054" id="token-11-2" start_char="2047">patients</TOKEN>
				<TOKEN end_char="2058" id="token-11-3" start_char="2056">had</TOKEN>
				<TOKEN end_char="2060" id="token-11-4" start_char="2060">a</TOKEN>
				<TOKEN end_char="2067" id="token-11-5" start_char="2062">stormy</TOKEN>
				<TOKEN end_char="2074" id="token-11-6" start_char="2069">course</TOKEN>
				<TOKEN end_char="2075" id="token-11-7" start_char="2075">,</TOKEN>
				<TOKEN end_char="2083" id="token-11-8" start_char="2077">however</TOKEN>
				<TOKEN end_char="2084" id="token-11-9" start_char="2084">.</TOKEN>
				<TOKEN end_char="2087" id="token-11-10" start_char="2086">In</TOKEN>
				<TOKEN end_char="2091" id="token-11-11" start_char="2089">the</TOKEN>
				<TOKEN end_char="2099" id="token-11-12" start_char="2093">process</TOKEN>
				<TOKEN end_char="2102" id="token-11-13" start_char="2101">of</TOKEN>
				<TOKEN end_char="2110" id="token-11-14" start_char="2104">killing</TOKEN>
				<TOKEN end_char="2119" id="token-11-15" start_char="2112">billions</TOKEN>
				<TOKEN end_char="2122" id="token-11-16" start_char="2121">of</TOKEN>
				<TOKEN end_char="2131" id="token-11-17" start_char="2124">leukemia</TOKEN>
				<TOKEN end_char="2137" id="token-11-18" start_char="2133">cells</TOKEN>
				<TOKEN end_char="2138" id="token-11-19" start_char="2138">,</TOKEN>
				<TOKEN end_char="2142" id="token-11-20" start_char="2140">the</TOKEN>
				<TOKEN end_char="2150" id="token-11-21" start_char="2144">infused</TOKEN>
				<TOKEN end_char="2162" id="token-11-22" start_char="2152">lymphocytes</TOKEN>
				<TOKEN end_char="2171" id="token-11-23" start_char="2164">released</TOKEN>
				<TOKEN end_char="2173" id="token-11-24" start_char="2173">a</TOKEN>
				<TOKEN end_char="2179" id="token-11-25" start_char="2175">storm</TOKEN>
				<TOKEN end_char="2182" id="token-11-26" start_char="2181">of</TOKEN>
				<TOKEN end_char="2191" id="token-11-27" start_char="2184">hormones</TOKEN>
				<TOKEN end_char="2198" id="token-11-28" start_char="2193">called</TOKEN>
				<TOKEN end_char="2208" id="token-11-29" start_char="2200">cytokines</TOKEN>
				<TOKEN end_char="2209" id="token-11-30" start_char="2209">,</TOKEN>
				<TOKEN end_char="2217" id="token-11-31" start_char="2211">causing</TOKEN>
				<TOKEN end_char="2223" id="token-11-32" start_char="2219">fever</TOKEN>
				<TOKEN end_char="2224" id="token-11-33" start_char="2224">,</TOKEN>
				<TOKEN end_char="2230" id="token-11-34" start_char="2226">blood</TOKEN>
				<TOKEN end_char="2239" id="token-11-35" start_char="2232">pressure</TOKEN>
				<TOKEN end_char="2251" id="token-11-36" start_char="2241">instability</TOKEN>
				<TOKEN end_char="2255" id="token-11-37" start_char="2253">and</TOKEN>
				<TOKEN end_char="2261" id="token-11-38" start_char="2257">other</TOKEN>
				<TOKEN end_char="2270" id="token-11-39" start_char="2263">problems</TOKEN>
				<TOKEN end_char="2271" id="token-11-40" start_char="2271">.</TOKEN>
				<TOKEN end_char="2276" id="token-11-41" start_char="2273">Both</TOKEN>
				<TOKEN end_char="2285" id="token-11-42" start_char="2278">patients</TOKEN>
				<TOKEN end_char="2291" id="token-11-43" start_char="2287">spent</TOKEN>
				<TOKEN end_char="2296" id="token-11-44" start_char="2293">time</TOKEN>
				<TOKEN end_char="2299" id="token-11-45" start_char="2298">in</TOKEN>
				<TOKEN end_char="2309" id="token-11-46" start_char="2301">intensive</TOKEN>
				<TOKEN end_char="2314" id="token-11-47" start_char="2311">care</TOKEN>
				<TOKEN end_char="2315" id="token-11-48" start_char="2315">.</TOKEN>
			</SEG>
			<SEG end_char="2560" id="20130320_WAPO_b807450e-919a-11e2-bdea-e32ad90da239-12" start_char="2317">
				<ORIGINAL_TEXT>The plan all along was to have the patients undergo bone marrow transplants. Four of the five patients in the study did. One subsequently died of a blood clot in the lungs. The other three are alive, five to 24 months after their immunotherapy.</ORIGINAL_TEXT>
				<TOKEN end_char="2319" id="token-12-0" start_char="2317">The</TOKEN>
				<TOKEN end_char="2324" id="token-12-1" start_char="2321">plan</TOKEN>
				<TOKEN end_char="2328" id="token-12-2" start_char="2326">all</TOKEN>
				<TOKEN end_char="2334" id="token-12-3" start_char="2330">along</TOKEN>
				<TOKEN end_char="2338" id="token-12-4" start_char="2336">was</TOKEN>
				<TOKEN end_char="2341" id="token-12-5" start_char="2340">to</TOKEN>
				<TOKEN end_char="2346" id="token-12-6" start_char="2343">have</TOKEN>
				<TOKEN end_char="2350" id="token-12-7" start_char="2348">the</TOKEN>
				<TOKEN end_char="2359" id="token-12-8" start_char="2352">patients</TOKEN>
				<TOKEN end_char="2367" id="token-12-9" start_char="2361">undergo</TOKEN>
				<TOKEN end_char="2372" id="token-12-10" start_char="2369">bone</TOKEN>
				<TOKEN end_char="2379" id="token-12-11" start_char="2374">marrow</TOKEN>
				<TOKEN end_char="2391" id="token-12-12" start_char="2381">transplants</TOKEN>
				<TOKEN end_char="2392" id="token-12-13" start_char="2392">.</TOKEN>
				<TOKEN end_char="2397" id="token-12-14" start_char="2394">Four</TOKEN>
				<TOKEN end_char="2400" id="token-12-15" start_char="2399">of</TOKEN>
				<TOKEN end_char="2404" id="token-12-16" start_char="2402">the</TOKEN>
				<TOKEN end_char="2409" id="token-12-17" start_char="2406">five</TOKEN>
				<TOKEN end_char="2418" id="token-12-18" start_char="2411">patients</TOKEN>
				<TOKEN end_char="2421" id="token-12-19" start_char="2420">in</TOKEN>
				<TOKEN end_char="2425" id="token-12-20" start_char="2423">the</TOKEN>
				<TOKEN end_char="2431" id="token-12-21" start_char="2427">study</TOKEN>
				<TOKEN end_char="2435" id="token-12-22" start_char="2433">did</TOKEN>
				<TOKEN end_char="2436" id="token-12-23" start_char="2436">.</TOKEN>
				<TOKEN end_char="2440" id="token-12-24" start_char="2438">One</TOKEN>
				<TOKEN end_char="2453" id="token-12-25" start_char="2442">subsequently</TOKEN>
				<TOKEN end_char="2458" id="token-12-26" start_char="2455">died</TOKEN>
				<TOKEN end_char="2461" id="token-12-27" start_char="2460">of</TOKEN>
				<TOKEN end_char="2463" id="token-12-28" start_char="2463">a</TOKEN>
				<TOKEN end_char="2469" id="token-12-29" start_char="2465">blood</TOKEN>
				<TOKEN end_char="2474" id="token-12-30" start_char="2471">clot</TOKEN>
				<TOKEN end_char="2477" id="token-12-31" start_char="2476">in</TOKEN>
				<TOKEN end_char="2481" id="token-12-32" start_char="2479">the</TOKEN>
				<TOKEN end_char="2487" id="token-12-33" start_char="2483">lungs</TOKEN>
				<TOKEN end_char="2488" id="token-12-34" start_char="2488">.</TOKEN>
				<TOKEN end_char="2492" id="token-12-35" start_char="2490">The</TOKEN>
				<TOKEN end_char="2498" id="token-12-36" start_char="2494">other</TOKEN>
				<TOKEN end_char="2504" id="token-12-37" start_char="2500">three</TOKEN>
				<TOKEN end_char="2508" id="token-12-38" start_char="2506">are</TOKEN>
				<TOKEN end_char="2514" id="token-12-39" start_char="2510">alive</TOKEN>
				<TOKEN end_char="2515" id="token-12-40" start_char="2515">,</TOKEN>
				<TOKEN end_char="2520" id="token-12-41" start_char="2517">five</TOKEN>
				<TOKEN end_char="2523" id="token-12-42" start_char="2522">to</TOKEN>
				<TOKEN end_char="2526" id="token-12-43" start_char="2525">24</TOKEN>
				<TOKEN end_char="2533" id="token-12-44" start_char="2528">months</TOKEN>
				<TOKEN end_char="2539" id="token-12-45" start_char="2535">after</TOKEN>
				<TOKEN end_char="2545" id="token-12-46" start_char="2541">their</TOKEN>
				<TOKEN end_char="2559" id="token-12-47" start_char="2547">immunotherapy</TOKEN>
				<TOKEN end_char="2560" id="token-12-48" start_char="2560">.</TOKEN>
			</SEG>
			<SEG end_char="2760" id="20130320_WAPO_b807450e-919a-11e2-bdea-e32ad90da239-13" start_char="2562">
				<ORIGINAL_TEXT>“The obvious question is what would have happened if we did not give them a bone marrow transplant? Would we have cured them with the T cells alone? We don’t know the answer to that,” Brentjens said.</ORIGINAL_TEXT>
				<TOKEN end_char="2562" id="token-13-0" start_char="2562">“</TOKEN>
				<TOKEN end_char="2565" id="token-13-1" start_char="2563">The</TOKEN>
				<TOKEN end_char="2573" id="token-13-2" start_char="2567">obvious</TOKEN>
				<TOKEN end_char="2582" id="token-13-3" start_char="2575">question</TOKEN>
				<TOKEN end_char="2585" id="token-13-4" start_char="2584">is</TOKEN>
				<TOKEN end_char="2590" id="token-13-5" start_char="2587">what</TOKEN>
				<TOKEN end_char="2596" id="token-13-6" start_char="2592">would</TOKEN>
				<TOKEN end_char="2601" id="token-13-7" start_char="2598">have</TOKEN>
				<TOKEN end_char="2610" id="token-13-8" start_char="2603">happened</TOKEN>
				<TOKEN end_char="2613" id="token-13-9" start_char="2612">if</TOKEN>
				<TOKEN end_char="2616" id="token-13-10" start_char="2615">we</TOKEN>
				<TOKEN end_char="2620" id="token-13-11" start_char="2618">did</TOKEN>
				<TOKEN end_char="2624" id="token-13-12" start_char="2622">not</TOKEN>
				<TOKEN end_char="2629" id="token-13-13" start_char="2626">give</TOKEN>
				<TOKEN end_char="2634" id="token-13-14" start_char="2631">them</TOKEN>
				<TOKEN end_char="2636" id="token-13-15" start_char="2636">a</TOKEN>
				<TOKEN end_char="2641" id="token-13-16" start_char="2638">bone</TOKEN>
				<TOKEN end_char="2648" id="token-13-17" start_char="2643">marrow</TOKEN>
				<TOKEN end_char="2659" id="token-13-18" start_char="2650">transplant</TOKEN>
				<TOKEN end_char="2660" id="token-13-19" start_char="2660">?</TOKEN>
				<TOKEN end_char="2666" id="token-13-20" start_char="2662">Would</TOKEN>
				<TOKEN end_char="2669" id="token-13-21" start_char="2668">we</TOKEN>
				<TOKEN end_char="2674" id="token-13-22" start_char="2671">have</TOKEN>
				<TOKEN end_char="2680" id="token-13-23" start_char="2676">cured</TOKEN>
				<TOKEN end_char="2685" id="token-13-24" start_char="2682">them</TOKEN>
				<TOKEN end_char="2690" id="token-13-25" start_char="2687">with</TOKEN>
				<TOKEN end_char="2694" id="token-13-26" start_char="2692">the</TOKEN>
				<TOKEN end_char="2696" id="token-13-27" start_char="2696">T</TOKEN>
				<TOKEN end_char="2702" id="token-13-28" start_char="2698">cells</TOKEN>
				<TOKEN end_char="2708" id="token-13-29" start_char="2704">alone</TOKEN>
				<TOKEN end_char="2709" id="token-13-30" start_char="2709">?</TOKEN>
				<TOKEN end_char="2712" id="token-13-31" start_char="2711">We</TOKEN>
				<TOKEN end_char="2716" id="token-13-32" start_char="2714">don</TOKEN>
				<TOKEN end_char="2717" id="token-13-33" start_char="2717">’</TOKEN>
				<TOKEN end_char="2718" id="token-13-34" start_char="2718">t</TOKEN>
				<TOKEN end_char="2723" id="token-13-35" start_char="2720">know</TOKEN>
				<TOKEN end_char="2727" id="token-13-36" start_char="2725">the</TOKEN>
				<TOKEN end_char="2734" id="token-13-37" start_char="2729">answer</TOKEN>
				<TOKEN end_char="2737" id="token-13-38" start_char="2736">to</TOKEN>
				<TOKEN end_char="2742" id="token-13-39" start_char="2739">that</TOKEN>
				<TOKEN end_char="2744" id="token-13-40" start_char="2743">,”</TOKEN>
				<TOKEN end_char="2754" id="token-13-41" start_char="2746">Brentjens</TOKEN>
				<TOKEN end_char="2759" id="token-13-42" start_char="2756">said</TOKEN>
				<TOKEN end_char="2760" id="token-13-43" start_char="2760">.</TOKEN>
			</SEG>
			<SEG end_char="2853" id="20130320_WAPO_b807450e-919a-11e2-bdea-e32ad90da239-14" start_char="2762">
				<ORIGINAL_TEXT>The experience of another patient, a 59-year-old man, suggests the treatment isn’t curative.</ORIGINAL_TEXT>
				<TOKEN end_char="2764" id="token-14-0" start_char="2762">The</TOKEN>
				<TOKEN end_char="2775" id="token-14-1" start_char="2766">experience</TOKEN>
				<TOKEN end_char="2778" id="token-14-2" start_char="2777">of</TOKEN>
				<TOKEN end_char="2786" id="token-14-3" start_char="2780">another</TOKEN>
				<TOKEN end_char="2794" id="token-14-4" start_char="2788">patient</TOKEN>
				<TOKEN end_char="2795" id="token-14-5" start_char="2795">,</TOKEN>
				<TOKEN end_char="2797" id="token-14-6" start_char="2797">a</TOKEN>
				<TOKEN end_char="2800" id="token-14-7" start_char="2799">59</TOKEN>
				<TOKEN end_char="2801" id="token-14-8" start_char="2801">-</TOKEN>
				<TOKEN end_char="2805" id="token-14-9" start_char="2802">year</TOKEN>
				<TOKEN end_char="2806" id="token-14-10" start_char="2806">-</TOKEN>
				<TOKEN end_char="2809" id="token-14-11" start_char="2807">old</TOKEN>
				<TOKEN end_char="2813" id="token-14-12" start_char="2811">man</TOKEN>
				<TOKEN end_char="2814" id="token-14-13" start_char="2814">,</TOKEN>
				<TOKEN end_char="2823" id="token-14-14" start_char="2816">suggests</TOKEN>
				<TOKEN end_char="2827" id="token-14-15" start_char="2825">the</TOKEN>
				<TOKEN end_char="2837" id="token-14-16" start_char="2829">treatment</TOKEN>
				<TOKEN end_char="2841" id="token-14-17" start_char="2839">isn</TOKEN>
				<TOKEN end_char="2842" id="token-14-18" start_char="2842">’</TOKEN>
				<TOKEN end_char="2843" id="token-14-19" start_char="2843">t</TOKEN>
				<TOKEN end_char="2852" id="token-14-20" start_char="2845">curative</TOKEN>
				<TOKEN end_char="2853" id="token-14-21" start_char="2853">.</TOKEN>
			</SEG>
			<SEG end_char="3075" id="20130320_WAPO_b807450e-919a-11e2-bdea-e32ad90da239-15" start_char="2855">
				<ORIGINAL_TEXT>He had such a severe “cytokine storm” that the physicians gave him high-dose steroids to suppress his immune system. His cancer returned in three months. By that time, he was too ill for a bone marrow transplant and died.</ORIGINAL_TEXT>
				<TOKEN end_char="2856" id="token-15-0" start_char="2855">He</TOKEN>
				<TOKEN end_char="2860" id="token-15-1" start_char="2858">had</TOKEN>
				<TOKEN end_char="2865" id="token-15-2" start_char="2862">such</TOKEN>
				<TOKEN end_char="2867" id="token-15-3" start_char="2867">a</TOKEN>
				<TOKEN end_char="2874" id="token-15-4" start_char="2869">severe</TOKEN>
				<TOKEN end_char="2876" id="token-15-5" start_char="2876">“</TOKEN>
				<TOKEN end_char="2884" id="token-15-6" start_char="2877">cytokine</TOKEN>
				<TOKEN end_char="2890" id="token-15-7" start_char="2886">storm</TOKEN>
				<TOKEN end_char="2891" id="token-15-8" start_char="2891">”</TOKEN>
				<TOKEN end_char="2896" id="token-15-9" start_char="2893">that</TOKEN>
				<TOKEN end_char="2900" id="token-15-10" start_char="2898">the</TOKEN>
				<TOKEN end_char="2911" id="token-15-11" start_char="2902">physicians</TOKEN>
				<TOKEN end_char="2916" id="token-15-12" start_char="2913">gave</TOKEN>
				<TOKEN end_char="2920" id="token-15-13" start_char="2918">him</TOKEN>
				<TOKEN end_char="2925" id="token-15-14" start_char="2922">high</TOKEN>
				<TOKEN end_char="2926" id="token-15-15" start_char="2926">-</TOKEN>
				<TOKEN end_char="2930" id="token-15-16" start_char="2927">dose</TOKEN>
				<TOKEN end_char="2939" id="token-15-17" start_char="2932">steroids</TOKEN>
				<TOKEN end_char="2942" id="token-15-18" start_char="2941">to</TOKEN>
				<TOKEN end_char="2951" id="token-15-19" start_char="2944">suppress</TOKEN>
				<TOKEN end_char="2955" id="token-15-20" start_char="2953">his</TOKEN>
				<TOKEN end_char="2962" id="token-15-21" start_char="2957">immune</TOKEN>
				<TOKEN end_char="2969" id="token-15-22" start_char="2964">system</TOKEN>
				<TOKEN end_char="2970" id="token-15-23" start_char="2970">.</TOKEN>
				<TOKEN end_char="2974" id="token-15-24" start_char="2972">His</TOKEN>
				<TOKEN end_char="2981" id="token-15-25" start_char="2976">cancer</TOKEN>
				<TOKEN end_char="2990" id="token-15-26" start_char="2983">returned</TOKEN>
				<TOKEN end_char="2993" id="token-15-27" start_char="2992">in</TOKEN>
				<TOKEN end_char="2999" id="token-15-28" start_char="2995">three</TOKEN>
				<TOKEN end_char="3006" id="token-15-29" start_char="3001">months</TOKEN>
				<TOKEN end_char="3007" id="token-15-30" start_char="3007">.</TOKEN>
				<TOKEN end_char="3010" id="token-15-31" start_char="3009">By</TOKEN>
				<TOKEN end_char="3015" id="token-15-32" start_char="3012">that</TOKEN>
				<TOKEN end_char="3020" id="token-15-33" start_char="3017">time</TOKEN>
				<TOKEN end_char="3021" id="token-15-34" start_char="3021">,</TOKEN>
				<TOKEN end_char="3024" id="token-15-35" start_char="3023">he</TOKEN>
				<TOKEN end_char="3028" id="token-15-36" start_char="3026">was</TOKEN>
				<TOKEN end_char="3032" id="token-15-37" start_char="3030">too</TOKEN>
				<TOKEN end_char="3036" id="token-15-38" start_char="3034">ill</TOKEN>
				<TOKEN end_char="3040" id="token-15-39" start_char="3038">for</TOKEN>
				<TOKEN end_char="3042" id="token-15-40" start_char="3042">a</TOKEN>
				<TOKEN end_char="3047" id="token-15-41" start_char="3044">bone</TOKEN>
				<TOKEN end_char="3054" id="token-15-42" start_char="3049">marrow</TOKEN>
				<TOKEN end_char="3065" id="token-15-43" start_char="3056">transplant</TOKEN>
				<TOKEN end_char="3069" id="token-15-44" start_char="3067">and</TOKEN>
				<TOKEN end_char="3074" id="token-15-45" start_char="3071">died</TOKEN>
				<TOKEN end_char="3075" id="token-15-46" start_char="3075">.</TOKEN>
			</SEG>
			<SEG end_char="3286" id="20130320_WAPO_b807450e-919a-11e2-bdea-e32ad90da239-16" start_char="3077">
				<ORIGINAL_TEXT>Steroids can kill T lymphocytes. They might have done so to the engineered lymphocytes before they had finished their work. Or perhaps those cells are able to only suppress the leukemia cells, not destroy them.</ORIGINAL_TEXT>
				<TOKEN end_char="3084" id="token-16-0" start_char="3077">Steroids</TOKEN>
				<TOKEN end_char="3088" id="token-16-1" start_char="3086">can</TOKEN>
				<TOKEN end_char="3093" id="token-16-2" start_char="3090">kill</TOKEN>
				<TOKEN end_char="3095" id="token-16-3" start_char="3095">T</TOKEN>
				<TOKEN end_char="3107" id="token-16-4" start_char="3097">lymphocytes</TOKEN>
				<TOKEN end_char="3108" id="token-16-5" start_char="3108">.</TOKEN>
				<TOKEN end_char="3113" id="token-16-6" start_char="3110">They</TOKEN>
				<TOKEN end_char="3119" id="token-16-7" start_char="3115">might</TOKEN>
				<TOKEN end_char="3124" id="token-16-8" start_char="3121">have</TOKEN>
				<TOKEN end_char="3129" id="token-16-9" start_char="3126">done</TOKEN>
				<TOKEN end_char="3132" id="token-16-10" start_char="3131">so</TOKEN>
				<TOKEN end_char="3135" id="token-16-11" start_char="3134">to</TOKEN>
				<TOKEN end_char="3139" id="token-16-12" start_char="3137">the</TOKEN>
				<TOKEN end_char="3150" id="token-16-13" start_char="3141">engineered</TOKEN>
				<TOKEN end_char="3162" id="token-16-14" start_char="3152">lymphocytes</TOKEN>
				<TOKEN end_char="3169" id="token-16-15" start_char="3164">before</TOKEN>
				<TOKEN end_char="3174" id="token-16-16" start_char="3171">they</TOKEN>
				<TOKEN end_char="3178" id="token-16-17" start_char="3176">had</TOKEN>
				<TOKEN end_char="3187" id="token-16-18" start_char="3180">finished</TOKEN>
				<TOKEN end_char="3193" id="token-16-19" start_char="3189">their</TOKEN>
				<TOKEN end_char="3198" id="token-16-20" start_char="3195">work</TOKEN>
				<TOKEN end_char="3199" id="token-16-21" start_char="3199">.</TOKEN>
				<TOKEN end_char="3202" id="token-16-22" start_char="3201">Or</TOKEN>
				<TOKEN end_char="3210" id="token-16-23" start_char="3204">perhaps</TOKEN>
				<TOKEN end_char="3216" id="token-16-24" start_char="3212">those</TOKEN>
				<TOKEN end_char="3222" id="token-16-25" start_char="3218">cells</TOKEN>
				<TOKEN end_char="3226" id="token-16-26" start_char="3224">are</TOKEN>
				<TOKEN end_char="3231" id="token-16-27" start_char="3228">able</TOKEN>
				<TOKEN end_char="3234" id="token-16-28" start_char="3233">to</TOKEN>
				<TOKEN end_char="3239" id="token-16-29" start_char="3236">only</TOKEN>
				<TOKEN end_char="3248" id="token-16-30" start_char="3241">suppress</TOKEN>
				<TOKEN end_char="3252" id="token-16-31" start_char="3250">the</TOKEN>
				<TOKEN end_char="3261" id="token-16-32" start_char="3254">leukemia</TOKEN>
				<TOKEN end_char="3267" id="token-16-33" start_char="3263">cells</TOKEN>
				<TOKEN end_char="3268" id="token-16-34" start_char="3268">,</TOKEN>
				<TOKEN end_char="3272" id="token-16-35" start_char="3270">not</TOKEN>
				<TOKEN end_char="3280" id="token-16-36" start_char="3274">destroy</TOKEN>
				<TOKEN end_char="3285" id="token-16-37" start_char="3282">them</TOKEN>
				<TOKEN end_char="3286" id="token-16-38" start_char="3286">.</TOKEN>
			</SEG>
			<SEG end_char="3452" id="20130320_WAPO_b807450e-919a-11e2-bdea-e32ad90da239-17" start_char="3288">
				<ORIGINAL_TEXT>Researchers at the University of Pennsylvania and the National Cancer Institute have used a similar strategy against a form of lymphoma and another type of leukemia.</ORIGINAL_TEXT>
				<TOKEN end_char="3298" id="token-17-0" start_char="3288">Researchers</TOKEN>
				<TOKEN end_char="3301" id="token-17-1" start_char="3300">at</TOKEN>
				<TOKEN end_char="3305" id="token-17-2" start_char="3303">the</TOKEN>
				<TOKEN end_char="3316" id="token-17-3" start_char="3307">University</TOKEN>
				<TOKEN end_char="3319" id="token-17-4" start_char="3318">of</TOKEN>
				<TOKEN end_char="3332" id="token-17-5" start_char="3321">Pennsylvania</TOKEN>
				<TOKEN end_char="3336" id="token-17-6" start_char="3334">and</TOKEN>
				<TOKEN end_char="3340" id="token-17-7" start_char="3338">the</TOKEN>
				<TOKEN end_char="3349" id="token-17-8" start_char="3342">National</TOKEN>
				<TOKEN end_char="3356" id="token-17-9" start_char="3351">Cancer</TOKEN>
				<TOKEN end_char="3366" id="token-17-10" start_char="3358">Institute</TOKEN>
				<TOKEN end_char="3371" id="token-17-11" start_char="3368">have</TOKEN>
				<TOKEN end_char="3376" id="token-17-12" start_char="3373">used</TOKEN>
				<TOKEN end_char="3378" id="token-17-13" start_char="3378">a</TOKEN>
				<TOKEN end_char="3386" id="token-17-14" start_char="3380">similar</TOKEN>
				<TOKEN end_char="3395" id="token-17-15" start_char="3388">strategy</TOKEN>
				<TOKEN end_char="3403" id="token-17-16" start_char="3397">against</TOKEN>
				<TOKEN end_char="3405" id="token-17-17" start_char="3405">a</TOKEN>
				<TOKEN end_char="3410" id="token-17-18" start_char="3407">form</TOKEN>
				<TOKEN end_char="3413" id="token-17-19" start_char="3412">of</TOKEN>
				<TOKEN end_char="3422" id="token-17-20" start_char="3415">lymphoma</TOKEN>
				<TOKEN end_char="3426" id="token-17-21" start_char="3424">and</TOKEN>
				<TOKEN end_char="3434" id="token-17-22" start_char="3428">another</TOKEN>
				<TOKEN end_char="3439" id="token-17-23" start_char="3436">type</TOKEN>
				<TOKEN end_char="3442" id="token-17-24" start_char="3441">of</TOKEN>
				<TOKEN end_char="3451" id="token-17-25" start_char="3444">leukemia</TOKEN>
				<TOKEN end_char="3452" id="token-17-26" start_char="3452">.</TOKEN>
			</SEG>
			<SEG end_char="3648" id="20130320_WAPO_b807450e-919a-11e2-bdea-e32ad90da239-18" start_char="3454">
				<ORIGINAL_TEXT>Brentjens said the task now is to learn whether it is better used early in treatment — perhaps between rounds of chemotherapy — or with multiple infusions later on if traditional treatment fails.</ORIGINAL_TEXT>
				<TOKEN end_char="3462" id="token-18-0" start_char="3454">Brentjens</TOKEN>
				<TOKEN end_char="3467" id="token-18-1" start_char="3464">said</TOKEN>
				<TOKEN end_char="3471" id="token-18-2" start_char="3469">the</TOKEN>
				<TOKEN end_char="3476" id="token-18-3" start_char="3473">task</TOKEN>
				<TOKEN end_char="3480" id="token-18-4" start_char="3478">now</TOKEN>
				<TOKEN end_char="3483" id="token-18-5" start_char="3482">is</TOKEN>
				<TOKEN end_char="3486" id="token-18-6" start_char="3485">to</TOKEN>
				<TOKEN end_char="3492" id="token-18-7" start_char="3488">learn</TOKEN>
				<TOKEN end_char="3500" id="token-18-8" start_char="3494">whether</TOKEN>
				<TOKEN end_char="3503" id="token-18-9" start_char="3502">it</TOKEN>
				<TOKEN end_char="3506" id="token-18-10" start_char="3505">is</TOKEN>
				<TOKEN end_char="3513" id="token-18-11" start_char="3508">better</TOKEN>
				<TOKEN end_char="3518" id="token-18-12" start_char="3515">used</TOKEN>
				<TOKEN end_char="3524" id="token-18-13" start_char="3520">early</TOKEN>
				<TOKEN end_char="3527" id="token-18-14" start_char="3526">in</TOKEN>
				<TOKEN end_char="3537" id="token-18-15" start_char="3529">treatment</TOKEN>
				<TOKEN end_char="3539" id="token-18-16" start_char="3539">—</TOKEN>
				<TOKEN end_char="3547" id="token-18-17" start_char="3541">perhaps</TOKEN>
				<TOKEN end_char="3555" id="token-18-18" start_char="3549">between</TOKEN>
				<TOKEN end_char="3562" id="token-18-19" start_char="3557">rounds</TOKEN>
				<TOKEN end_char="3565" id="token-18-20" start_char="3564">of</TOKEN>
				<TOKEN end_char="3578" id="token-18-21" start_char="3567">chemotherapy</TOKEN>
				<TOKEN end_char="3580" id="token-18-22" start_char="3580">—</TOKEN>
				<TOKEN end_char="3583" id="token-18-23" start_char="3582">or</TOKEN>
				<TOKEN end_char="3588" id="token-18-24" start_char="3585">with</TOKEN>
				<TOKEN end_char="3597" id="token-18-25" start_char="3590">multiple</TOKEN>
				<TOKEN end_char="3607" id="token-18-26" start_char="3599">infusions</TOKEN>
				<TOKEN end_char="3613" id="token-18-27" start_char="3609">later</TOKEN>
				<TOKEN end_char="3616" id="token-18-28" start_char="3615">on</TOKEN>
				<TOKEN end_char="3619" id="token-18-29" start_char="3618">if</TOKEN>
				<TOKEN end_char="3631" id="token-18-30" start_char="3621">traditional</TOKEN>
				<TOKEN end_char="3641" id="token-18-31" start_char="3633">treatment</TOKEN>
				<TOKEN end_char="3647" id="token-18-32" start_char="3643">fails</TOKEN>
				<TOKEN end_char="3648" id="token-18-33" start_char="3648">.</TOKEN>
			</SEG>
		</TEXT>
	</DOC>
</LCTL_TEXT>
