<?xml version="1.0" encoding="utf-8"?>
<LCTL_TEXT>
	<DOC id="20130605_WAPO_f113559c-cd2a-11e2-9f1a-1a7cdee20287">
		<TEXT>
			<SEG end_char="52" id="20130605_WAPO_f113559c-cd2a-11e2-9f1a-1a7cdee20287-0" start_char="0">
				<ORIGINAL_TEXT>Huayuan Academy brings China to Gaithersburg students</ORIGINAL_TEXT>
				<TOKEN end_char="6" id="token-0-0" start_char="0">Huayuan</TOKEN>
				<TOKEN end_char="14" id="token-0-1" start_char="8">Academy</TOKEN>
				<TOKEN end_char="21" id="token-0-2" start_char="16">brings</TOKEN>
				<TOKEN end_char="27" id="token-0-3" start_char="23">China</TOKEN>
				<TOKEN end_char="30" id="token-0-4" start_char="29">to</TOKEN>
				<TOKEN end_char="43" id="token-0-5" start_char="32">Gaithersburg</TOKEN>
				<TOKEN end_char="52" id="token-0-6" start_char="45">students</TOKEN>
			</SEG>
			<SEG end_char="95" id="20130605_WAPO_f113559c-cd2a-11e2-9f1a-1a7cdee20287-1" start_char="54">
				<ORIGINAL_TEXT>Wednesday, June 5, 2013 08:09:35 GMT-05:00</ORIGINAL_TEXT>
				<TOKEN end_char="62" id="token-1-0" start_char="54">Wednesday</TOKEN>
				<TOKEN end_char="63" id="token-1-1" start_char="63">,</TOKEN>
				<TOKEN end_char="68" id="token-1-2" start_char="65">June</TOKEN>
				<TOKEN end_char="70" id="token-1-3" start_char="70">5</TOKEN>
				<TOKEN end_char="71" id="token-1-4" start_char="71">,</TOKEN>
				<TOKEN end_char="76" id="token-1-5" start_char="73">2013</TOKEN>
				<TOKEN end_char="79" id="token-1-6" start_char="78">08</TOKEN>
				<TOKEN end_char="80" id="token-1-7" start_char="80">:</TOKEN>
				<TOKEN end_char="82" id="token-1-8" start_char="81">09</TOKEN>
				<TOKEN end_char="83" id="token-1-9" start_char="83">:</TOKEN>
				<TOKEN end_char="85" id="token-1-10" start_char="84">35</TOKEN>
				<TOKEN end_char="89" id="token-1-11" start_char="87">GMT</TOKEN>
				<TOKEN end_char="90" id="token-1-12" start_char="90">-</TOKEN>
				<TOKEN end_char="92" id="token-1-13" start_char="91">05</TOKEN>
				<TOKEN end_char="93" id="token-1-14" start_char="93">:</TOKEN>
				<TOKEN end_char="95" id="token-1-15" start_char="94">00</TOKEN>
			</SEG>
			<SEG end_char="271" id="20130605_WAPO_f113559c-cd2a-11e2-9f1a-1a7cdee20287-2" start_char="97">
				<ORIGINAL_TEXT>While many kids are spending their summer days at the water park or in their back yards, 40 will be immersed in Chinese language and culture at Gaithersburg Elementary School.</ORIGINAL_TEXT>
				<TOKEN end_char="101" id="token-2-0" start_char="97">While</TOKEN>
				<TOKEN end_char="106" id="token-2-1" start_char="103">many</TOKEN>
				<TOKEN end_char="111" id="token-2-2" start_char="108">kids</TOKEN>
				<TOKEN end_char="115" id="token-2-3" start_char="113">are</TOKEN>
				<TOKEN end_char="124" id="token-2-4" start_char="117">spending</TOKEN>
				<TOKEN end_char="130" id="token-2-5" start_char="126">their</TOKEN>
				<TOKEN end_char="137" id="token-2-6" start_char="132">summer</TOKEN>
				<TOKEN end_char="142" id="token-2-7" start_char="139">days</TOKEN>
				<TOKEN end_char="145" id="token-2-8" start_char="144">at</TOKEN>
				<TOKEN end_char="149" id="token-2-9" start_char="147">the</TOKEN>
				<TOKEN end_char="155" id="token-2-10" start_char="151">water</TOKEN>
				<TOKEN end_char="160" id="token-2-11" start_char="157">park</TOKEN>
				<TOKEN end_char="163" id="token-2-12" start_char="162">or</TOKEN>
				<TOKEN end_char="166" id="token-2-13" start_char="165">in</TOKEN>
				<TOKEN end_char="172" id="token-2-14" start_char="168">their</TOKEN>
				<TOKEN end_char="177" id="token-2-15" start_char="174">back</TOKEN>
				<TOKEN end_char="183" id="token-2-16" start_char="179">yards</TOKEN>
				<TOKEN end_char="184" id="token-2-17" start_char="184">,</TOKEN>
				<TOKEN end_char="187" id="token-2-18" start_char="186">40</TOKEN>
				<TOKEN end_char="192" id="token-2-19" start_char="189">will</TOKEN>
				<TOKEN end_char="195" id="token-2-20" start_char="194">be</TOKEN>
				<TOKEN end_char="204" id="token-2-21" start_char="197">immersed</TOKEN>
				<TOKEN end_char="207" id="token-2-22" start_char="206">in</TOKEN>
				<TOKEN end_char="215" id="token-2-23" start_char="209">Chinese</TOKEN>
				<TOKEN end_char="224" id="token-2-24" start_char="217">language</TOKEN>
				<TOKEN end_char="228" id="token-2-25" start_char="226">and</TOKEN>
				<TOKEN end_char="236" id="token-2-26" start_char="230">culture</TOKEN>
				<TOKEN end_char="239" id="token-2-27" start_char="238">at</TOKEN>
				<TOKEN end_char="252" id="token-2-28" start_char="241">Gaithersburg</TOKEN>
				<TOKEN end_char="263" id="token-2-29" start_char="254">Elementary</TOKEN>
				<TOKEN end_char="270" id="token-2-30" start_char="265">School</TOKEN>
				<TOKEN end_char="271" id="token-2-31" start_char="271">.</TOKEN>
			</SEG>
			<SEG end_char="429" id="20130605_WAPO_f113559c-cd2a-11e2-9f1a-1a7cdee20287-3" start_char="273">
				<ORIGINAL_TEXT>“It’s very essential for all students to become global citizens and be able to communicate with the world,” said Huayuan Chinese Academy President Helen Qin.</ORIGINAL_TEXT>
				<TOKEN end_char="273" id="token-3-0" start_char="273">“</TOKEN>
				<TOKEN end_char="275" id="token-3-1" start_char="274">It</TOKEN>
				<TOKEN end_char="276" id="token-3-2" start_char="276">’</TOKEN>
				<TOKEN end_char="277" id="token-3-3" start_char="277">s</TOKEN>
				<TOKEN end_char="282" id="token-3-4" start_char="279">very</TOKEN>
				<TOKEN end_char="292" id="token-3-5" start_char="284">essential</TOKEN>
				<TOKEN end_char="296" id="token-3-6" start_char="294">for</TOKEN>
				<TOKEN end_char="300" id="token-3-7" start_char="298">all</TOKEN>
				<TOKEN end_char="309" id="token-3-8" start_char="302">students</TOKEN>
				<TOKEN end_char="312" id="token-3-9" start_char="311">to</TOKEN>
				<TOKEN end_char="319" id="token-3-10" start_char="314">become</TOKEN>
				<TOKEN end_char="326" id="token-3-11" start_char="321">global</TOKEN>
				<TOKEN end_char="335" id="token-3-12" start_char="328">citizens</TOKEN>
				<TOKEN end_char="339" id="token-3-13" start_char="337">and</TOKEN>
				<TOKEN end_char="342" id="token-3-14" start_char="341">be</TOKEN>
				<TOKEN end_char="347" id="token-3-15" start_char="344">able</TOKEN>
				<TOKEN end_char="350" id="token-3-16" start_char="349">to</TOKEN>
				<TOKEN end_char="362" id="token-3-17" start_char="352">communicate</TOKEN>
				<TOKEN end_char="367" id="token-3-18" start_char="364">with</TOKEN>
				<TOKEN end_char="371" id="token-3-19" start_char="369">the</TOKEN>
				<TOKEN end_char="377" id="token-3-20" start_char="373">world</TOKEN>
				<TOKEN end_char="379" id="token-3-21" start_char="378">,”</TOKEN>
				<TOKEN end_char="384" id="token-3-22" start_char="381">said</TOKEN>
				<TOKEN end_char="392" id="token-3-23" start_char="386">Huayuan</TOKEN>
				<TOKEN end_char="400" id="token-3-24" start_char="394">Chinese</TOKEN>
				<TOKEN end_char="408" id="token-3-25" start_char="402">Academy</TOKEN>
				<TOKEN end_char="418" id="token-3-26" start_char="410">President</TOKEN>
				<TOKEN end_char="424" id="token-3-27" start_char="420">Helen</TOKEN>
				<TOKEN end_char="428" id="token-3-28" start_char="426">Qin</TOKEN>
				<TOKEN end_char="429" id="token-3-29" start_char="429">.</TOKEN>
			</SEG>
			<SEG end_char="901" id="20130605_WAPO_f113559c-cd2a-11e2-9f1a-1a7cdee20287-4" start_char="431">
				<ORIGINAL_TEXT>The Huayuan academy holds after-school Chinese immersion classes for the Washington region. Traditionally, most of the students are of Chinese heritage and take the classes to become more familiar with its language and culture. But this summer, Huayuan will focus on teaching basic Chinese to non-Chinese-heritage students in a free course at Gaithersburg Elementary. The three-week course runs July 8 through July 26 and has spots for 40 rising second- to fifth-graders.</ORIGINAL_TEXT>
				<TOKEN end_char="433" id="token-4-0" start_char="431">The</TOKEN>
				<TOKEN end_char="441" id="token-4-1" start_char="435">Huayuan</TOKEN>
				<TOKEN end_char="449" id="token-4-2" start_char="443">academy</TOKEN>
				<TOKEN end_char="455" id="token-4-3" start_char="451">holds</TOKEN>
				<TOKEN end_char="461" id="token-4-4" start_char="457">after</TOKEN>
				<TOKEN end_char="462" id="token-4-5" start_char="462">-</TOKEN>
				<TOKEN end_char="468" id="token-4-6" start_char="463">school</TOKEN>
				<TOKEN end_char="476" id="token-4-7" start_char="470">Chinese</TOKEN>
				<TOKEN end_char="486" id="token-4-8" start_char="478">immersion</TOKEN>
				<TOKEN end_char="494" id="token-4-9" start_char="488">classes</TOKEN>
				<TOKEN end_char="498" id="token-4-10" start_char="496">for</TOKEN>
				<TOKEN end_char="502" id="token-4-11" start_char="500">the</TOKEN>
				<TOKEN end_char="513" id="token-4-12" start_char="504">Washington</TOKEN>
				<TOKEN end_char="520" id="token-4-13" start_char="515">region</TOKEN>
				<TOKEN end_char="521" id="token-4-14" start_char="521">.</TOKEN>
				<TOKEN end_char="535" id="token-4-15" start_char="523">Traditionally</TOKEN>
				<TOKEN end_char="536" id="token-4-16" start_char="536">,</TOKEN>
				<TOKEN end_char="541" id="token-4-17" start_char="538">most</TOKEN>
				<TOKEN end_char="544" id="token-4-18" start_char="543">of</TOKEN>
				<TOKEN end_char="548" id="token-4-19" start_char="546">the</TOKEN>
				<TOKEN end_char="557" id="token-4-20" start_char="550">students</TOKEN>
				<TOKEN end_char="561" id="token-4-21" start_char="559">are</TOKEN>
				<TOKEN end_char="564" id="token-4-22" start_char="563">of</TOKEN>
				<TOKEN end_char="572" id="token-4-23" start_char="566">Chinese</TOKEN>
				<TOKEN end_char="581" id="token-4-24" start_char="574">heritage</TOKEN>
				<TOKEN end_char="585" id="token-4-25" start_char="583">and</TOKEN>
				<TOKEN end_char="590" id="token-4-26" start_char="587">take</TOKEN>
				<TOKEN end_char="594" id="token-4-27" start_char="592">the</TOKEN>
				<TOKEN end_char="602" id="token-4-28" start_char="596">classes</TOKEN>
				<TOKEN end_char="605" id="token-4-29" start_char="604">to</TOKEN>
				<TOKEN end_char="612" id="token-4-30" start_char="607">become</TOKEN>
				<TOKEN end_char="617" id="token-4-31" start_char="614">more</TOKEN>
				<TOKEN end_char="626" id="token-4-32" start_char="619">familiar</TOKEN>
				<TOKEN end_char="631" id="token-4-33" start_char="628">with</TOKEN>
				<TOKEN end_char="635" id="token-4-34" start_char="633">its</TOKEN>
				<TOKEN end_char="644" id="token-4-35" start_char="637">language</TOKEN>
				<TOKEN end_char="648" id="token-4-36" start_char="646">and</TOKEN>
				<TOKEN end_char="656" id="token-4-37" start_char="650">culture</TOKEN>
				<TOKEN end_char="657" id="token-4-38" start_char="657">.</TOKEN>
				<TOKEN end_char="661" id="token-4-39" start_char="659">But</TOKEN>
				<TOKEN end_char="666" id="token-4-40" start_char="663">this</TOKEN>
				<TOKEN end_char="673" id="token-4-41" start_char="668">summer</TOKEN>
				<TOKEN end_char="674" id="token-4-42" start_char="674">,</TOKEN>
				<TOKEN end_char="682" id="token-4-43" start_char="676">Huayuan</TOKEN>
				<TOKEN end_char="687" id="token-4-44" start_char="684">will</TOKEN>
				<TOKEN end_char="693" id="token-4-45" start_char="689">focus</TOKEN>
				<TOKEN end_char="696" id="token-4-46" start_char="695">on</TOKEN>
				<TOKEN end_char="705" id="token-4-47" start_char="698">teaching</TOKEN>
				<TOKEN end_char="711" id="token-4-48" start_char="707">basic</TOKEN>
				<TOKEN end_char="719" id="token-4-49" start_char="713">Chinese</TOKEN>
				<TOKEN end_char="722" id="token-4-50" start_char="721">to</TOKEN>
				<TOKEN end_char="726" id="token-4-51" start_char="724">non</TOKEN>
				<TOKEN end_char="727" id="token-4-52" start_char="727">-</TOKEN>
				<TOKEN end_char="734" id="token-4-53" start_char="728">Chinese</TOKEN>
				<TOKEN end_char="735" id="token-4-54" start_char="735">-</TOKEN>
				<TOKEN end_char="743" id="token-4-55" start_char="736">heritage</TOKEN>
				<TOKEN end_char="752" id="token-4-56" start_char="745">students</TOKEN>
				<TOKEN end_char="755" id="token-4-57" start_char="754">in</TOKEN>
				<TOKEN end_char="757" id="token-4-58" start_char="757">a</TOKEN>
				<TOKEN end_char="762" id="token-4-59" start_char="759">free</TOKEN>
				<TOKEN end_char="769" id="token-4-60" start_char="764">course</TOKEN>
				<TOKEN end_char="772" id="token-4-61" start_char="771">at</TOKEN>
				<TOKEN end_char="785" id="token-4-62" start_char="774">Gaithersburg</TOKEN>
				<TOKEN end_char="796" id="token-4-63" start_char="787">Elementary</TOKEN>
				<TOKEN end_char="797" id="token-4-64" start_char="797">.</TOKEN>
				<TOKEN end_char="801" id="token-4-65" start_char="799">The</TOKEN>
				<TOKEN end_char="807" id="token-4-66" start_char="803">three</TOKEN>
				<TOKEN end_char="808" id="token-4-67" start_char="808">-</TOKEN>
				<TOKEN end_char="812" id="token-4-68" start_char="809">week</TOKEN>
				<TOKEN end_char="819" id="token-4-69" start_char="814">course</TOKEN>
				<TOKEN end_char="824" id="token-4-70" start_char="821">runs</TOKEN>
				<TOKEN end_char="829" id="token-4-71" start_char="826">July</TOKEN>
				<TOKEN end_char="831" id="token-4-72" start_char="831">8</TOKEN>
				<TOKEN end_char="839" id="token-4-73" start_char="833">through</TOKEN>
				<TOKEN end_char="844" id="token-4-74" start_char="841">July</TOKEN>
				<TOKEN end_char="847" id="token-4-75" start_char="846">26</TOKEN>
				<TOKEN end_char="851" id="token-4-76" start_char="849">and</TOKEN>
				<TOKEN end_char="855" id="token-4-77" start_char="853">has</TOKEN>
				<TOKEN end_char="861" id="token-4-78" start_char="857">spots</TOKEN>
				<TOKEN end_char="865" id="token-4-79" start_char="863">for</TOKEN>
				<TOKEN end_char="868" id="token-4-80" start_char="867">40</TOKEN>
				<TOKEN end_char="875" id="token-4-81" start_char="870">rising</TOKEN>
				<TOKEN end_char="882" id="token-4-82" start_char="877">second</TOKEN>
				<TOKEN end_char="883" id="token-4-83" start_char="883">-</TOKEN>
				<TOKEN end_char="886" id="token-4-84" start_char="885">to</TOKEN>
				<TOKEN end_char="892" id="token-4-85" start_char="888">fifth</TOKEN>
				<TOKEN end_char="893" id="token-4-86" start_char="893">-</TOKEN>
				<TOKEN end_char="900" id="token-4-87" start_char="894">graders</TOKEN>
				<TOKEN end_char="901" id="token-4-88" start_char="901">.</TOKEN>
			</SEG>
			<SEG end_char="1058" id="20130605_WAPO_f113559c-cd2a-11e2-9f1a-1a7cdee20287-5" start_char="903">
				<ORIGINAL_TEXT>Program organizers hope to fill 15 of the 40 spots with students from Gaithersburg elementary schools. Qin said close to 20 spaces already have been filled.</ORIGINAL_TEXT>
				<TOKEN end_char="909" id="token-5-0" start_char="903">Program</TOKEN>
				<TOKEN end_char="920" id="token-5-1" start_char="911">organizers</TOKEN>
				<TOKEN end_char="925" id="token-5-2" start_char="922">hope</TOKEN>
				<TOKEN end_char="928" id="token-5-3" start_char="927">to</TOKEN>
				<TOKEN end_char="933" id="token-5-4" start_char="930">fill</TOKEN>
				<TOKEN end_char="936" id="token-5-5" start_char="935">15</TOKEN>
				<TOKEN end_char="939" id="token-5-6" start_char="938">of</TOKEN>
				<TOKEN end_char="943" id="token-5-7" start_char="941">the</TOKEN>
				<TOKEN end_char="946" id="token-5-8" start_char="945">40</TOKEN>
				<TOKEN end_char="952" id="token-5-9" start_char="948">spots</TOKEN>
				<TOKEN end_char="957" id="token-5-10" start_char="954">with</TOKEN>
				<TOKEN end_char="966" id="token-5-11" start_char="959">students</TOKEN>
				<TOKEN end_char="971" id="token-5-12" start_char="968">from</TOKEN>
				<TOKEN end_char="984" id="token-5-13" start_char="973">Gaithersburg</TOKEN>
				<TOKEN end_char="995" id="token-5-14" start_char="986">elementary</TOKEN>
				<TOKEN end_char="1003" id="token-5-15" start_char="997">schools</TOKEN>
				<TOKEN end_char="1004" id="token-5-16" start_char="1004">.</TOKEN>
				<TOKEN end_char="1008" id="token-5-17" start_char="1006">Qin</TOKEN>
				<TOKEN end_char="1013" id="token-5-18" start_char="1010">said</TOKEN>
				<TOKEN end_char="1019" id="token-5-19" start_char="1015">close</TOKEN>
				<TOKEN end_char="1022" id="token-5-20" start_char="1021">to</TOKEN>
				<TOKEN end_char="1025" id="token-5-21" start_char="1024">20</TOKEN>
				<TOKEN end_char="1032" id="token-5-22" start_char="1027">spaces</TOKEN>
				<TOKEN end_char="1040" id="token-5-23" start_char="1034">already</TOKEN>
				<TOKEN end_char="1045" id="token-5-24" start_char="1042">have</TOKEN>
				<TOKEN end_char="1050" id="token-5-25" start_char="1047">been</TOKEN>
				<TOKEN end_char="1057" id="token-5-26" start_char="1052">filled</TOKEN>
				<TOKEN end_char="1058" id="token-5-27" start_char="1058">.</TOKEN>
			</SEG>
			<SEG end_char="1462" id="20130605_WAPO_f113559c-cd2a-11e2-9f1a-1a7cdee20287-6" start_char="1060">
				<ORIGINAL_TEXT>The curriculum is still in development but, Qin said, the course will consist of language classes in the mornings and cultural activities and experiments in the fields of science, technology, engineering and math in the afternoons. Lessons about Chinese tea culture, martial arts and folk dancing will make up the cultural activities. Students will end their day with a review of what they have learned.</ORIGINAL_TEXT>
				<TOKEN end_char="1062" id="token-6-0" start_char="1060">The</TOKEN>
				<TOKEN end_char="1073" id="token-6-1" start_char="1064">curriculum</TOKEN>
				<TOKEN end_char="1076" id="token-6-2" start_char="1075">is</TOKEN>
				<TOKEN end_char="1082" id="token-6-3" start_char="1078">still</TOKEN>
				<TOKEN end_char="1085" id="token-6-4" start_char="1084">in</TOKEN>
				<TOKEN end_char="1097" id="token-6-5" start_char="1087">development</TOKEN>
				<TOKEN end_char="1101" id="token-6-6" start_char="1099">but</TOKEN>
				<TOKEN end_char="1102" id="token-6-7" start_char="1102">,</TOKEN>
				<TOKEN end_char="1106" id="token-6-8" start_char="1104">Qin</TOKEN>
				<TOKEN end_char="1111" id="token-6-9" start_char="1108">said</TOKEN>
				<TOKEN end_char="1112" id="token-6-10" start_char="1112">,</TOKEN>
				<TOKEN end_char="1116" id="token-6-11" start_char="1114">the</TOKEN>
				<TOKEN end_char="1123" id="token-6-12" start_char="1118">course</TOKEN>
				<TOKEN end_char="1128" id="token-6-13" start_char="1125">will</TOKEN>
				<TOKEN end_char="1136" id="token-6-14" start_char="1130">consist</TOKEN>
				<TOKEN end_char="1139" id="token-6-15" start_char="1138">of</TOKEN>
				<TOKEN end_char="1148" id="token-6-16" start_char="1141">language</TOKEN>
				<TOKEN end_char="1156" id="token-6-17" start_char="1150">classes</TOKEN>
				<TOKEN end_char="1159" id="token-6-18" start_char="1158">in</TOKEN>
				<TOKEN end_char="1163" id="token-6-19" start_char="1161">the</TOKEN>
				<TOKEN end_char="1172" id="token-6-20" start_char="1165">mornings</TOKEN>
				<TOKEN end_char="1176" id="token-6-21" start_char="1174">and</TOKEN>
				<TOKEN end_char="1185" id="token-6-22" start_char="1178">cultural</TOKEN>
				<TOKEN end_char="1196" id="token-6-23" start_char="1187">activities</TOKEN>
				<TOKEN end_char="1200" id="token-6-24" start_char="1198">and</TOKEN>
				<TOKEN end_char="1212" id="token-6-25" start_char="1202">experiments</TOKEN>
				<TOKEN end_char="1215" id="token-6-26" start_char="1214">in</TOKEN>
				<TOKEN end_char="1219" id="token-6-27" start_char="1217">the</TOKEN>
				<TOKEN end_char="1226" id="token-6-28" start_char="1221">fields</TOKEN>
				<TOKEN end_char="1229" id="token-6-29" start_char="1228">of</TOKEN>
				<TOKEN end_char="1237" id="token-6-30" start_char="1231">science</TOKEN>
				<TOKEN end_char="1238" id="token-6-31" start_char="1238">,</TOKEN>
				<TOKEN end_char="1249" id="token-6-32" start_char="1240">technology</TOKEN>
				<TOKEN end_char="1250" id="token-6-33" start_char="1250">,</TOKEN>
				<TOKEN end_char="1262" id="token-6-34" start_char="1252">engineering</TOKEN>
				<TOKEN end_char="1266" id="token-6-35" start_char="1264">and</TOKEN>
				<TOKEN end_char="1271" id="token-6-36" start_char="1268">math</TOKEN>
				<TOKEN end_char="1274" id="token-6-37" start_char="1273">in</TOKEN>
				<TOKEN end_char="1278" id="token-6-38" start_char="1276">the</TOKEN>
				<TOKEN end_char="1289" id="token-6-39" start_char="1280">afternoons</TOKEN>
				<TOKEN end_char="1290" id="token-6-40" start_char="1290">.</TOKEN>
				<TOKEN end_char="1298" id="token-6-41" start_char="1292">Lessons</TOKEN>
				<TOKEN end_char="1304" id="token-6-42" start_char="1300">about</TOKEN>
				<TOKEN end_char="1312" id="token-6-43" start_char="1306">Chinese</TOKEN>
				<TOKEN end_char="1316" id="token-6-44" start_char="1314">tea</TOKEN>
				<TOKEN end_char="1324" id="token-6-45" start_char="1318">culture</TOKEN>
				<TOKEN end_char="1325" id="token-6-46" start_char="1325">,</TOKEN>
				<TOKEN end_char="1333" id="token-6-47" start_char="1327">martial</TOKEN>
				<TOKEN end_char="1338" id="token-6-48" start_char="1335">arts</TOKEN>
				<TOKEN end_char="1342" id="token-6-49" start_char="1340">and</TOKEN>
				<TOKEN end_char="1347" id="token-6-50" start_char="1344">folk</TOKEN>
				<TOKEN end_char="1355" id="token-6-51" start_char="1349">dancing</TOKEN>
				<TOKEN end_char="1360" id="token-6-52" start_char="1357">will</TOKEN>
				<TOKEN end_char="1365" id="token-6-53" start_char="1362">make</TOKEN>
				<TOKEN end_char="1368" id="token-6-54" start_char="1367">up</TOKEN>
				<TOKEN end_char="1372" id="token-6-55" start_char="1370">the</TOKEN>
				<TOKEN end_char="1381" id="token-6-56" start_char="1374">cultural</TOKEN>
				<TOKEN end_char="1392" id="token-6-57" start_char="1383">activities</TOKEN>
				<TOKEN end_char="1393" id="token-6-58" start_char="1393">.</TOKEN>
				<TOKEN end_char="1402" id="token-6-59" start_char="1395">Students</TOKEN>
				<TOKEN end_char="1407" id="token-6-60" start_char="1404">will</TOKEN>
				<TOKEN end_char="1411" id="token-6-61" start_char="1409">end</TOKEN>
				<TOKEN end_char="1417" id="token-6-62" start_char="1413">their</TOKEN>
				<TOKEN end_char="1421" id="token-6-63" start_char="1419">day</TOKEN>
				<TOKEN end_char="1426" id="token-6-64" start_char="1423">with</TOKEN>
				<TOKEN end_char="1428" id="token-6-65" start_char="1428">a</TOKEN>
				<TOKEN end_char="1435" id="token-6-66" start_char="1430">review</TOKEN>
				<TOKEN end_char="1438" id="token-6-67" start_char="1437">of</TOKEN>
				<TOKEN end_char="1443" id="token-6-68" start_char="1440">what</TOKEN>
				<TOKEN end_char="1448" id="token-6-69" start_char="1445">they</TOKEN>
				<TOKEN end_char="1453" id="token-6-70" start_char="1450">have</TOKEN>
				<TOKEN end_char="1461" id="token-6-71" start_char="1455">learned</TOKEN>
				<TOKEN end_char="1462" id="token-6-72" start_char="1462">.</TOKEN>
			</SEG>
			<SEG end_char="1589" id="20130605_WAPO_f113559c-cd2a-11e2-9f1a-1a7cdee20287-7" start_char="1464">
				<ORIGINAL_TEXT>Qin said teachers will help students enhance their understanding by drawing comparisons between American and Chinese cultures.</ORIGINAL_TEXT>
				<TOKEN end_char="1466" id="token-7-0" start_char="1464">Qin</TOKEN>
				<TOKEN end_char="1471" id="token-7-1" start_char="1468">said</TOKEN>
				<TOKEN end_char="1480" id="token-7-2" start_char="1473">teachers</TOKEN>
				<TOKEN end_char="1485" id="token-7-3" start_char="1482">will</TOKEN>
				<TOKEN end_char="1490" id="token-7-4" start_char="1487">help</TOKEN>
				<TOKEN end_char="1499" id="token-7-5" start_char="1492">students</TOKEN>
				<TOKEN end_char="1507" id="token-7-6" start_char="1501">enhance</TOKEN>
				<TOKEN end_char="1513" id="token-7-7" start_char="1509">their</TOKEN>
				<TOKEN end_char="1527" id="token-7-8" start_char="1515">understanding</TOKEN>
				<TOKEN end_char="1530" id="token-7-9" start_char="1529">by</TOKEN>
				<TOKEN end_char="1538" id="token-7-10" start_char="1532">drawing</TOKEN>
				<TOKEN end_char="1550" id="token-7-11" start_char="1540">comparisons</TOKEN>
				<TOKEN end_char="1558" id="token-7-12" start_char="1552">between</TOKEN>
				<TOKEN end_char="1567" id="token-7-13" start_char="1560">American</TOKEN>
				<TOKEN end_char="1571" id="token-7-14" start_char="1569">and</TOKEN>
				<TOKEN end_char="1579" id="token-7-15" start_char="1573">Chinese</TOKEN>
				<TOKEN end_char="1588" id="token-7-16" start_char="1581">cultures</TOKEN>
				<TOKEN end_char="1589" id="token-7-17" start_char="1589">.</TOKEN>
			</SEG>
			<SEG end_char="1765" id="20130605_WAPO_f113559c-cd2a-11e2-9f1a-1a7cdee20287-8" start_char="1591">
				<ORIGINAL_TEXT>The course will challenge students to learn the language through immersion. Qin said teachers will use multimedia, pictures, video and body language to aid students’ learning.</ORIGINAL_TEXT>
				<TOKEN end_char="1593" id="token-8-0" start_char="1591">The</TOKEN>
				<TOKEN end_char="1600" id="token-8-1" start_char="1595">course</TOKEN>
				<TOKEN end_char="1605" id="token-8-2" start_char="1602">will</TOKEN>
				<TOKEN end_char="1615" id="token-8-3" start_char="1607">challenge</TOKEN>
				<TOKEN end_char="1624" id="token-8-4" start_char="1617">students</TOKEN>
				<TOKEN end_char="1627" id="token-8-5" start_char="1626">to</TOKEN>
				<TOKEN end_char="1633" id="token-8-6" start_char="1629">learn</TOKEN>
				<TOKEN end_char="1637" id="token-8-7" start_char="1635">the</TOKEN>
				<TOKEN end_char="1646" id="token-8-8" start_char="1639">language</TOKEN>
				<TOKEN end_char="1654" id="token-8-9" start_char="1648">through</TOKEN>
				<TOKEN end_char="1664" id="token-8-10" start_char="1656">immersion</TOKEN>
				<TOKEN end_char="1665" id="token-8-11" start_char="1665">.</TOKEN>
				<TOKEN end_char="1669" id="token-8-12" start_char="1667">Qin</TOKEN>
				<TOKEN end_char="1674" id="token-8-13" start_char="1671">said</TOKEN>
				<TOKEN end_char="1683" id="token-8-14" start_char="1676">teachers</TOKEN>
				<TOKEN end_char="1688" id="token-8-15" start_char="1685">will</TOKEN>
				<TOKEN end_char="1692" id="token-8-16" start_char="1690">use</TOKEN>
				<TOKEN end_char="1703" id="token-8-17" start_char="1694">multimedia</TOKEN>
				<TOKEN end_char="1704" id="token-8-18" start_char="1704">,</TOKEN>
				<TOKEN end_char="1713" id="token-8-19" start_char="1706">pictures</TOKEN>
				<TOKEN end_char="1714" id="token-8-20" start_char="1714">,</TOKEN>
				<TOKEN end_char="1720" id="token-8-21" start_char="1716">video</TOKEN>
				<TOKEN end_char="1724" id="token-8-22" start_char="1722">and</TOKEN>
				<TOKEN end_char="1729" id="token-8-23" start_char="1726">body</TOKEN>
				<TOKEN end_char="1738" id="token-8-24" start_char="1731">language</TOKEN>
				<TOKEN end_char="1741" id="token-8-25" start_char="1740">to</TOKEN>
				<TOKEN end_char="1745" id="token-8-26" start_char="1743">aid</TOKEN>
				<TOKEN end_char="1754" id="token-8-27" start_char="1747">students</TOKEN>
				<TOKEN end_char="1755" id="token-8-28" start_char="1755">’</TOKEN>
				<TOKEN end_char="1764" id="token-8-29" start_char="1757">learning</TOKEN>
				<TOKEN end_char="1765" id="token-8-30" start_char="1765">.</TOKEN>
			</SEG>
			<SEG end_char="2006" id="20130605_WAPO_f113559c-cd2a-11e2-9f1a-1a7cdee20287-9" start_char="1767">
				<ORIGINAL_TEXT>In addition to the summer course, students can continue their studies in a 10-week extension course in the fall, when they will meet for one hour each week. The class will be held by the Huayuan Chinese Academy in Montgomery County schools.</ORIGINAL_TEXT>
				<TOKEN end_char="1768" id="token-9-0" start_char="1767">In</TOKEN>
				<TOKEN end_char="1777" id="token-9-1" start_char="1770">addition</TOKEN>
				<TOKEN end_char="1780" id="token-9-2" start_char="1779">to</TOKEN>
				<TOKEN end_char="1784" id="token-9-3" start_char="1782">the</TOKEN>
				<TOKEN end_char="1791" id="token-9-4" start_char="1786">summer</TOKEN>
				<TOKEN end_char="1798" id="token-9-5" start_char="1793">course</TOKEN>
				<TOKEN end_char="1799" id="token-9-6" start_char="1799">,</TOKEN>
				<TOKEN end_char="1808" id="token-9-7" start_char="1801">students</TOKEN>
				<TOKEN end_char="1812" id="token-9-8" start_char="1810">can</TOKEN>
				<TOKEN end_char="1821" id="token-9-9" start_char="1814">continue</TOKEN>
				<TOKEN end_char="1827" id="token-9-10" start_char="1823">their</TOKEN>
				<TOKEN end_char="1835" id="token-9-11" start_char="1829">studies</TOKEN>
				<TOKEN end_char="1838" id="token-9-12" start_char="1837">in</TOKEN>
				<TOKEN end_char="1840" id="token-9-13" start_char="1840">a</TOKEN>
				<TOKEN end_char="1843" id="token-9-14" start_char="1842">10</TOKEN>
				<TOKEN end_char="1844" id="token-9-15" start_char="1844">-</TOKEN>
				<TOKEN end_char="1848" id="token-9-16" start_char="1845">week</TOKEN>
				<TOKEN end_char="1858" id="token-9-17" start_char="1850">extension</TOKEN>
				<TOKEN end_char="1865" id="token-9-18" start_char="1860">course</TOKEN>
				<TOKEN end_char="1868" id="token-9-19" start_char="1867">in</TOKEN>
				<TOKEN end_char="1872" id="token-9-20" start_char="1870">the</TOKEN>
				<TOKEN end_char="1877" id="token-9-21" start_char="1874">fall</TOKEN>
				<TOKEN end_char="1878" id="token-9-22" start_char="1878">,</TOKEN>
				<TOKEN end_char="1883" id="token-9-23" start_char="1880">when</TOKEN>
				<TOKEN end_char="1888" id="token-9-24" start_char="1885">they</TOKEN>
				<TOKEN end_char="1893" id="token-9-25" start_char="1890">will</TOKEN>
				<TOKEN end_char="1898" id="token-9-26" start_char="1895">meet</TOKEN>
				<TOKEN end_char="1902" id="token-9-27" start_char="1900">for</TOKEN>
				<TOKEN end_char="1906" id="token-9-28" start_char="1904">one</TOKEN>
				<TOKEN end_char="1911" id="token-9-29" start_char="1908">hour</TOKEN>
				<TOKEN end_char="1916" id="token-9-30" start_char="1913">each</TOKEN>
				<TOKEN end_char="1921" id="token-9-31" start_char="1918">week</TOKEN>
				<TOKEN end_char="1922" id="token-9-32" start_char="1922">.</TOKEN>
				<TOKEN end_char="1926" id="token-9-33" start_char="1924">The</TOKEN>
				<TOKEN end_char="1932" id="token-9-34" start_char="1928">class</TOKEN>
				<TOKEN end_char="1937" id="token-9-35" start_char="1934">will</TOKEN>
				<TOKEN end_char="1940" id="token-9-36" start_char="1939">be</TOKEN>
				<TOKEN end_char="1945" id="token-9-37" start_char="1942">held</TOKEN>
				<TOKEN end_char="1948" id="token-9-38" start_char="1947">by</TOKEN>
				<TOKEN end_char="1952" id="token-9-39" start_char="1950">the</TOKEN>
				<TOKEN end_char="1960" id="token-9-40" start_char="1954">Huayuan</TOKEN>
				<TOKEN end_char="1968" id="token-9-41" start_char="1962">Chinese</TOKEN>
				<TOKEN end_char="1976" id="token-9-42" start_char="1970">Academy</TOKEN>
				<TOKEN end_char="1979" id="token-9-43" start_char="1978">in</TOKEN>
				<TOKEN end_char="1990" id="token-9-44" start_char="1981">Montgomery</TOKEN>
				<TOKEN end_char="1997" id="token-9-45" start_char="1992">County</TOKEN>
				<TOKEN end_char="2005" id="token-9-46" start_char="1999">schools</TOKEN>
				<TOKEN end_char="2006" id="token-9-47" start_char="2006">.</TOKEN>
			</SEG>
			<SEG end_char="2151" id="20130605_WAPO_f113559c-cd2a-11e2-9f1a-1a7cdee20287-10" start_char="2008">
				<ORIGINAL_TEXT>“The 10-week extension course will focus on Chinese culture to keep interest going and to have the children become lifelong learners,” Qin said.</ORIGINAL_TEXT>
				<TOKEN end_char="2008" id="token-10-0" start_char="2008">“</TOKEN>
				<TOKEN end_char="2011" id="token-10-1" start_char="2009">The</TOKEN>
				<TOKEN end_char="2014" id="token-10-2" start_char="2013">10</TOKEN>
				<TOKEN end_char="2015" id="token-10-3" start_char="2015">-</TOKEN>
				<TOKEN end_char="2019" id="token-10-4" start_char="2016">week</TOKEN>
				<TOKEN end_char="2029" id="token-10-5" start_char="2021">extension</TOKEN>
				<TOKEN end_char="2036" id="token-10-6" start_char="2031">course</TOKEN>
				<TOKEN end_char="2041" id="token-10-7" start_char="2038">will</TOKEN>
				<TOKEN end_char="2047" id="token-10-8" start_char="2043">focus</TOKEN>
				<TOKEN end_char="2050" id="token-10-9" start_char="2049">on</TOKEN>
				<TOKEN end_char="2058" id="token-10-10" start_char="2052">Chinese</TOKEN>
				<TOKEN end_char="2066" id="token-10-11" start_char="2060">culture</TOKEN>
				<TOKEN end_char="2069" id="token-10-12" start_char="2068">to</TOKEN>
				<TOKEN end_char="2074" id="token-10-13" start_char="2071">keep</TOKEN>
				<TOKEN end_char="2083" id="token-10-14" start_char="2076">interest</TOKEN>
				<TOKEN end_char="2089" id="token-10-15" start_char="2085">going</TOKEN>
				<TOKEN end_char="2093" id="token-10-16" start_char="2091">and</TOKEN>
				<TOKEN end_char="2096" id="token-10-17" start_char="2095">to</TOKEN>
				<TOKEN end_char="2101" id="token-10-18" start_char="2098">have</TOKEN>
				<TOKEN end_char="2105" id="token-10-19" start_char="2103">the</TOKEN>
				<TOKEN end_char="2114" id="token-10-20" start_char="2107">children</TOKEN>
				<TOKEN end_char="2121" id="token-10-21" start_char="2116">become</TOKEN>
				<TOKEN end_char="2130" id="token-10-22" start_char="2123">lifelong</TOKEN>
				<TOKEN end_char="2139" id="token-10-23" start_char="2132">learners</TOKEN>
				<TOKEN end_char="2141" id="token-10-24" start_char="2140">,”</TOKEN>
				<TOKEN end_char="2145" id="token-10-25" start_char="2143">Qin</TOKEN>
				<TOKEN end_char="2150" id="token-10-26" start_char="2147">said</TOKEN>
				<TOKEN end_char="2151" id="token-10-27" start_char="2151">.</TOKEN>
			</SEG>
			<SEG end_char="2404" id="20130605_WAPO_f113559c-cd2a-11e2-9f1a-1a7cdee20287-11" start_char="2153">
				<ORIGINAL_TEXT>Gaithersburg Elementary School Principal Stephanie Brant said the school will form an after-school club for their students taking the summer course. The club will allow children to continue their learning but will be separate from the extension course.</ORIGINAL_TEXT>
				<TOKEN end_char="2164" id="token-11-0" start_char="2153">Gaithersburg</TOKEN>
				<TOKEN end_char="2175" id="token-11-1" start_char="2166">Elementary</TOKEN>
				<TOKEN end_char="2182" id="token-11-2" start_char="2177">School</TOKEN>
				<TOKEN end_char="2192" id="token-11-3" start_char="2184">Principal</TOKEN>
				<TOKEN end_char="2202" id="token-11-4" start_char="2194">Stephanie</TOKEN>
				<TOKEN end_char="2208" id="token-11-5" start_char="2204">Brant</TOKEN>
				<TOKEN end_char="2213" id="token-11-6" start_char="2210">said</TOKEN>
				<TOKEN end_char="2217" id="token-11-7" start_char="2215">the</TOKEN>
				<TOKEN end_char="2224" id="token-11-8" start_char="2219">school</TOKEN>
				<TOKEN end_char="2229" id="token-11-9" start_char="2226">will</TOKEN>
				<TOKEN end_char="2234" id="token-11-10" start_char="2231">form</TOKEN>
				<TOKEN end_char="2237" id="token-11-11" start_char="2236">an</TOKEN>
				<TOKEN end_char="2243" id="token-11-12" start_char="2239">after</TOKEN>
				<TOKEN end_char="2244" id="token-11-13" start_char="2244">-</TOKEN>
				<TOKEN end_char="2250" id="token-11-14" start_char="2245">school</TOKEN>
				<TOKEN end_char="2255" id="token-11-15" start_char="2252">club</TOKEN>
				<TOKEN end_char="2259" id="token-11-16" start_char="2257">for</TOKEN>
				<TOKEN end_char="2265" id="token-11-17" start_char="2261">their</TOKEN>
				<TOKEN end_char="2274" id="token-11-18" start_char="2267">students</TOKEN>
				<TOKEN end_char="2281" id="token-11-19" start_char="2276">taking</TOKEN>
				<TOKEN end_char="2285" id="token-11-20" start_char="2283">the</TOKEN>
				<TOKEN end_char="2292" id="token-11-21" start_char="2287">summer</TOKEN>
				<TOKEN end_char="2299" id="token-11-22" start_char="2294">course</TOKEN>
				<TOKEN end_char="2300" id="token-11-23" start_char="2300">.</TOKEN>
				<TOKEN end_char="2304" id="token-11-24" start_char="2302">The</TOKEN>
				<TOKEN end_char="2309" id="token-11-25" start_char="2306">club</TOKEN>
				<TOKEN end_char="2314" id="token-11-26" start_char="2311">will</TOKEN>
				<TOKEN end_char="2320" id="token-11-27" start_char="2316">allow</TOKEN>
				<TOKEN end_char="2329" id="token-11-28" start_char="2322">children</TOKEN>
				<TOKEN end_char="2332" id="token-11-29" start_char="2331">to</TOKEN>
				<TOKEN end_char="2341" id="token-11-30" start_char="2334">continue</TOKEN>
				<TOKEN end_char="2347" id="token-11-31" start_char="2343">their</TOKEN>
				<TOKEN end_char="2356" id="token-11-32" start_char="2349">learning</TOKEN>
				<TOKEN end_char="2360" id="token-11-33" start_char="2358">but</TOKEN>
				<TOKEN end_char="2365" id="token-11-34" start_char="2362">will</TOKEN>
				<TOKEN end_char="2368" id="token-11-35" start_char="2367">be</TOKEN>
				<TOKEN end_char="2377" id="token-11-36" start_char="2370">separate</TOKEN>
				<TOKEN end_char="2382" id="token-11-37" start_char="2379">from</TOKEN>
				<TOKEN end_char="2386" id="token-11-38" start_char="2384">the</TOKEN>
				<TOKEN end_char="2396" id="token-11-39" start_char="2388">extension</TOKEN>
				<TOKEN end_char="2403" id="token-11-40" start_char="2398">course</TOKEN>
				<TOKEN end_char="2404" id="token-11-41" start_char="2404">.</TOKEN>
			</SEG>
			<SEG end_char="2615" id="20130605_WAPO_f113559c-cd2a-11e2-9f1a-1a7cdee20287-12" start_char="2406">
				<ORIGINAL_TEXT>“My hope is that students will be really excited and will continue to participate in the club,” Brant said. “I welcome anything that gives students an opportunity to explore another culture, another lifestyle.”</ORIGINAL_TEXT>
				<TOKEN end_char="2406" id="token-12-0" start_char="2406">“</TOKEN>
				<TOKEN end_char="2408" id="token-12-1" start_char="2407">My</TOKEN>
				<TOKEN end_char="2413" id="token-12-2" start_char="2410">hope</TOKEN>
				<TOKEN end_char="2416" id="token-12-3" start_char="2415">is</TOKEN>
				<TOKEN end_char="2421" id="token-12-4" start_char="2418">that</TOKEN>
				<TOKEN end_char="2430" id="token-12-5" start_char="2423">students</TOKEN>
				<TOKEN end_char="2435" id="token-12-6" start_char="2432">will</TOKEN>
				<TOKEN end_char="2438" id="token-12-7" start_char="2437">be</TOKEN>
				<TOKEN end_char="2445" id="token-12-8" start_char="2440">really</TOKEN>
				<TOKEN end_char="2453" id="token-12-9" start_char="2447">excited</TOKEN>
				<TOKEN end_char="2457" id="token-12-10" start_char="2455">and</TOKEN>
				<TOKEN end_char="2462" id="token-12-11" start_char="2459">will</TOKEN>
				<TOKEN end_char="2471" id="token-12-12" start_char="2464">continue</TOKEN>
				<TOKEN end_char="2474" id="token-12-13" start_char="2473">to</TOKEN>
				<TOKEN end_char="2486" id="token-12-14" start_char="2476">participate</TOKEN>
				<TOKEN end_char="2489" id="token-12-15" start_char="2488">in</TOKEN>
				<TOKEN end_char="2493" id="token-12-16" start_char="2491">the</TOKEN>
				<TOKEN end_char="2498" id="token-12-17" start_char="2495">club</TOKEN>
				<TOKEN end_char="2500" id="token-12-18" start_char="2499">,”</TOKEN>
				<TOKEN end_char="2506" id="token-12-19" start_char="2502">Brant</TOKEN>
				<TOKEN end_char="2511" id="token-12-20" start_char="2508">said</TOKEN>
				<TOKEN end_char="2512" id="token-12-21" start_char="2512">.</TOKEN>
				<TOKEN end_char="2514" id="token-12-22" start_char="2514">“</TOKEN>
				<TOKEN end_char="2515" id="token-12-23" start_char="2515">I</TOKEN>
				<TOKEN end_char="2523" id="token-12-24" start_char="2517">welcome</TOKEN>
				<TOKEN end_char="2532" id="token-12-25" start_char="2525">anything</TOKEN>
				<TOKEN end_char="2537" id="token-12-26" start_char="2534">that</TOKEN>
				<TOKEN end_char="2543" id="token-12-27" start_char="2539">gives</TOKEN>
				<TOKEN end_char="2552" id="token-12-28" start_char="2545">students</TOKEN>
				<TOKEN end_char="2555" id="token-12-29" start_char="2554">an</TOKEN>
				<TOKEN end_char="2567" id="token-12-30" start_char="2557">opportunity</TOKEN>
				<TOKEN end_char="2570" id="token-12-31" start_char="2569">to</TOKEN>
				<TOKEN end_char="2578" id="token-12-32" start_char="2572">explore</TOKEN>
				<TOKEN end_char="2586" id="token-12-33" start_char="2580">another</TOKEN>
				<TOKEN end_char="2594" id="token-12-34" start_char="2588">culture</TOKEN>
				<TOKEN end_char="2595" id="token-12-35" start_char="2595">,</TOKEN>
				<TOKEN end_char="2603" id="token-12-36" start_char="2597">another</TOKEN>
				<TOKEN end_char="2613" id="token-12-37" start_char="2605">lifestyle</TOKEN>
				<TOKEN end_char="2615" id="token-12-38" start_char="2614">.”</TOKEN>
			</SEG>
			<SEG end_char="2927" id="20130605_WAPO_f113559c-cd2a-11e2-9f1a-1a7cdee20287-13" start_char="2617">
				<ORIGINAL_TEXT>The school’s central location in Montgomery and the demographics of its student body made it a good setting for the summer course. Alan Cheung, who is coordinating the program at Gaithersburg Elementary, said the course will help introduce Chinese to students who would otherwise not be exposed to the language.</ORIGINAL_TEXT>
				<TOKEN end_char="2619" id="token-13-0" start_char="2617">The</TOKEN>
				<TOKEN end_char="2626" id="token-13-1" start_char="2621">school</TOKEN>
				<TOKEN end_char="2627" id="token-13-2" start_char="2627">’</TOKEN>
				<TOKEN end_char="2628" id="token-13-3" start_char="2628">s</TOKEN>
				<TOKEN end_char="2636" id="token-13-4" start_char="2630">central</TOKEN>
				<TOKEN end_char="2645" id="token-13-5" start_char="2638">location</TOKEN>
				<TOKEN end_char="2648" id="token-13-6" start_char="2647">in</TOKEN>
				<TOKEN end_char="2659" id="token-13-7" start_char="2650">Montgomery</TOKEN>
				<TOKEN end_char="2663" id="token-13-8" start_char="2661">and</TOKEN>
				<TOKEN end_char="2667" id="token-13-9" start_char="2665">the</TOKEN>
				<TOKEN end_char="2680" id="token-13-10" start_char="2669">demographics</TOKEN>
				<TOKEN end_char="2683" id="token-13-11" start_char="2682">of</TOKEN>
				<TOKEN end_char="2687" id="token-13-12" start_char="2685">its</TOKEN>
				<TOKEN end_char="2695" id="token-13-13" start_char="2689">student</TOKEN>
				<TOKEN end_char="2700" id="token-13-14" start_char="2697">body</TOKEN>
				<TOKEN end_char="2705" id="token-13-15" start_char="2702">made</TOKEN>
				<TOKEN end_char="2708" id="token-13-16" start_char="2707">it</TOKEN>
				<TOKEN end_char="2710" id="token-13-17" start_char="2710">a</TOKEN>
				<TOKEN end_char="2715" id="token-13-18" start_char="2712">good</TOKEN>
				<TOKEN end_char="2723" id="token-13-19" start_char="2717">setting</TOKEN>
				<TOKEN end_char="2727" id="token-13-20" start_char="2725">for</TOKEN>
				<TOKEN end_char="2731" id="token-13-21" start_char="2729">the</TOKEN>
				<TOKEN end_char="2738" id="token-13-22" start_char="2733">summer</TOKEN>
				<TOKEN end_char="2745" id="token-13-23" start_char="2740">course</TOKEN>
				<TOKEN end_char="2746" id="token-13-24" start_char="2746">.</TOKEN>
				<TOKEN end_char="2751" id="token-13-25" start_char="2748">Alan</TOKEN>
				<TOKEN end_char="2758" id="token-13-26" start_char="2753">Cheung</TOKEN>
				<TOKEN end_char="2759" id="token-13-27" start_char="2759">,</TOKEN>
				<TOKEN end_char="2763" id="token-13-28" start_char="2761">who</TOKEN>
				<TOKEN end_char="2766" id="token-13-29" start_char="2765">is</TOKEN>
				<TOKEN end_char="2779" id="token-13-30" start_char="2768">coordinating</TOKEN>
				<TOKEN end_char="2783" id="token-13-31" start_char="2781">the</TOKEN>
				<TOKEN end_char="2791" id="token-13-32" start_char="2785">program</TOKEN>
				<TOKEN end_char="2794" id="token-13-33" start_char="2793">at</TOKEN>
				<TOKEN end_char="2807" id="token-13-34" start_char="2796">Gaithersburg</TOKEN>
				<TOKEN end_char="2818" id="token-13-35" start_char="2809">Elementary</TOKEN>
				<TOKEN end_char="2819" id="token-13-36" start_char="2819">,</TOKEN>
				<TOKEN end_char="2824" id="token-13-37" start_char="2821">said</TOKEN>
				<TOKEN end_char="2828" id="token-13-38" start_char="2826">the</TOKEN>
				<TOKEN end_char="2835" id="token-13-39" start_char="2830">course</TOKEN>
				<TOKEN end_char="2840" id="token-13-40" start_char="2837">will</TOKEN>
				<TOKEN end_char="2845" id="token-13-41" start_char="2842">help</TOKEN>
				<TOKEN end_char="2855" id="token-13-42" start_char="2847">introduce</TOKEN>
				<TOKEN end_char="2863" id="token-13-43" start_char="2857">Chinese</TOKEN>
				<TOKEN end_char="2866" id="token-13-44" start_char="2865">to</TOKEN>
				<TOKEN end_char="2875" id="token-13-45" start_char="2868">students</TOKEN>
				<TOKEN end_char="2879" id="token-13-46" start_char="2877">who</TOKEN>
				<TOKEN end_char="2885" id="token-13-47" start_char="2881">would</TOKEN>
				<TOKEN end_char="2895" id="token-13-48" start_char="2887">otherwise</TOKEN>
				<TOKEN end_char="2899" id="token-13-49" start_char="2897">not</TOKEN>
				<TOKEN end_char="2902" id="token-13-50" start_char="2901">be</TOKEN>
				<TOKEN end_char="2910" id="token-13-51" start_char="2904">exposed</TOKEN>
				<TOKEN end_char="2913" id="token-13-52" start_char="2912">to</TOKEN>
				<TOKEN end_char="2917" id="token-13-53" start_char="2915">the</TOKEN>
				<TOKEN end_char="2926" id="token-13-54" start_char="2919">language</TOKEN>
				<TOKEN end_char="2927" id="token-13-55" start_char="2927">.</TOKEN>
			</SEG>
			<SEG end_char="3062" id="20130605_WAPO_f113559c-cd2a-11e2-9f1a-1a7cdee20287-14" start_char="2929">
				<ORIGINAL_TEXT>“The intention is for students with little or no language experience to get involved and interested in learning Chinese,” Cheung said.</ORIGINAL_TEXT>
				<TOKEN end_char="2929" id="token-14-0" start_char="2929">“</TOKEN>
				<TOKEN end_char="2932" id="token-14-1" start_char="2930">The</TOKEN>
				<TOKEN end_char="2942" id="token-14-2" start_char="2934">intention</TOKEN>
				<TOKEN end_char="2945" id="token-14-3" start_char="2944">is</TOKEN>
				<TOKEN end_char="2949" id="token-14-4" start_char="2947">for</TOKEN>
				<TOKEN end_char="2958" id="token-14-5" start_char="2951">students</TOKEN>
				<TOKEN end_char="2963" id="token-14-6" start_char="2960">with</TOKEN>
				<TOKEN end_char="2970" id="token-14-7" start_char="2965">little</TOKEN>
				<TOKEN end_char="2973" id="token-14-8" start_char="2972">or</TOKEN>
				<TOKEN end_char="2976" id="token-14-9" start_char="2975">no</TOKEN>
				<TOKEN end_char="2985" id="token-14-10" start_char="2978">language</TOKEN>
				<TOKEN end_char="2996" id="token-14-11" start_char="2987">experience</TOKEN>
				<TOKEN end_char="2999" id="token-14-12" start_char="2998">to</TOKEN>
				<TOKEN end_char="3003" id="token-14-13" start_char="3001">get</TOKEN>
				<TOKEN end_char="3012" id="token-14-14" start_char="3005">involved</TOKEN>
				<TOKEN end_char="3016" id="token-14-15" start_char="3014">and</TOKEN>
				<TOKEN end_char="3027" id="token-14-16" start_char="3018">interested</TOKEN>
				<TOKEN end_char="3030" id="token-14-17" start_char="3029">in</TOKEN>
				<TOKEN end_char="3039" id="token-14-18" start_char="3032">learning</TOKEN>
				<TOKEN end_char="3047" id="token-14-19" start_char="3041">Chinese</TOKEN>
				<TOKEN end_char="3049" id="token-14-20" start_char="3048">,”</TOKEN>
				<TOKEN end_char="3056" id="token-14-21" start_char="3051">Cheung</TOKEN>
				<TOKEN end_char="3061" id="token-14-22" start_char="3058">said</TOKEN>
				<TOKEN end_char="3062" id="token-14-23" start_char="3062">.</TOKEN>
			</SEG>
			<SEG end_char="3423" id="20130605_WAPO_f113559c-cd2a-11e2-9f1a-1a7cdee20287-15" start_char="3064">
				<ORIGINAL_TEXT>This course is the fourth Chinese-language summer program to emerge in Maryland, and the first in Montgomery. It joins the other three — hosted by the New Life Christian School in Frederick, Howard Community College and Longfellow Elementary School in Columbia — as part of the National Foreign Language Center’s Startalk program at the University of Maryland.</ORIGINAL_TEXT>
				<TOKEN end_char="3067" id="token-15-0" start_char="3064">This</TOKEN>
				<TOKEN end_char="3074" id="token-15-1" start_char="3069">course</TOKEN>
				<TOKEN end_char="3077" id="token-15-2" start_char="3076">is</TOKEN>
				<TOKEN end_char="3081" id="token-15-3" start_char="3079">the</TOKEN>
				<TOKEN end_char="3088" id="token-15-4" start_char="3083">fourth</TOKEN>
				<TOKEN end_char="3096" id="token-15-5" start_char="3090">Chinese</TOKEN>
				<TOKEN end_char="3097" id="token-15-6" start_char="3097">-</TOKEN>
				<TOKEN end_char="3105" id="token-15-7" start_char="3098">language</TOKEN>
				<TOKEN end_char="3112" id="token-15-8" start_char="3107">summer</TOKEN>
				<TOKEN end_char="3120" id="token-15-9" start_char="3114">program</TOKEN>
				<TOKEN end_char="3123" id="token-15-10" start_char="3122">to</TOKEN>
				<TOKEN end_char="3130" id="token-15-11" start_char="3125">emerge</TOKEN>
				<TOKEN end_char="3133" id="token-15-12" start_char="3132">in</TOKEN>
				<TOKEN end_char="3142" id="token-15-13" start_char="3135">Maryland</TOKEN>
				<TOKEN end_char="3143" id="token-15-14" start_char="3143">,</TOKEN>
				<TOKEN end_char="3147" id="token-15-15" start_char="3145">and</TOKEN>
				<TOKEN end_char="3151" id="token-15-16" start_char="3149">the</TOKEN>
				<TOKEN end_char="3157" id="token-15-17" start_char="3153">first</TOKEN>
				<TOKEN end_char="3160" id="token-15-18" start_char="3159">in</TOKEN>
				<TOKEN end_char="3171" id="token-15-19" start_char="3162">Montgomery</TOKEN>
				<TOKEN end_char="3172" id="token-15-20" start_char="3172">.</TOKEN>
				<TOKEN end_char="3175" id="token-15-21" start_char="3174">It</TOKEN>
				<TOKEN end_char="3181" id="token-15-22" start_char="3177">joins</TOKEN>
				<TOKEN end_char="3185" id="token-15-23" start_char="3183">the</TOKEN>
				<TOKEN end_char="3191" id="token-15-24" start_char="3187">other</TOKEN>
				<TOKEN end_char="3197" id="token-15-25" start_char="3193">three</TOKEN>
				<TOKEN end_char="3199" id="token-15-26" start_char="3199">—</TOKEN>
				<TOKEN end_char="3206" id="token-15-27" start_char="3201">hosted</TOKEN>
				<TOKEN end_char="3209" id="token-15-28" start_char="3208">by</TOKEN>
				<TOKEN end_char="3213" id="token-15-29" start_char="3211">the</TOKEN>
				<TOKEN end_char="3217" id="token-15-30" start_char="3215">New</TOKEN>
				<TOKEN end_char="3222" id="token-15-31" start_char="3219">Life</TOKEN>
				<TOKEN end_char="3232" id="token-15-32" start_char="3224">Christian</TOKEN>
				<TOKEN end_char="3239" id="token-15-33" start_char="3234">School</TOKEN>
				<TOKEN end_char="3242" id="token-15-34" start_char="3241">in</TOKEN>
				<TOKEN end_char="3252" id="token-15-35" start_char="3244">Frederick</TOKEN>
				<TOKEN end_char="3253" id="token-15-36" start_char="3253">,</TOKEN>
				<TOKEN end_char="3260" id="token-15-37" start_char="3255">Howard</TOKEN>
				<TOKEN end_char="3270" id="token-15-38" start_char="3262">Community</TOKEN>
				<TOKEN end_char="3278" id="token-15-39" start_char="3272">College</TOKEN>
				<TOKEN end_char="3282" id="token-15-40" start_char="3280">and</TOKEN>
				<TOKEN end_char="3293" id="token-15-41" start_char="3284">Longfellow</TOKEN>
				<TOKEN end_char="3304" id="token-15-42" start_char="3295">Elementary</TOKEN>
				<TOKEN end_char="3311" id="token-15-43" start_char="3306">School</TOKEN>
				<TOKEN end_char="3314" id="token-15-44" start_char="3313">in</TOKEN>
				<TOKEN end_char="3323" id="token-15-45" start_char="3316">Columbia</TOKEN>
				<TOKEN end_char="3325" id="token-15-46" start_char="3325">—</TOKEN>
				<TOKEN end_char="3328" id="token-15-47" start_char="3327">as</TOKEN>
				<TOKEN end_char="3333" id="token-15-48" start_char="3330">part</TOKEN>
				<TOKEN end_char="3336" id="token-15-49" start_char="3335">of</TOKEN>
				<TOKEN end_char="3340" id="token-15-50" start_char="3338">the</TOKEN>
				<TOKEN end_char="3349" id="token-15-51" start_char="3342">National</TOKEN>
				<TOKEN end_char="3357" id="token-15-52" start_char="3351">Foreign</TOKEN>
				<TOKEN end_char="3366" id="token-15-53" start_char="3359">Language</TOKEN>
				<TOKEN end_char="3373" id="token-15-54" start_char="3368">Center</TOKEN>
				<TOKEN end_char="3374" id="token-15-55" start_char="3374">’</TOKEN>
				<TOKEN end_char="3375" id="token-15-56" start_char="3375">s</TOKEN>
				<TOKEN end_char="3384" id="token-15-57" start_char="3377">Startalk</TOKEN>
				<TOKEN end_char="3392" id="token-15-58" start_char="3386">program</TOKEN>
				<TOKEN end_char="3395" id="token-15-59" start_char="3394">at</TOKEN>
				<TOKEN end_char="3399" id="token-15-60" start_char="3397">the</TOKEN>
				<TOKEN end_char="3410" id="token-15-61" start_char="3401">University</TOKEN>
				<TOKEN end_char="3413" id="token-15-62" start_char="3412">of</TOKEN>
				<TOKEN end_char="3422" id="token-15-63" start_char="3415">Maryland</TOKEN>
				<TOKEN end_char="3423" id="token-15-64" start_char="3423">.</TOKEN>
			</SEG>
			<SEG end_char="3673" id="20130605_WAPO_f113559c-cd2a-11e2-9f1a-1a7cdee20287-16" start_char="3425">
				<ORIGINAL_TEXT>Startalk seeks to improve learning of “critical need” languages in grades kindergarten through 12 and college-age students, and is a component of former President George W. Bush’s National Security Language Initiative, which was established in 2006.</ORIGINAL_TEXT>
				<TOKEN end_char="3432" id="token-16-0" start_char="3425">Startalk</TOKEN>
				<TOKEN end_char="3438" id="token-16-1" start_char="3434">seeks</TOKEN>
				<TOKEN end_char="3441" id="token-16-2" start_char="3440">to</TOKEN>
				<TOKEN end_char="3449" id="token-16-3" start_char="3443">improve</TOKEN>
				<TOKEN end_char="3458" id="token-16-4" start_char="3451">learning</TOKEN>
				<TOKEN end_char="3461" id="token-16-5" start_char="3460">of</TOKEN>
				<TOKEN end_char="3463" id="token-16-6" start_char="3463">“</TOKEN>
				<TOKEN end_char="3471" id="token-16-7" start_char="3464">critical</TOKEN>
				<TOKEN end_char="3476" id="token-16-8" start_char="3473">need</TOKEN>
				<TOKEN end_char="3477" id="token-16-9" start_char="3477">”</TOKEN>
				<TOKEN end_char="3487" id="token-16-10" start_char="3479">languages</TOKEN>
				<TOKEN end_char="3490" id="token-16-11" start_char="3489">in</TOKEN>
				<TOKEN end_char="3497" id="token-16-12" start_char="3492">grades</TOKEN>
				<TOKEN end_char="3510" id="token-16-13" start_char="3499">kindergarten</TOKEN>
				<TOKEN end_char="3518" id="token-16-14" start_char="3512">through</TOKEN>
				<TOKEN end_char="3521" id="token-16-15" start_char="3520">12</TOKEN>
				<TOKEN end_char="3525" id="token-16-16" start_char="3523">and</TOKEN>
				<TOKEN end_char="3533" id="token-16-17" start_char="3527">college</TOKEN>
				<TOKEN end_char="3534" id="token-16-18" start_char="3534">-</TOKEN>
				<TOKEN end_char="3537" id="token-16-19" start_char="3535">age</TOKEN>
				<TOKEN end_char="3546" id="token-16-20" start_char="3539">students</TOKEN>
				<TOKEN end_char="3547" id="token-16-21" start_char="3547">,</TOKEN>
				<TOKEN end_char="3551" id="token-16-22" start_char="3549">and</TOKEN>
				<TOKEN end_char="3554" id="token-16-23" start_char="3553">is</TOKEN>
				<TOKEN end_char="3556" id="token-16-24" start_char="3556">a</TOKEN>
				<TOKEN end_char="3566" id="token-16-25" start_char="3558">component</TOKEN>
				<TOKEN end_char="3569" id="token-16-26" start_char="3568">of</TOKEN>
				<TOKEN end_char="3576" id="token-16-27" start_char="3571">former</TOKEN>
				<TOKEN end_char="3586" id="token-16-28" start_char="3578">President</TOKEN>
				<TOKEN end_char="3593" id="token-16-29" start_char="3588">George</TOKEN>
				<TOKEN end_char="3595" id="token-16-30" start_char="3595">W</TOKEN>
				<TOKEN end_char="3596" id="token-16-31" start_char="3596">.</TOKEN>
				<TOKEN end_char="3601" id="token-16-32" start_char="3598">Bush</TOKEN>
				<TOKEN end_char="3602" id="token-16-33" start_char="3602">’</TOKEN>
				<TOKEN end_char="3603" id="token-16-34" start_char="3603">s</TOKEN>
				<TOKEN end_char="3612" id="token-16-35" start_char="3605">National</TOKEN>
				<TOKEN end_char="3621" id="token-16-36" start_char="3614">Security</TOKEN>
				<TOKEN end_char="3630" id="token-16-37" start_char="3623">Language</TOKEN>
				<TOKEN end_char="3641" id="token-16-38" start_char="3632">Initiative</TOKEN>
				<TOKEN end_char="3642" id="token-16-39" start_char="3642">,</TOKEN>
				<TOKEN end_char="3648" id="token-16-40" start_char="3644">which</TOKEN>
				<TOKEN end_char="3652" id="token-16-41" start_char="3650">was</TOKEN>
				<TOKEN end_char="3664" id="token-16-42" start_char="3654">established</TOKEN>
				<TOKEN end_char="3667" id="token-16-43" start_char="3666">in</TOKEN>
				<TOKEN end_char="3672" id="token-16-44" start_char="3669">2006</TOKEN>
				<TOKEN end_char="3673" id="token-16-45" start_char="3673">.</TOKEN>
			</SEG>
			<SEG end_char="4047" id="20130605_WAPO_f113559c-cd2a-11e2-9f1a-1a7cdee20287-17" start_char="3675">
				<ORIGINAL_TEXT>Startalk sends out grant application invitations each September. Once all the applications are received, Startalk reviews and decides which ones will receive federal grants. When the programs are in place, Startalk performs on-site visits to ensure the program’s national practices are being performed correctly in the classrooms, said Startalk Program Director Betsy Hart.</ORIGINAL_TEXT>
				<TOKEN end_char="3682" id="token-17-0" start_char="3675">Startalk</TOKEN>
				<TOKEN end_char="3688" id="token-17-1" start_char="3684">sends</TOKEN>
				<TOKEN end_char="3692" id="token-17-2" start_char="3690">out</TOKEN>
				<TOKEN end_char="3698" id="token-17-3" start_char="3694">grant</TOKEN>
				<TOKEN end_char="3710" id="token-17-4" start_char="3700">application</TOKEN>
				<TOKEN end_char="3722" id="token-17-5" start_char="3712">invitations</TOKEN>
				<TOKEN end_char="3727" id="token-17-6" start_char="3724">each</TOKEN>
				<TOKEN end_char="3737" id="token-17-7" start_char="3729">September</TOKEN>
				<TOKEN end_char="3738" id="token-17-8" start_char="3738">.</TOKEN>
				<TOKEN end_char="3743" id="token-17-9" start_char="3740">Once</TOKEN>
				<TOKEN end_char="3747" id="token-17-10" start_char="3745">all</TOKEN>
				<TOKEN end_char="3751" id="token-17-11" start_char="3749">the</TOKEN>
				<TOKEN end_char="3764" id="token-17-12" start_char="3753">applications</TOKEN>
				<TOKEN end_char="3768" id="token-17-13" start_char="3766">are</TOKEN>
				<TOKEN end_char="3777" id="token-17-14" start_char="3770">received</TOKEN>
				<TOKEN end_char="3778" id="token-17-15" start_char="3778">,</TOKEN>
				<TOKEN end_char="3787" id="token-17-16" start_char="3780">Startalk</TOKEN>
				<TOKEN end_char="3795" id="token-17-17" start_char="3789">reviews</TOKEN>
				<TOKEN end_char="3799" id="token-17-18" start_char="3797">and</TOKEN>
				<TOKEN end_char="3807" id="token-17-19" start_char="3801">decides</TOKEN>
				<TOKEN end_char="3813" id="token-17-20" start_char="3809">which</TOKEN>
				<TOKEN end_char="3818" id="token-17-21" start_char="3815">ones</TOKEN>
				<TOKEN end_char="3823" id="token-17-22" start_char="3820">will</TOKEN>
				<TOKEN end_char="3831" id="token-17-23" start_char="3825">receive</TOKEN>
				<TOKEN end_char="3839" id="token-17-24" start_char="3833">federal</TOKEN>
				<TOKEN end_char="3846" id="token-17-25" start_char="3841">grants</TOKEN>
				<TOKEN end_char="3847" id="token-17-26" start_char="3847">.</TOKEN>
				<TOKEN end_char="3852" id="token-17-27" start_char="3849">When</TOKEN>
				<TOKEN end_char="3856" id="token-17-28" start_char="3854">the</TOKEN>
				<TOKEN end_char="3865" id="token-17-29" start_char="3858">programs</TOKEN>
				<TOKEN end_char="3869" id="token-17-30" start_char="3867">are</TOKEN>
				<TOKEN end_char="3872" id="token-17-31" start_char="3871">in</TOKEN>
				<TOKEN end_char="3878" id="token-17-32" start_char="3874">place</TOKEN>
				<TOKEN end_char="3879" id="token-17-33" start_char="3879">,</TOKEN>
				<TOKEN end_char="3888" id="token-17-34" start_char="3881">Startalk</TOKEN>
				<TOKEN end_char="3897" id="token-17-35" start_char="3890">performs</TOKEN>
				<TOKEN end_char="3900" id="token-17-36" start_char="3899">on</TOKEN>
				<TOKEN end_char="3901" id="token-17-37" start_char="3901">-</TOKEN>
				<TOKEN end_char="3905" id="token-17-38" start_char="3902">site</TOKEN>
				<TOKEN end_char="3912" id="token-17-39" start_char="3907">visits</TOKEN>
				<TOKEN end_char="3915" id="token-17-40" start_char="3914">to</TOKEN>
				<TOKEN end_char="3922" id="token-17-41" start_char="3917">ensure</TOKEN>
				<TOKEN end_char="3926" id="token-17-42" start_char="3924">the</TOKEN>
				<TOKEN end_char="3934" id="token-17-43" start_char="3928">program</TOKEN>
				<TOKEN end_char="3935" id="token-17-44" start_char="3935">’</TOKEN>
				<TOKEN end_char="3936" id="token-17-45" start_char="3936">s</TOKEN>
				<TOKEN end_char="3945" id="token-17-46" start_char="3938">national</TOKEN>
				<TOKEN end_char="3955" id="token-17-47" start_char="3947">practices</TOKEN>
				<TOKEN end_char="3959" id="token-17-48" start_char="3957">are</TOKEN>
				<TOKEN end_char="3965" id="token-17-49" start_char="3961">being</TOKEN>
				<TOKEN end_char="3975" id="token-17-50" start_char="3967">performed</TOKEN>
				<TOKEN end_char="3985" id="token-17-51" start_char="3977">correctly</TOKEN>
				<TOKEN end_char="3988" id="token-17-52" start_char="3987">in</TOKEN>
				<TOKEN end_char="3992" id="token-17-53" start_char="3990">the</TOKEN>
				<TOKEN end_char="4003" id="token-17-54" start_char="3994">classrooms</TOKEN>
				<TOKEN end_char="4004" id="token-17-55" start_char="4004">,</TOKEN>
				<TOKEN end_char="4009" id="token-17-56" start_char="4006">said</TOKEN>
				<TOKEN end_char="4018" id="token-17-57" start_char="4011">Startalk</TOKEN>
				<TOKEN end_char="4026" id="token-17-58" start_char="4020">Program</TOKEN>
				<TOKEN end_char="4035" id="token-17-59" start_char="4028">Director</TOKEN>
				<TOKEN end_char="4041" id="token-17-60" start_char="4037">Betsy</TOKEN>
				<TOKEN end_char="4046" id="token-17-61" start_char="4043">Hart</TOKEN>
				<TOKEN end_char="4047" id="token-17-62" start_char="4047">.</TOKEN>
			</SEG>
			<SEG end_char="4123" id="20130605_WAPO_f113559c-cd2a-11e2-9f1a-1a7cdee20287-18" start_char="4050">
				<ORIGINAL_TEXT>Cheung’s Gaithersburg program is one of 24 that received grants this year.</ORIGINAL_TEXT>
				<TOKEN end_char="4055" id="token-18-0" start_char="4050">Cheung</TOKEN>
				<TOKEN end_char="4056" id="token-18-1" start_char="4056">’</TOKEN>
				<TOKEN end_char="4057" id="token-18-2" start_char="4057">s</TOKEN>
				<TOKEN end_char="4070" id="token-18-3" start_char="4059">Gaithersburg</TOKEN>
				<TOKEN end_char="4078" id="token-18-4" start_char="4072">program</TOKEN>
				<TOKEN end_char="4081" id="token-18-5" start_char="4080">is</TOKEN>
				<TOKEN end_char="4085" id="token-18-6" start_char="4083">one</TOKEN>
				<TOKEN end_char="4088" id="token-18-7" start_char="4087">of</TOKEN>
				<TOKEN end_char="4091" id="token-18-8" start_char="4090">24</TOKEN>
				<TOKEN end_char="4096" id="token-18-9" start_char="4093">that</TOKEN>
				<TOKEN end_char="4105" id="token-18-10" start_char="4098">received</TOKEN>
				<TOKEN end_char="4112" id="token-18-11" start_char="4107">grants</TOKEN>
				<TOKEN end_char="4117" id="token-18-12" start_char="4114">this</TOKEN>
				<TOKEN end_char="4122" id="token-18-13" start_char="4119">year</TOKEN>
				<TOKEN end_char="4123" id="token-18-14" start_char="4123">.</TOKEN>
			</SEG>
		</TEXT>
	</DOC>
</LCTL_TEXT>
