<?xml version="1.0" encoding="utf-8"?>
<LCTL_TEXT>
	<DOC id="20130731_WAPO_60a32aae-f9c7-11e2-a369-d1954abcb7e3">
		<TEXT>
			<SEG end_char="32" id="20130731_WAPO_60a32aae-f9c7-11e2-a369-d1954abcb7e3-0" start_char="0">
				<ORIGINAL_TEXT>Fewer teens get driver’s licenses</ORIGINAL_TEXT>
				<TOKEN end_char="4" id="token-0-0" start_char="0">Fewer</TOKEN>
				<TOKEN end_char="10" id="token-0-1" start_char="6">teens</TOKEN>
				<TOKEN end_char="14" id="token-0-2" start_char="12">get</TOKEN>
				<TOKEN end_char="21" id="token-0-3" start_char="16">driver</TOKEN>
				<TOKEN end_char="22" id="token-0-4" start_char="22">’</TOKEN>
				<TOKEN end_char="23" id="token-0-5" start_char="23">s</TOKEN>
				<TOKEN end_char="32" id="token-0-6" start_char="25">licenses</TOKEN>
			</SEG>
			<SEG end_char="76" id="20130731_WAPO_60a32aae-f9c7-11e2-a369-d1954abcb7e3-1" start_char="34">
				<ORIGINAL_TEXT>Wednesday, July 31, 2013 20:03:29 GMT-05:00</ORIGINAL_TEXT>
				<TOKEN end_char="42" id="token-1-0" start_char="34">Wednesday</TOKEN>
				<TOKEN end_char="43" id="token-1-1" start_char="43">,</TOKEN>
				<TOKEN end_char="48" id="token-1-2" start_char="45">July</TOKEN>
				<TOKEN end_char="51" id="token-1-3" start_char="50">31</TOKEN>
				<TOKEN end_char="52" id="token-1-4" start_char="52">,</TOKEN>
				<TOKEN end_char="57" id="token-1-5" start_char="54">2013</TOKEN>
				<TOKEN end_char="60" id="token-1-6" start_char="59">20</TOKEN>
				<TOKEN end_char="61" id="token-1-7" start_char="61">:</TOKEN>
				<TOKEN end_char="63" id="token-1-8" start_char="62">03</TOKEN>
				<TOKEN end_char="64" id="token-1-9" start_char="64">:</TOKEN>
				<TOKEN end_char="66" id="token-1-10" start_char="65">29</TOKEN>
				<TOKEN end_char="70" id="token-1-11" start_char="68">GMT</TOKEN>
				<TOKEN end_char="71" id="token-1-12" start_char="71">-</TOKEN>
				<TOKEN end_char="73" id="token-1-13" start_char="72">05</TOKEN>
				<TOKEN end_char="74" id="token-1-14" start_char="74">:</TOKEN>
				<TOKEN end_char="76" id="token-1-15" start_char="75">00</TOKEN>
			</SEG>
			<SEG end_char="324" id="20130731_WAPO_60a32aae-f9c7-11e2-a369-d1954abcb7e3-2" start_char="78">
				<ORIGINAL_TEXT>Reaching driving age doesn’t hold the magical allure it once did for teenagers, with fewer than half of them applying for a driver’s license when they reach legal age, according to a report issued Thursday by the AAA Foundation for Traffic Safety.</ORIGINAL_TEXT>
				<TOKEN end_char="85" id="token-2-0" start_char="78">Reaching</TOKEN>
				<TOKEN end_char="93" id="token-2-1" start_char="87">driving</TOKEN>
				<TOKEN end_char="97" id="token-2-2" start_char="95">age</TOKEN>
				<TOKEN end_char="103" id="token-2-3" start_char="99">doesn</TOKEN>
				<TOKEN end_char="104" id="token-2-4" start_char="104">’</TOKEN>
				<TOKEN end_char="105" id="token-2-5" start_char="105">t</TOKEN>
				<TOKEN end_char="110" id="token-2-6" start_char="107">hold</TOKEN>
				<TOKEN end_char="114" id="token-2-7" start_char="112">the</TOKEN>
				<TOKEN end_char="122" id="token-2-8" start_char="116">magical</TOKEN>
				<TOKEN end_char="129" id="token-2-9" start_char="124">allure</TOKEN>
				<TOKEN end_char="132" id="token-2-10" start_char="131">it</TOKEN>
				<TOKEN end_char="137" id="token-2-11" start_char="134">once</TOKEN>
				<TOKEN end_char="141" id="token-2-12" start_char="139">did</TOKEN>
				<TOKEN end_char="145" id="token-2-13" start_char="143">for</TOKEN>
				<TOKEN end_char="155" id="token-2-14" start_char="147">teenagers</TOKEN>
				<TOKEN end_char="156" id="token-2-15" start_char="156">,</TOKEN>
				<TOKEN end_char="161" id="token-2-16" start_char="158">with</TOKEN>
				<TOKEN end_char="167" id="token-2-17" start_char="163">fewer</TOKEN>
				<TOKEN end_char="172" id="token-2-18" start_char="169">than</TOKEN>
				<TOKEN end_char="177" id="token-2-19" start_char="174">half</TOKEN>
				<TOKEN end_char="180" id="token-2-20" start_char="179">of</TOKEN>
				<TOKEN end_char="185" id="token-2-21" start_char="182">them</TOKEN>
				<TOKEN end_char="194" id="token-2-22" start_char="187">applying</TOKEN>
				<TOKEN end_char="198" id="token-2-23" start_char="196">for</TOKEN>
				<TOKEN end_char="200" id="token-2-24" start_char="200">a</TOKEN>
				<TOKEN end_char="207" id="token-2-25" start_char="202">driver</TOKEN>
				<TOKEN end_char="208" id="token-2-26" start_char="208">’</TOKEN>
				<TOKEN end_char="209" id="token-2-27" start_char="209">s</TOKEN>
				<TOKEN end_char="217" id="token-2-28" start_char="211">license</TOKEN>
				<TOKEN end_char="222" id="token-2-29" start_char="219">when</TOKEN>
				<TOKEN end_char="227" id="token-2-30" start_char="224">they</TOKEN>
				<TOKEN end_char="233" id="token-2-31" start_char="229">reach</TOKEN>
				<TOKEN end_char="239" id="token-2-32" start_char="235">legal</TOKEN>
				<TOKEN end_char="243" id="token-2-33" start_char="241">age</TOKEN>
				<TOKEN end_char="244" id="token-2-34" start_char="244">,</TOKEN>
				<TOKEN end_char="254" id="token-2-35" start_char="246">according</TOKEN>
				<TOKEN end_char="257" id="token-2-36" start_char="256">to</TOKEN>
				<TOKEN end_char="259" id="token-2-37" start_char="259">a</TOKEN>
				<TOKEN end_char="266" id="token-2-38" start_char="261">report</TOKEN>
				<TOKEN end_char="273" id="token-2-39" start_char="268">issued</TOKEN>
				<TOKEN end_char="282" id="token-2-40" start_char="275">Thursday</TOKEN>
				<TOKEN end_char="285" id="token-2-41" start_char="284">by</TOKEN>
				<TOKEN end_char="289" id="token-2-42" start_char="287">the</TOKEN>
				<TOKEN end_char="293" id="token-2-43" start_char="291">AAA</TOKEN>
				<TOKEN end_char="304" id="token-2-44" start_char="295">Foundation</TOKEN>
				<TOKEN end_char="308" id="token-2-45" start_char="306">for</TOKEN>
				<TOKEN end_char="316" id="token-2-46" start_char="310">Traffic</TOKEN>
				<TOKEN end_char="323" id="token-2-47" start_char="318">Safety</TOKEN>
				<TOKEN end_char="324" id="token-2-48" start_char="324">.</TOKEN>
			</SEG>
			<SEG end_char="509" id="20130731_WAPO_60a32aae-f9c7-11e2-a369-d1954abcb7e3-3" start_char="326">
				<ORIGINAL_TEXT>Only 44 percent get a license within a year, and just over half of teenagers are licensed by the time they reach 18, an age at which two-thirds of teenagers were licensed 20 years ago.</ORIGINAL_TEXT>
				<TOKEN end_char="329" id="token-3-0" start_char="326">Only</TOKEN>
				<TOKEN end_char="332" id="token-3-1" start_char="331">44</TOKEN>
				<TOKEN end_char="340" id="token-3-2" start_char="334">percent</TOKEN>
				<TOKEN end_char="344" id="token-3-3" start_char="342">get</TOKEN>
				<TOKEN end_char="346" id="token-3-4" start_char="346">a</TOKEN>
				<TOKEN end_char="354" id="token-3-5" start_char="348">license</TOKEN>
				<TOKEN end_char="361" id="token-3-6" start_char="356">within</TOKEN>
				<TOKEN end_char="363" id="token-3-7" start_char="363">a</TOKEN>
				<TOKEN end_char="368" id="token-3-8" start_char="365">year</TOKEN>
				<TOKEN end_char="369" id="token-3-9" start_char="369">,</TOKEN>
				<TOKEN end_char="373" id="token-3-10" start_char="371">and</TOKEN>
				<TOKEN end_char="378" id="token-3-11" start_char="375">just</TOKEN>
				<TOKEN end_char="383" id="token-3-12" start_char="380">over</TOKEN>
				<TOKEN end_char="388" id="token-3-13" start_char="385">half</TOKEN>
				<TOKEN end_char="391" id="token-3-14" start_char="390">of</TOKEN>
				<TOKEN end_char="401" id="token-3-15" start_char="393">teenagers</TOKEN>
				<TOKEN end_char="405" id="token-3-16" start_char="403">are</TOKEN>
				<TOKEN end_char="414" id="token-3-17" start_char="407">licensed</TOKEN>
				<TOKEN end_char="417" id="token-3-18" start_char="416">by</TOKEN>
				<TOKEN end_char="421" id="token-3-19" start_char="419">the</TOKEN>
				<TOKEN end_char="426" id="token-3-20" start_char="423">time</TOKEN>
				<TOKEN end_char="431" id="token-3-21" start_char="428">they</TOKEN>
				<TOKEN end_char="437" id="token-3-22" start_char="433">reach</TOKEN>
				<TOKEN end_char="440" id="token-3-23" start_char="439">18</TOKEN>
				<TOKEN end_char="441" id="token-3-24" start_char="441">,</TOKEN>
				<TOKEN end_char="444" id="token-3-25" start_char="443">an</TOKEN>
				<TOKEN end_char="448" id="token-3-26" start_char="446">age</TOKEN>
				<TOKEN end_char="451" id="token-3-27" start_char="450">at</TOKEN>
				<TOKEN end_char="457" id="token-3-28" start_char="453">which</TOKEN>
				<TOKEN end_char="461" id="token-3-29" start_char="459">two</TOKEN>
				<TOKEN end_char="462" id="token-3-30" start_char="462">-</TOKEN>
				<TOKEN end_char="468" id="token-3-31" start_char="463">thirds</TOKEN>
				<TOKEN end_char="471" id="token-3-32" start_char="470">of</TOKEN>
				<TOKEN end_char="481" id="token-3-33" start_char="473">teenagers</TOKEN>
				<TOKEN end_char="486" id="token-3-34" start_char="483">were</TOKEN>
				<TOKEN end_char="495" id="token-3-35" start_char="488">licensed</TOKEN>
				<TOKEN end_char="498" id="token-3-36" start_char="497">20</TOKEN>
				<TOKEN end_char="504" id="token-3-37" start_char="500">years</TOKEN>
				<TOKEN end_char="508" id="token-3-38" start_char="506">ago</TOKEN>
				<TOKEN end_char="509" id="token-3-39" start_char="509">.</TOKEN>
			</SEG>
			<SEG end_char="810" id="20130731_WAPO_60a32aae-f9c7-11e2-a369-d1954abcb7e3-4" start_char="511">
				<ORIGINAL_TEXT>The decline is attributed to a variety of factors. Some teens don’t bother because they have no access to a car; being licensed no longer holds the social status it once did for many young people; there are other ways to get where they want to go; and the cost of gas and auto insurance are too high.</ORIGINAL_TEXT>
				<TOKEN end_char="513" id="token-4-0" start_char="511">The</TOKEN>
				<TOKEN end_char="521" id="token-4-1" start_char="515">decline</TOKEN>
				<TOKEN end_char="524" id="token-4-2" start_char="523">is</TOKEN>
				<TOKEN end_char="535" id="token-4-3" start_char="526">attributed</TOKEN>
				<TOKEN end_char="538" id="token-4-4" start_char="537">to</TOKEN>
				<TOKEN end_char="540" id="token-4-5" start_char="540">a</TOKEN>
				<TOKEN end_char="548" id="token-4-6" start_char="542">variety</TOKEN>
				<TOKEN end_char="551" id="token-4-7" start_char="550">of</TOKEN>
				<TOKEN end_char="559" id="token-4-8" start_char="553">factors</TOKEN>
				<TOKEN end_char="560" id="token-4-9" start_char="560">.</TOKEN>
				<TOKEN end_char="565" id="token-4-10" start_char="562">Some</TOKEN>
				<TOKEN end_char="571" id="token-4-11" start_char="567">teens</TOKEN>
				<TOKEN end_char="575" id="token-4-12" start_char="573">don</TOKEN>
				<TOKEN end_char="576" id="token-4-13" start_char="576">’</TOKEN>
				<TOKEN end_char="577" id="token-4-14" start_char="577">t</TOKEN>
				<TOKEN end_char="584" id="token-4-15" start_char="579">bother</TOKEN>
				<TOKEN end_char="592" id="token-4-16" start_char="586">because</TOKEN>
				<TOKEN end_char="597" id="token-4-17" start_char="594">they</TOKEN>
				<TOKEN end_char="602" id="token-4-18" start_char="599">have</TOKEN>
				<TOKEN end_char="605" id="token-4-19" start_char="604">no</TOKEN>
				<TOKEN end_char="612" id="token-4-20" start_char="607">access</TOKEN>
				<TOKEN end_char="615" id="token-4-21" start_char="614">to</TOKEN>
				<TOKEN end_char="617" id="token-4-22" start_char="617">a</TOKEN>
				<TOKEN end_char="621" id="token-4-23" start_char="619">car</TOKEN>
				<TOKEN end_char="622" id="token-4-24" start_char="622">;</TOKEN>
				<TOKEN end_char="628" id="token-4-25" start_char="624">being</TOKEN>
				<TOKEN end_char="637" id="token-4-26" start_char="630">licensed</TOKEN>
				<TOKEN end_char="640" id="token-4-27" start_char="639">no</TOKEN>
				<TOKEN end_char="647" id="token-4-28" start_char="642">longer</TOKEN>
				<TOKEN end_char="653" id="token-4-29" start_char="649">holds</TOKEN>
				<TOKEN end_char="657" id="token-4-30" start_char="655">the</TOKEN>
				<TOKEN end_char="664" id="token-4-31" start_char="659">social</TOKEN>
				<TOKEN end_char="671" id="token-4-32" start_char="666">status</TOKEN>
				<TOKEN end_char="674" id="token-4-33" start_char="673">it</TOKEN>
				<TOKEN end_char="679" id="token-4-34" start_char="676">once</TOKEN>
				<TOKEN end_char="683" id="token-4-35" start_char="681">did</TOKEN>
				<TOKEN end_char="687" id="token-4-36" start_char="685">for</TOKEN>
				<TOKEN end_char="692" id="token-4-37" start_char="689">many</TOKEN>
				<TOKEN end_char="698" id="token-4-38" start_char="694">young</TOKEN>
				<TOKEN end_char="705" id="token-4-39" start_char="700">people</TOKEN>
				<TOKEN end_char="706" id="token-4-40" start_char="706">;</TOKEN>
				<TOKEN end_char="712" id="token-4-41" start_char="708">there</TOKEN>
				<TOKEN end_char="716" id="token-4-42" start_char="714">are</TOKEN>
				<TOKEN end_char="722" id="token-4-43" start_char="718">other</TOKEN>
				<TOKEN end_char="727" id="token-4-44" start_char="724">ways</TOKEN>
				<TOKEN end_char="730" id="token-4-45" start_char="729">to</TOKEN>
				<TOKEN end_char="734" id="token-4-46" start_char="732">get</TOKEN>
				<TOKEN end_char="740" id="token-4-47" start_char="736">where</TOKEN>
				<TOKEN end_char="745" id="token-4-48" start_char="742">they</TOKEN>
				<TOKEN end_char="750" id="token-4-49" start_char="747">want</TOKEN>
				<TOKEN end_char="753" id="token-4-50" start_char="752">to</TOKEN>
				<TOKEN end_char="756" id="token-4-51" start_char="755">go</TOKEN>
				<TOKEN end_char="757" id="token-4-52" start_char="757">;</TOKEN>
				<TOKEN end_char="761" id="token-4-53" start_char="759">and</TOKEN>
				<TOKEN end_char="765" id="token-4-54" start_char="763">the</TOKEN>
				<TOKEN end_char="770" id="token-4-55" start_char="767">cost</TOKEN>
				<TOKEN end_char="773" id="token-4-56" start_char="772">of</TOKEN>
				<TOKEN end_char="777" id="token-4-57" start_char="775">gas</TOKEN>
				<TOKEN end_char="781" id="token-4-58" start_char="779">and</TOKEN>
				<TOKEN end_char="786" id="token-4-59" start_char="783">auto</TOKEN>
				<TOKEN end_char="796" id="token-4-60" start_char="788">insurance</TOKEN>
				<TOKEN end_char="800" id="token-4-61" start_char="798">are</TOKEN>
				<TOKEN end_char="804" id="token-4-62" start_char="802">too</TOKEN>
				<TOKEN end_char="809" id="token-4-63" start_char="806">high</TOKEN>
				<TOKEN end_char="810" id="token-4-64" start_char="810">.</TOKEN>
			</SEG>
			<SEG end_char="1105" id="20130731_WAPO_60a32aae-f9c7-11e2-a369-d1954abcb7e3-5" start_char="812">
				<ORIGINAL_TEXT>The AAA research comes on the heels of preliminary indications that teenage highway fatalities increased dramatically last year, particularly among 16- and 17-year-olds. Data compiled by the Governors Highway Safety Association showed a 197 percent overall jump in the first six months of 2012.</ORIGINAL_TEXT>
				<TOKEN end_char="814" id="token-5-0" start_char="812">The</TOKEN>
				<TOKEN end_char="818" id="token-5-1" start_char="816">AAA</TOKEN>
				<TOKEN end_char="827" id="token-5-2" start_char="820">research</TOKEN>
				<TOKEN end_char="833" id="token-5-3" start_char="829">comes</TOKEN>
				<TOKEN end_char="836" id="token-5-4" start_char="835">on</TOKEN>
				<TOKEN end_char="840" id="token-5-5" start_char="838">the</TOKEN>
				<TOKEN end_char="846" id="token-5-6" start_char="842">heels</TOKEN>
				<TOKEN end_char="849" id="token-5-7" start_char="848">of</TOKEN>
				<TOKEN end_char="861" id="token-5-8" start_char="851">preliminary</TOKEN>
				<TOKEN end_char="873" id="token-5-9" start_char="863">indications</TOKEN>
				<TOKEN end_char="878" id="token-5-10" start_char="875">that</TOKEN>
				<TOKEN end_char="886" id="token-5-11" start_char="880">teenage</TOKEN>
				<TOKEN end_char="894" id="token-5-12" start_char="888">highway</TOKEN>
				<TOKEN end_char="905" id="token-5-13" start_char="896">fatalities</TOKEN>
				<TOKEN end_char="915" id="token-5-14" start_char="907">increased</TOKEN>
				<TOKEN end_char="928" id="token-5-15" start_char="917">dramatically</TOKEN>
				<TOKEN end_char="933" id="token-5-16" start_char="930">last</TOKEN>
				<TOKEN end_char="938" id="token-5-17" start_char="935">year</TOKEN>
				<TOKEN end_char="939" id="token-5-18" start_char="939">,</TOKEN>
				<TOKEN end_char="952" id="token-5-19" start_char="941">particularly</TOKEN>
				<TOKEN end_char="958" id="token-5-20" start_char="954">among</TOKEN>
				<TOKEN end_char="961" id="token-5-21" start_char="960">16</TOKEN>
				<TOKEN end_char="962" id="token-5-22" start_char="962">-</TOKEN>
				<TOKEN end_char="966" id="token-5-23" start_char="964">and</TOKEN>
				<TOKEN end_char="969" id="token-5-24" start_char="968">17</TOKEN>
				<TOKEN end_char="970" id="token-5-25" start_char="970">-</TOKEN>
				<TOKEN end_char="974" id="token-5-26" start_char="971">year</TOKEN>
				<TOKEN end_char="975" id="token-5-27" start_char="975">-</TOKEN>
				<TOKEN end_char="979" id="token-5-28" start_char="976">olds</TOKEN>
				<TOKEN end_char="980" id="token-5-29" start_char="980">.</TOKEN>
				<TOKEN end_char="985" id="token-5-30" start_char="982">Data</TOKEN>
				<TOKEN end_char="994" id="token-5-31" start_char="987">compiled</TOKEN>
				<TOKEN end_char="997" id="token-5-32" start_char="996">by</TOKEN>
				<TOKEN end_char="1001" id="token-5-33" start_char="999">the</TOKEN>
				<TOKEN end_char="1011" id="token-5-34" start_char="1003">Governors</TOKEN>
				<TOKEN end_char="1019" id="token-5-35" start_char="1013">Highway</TOKEN>
				<TOKEN end_char="1026" id="token-5-36" start_char="1021">Safety</TOKEN>
				<TOKEN end_char="1038" id="token-5-37" start_char="1028">Association</TOKEN>
				<TOKEN end_char="1045" id="token-5-38" start_char="1040">showed</TOKEN>
				<TOKEN end_char="1047" id="token-5-39" start_char="1047">a</TOKEN>
				<TOKEN end_char="1051" id="token-5-40" start_char="1049">197</TOKEN>
				<TOKEN end_char="1059" id="token-5-41" start_char="1053">percent</TOKEN>
				<TOKEN end_char="1067" id="token-5-42" start_char="1061">overall</TOKEN>
				<TOKEN end_char="1072" id="token-5-43" start_char="1069">jump</TOKEN>
				<TOKEN end_char="1075" id="token-5-44" start_char="1074">in</TOKEN>
				<TOKEN end_char="1079" id="token-5-45" start_char="1077">the</TOKEN>
				<TOKEN end_char="1085" id="token-5-46" start_char="1081">first</TOKEN>
				<TOKEN end_char="1089" id="token-5-47" start_char="1087">six</TOKEN>
				<TOKEN end_char="1096" id="token-5-48" start_char="1091">months</TOKEN>
				<TOKEN end_char="1099" id="token-5-49" start_char="1098">of</TOKEN>
				<TOKEN end_char="1104" id="token-5-50" start_char="1101">2012</TOKEN>
				<TOKEN end_char="1105" id="token-5-51" start_char="1105">.</TOKEN>
			</SEG>
			<SEG end_char="1315" id="20130731_WAPO_60a32aae-f9c7-11e2-a369-d1954abcb7e3-6" start_char="1108">
				<ORIGINAL_TEXT>The age at which states issue beginners’ licenses ranges from 14 to 16, with the District allowing them at 16, Virginia at six months after the 15th birthday and Maryland at nine months after a teen turns 15.</ORIGINAL_TEXT>
				<TOKEN end_char="1110" id="token-6-0" start_char="1108">The</TOKEN>
				<TOKEN end_char="1114" id="token-6-1" start_char="1112">age</TOKEN>
				<TOKEN end_char="1117" id="token-6-2" start_char="1116">at</TOKEN>
				<TOKEN end_char="1123" id="token-6-3" start_char="1119">which</TOKEN>
				<TOKEN end_char="1130" id="token-6-4" start_char="1125">states</TOKEN>
				<TOKEN end_char="1136" id="token-6-5" start_char="1132">issue</TOKEN>
				<TOKEN end_char="1146" id="token-6-6" start_char="1138">beginners</TOKEN>
				<TOKEN end_char="1147" id="token-6-7" start_char="1147">’</TOKEN>
				<TOKEN end_char="1156" id="token-6-8" start_char="1149">licenses</TOKEN>
				<TOKEN end_char="1163" id="token-6-9" start_char="1158">ranges</TOKEN>
				<TOKEN end_char="1168" id="token-6-10" start_char="1165">from</TOKEN>
				<TOKEN end_char="1171" id="token-6-11" start_char="1170">14</TOKEN>
				<TOKEN end_char="1174" id="token-6-12" start_char="1173">to</TOKEN>
				<TOKEN end_char="1177" id="token-6-13" start_char="1176">16</TOKEN>
				<TOKEN end_char="1178" id="token-6-14" start_char="1178">,</TOKEN>
				<TOKEN end_char="1183" id="token-6-15" start_char="1180">with</TOKEN>
				<TOKEN end_char="1187" id="token-6-16" start_char="1185">the</TOKEN>
				<TOKEN end_char="1196" id="token-6-17" start_char="1189">District</TOKEN>
				<TOKEN end_char="1205" id="token-6-18" start_char="1198">allowing</TOKEN>
				<TOKEN end_char="1210" id="token-6-19" start_char="1207">them</TOKEN>
				<TOKEN end_char="1213" id="token-6-20" start_char="1212">at</TOKEN>
				<TOKEN end_char="1216" id="token-6-21" start_char="1215">16</TOKEN>
				<TOKEN end_char="1217" id="token-6-22" start_char="1217">,</TOKEN>
				<TOKEN end_char="1226" id="token-6-23" start_char="1219">Virginia</TOKEN>
				<TOKEN end_char="1229" id="token-6-24" start_char="1228">at</TOKEN>
				<TOKEN end_char="1233" id="token-6-25" start_char="1231">six</TOKEN>
				<TOKEN end_char="1240" id="token-6-26" start_char="1235">months</TOKEN>
				<TOKEN end_char="1246" id="token-6-27" start_char="1242">after</TOKEN>
				<TOKEN end_char="1250" id="token-6-28" start_char="1248">the</TOKEN>
				<TOKEN end_char="1255" id="token-6-29" start_char="1252">15th</TOKEN>
				<TOKEN end_char="1264" id="token-6-30" start_char="1257">birthday</TOKEN>
				<TOKEN end_char="1268" id="token-6-31" start_char="1266">and</TOKEN>
				<TOKEN end_char="1277" id="token-6-32" start_char="1270">Maryland</TOKEN>
				<TOKEN end_char="1280" id="token-6-33" start_char="1279">at</TOKEN>
				<TOKEN end_char="1285" id="token-6-34" start_char="1282">nine</TOKEN>
				<TOKEN end_char="1292" id="token-6-35" start_char="1287">months</TOKEN>
				<TOKEN end_char="1298" id="token-6-36" start_char="1294">after</TOKEN>
				<TOKEN end_char="1300" id="token-6-37" start_char="1300">a</TOKEN>
				<TOKEN end_char="1305" id="token-6-38" start_char="1302">teen</TOKEN>
				<TOKEN end_char="1311" id="token-6-39" start_char="1307">turns</TOKEN>
				<TOKEN end_char="1314" id="token-6-40" start_char="1313">15</TOKEN>
				<TOKEN end_char="1315" id="token-6-41" start_char="1315">.</TOKEN>
			</SEG>
			<SEG end_char="1528" id="20130731_WAPO_60a32aae-f9c7-11e2-a369-d1954abcb7e3-7" start_char="1317">
				<ORIGINAL_TEXT>Most states have adopted graduated driver’s license (GDL) laws, which restrict teenagers during their initial years of driving. Thirty-one states ban cellphone use, among them the District, Maryland and Virginia.</ORIGINAL_TEXT>
				<TOKEN end_char="1320" id="token-7-0" start_char="1317">Most</TOKEN>
				<TOKEN end_char="1327" id="token-7-1" start_char="1322">states</TOKEN>
				<TOKEN end_char="1332" id="token-7-2" start_char="1329">have</TOKEN>
				<TOKEN end_char="1340" id="token-7-3" start_char="1334">adopted</TOKEN>
				<TOKEN end_char="1350" id="token-7-4" start_char="1342">graduated</TOKEN>
				<TOKEN end_char="1357" id="token-7-5" start_char="1352">driver</TOKEN>
				<TOKEN end_char="1358" id="token-7-6" start_char="1358">’</TOKEN>
				<TOKEN end_char="1359" id="token-7-7" start_char="1359">s</TOKEN>
				<TOKEN end_char="1367" id="token-7-8" start_char="1361">license</TOKEN>
				<TOKEN end_char="1369" id="token-7-9" start_char="1369">(</TOKEN>
				<TOKEN end_char="1372" id="token-7-10" start_char="1370">GDL</TOKEN>
				<TOKEN end_char="1373" id="token-7-11" start_char="1373">)</TOKEN>
				<TOKEN end_char="1378" id="token-7-12" start_char="1375">laws</TOKEN>
				<TOKEN end_char="1379" id="token-7-13" start_char="1379">,</TOKEN>
				<TOKEN end_char="1385" id="token-7-14" start_char="1381">which</TOKEN>
				<TOKEN end_char="1394" id="token-7-15" start_char="1387">restrict</TOKEN>
				<TOKEN end_char="1404" id="token-7-16" start_char="1396">teenagers</TOKEN>
				<TOKEN end_char="1411" id="token-7-17" start_char="1406">during</TOKEN>
				<TOKEN end_char="1417" id="token-7-18" start_char="1413">their</TOKEN>
				<TOKEN end_char="1425" id="token-7-19" start_char="1419">initial</TOKEN>
				<TOKEN end_char="1431" id="token-7-20" start_char="1427">years</TOKEN>
				<TOKEN end_char="1434" id="token-7-21" start_char="1433">of</TOKEN>
				<TOKEN end_char="1442" id="token-7-22" start_char="1436">driving</TOKEN>
				<TOKEN end_char="1443" id="token-7-23" start_char="1443">.</TOKEN>
				<TOKEN end_char="1450" id="token-7-24" start_char="1445">Thirty</TOKEN>
				<TOKEN end_char="1451" id="token-7-25" start_char="1451">-</TOKEN>
				<TOKEN end_char="1454" id="token-7-26" start_char="1452">one</TOKEN>
				<TOKEN end_char="1461" id="token-7-27" start_char="1456">states</TOKEN>
				<TOKEN end_char="1465" id="token-7-28" start_char="1463">ban</TOKEN>
				<TOKEN end_char="1475" id="token-7-29" start_char="1467">cellphone</TOKEN>
				<TOKEN end_char="1479" id="token-7-30" start_char="1477">use</TOKEN>
				<TOKEN end_char="1480" id="token-7-31" start_char="1480">,</TOKEN>
				<TOKEN end_char="1486" id="token-7-32" start_char="1482">among</TOKEN>
				<TOKEN end_char="1491" id="token-7-33" start_char="1488">them</TOKEN>
				<TOKEN end_char="1495" id="token-7-34" start_char="1493">the</TOKEN>
				<TOKEN end_char="1504" id="token-7-35" start_char="1497">District</TOKEN>
				<TOKEN end_char="1505" id="token-7-36" start_char="1505">,</TOKEN>
				<TOKEN end_char="1514" id="token-7-37" start_char="1507">Maryland</TOKEN>
				<TOKEN end_char="1518" id="token-7-38" start_char="1516">and</TOKEN>
				<TOKEN end_char="1527" id="token-7-39" start_char="1520">Virginia</TOKEN>
				<TOKEN end_char="1528" id="token-7-40" start_char="1528">.</TOKEN>
			</SEG>
			<SEG end_char="1735" id="20130731_WAPO_60a32aae-f9c7-11e2-a369-d1954abcb7e3-8" start_char="1530">
				<ORIGINAL_TEXT>All three local jurisdictions and 46 other states restrict teen driving at night. All three are among the 47 states that limit the number of passengers a teen can carry during the initial months of driving.</ORIGINAL_TEXT>
				<TOKEN end_char="1532" id="token-8-0" start_char="1530">All</TOKEN>
				<TOKEN end_char="1538" id="token-8-1" start_char="1534">three</TOKEN>
				<TOKEN end_char="1544" id="token-8-2" start_char="1540">local</TOKEN>
				<TOKEN end_char="1558" id="token-8-3" start_char="1546">jurisdictions</TOKEN>
				<TOKEN end_char="1562" id="token-8-4" start_char="1560">and</TOKEN>
				<TOKEN end_char="1565" id="token-8-5" start_char="1564">46</TOKEN>
				<TOKEN end_char="1571" id="token-8-6" start_char="1567">other</TOKEN>
				<TOKEN end_char="1578" id="token-8-7" start_char="1573">states</TOKEN>
				<TOKEN end_char="1587" id="token-8-8" start_char="1580">restrict</TOKEN>
				<TOKEN end_char="1592" id="token-8-9" start_char="1589">teen</TOKEN>
				<TOKEN end_char="1600" id="token-8-10" start_char="1594">driving</TOKEN>
				<TOKEN end_char="1603" id="token-8-11" start_char="1602">at</TOKEN>
				<TOKEN end_char="1609" id="token-8-12" start_char="1605">night</TOKEN>
				<TOKEN end_char="1610" id="token-8-13" start_char="1610">.</TOKEN>
				<TOKEN end_char="1614" id="token-8-14" start_char="1612">All</TOKEN>
				<TOKEN end_char="1620" id="token-8-15" start_char="1616">three</TOKEN>
				<TOKEN end_char="1624" id="token-8-16" start_char="1622">are</TOKEN>
				<TOKEN end_char="1630" id="token-8-17" start_char="1626">among</TOKEN>
				<TOKEN end_char="1634" id="token-8-18" start_char="1632">the</TOKEN>
				<TOKEN end_char="1637" id="token-8-19" start_char="1636">47</TOKEN>
				<TOKEN end_char="1644" id="token-8-20" start_char="1639">states</TOKEN>
				<TOKEN end_char="1649" id="token-8-21" start_char="1646">that</TOKEN>
				<TOKEN end_char="1655" id="token-8-22" start_char="1651">limit</TOKEN>
				<TOKEN end_char="1659" id="token-8-23" start_char="1657">the</TOKEN>
				<TOKEN end_char="1666" id="token-8-24" start_char="1661">number</TOKEN>
				<TOKEN end_char="1669" id="token-8-25" start_char="1668">of</TOKEN>
				<TOKEN end_char="1680" id="token-8-26" start_char="1671">passengers</TOKEN>
				<TOKEN end_char="1682" id="token-8-27" start_char="1682">a</TOKEN>
				<TOKEN end_char="1687" id="token-8-28" start_char="1684">teen</TOKEN>
				<TOKEN end_char="1691" id="token-8-29" start_char="1689">can</TOKEN>
				<TOKEN end_char="1697" id="token-8-30" start_char="1693">carry</TOKEN>
				<TOKEN end_char="1704" id="token-8-31" start_char="1699">during</TOKEN>
				<TOKEN end_char="1708" id="token-8-32" start_char="1706">the</TOKEN>
				<TOKEN end_char="1716" id="token-8-33" start_char="1710">initial</TOKEN>
				<TOKEN end_char="1723" id="token-8-34" start_char="1718">months</TOKEN>
				<TOKEN end_char="1726" id="token-8-35" start_char="1725">of</TOKEN>
				<TOKEN end_char="1734" id="token-8-36" start_char="1728">driving</TOKEN>
				<TOKEN end_char="1735" id="token-8-37" start_char="1735">.</TOKEN>
			</SEG>
			<SEG end_char="1929" id="20130731_WAPO_60a32aae-f9c7-11e2-a369-d1954abcb7e3-9" start_char="1737">
				<ORIGINAL_TEXT>One consequence of the trend toward waiting until they’re 18 to get a license is that teenagers miss out on the restrictions that are intended to nurse them through the early months of driving.</ORIGINAL_TEXT>
				<TOKEN end_char="1739" id="token-9-0" start_char="1737">One</TOKEN>
				<TOKEN end_char="1751" id="token-9-1" start_char="1741">consequence</TOKEN>
				<TOKEN end_char="1754" id="token-9-2" start_char="1753">of</TOKEN>
				<TOKEN end_char="1758" id="token-9-3" start_char="1756">the</TOKEN>
				<TOKEN end_char="1764" id="token-9-4" start_char="1760">trend</TOKEN>
				<TOKEN end_char="1771" id="token-9-5" start_char="1766">toward</TOKEN>
				<TOKEN end_char="1779" id="token-9-6" start_char="1773">waiting</TOKEN>
				<TOKEN end_char="1785" id="token-9-7" start_char="1781">until</TOKEN>
				<TOKEN end_char="1790" id="token-9-8" start_char="1787">they</TOKEN>
				<TOKEN end_char="1791" id="token-9-9" start_char="1791">’</TOKEN>
				<TOKEN end_char="1793" id="token-9-10" start_char="1792">re</TOKEN>
				<TOKEN end_char="1796" id="token-9-11" start_char="1795">18</TOKEN>
				<TOKEN end_char="1799" id="token-9-12" start_char="1798">to</TOKEN>
				<TOKEN end_char="1803" id="token-9-13" start_char="1801">get</TOKEN>
				<TOKEN end_char="1805" id="token-9-14" start_char="1805">a</TOKEN>
				<TOKEN end_char="1813" id="token-9-15" start_char="1807">license</TOKEN>
				<TOKEN end_char="1816" id="token-9-16" start_char="1815">is</TOKEN>
				<TOKEN end_char="1821" id="token-9-17" start_char="1818">that</TOKEN>
				<TOKEN end_char="1831" id="token-9-18" start_char="1823">teenagers</TOKEN>
				<TOKEN end_char="1836" id="token-9-19" start_char="1833">miss</TOKEN>
				<TOKEN end_char="1840" id="token-9-20" start_char="1838">out</TOKEN>
				<TOKEN end_char="1843" id="token-9-21" start_char="1842">on</TOKEN>
				<TOKEN end_char="1847" id="token-9-22" start_char="1845">the</TOKEN>
				<TOKEN end_char="1860" id="token-9-23" start_char="1849">restrictions</TOKEN>
				<TOKEN end_char="1865" id="token-9-24" start_char="1862">that</TOKEN>
				<TOKEN end_char="1869" id="token-9-25" start_char="1867">are</TOKEN>
				<TOKEN end_char="1878" id="token-9-26" start_char="1871">intended</TOKEN>
				<TOKEN end_char="1881" id="token-9-27" start_char="1880">to</TOKEN>
				<TOKEN end_char="1887" id="token-9-28" start_char="1883">nurse</TOKEN>
				<TOKEN end_char="1892" id="token-9-29" start_char="1889">them</TOKEN>
				<TOKEN end_char="1900" id="token-9-30" start_char="1894">through</TOKEN>
				<TOKEN end_char="1904" id="token-9-31" start_char="1902">the</TOKEN>
				<TOKEN end_char="1910" id="token-9-32" start_char="1906">early</TOKEN>
				<TOKEN end_char="1917" id="token-9-33" start_char="1912">months</TOKEN>
				<TOKEN end_char="1920" id="token-9-34" start_char="1919">of</TOKEN>
				<TOKEN end_char="1928" id="token-9-35" start_char="1922">driving</TOKEN>
				<TOKEN end_char="1929" id="token-9-36" start_char="1929">.</TOKEN>
			</SEG>
			<SEG end_char="2394" id="20130731_WAPO_60a32aae-f9c7-11e2-a369-d1954abcb7e3-10" start_char="1931">
				<ORIGINAL_TEXT>“With one in three teens waiting to get their license until they turn 18, there’s a segment of this generation missing opportunities to learn under the safeguards that [graduated driver’s licensing] provides,” said Peter Kissinger, president of the nonprofit AAA foundation. “For most, it’s about not having a car or having alternatives for getting around that are the top reasons cited for delaying what has traditionally been considered to be a rite of passage.”</ORIGINAL_TEXT>
				<TOKEN end_char="1931" id="token-10-0" start_char="1931">“</TOKEN>
				<TOKEN end_char="1935" id="token-10-1" start_char="1932">With</TOKEN>
				<TOKEN end_char="1939" id="token-10-2" start_char="1937">one</TOKEN>
				<TOKEN end_char="1942" id="token-10-3" start_char="1941">in</TOKEN>
				<TOKEN end_char="1948" id="token-10-4" start_char="1944">three</TOKEN>
				<TOKEN end_char="1954" id="token-10-5" start_char="1950">teens</TOKEN>
				<TOKEN end_char="1962" id="token-10-6" start_char="1956">waiting</TOKEN>
				<TOKEN end_char="1965" id="token-10-7" start_char="1964">to</TOKEN>
				<TOKEN end_char="1969" id="token-10-8" start_char="1967">get</TOKEN>
				<TOKEN end_char="1975" id="token-10-9" start_char="1971">their</TOKEN>
				<TOKEN end_char="1983" id="token-10-10" start_char="1977">license</TOKEN>
				<TOKEN end_char="1989" id="token-10-11" start_char="1985">until</TOKEN>
				<TOKEN end_char="1994" id="token-10-12" start_char="1991">they</TOKEN>
				<TOKEN end_char="1999" id="token-10-13" start_char="1996">turn</TOKEN>
				<TOKEN end_char="2002" id="token-10-14" start_char="2001">18</TOKEN>
				<TOKEN end_char="2003" id="token-10-15" start_char="2003">,</TOKEN>
				<TOKEN end_char="2009" id="token-10-16" start_char="2005">there</TOKEN>
				<TOKEN end_char="2010" id="token-10-17" start_char="2010">’</TOKEN>
				<TOKEN end_char="2011" id="token-10-18" start_char="2011">s</TOKEN>
				<TOKEN end_char="2013" id="token-10-19" start_char="2013">a</TOKEN>
				<TOKEN end_char="2021" id="token-10-20" start_char="2015">segment</TOKEN>
				<TOKEN end_char="2024" id="token-10-21" start_char="2023">of</TOKEN>
				<TOKEN end_char="2029" id="token-10-22" start_char="2026">this</TOKEN>
				<TOKEN end_char="2040" id="token-10-23" start_char="2031">generation</TOKEN>
				<TOKEN end_char="2048" id="token-10-24" start_char="2042">missing</TOKEN>
				<TOKEN end_char="2062" id="token-10-25" start_char="2050">opportunities</TOKEN>
				<TOKEN end_char="2065" id="token-10-26" start_char="2064">to</TOKEN>
				<TOKEN end_char="2071" id="token-10-27" start_char="2067">learn</TOKEN>
				<TOKEN end_char="2077" id="token-10-28" start_char="2073">under</TOKEN>
				<TOKEN end_char="2081" id="token-10-29" start_char="2079">the</TOKEN>
				<TOKEN end_char="2092" id="token-10-30" start_char="2083">safeguards</TOKEN>
				<TOKEN end_char="2097" id="token-10-31" start_char="2094">that</TOKEN>
				<TOKEN end_char="2099" id="token-10-32" start_char="2099">[</TOKEN>
				<TOKEN end_char="2108" id="token-10-33" start_char="2100">graduated</TOKEN>
				<TOKEN end_char="2115" id="token-10-34" start_char="2110">driver</TOKEN>
				<TOKEN end_char="2116" id="token-10-35" start_char="2116">’</TOKEN>
				<TOKEN end_char="2117" id="token-10-36" start_char="2117">s</TOKEN>
				<TOKEN end_char="2127" id="token-10-37" start_char="2119">licensing</TOKEN>
				<TOKEN end_char="2128" id="token-10-38" start_char="2128">]</TOKEN>
				<TOKEN end_char="2137" id="token-10-39" start_char="2130">provides</TOKEN>
				<TOKEN end_char="2139" id="token-10-40" start_char="2138">,”</TOKEN>
				<TOKEN end_char="2144" id="token-10-41" start_char="2141">said</TOKEN>
				<TOKEN end_char="2150" id="token-10-42" start_char="2146">Peter</TOKEN>
				<TOKEN end_char="2160" id="token-10-43" start_char="2152">Kissinger</TOKEN>
				<TOKEN end_char="2161" id="token-10-44" start_char="2161">,</TOKEN>
				<TOKEN end_char="2171" id="token-10-45" start_char="2163">president</TOKEN>
				<TOKEN end_char="2174" id="token-10-46" start_char="2173">of</TOKEN>
				<TOKEN end_char="2178" id="token-10-47" start_char="2176">the</TOKEN>
				<TOKEN end_char="2188" id="token-10-48" start_char="2180">nonprofit</TOKEN>
				<TOKEN end_char="2192" id="token-10-49" start_char="2190">AAA</TOKEN>
				<TOKEN end_char="2203" id="token-10-50" start_char="2194">foundation</TOKEN>
				<TOKEN end_char="2204" id="token-10-51" start_char="2204">.</TOKEN>
				<TOKEN end_char="2206" id="token-10-52" start_char="2206">“</TOKEN>
				<TOKEN end_char="2209" id="token-10-53" start_char="2207">For</TOKEN>
				<TOKEN end_char="2214" id="token-10-54" start_char="2211">most</TOKEN>
				<TOKEN end_char="2215" id="token-10-55" start_char="2215">,</TOKEN>
				<TOKEN end_char="2218" id="token-10-56" start_char="2217">it</TOKEN>
				<TOKEN end_char="2219" id="token-10-57" start_char="2219">’</TOKEN>
				<TOKEN end_char="2220" id="token-10-58" start_char="2220">s</TOKEN>
				<TOKEN end_char="2226" id="token-10-59" start_char="2222">about</TOKEN>
				<TOKEN end_char="2230" id="token-10-60" start_char="2228">not</TOKEN>
				<TOKEN end_char="2237" id="token-10-61" start_char="2232">having</TOKEN>
				<TOKEN end_char="2239" id="token-10-62" start_char="2239">a</TOKEN>
				<TOKEN end_char="2243" id="token-10-63" start_char="2241">car</TOKEN>
				<TOKEN end_char="2246" id="token-10-64" start_char="2245">or</TOKEN>
				<TOKEN end_char="2253" id="token-10-65" start_char="2248">having</TOKEN>
				<TOKEN end_char="2266" id="token-10-66" start_char="2255">alternatives</TOKEN>
				<TOKEN end_char="2270" id="token-10-67" start_char="2268">for</TOKEN>
				<TOKEN end_char="2278" id="token-10-68" start_char="2272">getting</TOKEN>
				<TOKEN end_char="2285" id="token-10-69" start_char="2280">around</TOKEN>
				<TOKEN end_char="2290" id="token-10-70" start_char="2287">that</TOKEN>
				<TOKEN end_char="2294" id="token-10-71" start_char="2292">are</TOKEN>
				<TOKEN end_char="2298" id="token-10-72" start_char="2296">the</TOKEN>
				<TOKEN end_char="2302" id="token-10-73" start_char="2300">top</TOKEN>
				<TOKEN end_char="2310" id="token-10-74" start_char="2304">reasons</TOKEN>
				<TOKEN end_char="2316" id="token-10-75" start_char="2312">cited</TOKEN>
				<TOKEN end_char="2320" id="token-10-76" start_char="2318">for</TOKEN>
				<TOKEN end_char="2329" id="token-10-77" start_char="2322">delaying</TOKEN>
				<TOKEN end_char="2334" id="token-10-78" start_char="2331">what</TOKEN>
				<TOKEN end_char="2338" id="token-10-79" start_char="2336">has</TOKEN>
				<TOKEN end_char="2352" id="token-10-80" start_char="2340">traditionally</TOKEN>
				<TOKEN end_char="2357" id="token-10-81" start_char="2354">been</TOKEN>
				<TOKEN end_char="2368" id="token-10-82" start_char="2359">considered</TOKEN>
				<TOKEN end_char="2371" id="token-10-83" start_char="2370">to</TOKEN>
				<TOKEN end_char="2374" id="token-10-84" start_char="2373">be</TOKEN>
				<TOKEN end_char="2376" id="token-10-85" start_char="2376">a</TOKEN>
				<TOKEN end_char="2381" id="token-10-86" start_char="2378">rite</TOKEN>
				<TOKEN end_char="2384" id="token-10-87" start_char="2383">of</TOKEN>
				<TOKEN end_char="2392" id="token-10-88" start_char="2386">passage</TOKEN>
				<TOKEN end_char="2394" id="token-10-89" start_char="2393">.”</TOKEN>
			</SEG>
			<SEG end_char="2605" id="20130731_WAPO_60a32aae-f9c7-11e2-a369-d1954abcb7e3-11" start_char="2396">
				<ORIGINAL_TEXT>Earlier research by the AAA foundation found that states with GDL systems had experienced a 38 percent drop in fatal crashes involving 16-year-olds and a 40 percent reduction in crashes that resulted in injury.</ORIGINAL_TEXT>
				<TOKEN end_char="2402" id="token-11-0" start_char="2396">Earlier</TOKEN>
				<TOKEN end_char="2411" id="token-11-1" start_char="2404">research</TOKEN>
				<TOKEN end_char="2414" id="token-11-2" start_char="2413">by</TOKEN>
				<TOKEN end_char="2418" id="token-11-3" start_char="2416">the</TOKEN>
				<TOKEN end_char="2422" id="token-11-4" start_char="2420">AAA</TOKEN>
				<TOKEN end_char="2433" id="token-11-5" start_char="2424">foundation</TOKEN>
				<TOKEN end_char="2439" id="token-11-6" start_char="2435">found</TOKEN>
				<TOKEN end_char="2444" id="token-11-7" start_char="2441">that</TOKEN>
				<TOKEN end_char="2451" id="token-11-8" start_char="2446">states</TOKEN>
				<TOKEN end_char="2456" id="token-11-9" start_char="2453">with</TOKEN>
				<TOKEN end_char="2460" id="token-11-10" start_char="2458">GDL</TOKEN>
				<TOKEN end_char="2468" id="token-11-11" start_char="2462">systems</TOKEN>
				<TOKEN end_char="2472" id="token-11-12" start_char="2470">had</TOKEN>
				<TOKEN end_char="2484" id="token-11-13" start_char="2474">experienced</TOKEN>
				<TOKEN end_char="2486" id="token-11-14" start_char="2486">a</TOKEN>
				<TOKEN end_char="2489" id="token-11-15" start_char="2488">38</TOKEN>
				<TOKEN end_char="2497" id="token-11-16" start_char="2491">percent</TOKEN>
				<TOKEN end_char="2502" id="token-11-17" start_char="2499">drop</TOKEN>
				<TOKEN end_char="2505" id="token-11-18" start_char="2504">in</TOKEN>
				<TOKEN end_char="2511" id="token-11-19" start_char="2507">fatal</TOKEN>
				<TOKEN end_char="2519" id="token-11-20" start_char="2513">crashes</TOKEN>
				<TOKEN end_char="2529" id="token-11-21" start_char="2521">involving</TOKEN>
				<TOKEN end_char="2532" id="token-11-22" start_char="2531">16</TOKEN>
				<TOKEN end_char="2533" id="token-11-23" start_char="2533">-</TOKEN>
				<TOKEN end_char="2537" id="token-11-24" start_char="2534">year</TOKEN>
				<TOKEN end_char="2538" id="token-11-25" start_char="2538">-</TOKEN>
				<TOKEN end_char="2542" id="token-11-26" start_char="2539">olds</TOKEN>
				<TOKEN end_char="2546" id="token-11-27" start_char="2544">and</TOKEN>
				<TOKEN end_char="2548" id="token-11-28" start_char="2548">a</TOKEN>
				<TOKEN end_char="2551" id="token-11-29" start_char="2550">40</TOKEN>
				<TOKEN end_char="2559" id="token-11-30" start_char="2553">percent</TOKEN>
				<TOKEN end_char="2569" id="token-11-31" start_char="2561">reduction</TOKEN>
				<TOKEN end_char="2572" id="token-11-32" start_char="2571">in</TOKEN>
				<TOKEN end_char="2580" id="token-11-33" start_char="2574">crashes</TOKEN>
				<TOKEN end_char="2585" id="token-11-34" start_char="2582">that</TOKEN>
				<TOKEN end_char="2594" id="token-11-35" start_char="2587">resulted</TOKEN>
				<TOKEN end_char="2597" id="token-11-36" start_char="2596">in</TOKEN>
				<TOKEN end_char="2604" id="token-11-37" start_char="2599">injury</TOKEN>
				<TOKEN end_char="2605" id="token-11-38" start_char="2605">.</TOKEN>
			</SEG>
			<SEG end_char="2961" id="20130731_WAPO_60a32aae-f9c7-11e2-a369-d1954abcb7e3-12" start_char="2607">
				<ORIGINAL_TEXT>The AAA survey results showed that low-income and minority teenagers are least likely to obtain a driver’s license before age 18. In households with incomes less than $20,000, only 25 percent of teenagers obtained their license before they turned 18. By contrast, 79 percent of teens were licensed by age 18 in households with incomes of $100,000 or more.</ORIGINAL_TEXT>
				<TOKEN end_char="2609" id="token-12-0" start_char="2607">The</TOKEN>
				<TOKEN end_char="2613" id="token-12-1" start_char="2611">AAA</TOKEN>
				<TOKEN end_char="2620" id="token-12-2" start_char="2615">survey</TOKEN>
				<TOKEN end_char="2628" id="token-12-3" start_char="2622">results</TOKEN>
				<TOKEN end_char="2635" id="token-12-4" start_char="2630">showed</TOKEN>
				<TOKEN end_char="2640" id="token-12-5" start_char="2637">that</TOKEN>
				<TOKEN end_char="2644" id="token-12-6" start_char="2642">low</TOKEN>
				<TOKEN end_char="2645" id="token-12-7" start_char="2645">-</TOKEN>
				<TOKEN end_char="2651" id="token-12-8" start_char="2646">income</TOKEN>
				<TOKEN end_char="2655" id="token-12-9" start_char="2653">and</TOKEN>
				<TOKEN end_char="2664" id="token-12-10" start_char="2657">minority</TOKEN>
				<TOKEN end_char="2674" id="token-12-11" start_char="2666">teenagers</TOKEN>
				<TOKEN end_char="2678" id="token-12-12" start_char="2676">are</TOKEN>
				<TOKEN end_char="2684" id="token-12-13" start_char="2680">least</TOKEN>
				<TOKEN end_char="2691" id="token-12-14" start_char="2686">likely</TOKEN>
				<TOKEN end_char="2694" id="token-12-15" start_char="2693">to</TOKEN>
				<TOKEN end_char="2701" id="token-12-16" start_char="2696">obtain</TOKEN>
				<TOKEN end_char="2703" id="token-12-17" start_char="2703">a</TOKEN>
				<TOKEN end_char="2710" id="token-12-18" start_char="2705">driver</TOKEN>
				<TOKEN end_char="2711" id="token-12-19" start_char="2711">’</TOKEN>
				<TOKEN end_char="2712" id="token-12-20" start_char="2712">s</TOKEN>
				<TOKEN end_char="2720" id="token-12-21" start_char="2714">license</TOKEN>
				<TOKEN end_char="2727" id="token-12-22" start_char="2722">before</TOKEN>
				<TOKEN end_char="2731" id="token-12-23" start_char="2729">age</TOKEN>
				<TOKEN end_char="2734" id="token-12-24" start_char="2733">18</TOKEN>
				<TOKEN end_char="2735" id="token-12-25" start_char="2735">.</TOKEN>
				<TOKEN end_char="2738" id="token-12-26" start_char="2737">In</TOKEN>
				<TOKEN end_char="2749" id="token-12-27" start_char="2740">households</TOKEN>
				<TOKEN end_char="2754" id="token-12-28" start_char="2751">with</TOKEN>
				<TOKEN end_char="2762" id="token-12-29" start_char="2756">incomes</TOKEN>
				<TOKEN end_char="2767" id="token-12-30" start_char="2764">less</TOKEN>
				<TOKEN end_char="2772" id="token-12-31" start_char="2769">than</TOKEN>
				<TOKEN end_char="2774" id="token-12-32" start_char="2774">$</TOKEN>
				<TOKEN end_char="2776" id="token-12-33" start_char="2775">20</TOKEN>
				<TOKEN end_char="2777" id="token-12-34" start_char="2777">,</TOKEN>
				<TOKEN end_char="2780" id="token-12-35" start_char="2778">000</TOKEN>
				<TOKEN end_char="2781" id="token-12-36" start_char="2781">,</TOKEN>
				<TOKEN end_char="2786" id="token-12-37" start_char="2783">only</TOKEN>
				<TOKEN end_char="2789" id="token-12-38" start_char="2788">25</TOKEN>
				<TOKEN end_char="2797" id="token-12-39" start_char="2791">percent</TOKEN>
				<TOKEN end_char="2800" id="token-12-40" start_char="2799">of</TOKEN>
				<TOKEN end_char="2810" id="token-12-41" start_char="2802">teenagers</TOKEN>
				<TOKEN end_char="2819" id="token-12-42" start_char="2812">obtained</TOKEN>
				<TOKEN end_char="2825" id="token-12-43" start_char="2821">their</TOKEN>
				<TOKEN end_char="2833" id="token-12-44" start_char="2827">license</TOKEN>
				<TOKEN end_char="2840" id="token-12-45" start_char="2835">before</TOKEN>
				<TOKEN end_char="2845" id="token-12-46" start_char="2842">they</TOKEN>
				<TOKEN end_char="2852" id="token-12-47" start_char="2847">turned</TOKEN>
				<TOKEN end_char="2855" id="token-12-48" start_char="2854">18</TOKEN>
				<TOKEN end_char="2856" id="token-12-49" start_char="2856">.</TOKEN>
				<TOKEN end_char="2859" id="token-12-50" start_char="2858">By</TOKEN>
				<TOKEN end_char="2868" id="token-12-51" start_char="2861">contrast</TOKEN>
				<TOKEN end_char="2869" id="token-12-52" start_char="2869">,</TOKEN>
				<TOKEN end_char="2872" id="token-12-53" start_char="2871">79</TOKEN>
				<TOKEN end_char="2880" id="token-12-54" start_char="2874">percent</TOKEN>
				<TOKEN end_char="2883" id="token-12-55" start_char="2882">of</TOKEN>
				<TOKEN end_char="2889" id="token-12-56" start_char="2885">teens</TOKEN>
				<TOKEN end_char="2894" id="token-12-57" start_char="2891">were</TOKEN>
				<TOKEN end_char="2903" id="token-12-58" start_char="2896">licensed</TOKEN>
				<TOKEN end_char="2906" id="token-12-59" start_char="2905">by</TOKEN>
				<TOKEN end_char="2910" id="token-12-60" start_char="2908">age</TOKEN>
				<TOKEN end_char="2913" id="token-12-61" start_char="2912">18</TOKEN>
				<TOKEN end_char="2916" id="token-12-62" start_char="2915">in</TOKEN>
				<TOKEN end_char="2927" id="token-12-63" start_char="2918">households</TOKEN>
				<TOKEN end_char="2932" id="token-12-64" start_char="2929">with</TOKEN>
				<TOKEN end_char="2940" id="token-12-65" start_char="2934">incomes</TOKEN>
				<TOKEN end_char="2943" id="token-12-66" start_char="2942">of</TOKEN>
				<TOKEN end_char="2945" id="token-12-67" start_char="2945">$</TOKEN>
				<TOKEN end_char="2948" id="token-12-68" start_char="2946">100</TOKEN>
				<TOKEN end_char="2949" id="token-12-69" start_char="2949">,</TOKEN>
				<TOKEN end_char="2952" id="token-12-70" start_char="2950">000</TOKEN>
				<TOKEN end_char="2955" id="token-12-71" start_char="2954">or</TOKEN>
				<TOKEN end_char="2960" id="token-12-72" start_char="2957">more</TOKEN>
				<TOKEN end_char="2961" id="token-12-73" start_char="2961">.</TOKEN>
			</SEG>
			<SEG end_char="3227" id="20130731_WAPO_60a32aae-f9c7-11e2-a369-d1954abcb7e3-13" start_char="2963">
				<ORIGINAL_TEXT>“It all boils down to economics. In many parts of the country and in the Washington metro area, driver education classes in public schools, once the primary method of teaching novice drivers to drive, are relics of the past,” said AAA spokesman John B. Townsend II.</ORIGINAL_TEXT>
				<TOKEN end_char="2963" id="token-13-0" start_char="2963">“</TOKEN>
				<TOKEN end_char="2965" id="token-13-1" start_char="2964">It</TOKEN>
				<TOKEN end_char="2969" id="token-13-2" start_char="2967">all</TOKEN>
				<TOKEN end_char="2975" id="token-13-3" start_char="2971">boils</TOKEN>
				<TOKEN end_char="2980" id="token-13-4" start_char="2977">down</TOKEN>
				<TOKEN end_char="2983" id="token-13-5" start_char="2982">to</TOKEN>
				<TOKEN end_char="2993" id="token-13-6" start_char="2985">economics</TOKEN>
				<TOKEN end_char="2994" id="token-13-7" start_char="2994">.</TOKEN>
				<TOKEN end_char="2997" id="token-13-8" start_char="2996">In</TOKEN>
				<TOKEN end_char="3002" id="token-13-9" start_char="2999">many</TOKEN>
				<TOKEN end_char="3008" id="token-13-10" start_char="3004">parts</TOKEN>
				<TOKEN end_char="3011" id="token-13-11" start_char="3010">of</TOKEN>
				<TOKEN end_char="3015" id="token-13-12" start_char="3013">the</TOKEN>
				<TOKEN end_char="3023" id="token-13-13" start_char="3017">country</TOKEN>
				<TOKEN end_char="3027" id="token-13-14" start_char="3025">and</TOKEN>
				<TOKEN end_char="3030" id="token-13-15" start_char="3029">in</TOKEN>
				<TOKEN end_char="3034" id="token-13-16" start_char="3032">the</TOKEN>
				<TOKEN end_char="3045" id="token-13-17" start_char="3036">Washington</TOKEN>
				<TOKEN end_char="3051" id="token-13-18" start_char="3047">metro</TOKEN>
				<TOKEN end_char="3056" id="token-13-19" start_char="3053">area</TOKEN>
				<TOKEN end_char="3057" id="token-13-20" start_char="3057">,</TOKEN>
				<TOKEN end_char="3064" id="token-13-21" start_char="3059">driver</TOKEN>
				<TOKEN end_char="3074" id="token-13-22" start_char="3066">education</TOKEN>
				<TOKEN end_char="3082" id="token-13-23" start_char="3076">classes</TOKEN>
				<TOKEN end_char="3085" id="token-13-24" start_char="3084">in</TOKEN>
				<TOKEN end_char="3092" id="token-13-25" start_char="3087">public</TOKEN>
				<TOKEN end_char="3100" id="token-13-26" start_char="3094">schools</TOKEN>
				<TOKEN end_char="3101" id="token-13-27" start_char="3101">,</TOKEN>
				<TOKEN end_char="3106" id="token-13-28" start_char="3103">once</TOKEN>
				<TOKEN end_char="3110" id="token-13-29" start_char="3108">the</TOKEN>
				<TOKEN end_char="3118" id="token-13-30" start_char="3112">primary</TOKEN>
				<TOKEN end_char="3125" id="token-13-31" start_char="3120">method</TOKEN>
				<TOKEN end_char="3128" id="token-13-32" start_char="3127">of</TOKEN>
				<TOKEN end_char="3137" id="token-13-33" start_char="3130">teaching</TOKEN>
				<TOKEN end_char="3144" id="token-13-34" start_char="3139">novice</TOKEN>
				<TOKEN end_char="3152" id="token-13-35" start_char="3146">drivers</TOKEN>
				<TOKEN end_char="3155" id="token-13-36" start_char="3154">to</TOKEN>
				<TOKEN end_char="3161" id="token-13-37" start_char="3157">drive</TOKEN>
				<TOKEN end_char="3162" id="token-13-38" start_char="3162">,</TOKEN>
				<TOKEN end_char="3166" id="token-13-39" start_char="3164">are</TOKEN>
				<TOKEN end_char="3173" id="token-13-40" start_char="3168">relics</TOKEN>
				<TOKEN end_char="3176" id="token-13-41" start_char="3175">of</TOKEN>
				<TOKEN end_char="3180" id="token-13-42" start_char="3178">the</TOKEN>
				<TOKEN end_char="3185" id="token-13-43" start_char="3182">past</TOKEN>
				<TOKEN end_char="3187" id="token-13-44" start_char="3186">,”</TOKEN>
				<TOKEN end_char="3192" id="token-13-45" start_char="3189">said</TOKEN>
				<TOKEN end_char="3196" id="token-13-46" start_char="3194">AAA</TOKEN>
				<TOKEN end_char="3206" id="token-13-47" start_char="3198">spokesman</TOKEN>
				<TOKEN end_char="3211" id="token-13-48" start_char="3208">John</TOKEN>
				<TOKEN end_char="3213" id="token-13-49" start_char="3213">B</TOKEN>
				<TOKEN end_char="3214" id="token-13-50" start_char="3214">.</TOKEN>
				<TOKEN end_char="3223" id="token-13-51" start_char="3216">Townsend</TOKEN>
				<TOKEN end_char="3226" id="token-13-52" start_char="3225">II</TOKEN>
				<TOKEN end_char="3227" id="token-13-53" start_char="3227">.</TOKEN>
			</SEG>
			<SEG end_char="3542" id="20130731_WAPO_60a32aae-f9c7-11e2-a369-d1954abcb7e3-14" start_char="3229">
				<ORIGINAL_TEXT>“One of the unintended consequences of graduated driver’s licensing laws is that teens have to enroll in private-sector driving schools to complete their driver’s education requirements to obtain a driver’s license, and that can be extremely costly and prohibitive, especially for low-income teens,” Townsend said.</ORIGINAL_TEXT>
				<TOKEN end_char="3229" id="token-14-0" start_char="3229">“</TOKEN>
				<TOKEN end_char="3232" id="token-14-1" start_char="3230">One</TOKEN>
				<TOKEN end_char="3235" id="token-14-2" start_char="3234">of</TOKEN>
				<TOKEN end_char="3239" id="token-14-3" start_char="3237">the</TOKEN>
				<TOKEN end_char="3250" id="token-14-4" start_char="3241">unintended</TOKEN>
				<TOKEN end_char="3263" id="token-14-5" start_char="3252">consequences</TOKEN>
				<TOKEN end_char="3266" id="token-14-6" start_char="3265">of</TOKEN>
				<TOKEN end_char="3276" id="token-14-7" start_char="3268">graduated</TOKEN>
				<TOKEN end_char="3283" id="token-14-8" start_char="3278">driver</TOKEN>
				<TOKEN end_char="3284" id="token-14-9" start_char="3284">’</TOKEN>
				<TOKEN end_char="3285" id="token-14-10" start_char="3285">s</TOKEN>
				<TOKEN end_char="3295" id="token-14-11" start_char="3287">licensing</TOKEN>
				<TOKEN end_char="3300" id="token-14-12" start_char="3297">laws</TOKEN>
				<TOKEN end_char="3303" id="token-14-13" start_char="3302">is</TOKEN>
				<TOKEN end_char="3308" id="token-14-14" start_char="3305">that</TOKEN>
				<TOKEN end_char="3314" id="token-14-15" start_char="3310">teens</TOKEN>
				<TOKEN end_char="3319" id="token-14-16" start_char="3316">have</TOKEN>
				<TOKEN end_char="3322" id="token-14-17" start_char="3321">to</TOKEN>
				<TOKEN end_char="3329" id="token-14-18" start_char="3324">enroll</TOKEN>
				<TOKEN end_char="3332" id="token-14-19" start_char="3331">in</TOKEN>
				<TOKEN end_char="3340" id="token-14-20" start_char="3334">private</TOKEN>
				<TOKEN end_char="3341" id="token-14-21" start_char="3341">-</TOKEN>
				<TOKEN end_char="3347" id="token-14-22" start_char="3342">sector</TOKEN>
				<TOKEN end_char="3355" id="token-14-23" start_char="3349">driving</TOKEN>
				<TOKEN end_char="3363" id="token-14-24" start_char="3357">schools</TOKEN>
				<TOKEN end_char="3366" id="token-14-25" start_char="3365">to</TOKEN>
				<TOKEN end_char="3375" id="token-14-26" start_char="3368">complete</TOKEN>
				<TOKEN end_char="3381" id="token-14-27" start_char="3377">their</TOKEN>
				<TOKEN end_char="3388" id="token-14-28" start_char="3383">driver</TOKEN>
				<TOKEN end_char="3389" id="token-14-29" start_char="3389">’</TOKEN>
				<TOKEN end_char="3390" id="token-14-30" start_char="3390">s</TOKEN>
				<TOKEN end_char="3400" id="token-14-31" start_char="3392">education</TOKEN>
				<TOKEN end_char="3413" id="token-14-32" start_char="3402">requirements</TOKEN>
				<TOKEN end_char="3416" id="token-14-33" start_char="3415">to</TOKEN>
				<TOKEN end_char="3423" id="token-14-34" start_char="3418">obtain</TOKEN>
				<TOKEN end_char="3425" id="token-14-35" start_char="3425">a</TOKEN>
				<TOKEN end_char="3432" id="token-14-36" start_char="3427">driver</TOKEN>
				<TOKEN end_char="3433" id="token-14-37" start_char="3433">’</TOKEN>
				<TOKEN end_char="3434" id="token-14-38" start_char="3434">s</TOKEN>
				<TOKEN end_char="3442" id="token-14-39" start_char="3436">license</TOKEN>
				<TOKEN end_char="3443" id="token-14-40" start_char="3443">,</TOKEN>
				<TOKEN end_char="3447" id="token-14-41" start_char="3445">and</TOKEN>
				<TOKEN end_char="3452" id="token-14-42" start_char="3449">that</TOKEN>
				<TOKEN end_char="3456" id="token-14-43" start_char="3454">can</TOKEN>
				<TOKEN end_char="3459" id="token-14-44" start_char="3458">be</TOKEN>
				<TOKEN end_char="3469" id="token-14-45" start_char="3461">extremely</TOKEN>
				<TOKEN end_char="3476" id="token-14-46" start_char="3471">costly</TOKEN>
				<TOKEN end_char="3480" id="token-14-47" start_char="3478">and</TOKEN>
				<TOKEN end_char="3492" id="token-14-48" start_char="3482">prohibitive</TOKEN>
				<TOKEN end_char="3493" id="token-14-49" start_char="3493">,</TOKEN>
				<TOKEN end_char="3504" id="token-14-50" start_char="3495">especially</TOKEN>
				<TOKEN end_char="3508" id="token-14-51" start_char="3506">for</TOKEN>
				<TOKEN end_char="3512" id="token-14-52" start_char="3510">low</TOKEN>
				<TOKEN end_char="3513" id="token-14-53" start_char="3513">-</TOKEN>
				<TOKEN end_char="3519" id="token-14-54" start_char="3514">income</TOKEN>
				<TOKEN end_char="3525" id="token-14-55" start_char="3521">teens</TOKEN>
				<TOKEN end_char="3527" id="token-14-56" start_char="3526">,”</TOKEN>
				<TOKEN end_char="3536" id="token-14-57" start_char="3529">Townsend</TOKEN>
				<TOKEN end_char="3541" id="token-14-58" start_char="3538">said</TOKEN>
				<TOKEN end_char="3542" id="token-14-59" start_char="3542">.</TOKEN>
			</SEG>
		</TEXT>
	</DOC>
</LCTL_TEXT>
