<?xml version="1.0" encoding="utf-8"?>
<LCTL_TEXT>
	<DOC id="20130120_WAPO_0d0a19b6-60ca-11e2-9940-6fc488f3fecd">
		<TEXT>
			<SEG end_char="47" id="20130120_WAPO_0d0a19b6-60ca-11e2-9940-6fc488f3fecd-0" start_char="0">
				<ORIGINAL_TEXT>FBI lays out what it wants in a new headquarters</ORIGINAL_TEXT>
				<TOKEN end_char="2" id="token-0-0" start_char="0">FBI</TOKEN>
				<TOKEN end_char="7" id="token-0-1" start_char="4">lays</TOKEN>
				<TOKEN end_char="11" id="token-0-2" start_char="9">out</TOKEN>
				<TOKEN end_char="16" id="token-0-3" start_char="13">what</TOKEN>
				<TOKEN end_char="19" id="token-0-4" start_char="18">it</TOKEN>
				<TOKEN end_char="25" id="token-0-5" start_char="21">wants</TOKEN>
				<TOKEN end_char="28" id="token-0-6" start_char="27">in</TOKEN>
				<TOKEN end_char="30" id="token-0-7" start_char="30">a</TOKEN>
				<TOKEN end_char="34" id="token-0-8" start_char="32">new</TOKEN>
				<TOKEN end_char="47" id="token-0-9" start_char="36">headquarters</TOKEN>
			</SEG>
			<SEG end_char="91" id="20130120_WAPO_0d0a19b6-60ca-11e2-9940-6fc488f3fecd-1" start_char="49">
				<ORIGINAL_TEXT>Sunday, January 20, 2013 12:48:24 GMT-05:00</ORIGINAL_TEXT>
				<TOKEN end_char="54" id="token-1-0" start_char="49">Sunday</TOKEN>
				<TOKEN end_char="55" id="token-1-1" start_char="55">,</TOKEN>
				<TOKEN end_char="63" id="token-1-2" start_char="57">January</TOKEN>
				<TOKEN end_char="66" id="token-1-3" start_char="65">20</TOKEN>
				<TOKEN end_char="67" id="token-1-4" start_char="67">,</TOKEN>
				<TOKEN end_char="72" id="token-1-5" start_char="69">2013</TOKEN>
				<TOKEN end_char="75" id="token-1-6" start_char="74">12</TOKEN>
				<TOKEN end_char="76" id="token-1-7" start_char="76">:</TOKEN>
				<TOKEN end_char="78" id="token-1-8" start_char="77">48</TOKEN>
				<TOKEN end_char="79" id="token-1-9" start_char="79">:</TOKEN>
				<TOKEN end_char="81" id="token-1-10" start_char="80">24</TOKEN>
				<TOKEN end_char="85" id="token-1-11" start_char="83">GMT</TOKEN>
				<TOKEN end_char="86" id="token-1-12" start_char="86">-</TOKEN>
				<TOKEN end_char="88" id="token-1-13" start_char="87">05</TOKEN>
				<TOKEN end_char="89" id="token-1-14" start_char="89">:</TOKEN>
				<TOKEN end_char="91" id="token-1-15" start_char="90">00</TOKEN>
			</SEG>
			<SEG end_char="300" id="20130120_WAPO_0d0a19b6-60ca-11e2-9940-6fc488f3fecd-2" start_char="93">
				<ORIGINAL_TEXT>It was 35 minutes past the scheduled start time when everyone had finally made their way through the security and Dan Tangherlini, acting administrator of the General Services Administration, took the podium.</ORIGINAL_TEXT>
				<TOKEN end_char="94" id="token-2-0" start_char="93">It</TOKEN>
				<TOKEN end_char="98" id="token-2-1" start_char="96">was</TOKEN>
				<TOKEN end_char="101" id="token-2-2" start_char="100">35</TOKEN>
				<TOKEN end_char="109" id="token-2-3" start_char="103">minutes</TOKEN>
				<TOKEN end_char="114" id="token-2-4" start_char="111">past</TOKEN>
				<TOKEN end_char="118" id="token-2-5" start_char="116">the</TOKEN>
				<TOKEN end_char="128" id="token-2-6" start_char="120">scheduled</TOKEN>
				<TOKEN end_char="134" id="token-2-7" start_char="130">start</TOKEN>
				<TOKEN end_char="139" id="token-2-8" start_char="136">time</TOKEN>
				<TOKEN end_char="144" id="token-2-9" start_char="141">when</TOKEN>
				<TOKEN end_char="153" id="token-2-10" start_char="146">everyone</TOKEN>
				<TOKEN end_char="157" id="token-2-11" start_char="155">had</TOKEN>
				<TOKEN end_char="165" id="token-2-12" start_char="159">finally</TOKEN>
				<TOKEN end_char="170" id="token-2-13" start_char="167">made</TOKEN>
				<TOKEN end_char="176" id="token-2-14" start_char="172">their</TOKEN>
				<TOKEN end_char="180" id="token-2-15" start_char="178">way</TOKEN>
				<TOKEN end_char="188" id="token-2-16" start_char="182">through</TOKEN>
				<TOKEN end_char="192" id="token-2-17" start_char="190">the</TOKEN>
				<TOKEN end_char="201" id="token-2-18" start_char="194">security</TOKEN>
				<TOKEN end_char="205" id="token-2-19" start_char="203">and</TOKEN>
				<TOKEN end_char="209" id="token-2-20" start_char="207">Dan</TOKEN>
				<TOKEN end_char="221" id="token-2-21" start_char="211">Tangherlini</TOKEN>
				<TOKEN end_char="222" id="token-2-22" start_char="222">,</TOKEN>
				<TOKEN end_char="229" id="token-2-23" start_char="224">acting</TOKEN>
				<TOKEN end_char="243" id="token-2-24" start_char="231">administrator</TOKEN>
				<TOKEN end_char="246" id="token-2-25" start_char="245">of</TOKEN>
				<TOKEN end_char="250" id="token-2-26" start_char="248">the</TOKEN>
				<TOKEN end_char="258" id="token-2-27" start_char="252">General</TOKEN>
				<TOKEN end_char="267" id="token-2-28" start_char="260">Services</TOKEN>
				<TOKEN end_char="282" id="token-2-29" start_char="269">Administration</TOKEN>
				<TOKEN end_char="283" id="token-2-30" start_char="283">,</TOKEN>
				<TOKEN end_char="288" id="token-2-31" start_char="285">took</TOKEN>
				<TOKEN end_char="292" id="token-2-32" start_char="290">the</TOKEN>
				<TOKEN end_char="299" id="token-2-33" start_char="294">podium</TOKEN>
				<TOKEN end_char="300" id="token-2-34" start_char="300">.</TOKEN>
			</SEG>
			<SEG end_char="584" id="20130120_WAPO_0d0a19b6-60ca-11e2-9940-6fc488f3fecd-3" start_char="302">
				<ORIGINAL_TEXT>He assumed by the size of the crowd — an estimated 350 people, some of them watching on a screen in an overflow room — that there was a lot of interest in building a new headquarters for the Federal Bureau of Investigation. “I think that bodes pretty well for this project,” he said.</ORIGINAL_TEXT>
				<TOKEN end_char="303" id="token-3-0" start_char="302">He</TOKEN>
				<TOKEN end_char="311" id="token-3-1" start_char="305">assumed</TOKEN>
				<TOKEN end_char="314" id="token-3-2" start_char="313">by</TOKEN>
				<TOKEN end_char="318" id="token-3-3" start_char="316">the</TOKEN>
				<TOKEN end_char="323" id="token-3-4" start_char="320">size</TOKEN>
				<TOKEN end_char="326" id="token-3-5" start_char="325">of</TOKEN>
				<TOKEN end_char="330" id="token-3-6" start_char="328">the</TOKEN>
				<TOKEN end_char="336" id="token-3-7" start_char="332">crowd</TOKEN>
				<TOKEN end_char="338" id="token-3-8" start_char="338">—</TOKEN>
				<TOKEN end_char="341" id="token-3-9" start_char="340">an</TOKEN>
				<TOKEN end_char="351" id="token-3-10" start_char="343">estimated</TOKEN>
				<TOKEN end_char="355" id="token-3-11" start_char="353">350</TOKEN>
				<TOKEN end_char="362" id="token-3-12" start_char="357">people</TOKEN>
				<TOKEN end_char="363" id="token-3-13" start_char="363">,</TOKEN>
				<TOKEN end_char="368" id="token-3-14" start_char="365">some</TOKEN>
				<TOKEN end_char="371" id="token-3-15" start_char="370">of</TOKEN>
				<TOKEN end_char="376" id="token-3-16" start_char="373">them</TOKEN>
				<TOKEN end_char="385" id="token-3-17" start_char="378">watching</TOKEN>
				<TOKEN end_char="388" id="token-3-18" start_char="387">on</TOKEN>
				<TOKEN end_char="390" id="token-3-19" start_char="390">a</TOKEN>
				<TOKEN end_char="397" id="token-3-20" start_char="392">screen</TOKEN>
				<TOKEN end_char="400" id="token-3-21" start_char="399">in</TOKEN>
				<TOKEN end_char="403" id="token-3-22" start_char="402">an</TOKEN>
				<TOKEN end_char="412" id="token-3-23" start_char="405">overflow</TOKEN>
				<TOKEN end_char="417" id="token-3-24" start_char="414">room</TOKEN>
				<TOKEN end_char="419" id="token-3-25" start_char="419">—</TOKEN>
				<TOKEN end_char="424" id="token-3-26" start_char="421">that</TOKEN>
				<TOKEN end_char="430" id="token-3-27" start_char="426">there</TOKEN>
				<TOKEN end_char="434" id="token-3-28" start_char="432">was</TOKEN>
				<TOKEN end_char="436" id="token-3-29" start_char="436">a</TOKEN>
				<TOKEN end_char="440" id="token-3-30" start_char="438">lot</TOKEN>
				<TOKEN end_char="443" id="token-3-31" start_char="442">of</TOKEN>
				<TOKEN end_char="452" id="token-3-32" start_char="445">interest</TOKEN>
				<TOKEN end_char="455" id="token-3-33" start_char="454">in</TOKEN>
				<TOKEN end_char="464" id="token-3-34" start_char="457">building</TOKEN>
				<TOKEN end_char="466" id="token-3-35" start_char="466">a</TOKEN>
				<TOKEN end_char="470" id="token-3-36" start_char="468">new</TOKEN>
				<TOKEN end_char="483" id="token-3-37" start_char="472">headquarters</TOKEN>
				<TOKEN end_char="487" id="token-3-38" start_char="485">for</TOKEN>
				<TOKEN end_char="491" id="token-3-39" start_char="489">the</TOKEN>
				<TOKEN end_char="499" id="token-3-40" start_char="493">Federal</TOKEN>
				<TOKEN end_char="506" id="token-3-41" start_char="501">Bureau</TOKEN>
				<TOKEN end_char="509" id="token-3-42" start_char="508">of</TOKEN>
				<TOKEN end_char="523" id="token-3-43" start_char="511">Investigation</TOKEN>
				<TOKEN end_char="524" id="token-3-44" start_char="524">.</TOKEN>
				<TOKEN end_char="526" id="token-3-45" start_char="526">“</TOKEN>
				<TOKEN end_char="527" id="token-3-46" start_char="527">I</TOKEN>
				<TOKEN end_char="533" id="token-3-47" start_char="529">think</TOKEN>
				<TOKEN end_char="538" id="token-3-48" start_char="535">that</TOKEN>
				<TOKEN end_char="544" id="token-3-49" start_char="540">bodes</TOKEN>
				<TOKEN end_char="551" id="token-3-50" start_char="546">pretty</TOKEN>
				<TOKEN end_char="556" id="token-3-51" start_char="553">well</TOKEN>
				<TOKEN end_char="560" id="token-3-52" start_char="558">for</TOKEN>
				<TOKEN end_char="565" id="token-3-53" start_char="562">this</TOKEN>
				<TOKEN end_char="573" id="token-3-54" start_char="567">project</TOKEN>
				<TOKEN end_char="575" id="token-3-55" start_char="574">,”</TOKEN>
				<TOKEN end_char="578" id="token-3-56" start_char="577">he</TOKEN>
				<TOKEN end_char="583" id="token-3-57" start_char="580">said</TOKEN>
				<TOKEN end_char="584" id="token-3-58" start_char="584">.</TOKEN>
			</SEG>
			<SEG end_char="970" id="20130120_WAPO_0d0a19b6-60ca-11e2-9940-6fc488f3fecd-4" start_char="586">
				<ORIGINAL_TEXT>Six weeks after issuing a broad search for ideas of how and where to build a consolidated headquarters for the FBI, developers, Tangherlini and his staff reiterated why they wished to swap the J. Edgar Hoover building property on Pennsylvania Avenue for a new consolidated FBI headquarters: the Hoover building is obsolete and the government has limited capital to build a replacement.</ORIGINAL_TEXT>
				<TOKEN end_char="588" id="token-4-0" start_char="586">Six</TOKEN>
				<TOKEN end_char="594" id="token-4-1" start_char="590">weeks</TOKEN>
				<TOKEN end_char="600" id="token-4-2" start_char="596">after</TOKEN>
				<TOKEN end_char="608" id="token-4-3" start_char="602">issuing</TOKEN>
				<TOKEN end_char="610" id="token-4-4" start_char="610">a</TOKEN>
				<TOKEN end_char="616" id="token-4-5" start_char="612">broad</TOKEN>
				<TOKEN end_char="623" id="token-4-6" start_char="618">search</TOKEN>
				<TOKEN end_char="627" id="token-4-7" start_char="625">for</TOKEN>
				<TOKEN end_char="633" id="token-4-8" start_char="629">ideas</TOKEN>
				<TOKEN end_char="636" id="token-4-9" start_char="635">of</TOKEN>
				<TOKEN end_char="640" id="token-4-10" start_char="638">how</TOKEN>
				<TOKEN end_char="644" id="token-4-11" start_char="642">and</TOKEN>
				<TOKEN end_char="650" id="token-4-12" start_char="646">where</TOKEN>
				<TOKEN end_char="653" id="token-4-13" start_char="652">to</TOKEN>
				<TOKEN end_char="659" id="token-4-14" start_char="655">build</TOKEN>
				<TOKEN end_char="661" id="token-4-15" start_char="661">a</TOKEN>
				<TOKEN end_char="674" id="token-4-16" start_char="663">consolidated</TOKEN>
				<TOKEN end_char="687" id="token-4-17" start_char="676">headquarters</TOKEN>
				<TOKEN end_char="691" id="token-4-18" start_char="689">for</TOKEN>
				<TOKEN end_char="695" id="token-4-19" start_char="693">the</TOKEN>
				<TOKEN end_char="699" id="token-4-20" start_char="697">FBI</TOKEN>
				<TOKEN end_char="700" id="token-4-21" start_char="700">,</TOKEN>
				<TOKEN end_char="711" id="token-4-22" start_char="702">developers</TOKEN>
				<TOKEN end_char="712" id="token-4-23" start_char="712">,</TOKEN>
				<TOKEN end_char="724" id="token-4-24" start_char="714">Tangherlini</TOKEN>
				<TOKEN end_char="728" id="token-4-25" start_char="726">and</TOKEN>
				<TOKEN end_char="732" id="token-4-26" start_char="730">his</TOKEN>
				<TOKEN end_char="738" id="token-4-27" start_char="734">staff</TOKEN>
				<TOKEN end_char="749" id="token-4-28" start_char="740">reiterated</TOKEN>
				<TOKEN end_char="753" id="token-4-29" start_char="751">why</TOKEN>
				<TOKEN end_char="758" id="token-4-30" start_char="755">they</TOKEN>
				<TOKEN end_char="765" id="token-4-31" start_char="760">wished</TOKEN>
				<TOKEN end_char="768" id="token-4-32" start_char="767">to</TOKEN>
				<TOKEN end_char="773" id="token-4-33" start_char="770">swap</TOKEN>
				<TOKEN end_char="777" id="token-4-34" start_char="775">the</TOKEN>
				<TOKEN end_char="779" id="token-4-35" start_char="779">J</TOKEN>
				<TOKEN end_char="780" id="token-4-36" start_char="780">.</TOKEN>
				<TOKEN end_char="786" id="token-4-37" start_char="782">Edgar</TOKEN>
				<TOKEN end_char="793" id="token-4-38" start_char="788">Hoover</TOKEN>
				<TOKEN end_char="802" id="token-4-39" start_char="795">building</TOKEN>
				<TOKEN end_char="811" id="token-4-40" start_char="804">property</TOKEN>
				<TOKEN end_char="814" id="token-4-41" start_char="813">on</TOKEN>
				<TOKEN end_char="827" id="token-4-42" start_char="816">Pennsylvania</TOKEN>
				<TOKEN end_char="834" id="token-4-43" start_char="829">Avenue</TOKEN>
				<TOKEN end_char="838" id="token-4-44" start_char="836">for</TOKEN>
				<TOKEN end_char="840" id="token-4-45" start_char="840">a</TOKEN>
				<TOKEN end_char="844" id="token-4-46" start_char="842">new</TOKEN>
				<TOKEN end_char="857" id="token-4-47" start_char="846">consolidated</TOKEN>
				<TOKEN end_char="861" id="token-4-48" start_char="859">FBI</TOKEN>
				<TOKEN end_char="874" id="token-4-49" start_char="863">headquarters</TOKEN>
				<TOKEN end_char="875" id="token-4-50" start_char="875">:</TOKEN>
				<TOKEN end_char="879" id="token-4-51" start_char="877">the</TOKEN>
				<TOKEN end_char="886" id="token-4-52" start_char="881">Hoover</TOKEN>
				<TOKEN end_char="895" id="token-4-53" start_char="888">building</TOKEN>
				<TOKEN end_char="898" id="token-4-54" start_char="897">is</TOKEN>
				<TOKEN end_char="907" id="token-4-55" start_char="900">obsolete</TOKEN>
				<TOKEN end_char="911" id="token-4-56" start_char="909">and</TOKEN>
				<TOKEN end_char="915" id="token-4-57" start_char="913">the</TOKEN>
				<TOKEN end_char="926" id="token-4-58" start_char="917">government</TOKEN>
				<TOKEN end_char="930" id="token-4-59" start_char="928">has</TOKEN>
				<TOKEN end_char="938" id="token-4-60" start_char="932">limited</TOKEN>
				<TOKEN end_char="946" id="token-4-61" start_char="940">capital</TOKEN>
				<TOKEN end_char="949" id="token-4-62" start_char="948">to</TOKEN>
				<TOKEN end_char="955" id="token-4-63" start_char="951">build</TOKEN>
				<TOKEN end_char="957" id="token-4-64" start_char="957">a</TOKEN>
				<TOKEN end_char="969" id="token-4-65" start_char="959">replacement</TOKEN>
				<TOKEN end_char="970" id="token-4-66" start_char="970">.</TOKEN>
			</SEG>
			<SEG end_char="1325" id="20130120_WAPO_0d0a19b6-60ca-11e2-9940-6fc488f3fecd-5" start_char="972">
				<ORIGINAL_TEXT>For the first time at the meeting Jan. 17, a high-ranking FBI official explained in public exactly what the agency is seeking. Patrick G. Findlay, FBI assistant director for facilities and logistics services, said that from the moment the Sept. 11 terrorist attacks took place, the FBI had evolved into an agency that the Hoover Building could not serve.</ORIGINAL_TEXT>
				<TOKEN end_char="974" id="token-5-0" start_char="972">For</TOKEN>
				<TOKEN end_char="978" id="token-5-1" start_char="976">the</TOKEN>
				<TOKEN end_char="984" id="token-5-2" start_char="980">first</TOKEN>
				<TOKEN end_char="989" id="token-5-3" start_char="986">time</TOKEN>
				<TOKEN end_char="992" id="token-5-4" start_char="991">at</TOKEN>
				<TOKEN end_char="996" id="token-5-5" start_char="994">the</TOKEN>
				<TOKEN end_char="1004" id="token-5-6" start_char="998">meeting</TOKEN>
				<TOKEN end_char="1008" id="token-5-7" start_char="1006">Jan</TOKEN>
				<TOKEN end_char="1009" id="token-5-8" start_char="1009">.</TOKEN>
				<TOKEN end_char="1012" id="token-5-9" start_char="1011">17</TOKEN>
				<TOKEN end_char="1013" id="token-5-10" start_char="1013">,</TOKEN>
				<TOKEN end_char="1015" id="token-5-11" start_char="1015">a</TOKEN>
				<TOKEN end_char="1020" id="token-5-12" start_char="1017">high</TOKEN>
				<TOKEN end_char="1021" id="token-5-13" start_char="1021">-</TOKEN>
				<TOKEN end_char="1028" id="token-5-14" start_char="1022">ranking</TOKEN>
				<TOKEN end_char="1032" id="token-5-15" start_char="1030">FBI</TOKEN>
				<TOKEN end_char="1041" id="token-5-16" start_char="1034">official</TOKEN>
				<TOKEN end_char="1051" id="token-5-17" start_char="1043">explained</TOKEN>
				<TOKEN end_char="1054" id="token-5-18" start_char="1053">in</TOKEN>
				<TOKEN end_char="1061" id="token-5-19" start_char="1056">public</TOKEN>
				<TOKEN end_char="1069" id="token-5-20" start_char="1063">exactly</TOKEN>
				<TOKEN end_char="1074" id="token-5-21" start_char="1071">what</TOKEN>
				<TOKEN end_char="1078" id="token-5-22" start_char="1076">the</TOKEN>
				<TOKEN end_char="1085" id="token-5-23" start_char="1080">agency</TOKEN>
				<TOKEN end_char="1088" id="token-5-24" start_char="1087">is</TOKEN>
				<TOKEN end_char="1096" id="token-5-25" start_char="1090">seeking</TOKEN>
				<TOKEN end_char="1097" id="token-5-26" start_char="1097">.</TOKEN>
				<TOKEN end_char="1105" id="token-5-27" start_char="1099">Patrick</TOKEN>
				<TOKEN end_char="1107" id="token-5-28" start_char="1107">G</TOKEN>
				<TOKEN end_char="1108" id="token-5-29" start_char="1108">.</TOKEN>
				<TOKEN end_char="1116" id="token-5-30" start_char="1110">Findlay</TOKEN>
				<TOKEN end_char="1117" id="token-5-31" start_char="1117">,</TOKEN>
				<TOKEN end_char="1121" id="token-5-32" start_char="1119">FBI</TOKEN>
				<TOKEN end_char="1131" id="token-5-33" start_char="1123">assistant</TOKEN>
				<TOKEN end_char="1140" id="token-5-34" start_char="1133">director</TOKEN>
				<TOKEN end_char="1144" id="token-5-35" start_char="1142">for</TOKEN>
				<TOKEN end_char="1155" id="token-5-36" start_char="1146">facilities</TOKEN>
				<TOKEN end_char="1159" id="token-5-37" start_char="1157">and</TOKEN>
				<TOKEN end_char="1169" id="token-5-38" start_char="1161">logistics</TOKEN>
				<TOKEN end_char="1178" id="token-5-39" start_char="1171">services</TOKEN>
				<TOKEN end_char="1179" id="token-5-40" start_char="1179">,</TOKEN>
				<TOKEN end_char="1184" id="token-5-41" start_char="1181">said</TOKEN>
				<TOKEN end_char="1189" id="token-5-42" start_char="1186">that</TOKEN>
				<TOKEN end_char="1194" id="token-5-43" start_char="1191">from</TOKEN>
				<TOKEN end_char="1198" id="token-5-44" start_char="1196">the</TOKEN>
				<TOKEN end_char="1205" id="token-5-45" start_char="1200">moment</TOKEN>
				<TOKEN end_char="1209" id="token-5-46" start_char="1207">the</TOKEN>
				<TOKEN end_char="1214" id="token-5-47" start_char="1211">Sept</TOKEN>
				<TOKEN end_char="1215" id="token-5-48" start_char="1215">.</TOKEN>
				<TOKEN end_char="1218" id="token-5-49" start_char="1217">11</TOKEN>
				<TOKEN end_char="1228" id="token-5-50" start_char="1220">terrorist</TOKEN>
				<TOKEN end_char="1236" id="token-5-51" start_char="1230">attacks</TOKEN>
				<TOKEN end_char="1241" id="token-5-52" start_char="1238">took</TOKEN>
				<TOKEN end_char="1247" id="token-5-53" start_char="1243">place</TOKEN>
				<TOKEN end_char="1248" id="token-5-54" start_char="1248">,</TOKEN>
				<TOKEN end_char="1252" id="token-5-55" start_char="1250">the</TOKEN>
				<TOKEN end_char="1256" id="token-5-56" start_char="1254">FBI</TOKEN>
				<TOKEN end_char="1260" id="token-5-57" start_char="1258">had</TOKEN>
				<TOKEN end_char="1268" id="token-5-58" start_char="1262">evolved</TOKEN>
				<TOKEN end_char="1273" id="token-5-59" start_char="1270">into</TOKEN>
				<TOKEN end_char="1276" id="token-5-60" start_char="1275">an</TOKEN>
				<TOKEN end_char="1283" id="token-5-61" start_char="1278">agency</TOKEN>
				<TOKEN end_char="1288" id="token-5-62" start_char="1285">that</TOKEN>
				<TOKEN end_char="1292" id="token-5-63" start_char="1290">the</TOKEN>
				<TOKEN end_char="1299" id="token-5-64" start_char="1294">Hoover</TOKEN>
				<TOKEN end_char="1308" id="token-5-65" start_char="1301">Building</TOKEN>
				<TOKEN end_char="1314" id="token-5-66" start_char="1310">could</TOKEN>
				<TOKEN end_char="1318" id="token-5-67" start_char="1316">not</TOKEN>
				<TOKEN end_char="1324" id="token-5-68" start_char="1320">serve</TOKEN>
				<TOKEN end_char="1325" id="token-5-69" start_char="1325">.</TOKEN>
			</SEG>
			<SEG end_char="1880" id="20130120_WAPO_0d0a19b6-60ca-11e2-9940-6fc488f3fecd-6" start_char="1327">
				<ORIGINAL_TEXT>The Hoover building houses only 52 percent of the agency’s headquarters staff, with others in Quantico and Clarksburg, W.Va. The northern end of the property was built to house thousands of files and a crime laboratory that had long ago relocated; meanwhile the agency had increased its headquarters staff by 25 percent since the attacks (intelligence analysts, language specialists, scientists and information technology specialists) and lacked enough office space to house them. “We started putting people in the loading dock and the garage,” he joked.</ORIGINAL_TEXT>
				<TOKEN end_char="1329" id="token-6-0" start_char="1327">The</TOKEN>
				<TOKEN end_char="1336" id="token-6-1" start_char="1331">Hoover</TOKEN>
				<TOKEN end_char="1345" id="token-6-2" start_char="1338">building</TOKEN>
				<TOKEN end_char="1352" id="token-6-3" start_char="1347">houses</TOKEN>
				<TOKEN end_char="1357" id="token-6-4" start_char="1354">only</TOKEN>
				<TOKEN end_char="1360" id="token-6-5" start_char="1359">52</TOKEN>
				<TOKEN end_char="1368" id="token-6-6" start_char="1362">percent</TOKEN>
				<TOKEN end_char="1371" id="token-6-7" start_char="1370">of</TOKEN>
				<TOKEN end_char="1375" id="token-6-8" start_char="1373">the</TOKEN>
				<TOKEN end_char="1382" id="token-6-9" start_char="1377">agency</TOKEN>
				<TOKEN end_char="1383" id="token-6-10" start_char="1383">’</TOKEN>
				<TOKEN end_char="1384" id="token-6-11" start_char="1384">s</TOKEN>
				<TOKEN end_char="1397" id="token-6-12" start_char="1386">headquarters</TOKEN>
				<TOKEN end_char="1403" id="token-6-13" start_char="1399">staff</TOKEN>
				<TOKEN end_char="1404" id="token-6-14" start_char="1404">,</TOKEN>
				<TOKEN end_char="1409" id="token-6-15" start_char="1406">with</TOKEN>
				<TOKEN end_char="1416" id="token-6-16" start_char="1411">others</TOKEN>
				<TOKEN end_char="1419" id="token-6-17" start_char="1418">in</TOKEN>
				<TOKEN end_char="1428" id="token-6-18" start_char="1421">Quantico</TOKEN>
				<TOKEN end_char="1432" id="token-6-19" start_char="1430">and</TOKEN>
				<TOKEN end_char="1443" id="token-6-20" start_char="1434">Clarksburg</TOKEN>
				<TOKEN end_char="1444" id="token-6-21" start_char="1444">,</TOKEN>
				<TOKEN end_char="1446" id="token-6-22" start_char="1446">W</TOKEN>
				<TOKEN end_char="1447" id="token-6-23" start_char="1447">.</TOKEN>
				<TOKEN end_char="1449" id="token-6-24" start_char="1448">Va</TOKEN>
				<TOKEN end_char="1450" id="token-6-25" start_char="1450">.</TOKEN>
				<TOKEN end_char="1454" id="token-6-26" start_char="1452">The</TOKEN>
				<TOKEN end_char="1463" id="token-6-27" start_char="1456">northern</TOKEN>
				<TOKEN end_char="1467" id="token-6-28" start_char="1465">end</TOKEN>
				<TOKEN end_char="1470" id="token-6-29" start_char="1469">of</TOKEN>
				<TOKEN end_char="1474" id="token-6-30" start_char="1472">the</TOKEN>
				<TOKEN end_char="1483" id="token-6-31" start_char="1476">property</TOKEN>
				<TOKEN end_char="1487" id="token-6-32" start_char="1485">was</TOKEN>
				<TOKEN end_char="1493" id="token-6-33" start_char="1489">built</TOKEN>
				<TOKEN end_char="1496" id="token-6-34" start_char="1495">to</TOKEN>
				<TOKEN end_char="1502" id="token-6-35" start_char="1498">house</TOKEN>
				<TOKEN end_char="1512" id="token-6-36" start_char="1504">thousands</TOKEN>
				<TOKEN end_char="1515" id="token-6-37" start_char="1514">of</TOKEN>
				<TOKEN end_char="1521" id="token-6-38" start_char="1517">files</TOKEN>
				<TOKEN end_char="1525" id="token-6-39" start_char="1523">and</TOKEN>
				<TOKEN end_char="1527" id="token-6-40" start_char="1527">a</TOKEN>
				<TOKEN end_char="1533" id="token-6-41" start_char="1529">crime</TOKEN>
				<TOKEN end_char="1544" id="token-6-42" start_char="1535">laboratory</TOKEN>
				<TOKEN end_char="1549" id="token-6-43" start_char="1546">that</TOKEN>
				<TOKEN end_char="1553" id="token-6-44" start_char="1551">had</TOKEN>
				<TOKEN end_char="1558" id="token-6-45" start_char="1555">long</TOKEN>
				<TOKEN end_char="1562" id="token-6-46" start_char="1560">ago</TOKEN>
				<TOKEN end_char="1572" id="token-6-47" start_char="1564">relocated</TOKEN>
				<TOKEN end_char="1573" id="token-6-48" start_char="1573">;</TOKEN>
				<TOKEN end_char="1583" id="token-6-49" start_char="1575">meanwhile</TOKEN>
				<TOKEN end_char="1587" id="token-6-50" start_char="1585">the</TOKEN>
				<TOKEN end_char="1594" id="token-6-51" start_char="1589">agency</TOKEN>
				<TOKEN end_char="1598" id="token-6-52" start_char="1596">had</TOKEN>
				<TOKEN end_char="1608" id="token-6-53" start_char="1600">increased</TOKEN>
				<TOKEN end_char="1612" id="token-6-54" start_char="1610">its</TOKEN>
				<TOKEN end_char="1625" id="token-6-55" start_char="1614">headquarters</TOKEN>
				<TOKEN end_char="1631" id="token-6-56" start_char="1627">staff</TOKEN>
				<TOKEN end_char="1634" id="token-6-57" start_char="1633">by</TOKEN>
				<TOKEN end_char="1637" id="token-6-58" start_char="1636">25</TOKEN>
				<TOKEN end_char="1645" id="token-6-59" start_char="1639">percent</TOKEN>
				<TOKEN end_char="1651" id="token-6-60" start_char="1647">since</TOKEN>
				<TOKEN end_char="1655" id="token-6-61" start_char="1653">the</TOKEN>
				<TOKEN end_char="1663" id="token-6-62" start_char="1657">attacks</TOKEN>
				<TOKEN end_char="1665" id="token-6-63" start_char="1665">(</TOKEN>
				<TOKEN end_char="1677" id="token-6-64" start_char="1666">intelligence</TOKEN>
				<TOKEN end_char="1686" id="token-6-65" start_char="1679">analysts</TOKEN>
				<TOKEN end_char="1687" id="token-6-66" start_char="1687">,</TOKEN>
				<TOKEN end_char="1696" id="token-6-67" start_char="1689">language</TOKEN>
				<TOKEN end_char="1708" id="token-6-68" start_char="1698">specialists</TOKEN>
				<TOKEN end_char="1709" id="token-6-69" start_char="1709">,</TOKEN>
				<TOKEN end_char="1720" id="token-6-70" start_char="1711">scientists</TOKEN>
				<TOKEN end_char="1724" id="token-6-71" start_char="1722">and</TOKEN>
				<TOKEN end_char="1736" id="token-6-72" start_char="1726">information</TOKEN>
				<TOKEN end_char="1747" id="token-6-73" start_char="1738">technology</TOKEN>
				<TOKEN end_char="1759" id="token-6-74" start_char="1749">specialists</TOKEN>
				<TOKEN end_char="1760" id="token-6-75" start_char="1760">)</TOKEN>
				<TOKEN end_char="1764" id="token-6-76" start_char="1762">and</TOKEN>
				<TOKEN end_char="1771" id="token-6-77" start_char="1766">lacked</TOKEN>
				<TOKEN end_char="1778" id="token-6-78" start_char="1773">enough</TOKEN>
				<TOKEN end_char="1785" id="token-6-79" start_char="1780">office</TOKEN>
				<TOKEN end_char="1791" id="token-6-80" start_char="1787">space</TOKEN>
				<TOKEN end_char="1794" id="token-6-81" start_char="1793">to</TOKEN>
				<TOKEN end_char="1800" id="token-6-82" start_char="1796">house</TOKEN>
				<TOKEN end_char="1805" id="token-6-83" start_char="1802">them</TOKEN>
				<TOKEN end_char="1806" id="token-6-84" start_char="1806">.</TOKEN>
				<TOKEN end_char="1808" id="token-6-85" start_char="1808">“</TOKEN>
				<TOKEN end_char="1810" id="token-6-86" start_char="1809">We</TOKEN>
				<TOKEN end_char="1818" id="token-6-87" start_char="1812">started</TOKEN>
				<TOKEN end_char="1826" id="token-6-88" start_char="1820">putting</TOKEN>
				<TOKEN end_char="1833" id="token-6-89" start_char="1828">people</TOKEN>
				<TOKEN end_char="1836" id="token-6-90" start_char="1835">in</TOKEN>
				<TOKEN end_char="1840" id="token-6-91" start_char="1838">the</TOKEN>
				<TOKEN end_char="1848" id="token-6-92" start_char="1842">loading</TOKEN>
				<TOKEN end_char="1853" id="token-6-93" start_char="1850">dock</TOKEN>
				<TOKEN end_char="1857" id="token-6-94" start_char="1855">and</TOKEN>
				<TOKEN end_char="1861" id="token-6-95" start_char="1859">the</TOKEN>
				<TOKEN end_char="1868" id="token-6-96" start_char="1863">garage</TOKEN>
				<TOKEN end_char="1870" id="token-6-97" start_char="1869">,”</TOKEN>
				<TOKEN end_char="1873" id="token-6-98" start_char="1872">he</TOKEN>
				<TOKEN end_char="1879" id="token-6-99" start_char="1875">joked</TOKEN>
				<TOKEN end_char="1880" id="token-6-100" start_char="1880">.</TOKEN>
			</SEG>
			<SEG end_char="2136" id="20130120_WAPO_0d0a19b6-60ca-11e2-9940-6fc488f3fecd-7" start_char="1882">
				<ORIGINAL_TEXT>Findlay, who said he has been working on getting the agency a new home for seven years already, praised Tangherlini for spending six hours meeting with Director Robert S. Mueller, III and touring the Hoover Building within weeks of taking over at the GSA.</ORIGINAL_TEXT>
				<TOKEN end_char="1888" id="token-7-0" start_char="1882">Findlay</TOKEN>
				<TOKEN end_char="1889" id="token-7-1" start_char="1889">,</TOKEN>
				<TOKEN end_char="1893" id="token-7-2" start_char="1891">who</TOKEN>
				<TOKEN end_char="1898" id="token-7-3" start_char="1895">said</TOKEN>
				<TOKEN end_char="1901" id="token-7-4" start_char="1900">he</TOKEN>
				<TOKEN end_char="1905" id="token-7-5" start_char="1903">has</TOKEN>
				<TOKEN end_char="1910" id="token-7-6" start_char="1907">been</TOKEN>
				<TOKEN end_char="1918" id="token-7-7" start_char="1912">working</TOKEN>
				<TOKEN end_char="1921" id="token-7-8" start_char="1920">on</TOKEN>
				<TOKEN end_char="1929" id="token-7-9" start_char="1923">getting</TOKEN>
				<TOKEN end_char="1933" id="token-7-10" start_char="1931">the</TOKEN>
				<TOKEN end_char="1940" id="token-7-11" start_char="1935">agency</TOKEN>
				<TOKEN end_char="1942" id="token-7-12" start_char="1942">a</TOKEN>
				<TOKEN end_char="1946" id="token-7-13" start_char="1944">new</TOKEN>
				<TOKEN end_char="1951" id="token-7-14" start_char="1948">home</TOKEN>
				<TOKEN end_char="1955" id="token-7-15" start_char="1953">for</TOKEN>
				<TOKEN end_char="1961" id="token-7-16" start_char="1957">seven</TOKEN>
				<TOKEN end_char="1967" id="token-7-17" start_char="1963">years</TOKEN>
				<TOKEN end_char="1975" id="token-7-18" start_char="1969">already</TOKEN>
				<TOKEN end_char="1976" id="token-7-19" start_char="1976">,</TOKEN>
				<TOKEN end_char="1984" id="token-7-20" start_char="1978">praised</TOKEN>
				<TOKEN end_char="1996" id="token-7-21" start_char="1986">Tangherlini</TOKEN>
				<TOKEN end_char="2000" id="token-7-22" start_char="1998">for</TOKEN>
				<TOKEN end_char="2009" id="token-7-23" start_char="2002">spending</TOKEN>
				<TOKEN end_char="2013" id="token-7-24" start_char="2011">six</TOKEN>
				<TOKEN end_char="2019" id="token-7-25" start_char="2015">hours</TOKEN>
				<TOKEN end_char="2027" id="token-7-26" start_char="2021">meeting</TOKEN>
				<TOKEN end_char="2032" id="token-7-27" start_char="2029">with</TOKEN>
				<TOKEN end_char="2041" id="token-7-28" start_char="2034">Director</TOKEN>
				<TOKEN end_char="2048" id="token-7-29" start_char="2043">Robert</TOKEN>
				<TOKEN end_char="2050" id="token-7-30" start_char="2050">S</TOKEN>
				<TOKEN end_char="2051" id="token-7-31" start_char="2051">.</TOKEN>
				<TOKEN end_char="2059" id="token-7-32" start_char="2053">Mueller</TOKEN>
				<TOKEN end_char="2060" id="token-7-33" start_char="2060">,</TOKEN>
				<TOKEN end_char="2064" id="token-7-34" start_char="2062">III</TOKEN>
				<TOKEN end_char="2068" id="token-7-35" start_char="2066">and</TOKEN>
				<TOKEN end_char="2076" id="token-7-36" start_char="2070">touring</TOKEN>
				<TOKEN end_char="2080" id="token-7-37" start_char="2078">the</TOKEN>
				<TOKEN end_char="2087" id="token-7-38" start_char="2082">Hoover</TOKEN>
				<TOKEN end_char="2096" id="token-7-39" start_char="2089">Building</TOKEN>
				<TOKEN end_char="2103" id="token-7-40" start_char="2098">within</TOKEN>
				<TOKEN end_char="2109" id="token-7-41" start_char="2105">weeks</TOKEN>
				<TOKEN end_char="2112" id="token-7-42" start_char="2111">of</TOKEN>
				<TOKEN end_char="2119" id="token-7-43" start_char="2114">taking</TOKEN>
				<TOKEN end_char="2124" id="token-7-44" start_char="2121">over</TOKEN>
				<TOKEN end_char="2127" id="token-7-45" start_char="2126">at</TOKEN>
				<TOKEN end_char="2131" id="token-7-46" start_char="2129">the</TOKEN>
				<TOKEN end_char="2135" id="token-7-47" start_char="2133">GSA</TOKEN>
				<TOKEN end_char="2136" id="token-7-48" start_char="2136">.</TOKEN>
			</SEG>
			<SEG end_char="2415" id="20130120_WAPO_0d0a19b6-60ca-11e2-9940-6fc488f3fecd-8" start_char="2138">
				<ORIGINAL_TEXT>He then described the agency’s ideal landing spot: a 2.1 million-square-foot facility on 40 to 55 acres that could accommodate 11,000 employees. “We are supporters of public transit. A very small portion of headquarters workers drive in individual cars to get to work,” he said.</ORIGINAL_TEXT>
				<TOKEN end_char="2139" id="token-8-0" start_char="2138">He</TOKEN>
				<TOKEN end_char="2144" id="token-8-1" start_char="2141">then</TOKEN>
				<TOKEN end_char="2154" id="token-8-2" start_char="2146">described</TOKEN>
				<TOKEN end_char="2158" id="token-8-3" start_char="2156">the</TOKEN>
				<TOKEN end_char="2165" id="token-8-4" start_char="2160">agency</TOKEN>
				<TOKEN end_char="2166" id="token-8-5" start_char="2166">’</TOKEN>
				<TOKEN end_char="2167" id="token-8-6" start_char="2167">s</TOKEN>
				<TOKEN end_char="2173" id="token-8-7" start_char="2169">ideal</TOKEN>
				<TOKEN end_char="2181" id="token-8-8" start_char="2175">landing</TOKEN>
				<TOKEN end_char="2186" id="token-8-9" start_char="2183">spot</TOKEN>
				<TOKEN end_char="2187" id="token-8-10" start_char="2187">:</TOKEN>
				<TOKEN end_char="2189" id="token-8-11" start_char="2189">a</TOKEN>
				<TOKEN end_char="2191" id="token-8-12" start_char="2191">2</TOKEN>
				<TOKEN end_char="2192" id="token-8-13" start_char="2192">.</TOKEN>
				<TOKEN end_char="2193" id="token-8-14" start_char="2193">1</TOKEN>
				<TOKEN end_char="2201" id="token-8-15" start_char="2195">million</TOKEN>
				<TOKEN end_char="2202" id="token-8-16" start_char="2202">-</TOKEN>
				<TOKEN end_char="2208" id="token-8-17" start_char="2203">square</TOKEN>
				<TOKEN end_char="2209" id="token-8-18" start_char="2209">-</TOKEN>
				<TOKEN end_char="2213" id="token-8-19" start_char="2210">foot</TOKEN>
				<TOKEN end_char="2222" id="token-8-20" start_char="2215">facility</TOKEN>
				<TOKEN end_char="2225" id="token-8-21" start_char="2224">on</TOKEN>
				<TOKEN end_char="2228" id="token-8-22" start_char="2227">40</TOKEN>
				<TOKEN end_char="2231" id="token-8-23" start_char="2230">to</TOKEN>
				<TOKEN end_char="2234" id="token-8-24" start_char="2233">55</TOKEN>
				<TOKEN end_char="2240" id="token-8-25" start_char="2236">acres</TOKEN>
				<TOKEN end_char="2245" id="token-8-26" start_char="2242">that</TOKEN>
				<TOKEN end_char="2251" id="token-8-27" start_char="2247">could</TOKEN>
				<TOKEN end_char="2263" id="token-8-28" start_char="2253">accommodate</TOKEN>
				<TOKEN end_char="2266" id="token-8-29" start_char="2265">11</TOKEN>
				<TOKEN end_char="2267" id="token-8-30" start_char="2267">,</TOKEN>
				<TOKEN end_char="2270" id="token-8-31" start_char="2268">000</TOKEN>
				<TOKEN end_char="2280" id="token-8-32" start_char="2272">employees</TOKEN>
				<TOKEN end_char="2281" id="token-8-33" start_char="2281">.</TOKEN>
				<TOKEN end_char="2283" id="token-8-34" start_char="2283">“</TOKEN>
				<TOKEN end_char="2285" id="token-8-35" start_char="2284">We</TOKEN>
				<TOKEN end_char="2289" id="token-8-36" start_char="2287">are</TOKEN>
				<TOKEN end_char="2300" id="token-8-37" start_char="2291">supporters</TOKEN>
				<TOKEN end_char="2303" id="token-8-38" start_char="2302">of</TOKEN>
				<TOKEN end_char="2310" id="token-8-39" start_char="2305">public</TOKEN>
				<TOKEN end_char="2318" id="token-8-40" start_char="2312">transit</TOKEN>
				<TOKEN end_char="2319" id="token-8-41" start_char="2319">.</TOKEN>
				<TOKEN end_char="2321" id="token-8-42" start_char="2321">A</TOKEN>
				<TOKEN end_char="2326" id="token-8-43" start_char="2323">very</TOKEN>
				<TOKEN end_char="2332" id="token-8-44" start_char="2328">small</TOKEN>
				<TOKEN end_char="2340" id="token-8-45" start_char="2334">portion</TOKEN>
				<TOKEN end_char="2343" id="token-8-46" start_char="2342">of</TOKEN>
				<TOKEN end_char="2356" id="token-8-47" start_char="2345">headquarters</TOKEN>
				<TOKEN end_char="2364" id="token-8-48" start_char="2358">workers</TOKEN>
				<TOKEN end_char="2370" id="token-8-49" start_char="2366">drive</TOKEN>
				<TOKEN end_char="2373" id="token-8-50" start_char="2372">in</TOKEN>
				<TOKEN end_char="2384" id="token-8-51" start_char="2375">individual</TOKEN>
				<TOKEN end_char="2389" id="token-8-52" start_char="2386">cars</TOKEN>
				<TOKEN end_char="2392" id="token-8-53" start_char="2391">to</TOKEN>
				<TOKEN end_char="2396" id="token-8-54" start_char="2394">get</TOKEN>
				<TOKEN end_char="2399" id="token-8-55" start_char="2398">to</TOKEN>
				<TOKEN end_char="2404" id="token-8-56" start_char="2401">work</TOKEN>
				<TOKEN end_char="2406" id="token-8-57" start_char="2405">,”</TOKEN>
				<TOKEN end_char="2409" id="token-8-58" start_char="2408">he</TOKEN>
				<TOKEN end_char="2414" id="token-8-59" start_char="2411">said</TOKEN>
				<TOKEN end_char="2415" id="token-8-60" start_char="2415">.</TOKEN>
			</SEG>
			<SEG end_char="2746" id="20130120_WAPO_0d0a19b6-60ca-11e2-9940-6fc488f3fecd-9" start_char="2417">
				<ORIGINAL_TEXT>Responses to an initial search for private partners are due March 4, but a number of steps must be taken for the agency to actually move. The Senate passed a resolution in 2011 supporting a site of up to 55 acres within two miles of a Metro station and 2.5 miles of the Beltway, but the House has never taken corresponding action.</ORIGINAL_TEXT>
				<TOKEN end_char="2425" id="token-9-0" start_char="2417">Responses</TOKEN>
				<TOKEN end_char="2428" id="token-9-1" start_char="2427">to</TOKEN>
				<TOKEN end_char="2431" id="token-9-2" start_char="2430">an</TOKEN>
				<TOKEN end_char="2439" id="token-9-3" start_char="2433">initial</TOKEN>
				<TOKEN end_char="2446" id="token-9-4" start_char="2441">search</TOKEN>
				<TOKEN end_char="2450" id="token-9-5" start_char="2448">for</TOKEN>
				<TOKEN end_char="2458" id="token-9-6" start_char="2452">private</TOKEN>
				<TOKEN end_char="2467" id="token-9-7" start_char="2460">partners</TOKEN>
				<TOKEN end_char="2471" id="token-9-8" start_char="2469">are</TOKEN>
				<TOKEN end_char="2475" id="token-9-9" start_char="2473">due</TOKEN>
				<TOKEN end_char="2481" id="token-9-10" start_char="2477">March</TOKEN>
				<TOKEN end_char="2483" id="token-9-11" start_char="2483">4</TOKEN>
				<TOKEN end_char="2484" id="token-9-12" start_char="2484">,</TOKEN>
				<TOKEN end_char="2488" id="token-9-13" start_char="2486">but</TOKEN>
				<TOKEN end_char="2490" id="token-9-14" start_char="2490">a</TOKEN>
				<TOKEN end_char="2497" id="token-9-15" start_char="2492">number</TOKEN>
				<TOKEN end_char="2500" id="token-9-16" start_char="2499">of</TOKEN>
				<TOKEN end_char="2506" id="token-9-17" start_char="2502">steps</TOKEN>
				<TOKEN end_char="2511" id="token-9-18" start_char="2508">must</TOKEN>
				<TOKEN end_char="2514" id="token-9-19" start_char="2513">be</TOKEN>
				<TOKEN end_char="2520" id="token-9-20" start_char="2516">taken</TOKEN>
				<TOKEN end_char="2524" id="token-9-21" start_char="2522">for</TOKEN>
				<TOKEN end_char="2528" id="token-9-22" start_char="2526">the</TOKEN>
				<TOKEN end_char="2535" id="token-9-23" start_char="2530">agency</TOKEN>
				<TOKEN end_char="2538" id="token-9-24" start_char="2537">to</TOKEN>
				<TOKEN end_char="2547" id="token-9-25" start_char="2540">actually</TOKEN>
				<TOKEN end_char="2552" id="token-9-26" start_char="2549">move</TOKEN>
				<TOKEN end_char="2553" id="token-9-27" start_char="2553">.</TOKEN>
				<TOKEN end_char="2557" id="token-9-28" start_char="2555">The</TOKEN>
				<TOKEN end_char="2564" id="token-9-29" start_char="2559">Senate</TOKEN>
				<TOKEN end_char="2571" id="token-9-30" start_char="2566">passed</TOKEN>
				<TOKEN end_char="2573" id="token-9-31" start_char="2573">a</TOKEN>
				<TOKEN end_char="2584" id="token-9-32" start_char="2575">resolution</TOKEN>
				<TOKEN end_char="2587" id="token-9-33" start_char="2586">in</TOKEN>
				<TOKEN end_char="2592" id="token-9-34" start_char="2589">2011</TOKEN>
				<TOKEN end_char="2603" id="token-9-35" start_char="2594">supporting</TOKEN>
				<TOKEN end_char="2605" id="token-9-36" start_char="2605">a</TOKEN>
				<TOKEN end_char="2610" id="token-9-37" start_char="2607">site</TOKEN>
				<TOKEN end_char="2613" id="token-9-38" start_char="2612">of</TOKEN>
				<TOKEN end_char="2616" id="token-9-39" start_char="2615">up</TOKEN>
				<TOKEN end_char="2619" id="token-9-40" start_char="2618">to</TOKEN>
				<TOKEN end_char="2622" id="token-9-41" start_char="2621">55</TOKEN>
				<TOKEN end_char="2628" id="token-9-42" start_char="2624">acres</TOKEN>
				<TOKEN end_char="2635" id="token-9-43" start_char="2630">within</TOKEN>
				<TOKEN end_char="2639" id="token-9-44" start_char="2637">two</TOKEN>
				<TOKEN end_char="2645" id="token-9-45" start_char="2641">miles</TOKEN>
				<TOKEN end_char="2648" id="token-9-46" start_char="2647">of</TOKEN>
				<TOKEN end_char="2650" id="token-9-47" start_char="2650">a</TOKEN>
				<TOKEN end_char="2656" id="token-9-48" start_char="2652">Metro</TOKEN>
				<TOKEN end_char="2664" id="token-9-49" start_char="2658">station</TOKEN>
				<TOKEN end_char="2668" id="token-9-50" start_char="2666">and</TOKEN>
				<TOKEN end_char="2670" id="token-9-51" start_char="2670">2</TOKEN>
				<TOKEN end_char="2671" id="token-9-52" start_char="2671">.</TOKEN>
				<TOKEN end_char="2672" id="token-9-53" start_char="2672">5</TOKEN>
				<TOKEN end_char="2678" id="token-9-54" start_char="2674">miles</TOKEN>
				<TOKEN end_char="2681" id="token-9-55" start_char="2680">of</TOKEN>
				<TOKEN end_char="2685" id="token-9-56" start_char="2683">the</TOKEN>
				<TOKEN end_char="2693" id="token-9-57" start_char="2687">Beltway</TOKEN>
				<TOKEN end_char="2694" id="token-9-58" start_char="2694">,</TOKEN>
				<TOKEN end_char="2698" id="token-9-59" start_char="2696">but</TOKEN>
				<TOKEN end_char="2702" id="token-9-60" start_char="2700">the</TOKEN>
				<TOKEN end_char="2708" id="token-9-61" start_char="2704">House</TOKEN>
				<TOKEN end_char="2712" id="token-9-62" start_char="2710">has</TOKEN>
				<TOKEN end_char="2718" id="token-9-63" start_char="2714">never</TOKEN>
				<TOKEN end_char="2724" id="token-9-64" start_char="2720">taken</TOKEN>
				<TOKEN end_char="2738" id="token-9-65" start_char="2726">corresponding</TOKEN>
				<TOKEN end_char="2745" id="token-9-66" start_char="2740">action</TOKEN>
				<TOKEN end_char="2746" id="token-9-67" start_char="2746">.</TOKEN>
			</SEG>
			<SEG end_char="2986" id="20130120_WAPO_0d0a19b6-60ca-11e2-9940-6fc488f3fecd-10" start_char="2748">
				<ORIGINAL_TEXT>Nonetheless, developers, builders, private landowners and local economic development officials have begun lining up their shots either to acquire the 6.66-acre Hoover Building property, win the work building a new FBI headquarters or both.</ORIGINAL_TEXT>
				<TOKEN end_char="2758" id="token-10-0" start_char="2748">Nonetheless</TOKEN>
				<TOKEN end_char="2759" id="token-10-1" start_char="2759">,</TOKEN>
				<TOKEN end_char="2770" id="token-10-2" start_char="2761">developers</TOKEN>
				<TOKEN end_char="2771" id="token-10-3" start_char="2771">,</TOKEN>
				<TOKEN end_char="2780" id="token-10-4" start_char="2773">builders</TOKEN>
				<TOKEN end_char="2781" id="token-10-5" start_char="2781">,</TOKEN>
				<TOKEN end_char="2789" id="token-10-6" start_char="2783">private</TOKEN>
				<TOKEN end_char="2800" id="token-10-7" start_char="2791">landowners</TOKEN>
				<TOKEN end_char="2804" id="token-10-8" start_char="2802">and</TOKEN>
				<TOKEN end_char="2810" id="token-10-9" start_char="2806">local</TOKEN>
				<TOKEN end_char="2819" id="token-10-10" start_char="2812">economic</TOKEN>
				<TOKEN end_char="2831" id="token-10-11" start_char="2821">development</TOKEN>
				<TOKEN end_char="2841" id="token-10-12" start_char="2833">officials</TOKEN>
				<TOKEN end_char="2846" id="token-10-13" start_char="2843">have</TOKEN>
				<TOKEN end_char="2852" id="token-10-14" start_char="2848">begun</TOKEN>
				<TOKEN end_char="2859" id="token-10-15" start_char="2854">lining</TOKEN>
				<TOKEN end_char="2862" id="token-10-16" start_char="2861">up</TOKEN>
				<TOKEN end_char="2868" id="token-10-17" start_char="2864">their</TOKEN>
				<TOKEN end_char="2874" id="token-10-18" start_char="2870">shots</TOKEN>
				<TOKEN end_char="2881" id="token-10-19" start_char="2876">either</TOKEN>
				<TOKEN end_char="2884" id="token-10-20" start_char="2883">to</TOKEN>
				<TOKEN end_char="2892" id="token-10-21" start_char="2886">acquire</TOKEN>
				<TOKEN end_char="2896" id="token-10-22" start_char="2894">the</TOKEN>
				<TOKEN end_char="2898" id="token-10-23" start_char="2898">6</TOKEN>
				<TOKEN end_char="2899" id="token-10-24" start_char="2899">.</TOKEN>
				<TOKEN end_char="2901" id="token-10-25" start_char="2900">66</TOKEN>
				<TOKEN end_char="2902" id="token-10-26" start_char="2902">-</TOKEN>
				<TOKEN end_char="2906" id="token-10-27" start_char="2903">acre</TOKEN>
				<TOKEN end_char="2913" id="token-10-28" start_char="2908">Hoover</TOKEN>
				<TOKEN end_char="2922" id="token-10-29" start_char="2915">Building</TOKEN>
				<TOKEN end_char="2931" id="token-10-30" start_char="2924">property</TOKEN>
				<TOKEN end_char="2932" id="token-10-31" start_char="2932">,</TOKEN>
				<TOKEN end_char="2936" id="token-10-32" start_char="2934">win</TOKEN>
				<TOKEN end_char="2940" id="token-10-33" start_char="2938">the</TOKEN>
				<TOKEN end_char="2945" id="token-10-34" start_char="2942">work</TOKEN>
				<TOKEN end_char="2954" id="token-10-35" start_char="2947">building</TOKEN>
				<TOKEN end_char="2956" id="token-10-36" start_char="2956">a</TOKEN>
				<TOKEN end_char="2960" id="token-10-37" start_char="2958">new</TOKEN>
				<TOKEN end_char="2964" id="token-10-38" start_char="2962">FBI</TOKEN>
				<TOKEN end_char="2977" id="token-10-39" start_char="2966">headquarters</TOKEN>
				<TOKEN end_char="2980" id="token-10-40" start_char="2979">or</TOKEN>
				<TOKEN end_char="2985" id="token-10-41" start_char="2982">both</TOKEN>
				<TOKEN end_char="2986" id="token-10-42" start_char="2986">.</TOKEN>
			</SEG>
			<SEG end_char="3211" id="20130120_WAPO_0d0a19b6-60ca-11e2-9940-6fc488f3fecd-11" start_char="2988">
				<ORIGINAL_TEXT>The week prior, Virginia officials met at the urging of Rep. Jim Moran (D) to demonstrate that its members are — at least at this point — wholly united in making sure the FBI moves to the commonwealth no matter the location.</ORIGINAL_TEXT>
				<TOKEN end_char="2990" id="token-11-0" start_char="2988">The</TOKEN>
				<TOKEN end_char="2995" id="token-11-1" start_char="2992">week</TOKEN>
				<TOKEN end_char="3001" id="token-11-2" start_char="2997">prior</TOKEN>
				<TOKEN end_char="3002" id="token-11-3" start_char="3002">,</TOKEN>
				<TOKEN end_char="3011" id="token-11-4" start_char="3004">Virginia</TOKEN>
				<TOKEN end_char="3021" id="token-11-5" start_char="3013">officials</TOKEN>
				<TOKEN end_char="3025" id="token-11-6" start_char="3023">met</TOKEN>
				<TOKEN end_char="3028" id="token-11-7" start_char="3027">at</TOKEN>
				<TOKEN end_char="3032" id="token-11-8" start_char="3030">the</TOKEN>
				<TOKEN end_char="3039" id="token-11-9" start_char="3034">urging</TOKEN>
				<TOKEN end_char="3042" id="token-11-10" start_char="3041">of</TOKEN>
				<TOKEN end_char="3046" id="token-11-11" start_char="3044">Rep</TOKEN>
				<TOKEN end_char="3047" id="token-11-12" start_char="3047">.</TOKEN>
				<TOKEN end_char="3051" id="token-11-13" start_char="3049">Jim</TOKEN>
				<TOKEN end_char="3057" id="token-11-14" start_char="3053">Moran</TOKEN>
				<TOKEN end_char="3059" id="token-11-15" start_char="3059">(</TOKEN>
				<TOKEN end_char="3060" id="token-11-16" start_char="3060">D</TOKEN>
				<TOKEN end_char="3061" id="token-11-17" start_char="3061">)</TOKEN>
				<TOKEN end_char="3064" id="token-11-18" start_char="3063">to</TOKEN>
				<TOKEN end_char="3076" id="token-11-19" start_char="3066">demonstrate</TOKEN>
				<TOKEN end_char="3081" id="token-11-20" start_char="3078">that</TOKEN>
				<TOKEN end_char="3085" id="token-11-21" start_char="3083">its</TOKEN>
				<TOKEN end_char="3093" id="token-11-22" start_char="3087">members</TOKEN>
				<TOKEN end_char="3097" id="token-11-23" start_char="3095">are</TOKEN>
				<TOKEN end_char="3099" id="token-11-24" start_char="3099">—</TOKEN>
				<TOKEN end_char="3102" id="token-11-25" start_char="3101">at</TOKEN>
				<TOKEN end_char="3108" id="token-11-26" start_char="3104">least</TOKEN>
				<TOKEN end_char="3111" id="token-11-27" start_char="3110">at</TOKEN>
				<TOKEN end_char="3116" id="token-11-28" start_char="3113">this</TOKEN>
				<TOKEN end_char="3122" id="token-11-29" start_char="3118">point</TOKEN>
				<TOKEN end_char="3124" id="token-11-30" start_char="3124">—</TOKEN>
				<TOKEN end_char="3131" id="token-11-31" start_char="3126">wholly</TOKEN>
				<TOKEN end_char="3138" id="token-11-32" start_char="3133">united</TOKEN>
				<TOKEN end_char="3141" id="token-11-33" start_char="3140">in</TOKEN>
				<TOKEN end_char="3148" id="token-11-34" start_char="3143">making</TOKEN>
				<TOKEN end_char="3153" id="token-11-35" start_char="3150">sure</TOKEN>
				<TOKEN end_char="3157" id="token-11-36" start_char="3155">the</TOKEN>
				<TOKEN end_char="3161" id="token-11-37" start_char="3159">FBI</TOKEN>
				<TOKEN end_char="3167" id="token-11-38" start_char="3163">moves</TOKEN>
				<TOKEN end_char="3170" id="token-11-39" start_char="3169">to</TOKEN>
				<TOKEN end_char="3174" id="token-11-40" start_char="3172">the</TOKEN>
				<TOKEN end_char="3187" id="token-11-41" start_char="3176">commonwealth</TOKEN>
				<TOKEN end_char="3190" id="token-11-42" start_char="3189">no</TOKEN>
				<TOKEN end_char="3197" id="token-11-43" start_char="3192">matter</TOKEN>
				<TOKEN end_char="3201" id="token-11-44" start_char="3199">the</TOKEN>
				<TOKEN end_char="3210" id="token-11-45" start_char="3203">location</TOKEN>
				<TOKEN end_char="3211" id="token-11-46" start_char="3211">.</TOKEN>
			</SEG>
			<SEG end_char="3534" id="20130120_WAPO_0d0a19b6-60ca-11e2-9940-6fc488f3fecd-12" start_char="3213">
				<ORIGINAL_TEXT>Officials from the Virginia Economic Development Partnership briefed attendees of that meeting on what it considered the most attractive sites: a GSA-owned warehouse in Springfield, the Fort Belvoir North area, the CIT headquarters in Herndon, sites around Dulles Airport, Quantico and Potomac Shores property in Dumfries.</ORIGINAL_TEXT>
				<TOKEN end_char="3221" id="token-12-0" start_char="3213">Officials</TOKEN>
				<TOKEN end_char="3226" id="token-12-1" start_char="3223">from</TOKEN>
				<TOKEN end_char="3230" id="token-12-2" start_char="3228">the</TOKEN>
				<TOKEN end_char="3239" id="token-12-3" start_char="3232">Virginia</TOKEN>
				<TOKEN end_char="3248" id="token-12-4" start_char="3241">Economic</TOKEN>
				<TOKEN end_char="3260" id="token-12-5" start_char="3250">Development</TOKEN>
				<TOKEN end_char="3272" id="token-12-6" start_char="3262">Partnership</TOKEN>
				<TOKEN end_char="3280" id="token-12-7" start_char="3274">briefed</TOKEN>
				<TOKEN end_char="3290" id="token-12-8" start_char="3282">attendees</TOKEN>
				<TOKEN end_char="3293" id="token-12-9" start_char="3292">of</TOKEN>
				<TOKEN end_char="3298" id="token-12-10" start_char="3295">that</TOKEN>
				<TOKEN end_char="3306" id="token-12-11" start_char="3300">meeting</TOKEN>
				<TOKEN end_char="3309" id="token-12-12" start_char="3308">on</TOKEN>
				<TOKEN end_char="3314" id="token-12-13" start_char="3311">what</TOKEN>
				<TOKEN end_char="3317" id="token-12-14" start_char="3316">it</TOKEN>
				<TOKEN end_char="3328" id="token-12-15" start_char="3319">considered</TOKEN>
				<TOKEN end_char="3332" id="token-12-16" start_char="3330">the</TOKEN>
				<TOKEN end_char="3337" id="token-12-17" start_char="3334">most</TOKEN>
				<TOKEN end_char="3348" id="token-12-18" start_char="3339">attractive</TOKEN>
				<TOKEN end_char="3354" id="token-12-19" start_char="3350">sites</TOKEN>
				<TOKEN end_char="3355" id="token-12-20" start_char="3355">:</TOKEN>
				<TOKEN end_char="3357" id="token-12-21" start_char="3357">a</TOKEN>
				<TOKEN end_char="3361" id="token-12-22" start_char="3359">GSA</TOKEN>
				<TOKEN end_char="3362" id="token-12-23" start_char="3362">-</TOKEN>
				<TOKEN end_char="3367" id="token-12-24" start_char="3363">owned</TOKEN>
				<TOKEN end_char="3377" id="token-12-25" start_char="3369">warehouse</TOKEN>
				<TOKEN end_char="3380" id="token-12-26" start_char="3379">in</TOKEN>
				<TOKEN end_char="3392" id="token-12-27" start_char="3382">Springfield</TOKEN>
				<TOKEN end_char="3393" id="token-12-28" start_char="3393">,</TOKEN>
				<TOKEN end_char="3397" id="token-12-29" start_char="3395">the</TOKEN>
				<TOKEN end_char="3402" id="token-12-30" start_char="3399">Fort</TOKEN>
				<TOKEN end_char="3410" id="token-12-31" start_char="3404">Belvoir</TOKEN>
				<TOKEN end_char="3416" id="token-12-32" start_char="3412">North</TOKEN>
				<TOKEN end_char="3421" id="token-12-33" start_char="3418">area</TOKEN>
				<TOKEN end_char="3422" id="token-12-34" start_char="3422">,</TOKEN>
				<TOKEN end_char="3426" id="token-12-35" start_char="3424">the</TOKEN>
				<TOKEN end_char="3430" id="token-12-36" start_char="3428">CIT</TOKEN>
				<TOKEN end_char="3443" id="token-12-37" start_char="3432">headquarters</TOKEN>
				<TOKEN end_char="3446" id="token-12-38" start_char="3445">in</TOKEN>
				<TOKEN end_char="3454" id="token-12-39" start_char="3448">Herndon</TOKEN>
				<TOKEN end_char="3455" id="token-12-40" start_char="3455">,</TOKEN>
				<TOKEN end_char="3461" id="token-12-41" start_char="3457">sites</TOKEN>
				<TOKEN end_char="3468" id="token-12-42" start_char="3463">around</TOKEN>
				<TOKEN end_char="3475" id="token-12-43" start_char="3470">Dulles</TOKEN>
				<TOKEN end_char="3483" id="token-12-44" start_char="3477">Airport</TOKEN>
				<TOKEN end_char="3484" id="token-12-45" start_char="3484">,</TOKEN>
				<TOKEN end_char="3493" id="token-12-46" start_char="3486">Quantico</TOKEN>
				<TOKEN end_char="3497" id="token-12-47" start_char="3495">and</TOKEN>
				<TOKEN end_char="3505" id="token-12-48" start_char="3499">Potomac</TOKEN>
				<TOKEN end_char="3512" id="token-12-49" start_char="3507">Shores</TOKEN>
				<TOKEN end_char="3521" id="token-12-50" start_char="3514">property</TOKEN>
				<TOKEN end_char="3524" id="token-12-51" start_char="3523">in</TOKEN>
				<TOKEN end_char="3533" id="token-12-52" start_char="3526">Dumfries</TOKEN>
				<TOKEN end_char="3534" id="token-12-53" start_char="3534">.</TOKEN>
			</SEG>
			<SEG end_char="3898" id="20130120_WAPO_0d0a19b6-60ca-11e2-9940-6fc488f3fecd-13" start_char="3536">
				<ORIGINAL_TEXT>Economic development officials for Prince George’s County Executive Rushern L. Baker III (D) have been more coy about their best shot at landing the FBI. And not to be forgotten, hours before the GSA and FBI officials held their briefing, D.C. Mayor Vincent C. Gray (D) told a News Channel 8 interviewer that he thought the agency ought to remain in the District.</ORIGINAL_TEXT>
				<TOKEN end_char="3543" id="token-13-0" start_char="3536">Economic</TOKEN>
				<TOKEN end_char="3555" id="token-13-1" start_char="3545">development</TOKEN>
				<TOKEN end_char="3565" id="token-13-2" start_char="3557">officials</TOKEN>
				<TOKEN end_char="3569" id="token-13-3" start_char="3567">for</TOKEN>
				<TOKEN end_char="3576" id="token-13-4" start_char="3571">Prince</TOKEN>
				<TOKEN end_char="3583" id="token-13-5" start_char="3578">George</TOKEN>
				<TOKEN end_char="3584" id="token-13-6" start_char="3584">’</TOKEN>
				<TOKEN end_char="3585" id="token-13-7" start_char="3585">s</TOKEN>
				<TOKEN end_char="3592" id="token-13-8" start_char="3587">County</TOKEN>
				<TOKEN end_char="3602" id="token-13-9" start_char="3594">Executive</TOKEN>
				<TOKEN end_char="3610" id="token-13-10" start_char="3604">Rushern</TOKEN>
				<TOKEN end_char="3612" id="token-13-11" start_char="3612">L</TOKEN>
				<TOKEN end_char="3613" id="token-13-12" start_char="3613">.</TOKEN>
				<TOKEN end_char="3619" id="token-13-13" start_char="3615">Baker</TOKEN>
				<TOKEN end_char="3623" id="token-13-14" start_char="3621">III</TOKEN>
				<TOKEN end_char="3625" id="token-13-15" start_char="3625">(</TOKEN>
				<TOKEN end_char="3626" id="token-13-16" start_char="3626">D</TOKEN>
				<TOKEN end_char="3627" id="token-13-17" start_char="3627">)</TOKEN>
				<TOKEN end_char="3632" id="token-13-18" start_char="3629">have</TOKEN>
				<TOKEN end_char="3637" id="token-13-19" start_char="3634">been</TOKEN>
				<TOKEN end_char="3642" id="token-13-20" start_char="3639">more</TOKEN>
				<TOKEN end_char="3646" id="token-13-21" start_char="3644">coy</TOKEN>
				<TOKEN end_char="3652" id="token-13-22" start_char="3648">about</TOKEN>
				<TOKEN end_char="3658" id="token-13-23" start_char="3654">their</TOKEN>
				<TOKEN end_char="3663" id="token-13-24" start_char="3660">best</TOKEN>
				<TOKEN end_char="3668" id="token-13-25" start_char="3665">shot</TOKEN>
				<TOKEN end_char="3671" id="token-13-26" start_char="3670">at</TOKEN>
				<TOKEN end_char="3679" id="token-13-27" start_char="3673">landing</TOKEN>
				<TOKEN end_char="3683" id="token-13-28" start_char="3681">the</TOKEN>
				<TOKEN end_char="3687" id="token-13-29" start_char="3685">FBI</TOKEN>
				<TOKEN end_char="3688" id="token-13-30" start_char="3688">.</TOKEN>
				<TOKEN end_char="3692" id="token-13-31" start_char="3690">And</TOKEN>
				<TOKEN end_char="3696" id="token-13-32" start_char="3694">not</TOKEN>
				<TOKEN end_char="3699" id="token-13-33" start_char="3698">to</TOKEN>
				<TOKEN end_char="3702" id="token-13-34" start_char="3701">be</TOKEN>
				<TOKEN end_char="3712" id="token-13-35" start_char="3704">forgotten</TOKEN>
				<TOKEN end_char="3713" id="token-13-36" start_char="3713">,</TOKEN>
				<TOKEN end_char="3719" id="token-13-37" start_char="3715">hours</TOKEN>
				<TOKEN end_char="3726" id="token-13-38" start_char="3721">before</TOKEN>
				<TOKEN end_char="3730" id="token-13-39" start_char="3728">the</TOKEN>
				<TOKEN end_char="3734" id="token-13-40" start_char="3732">GSA</TOKEN>
				<TOKEN end_char="3738" id="token-13-41" start_char="3736">and</TOKEN>
				<TOKEN end_char="3742" id="token-13-42" start_char="3740">FBI</TOKEN>
				<TOKEN end_char="3752" id="token-13-43" start_char="3744">officials</TOKEN>
				<TOKEN end_char="3757" id="token-13-44" start_char="3754">held</TOKEN>
				<TOKEN end_char="3763" id="token-13-45" start_char="3759">their</TOKEN>
				<TOKEN end_char="3772" id="token-13-46" start_char="3765">briefing</TOKEN>
				<TOKEN end_char="3773" id="token-13-47" start_char="3773">,</TOKEN>
				<TOKEN end_char="3775" id="token-13-48" start_char="3775">D</TOKEN>
				<TOKEN end_char="3776" id="token-13-49" start_char="3776">.</TOKEN>
				<TOKEN end_char="3777" id="token-13-50" start_char="3777">C</TOKEN>
				<TOKEN end_char="3778" id="token-13-51" start_char="3778">.</TOKEN>
				<TOKEN end_char="3784" id="token-13-52" start_char="3780">Mayor</TOKEN>
				<TOKEN end_char="3792" id="token-13-53" start_char="3786">Vincent</TOKEN>
				<TOKEN end_char="3794" id="token-13-54" start_char="3794">C</TOKEN>
				<TOKEN end_char="3795" id="token-13-55" start_char="3795">.</TOKEN>
				<TOKEN end_char="3800" id="token-13-56" start_char="3797">Gray</TOKEN>
				<TOKEN end_char="3802" id="token-13-57" start_char="3802">(</TOKEN>
				<TOKEN end_char="3803" id="token-13-58" start_char="3803">D</TOKEN>
				<TOKEN end_char="3804" id="token-13-59" start_char="3804">)</TOKEN>
				<TOKEN end_char="3809" id="token-13-60" start_char="3806">told</TOKEN>
				<TOKEN end_char="3811" id="token-13-61" start_char="3811">a</TOKEN>
				<TOKEN end_char="3816" id="token-13-62" start_char="3813">News</TOKEN>
				<TOKEN end_char="3824" id="token-13-63" start_char="3818">Channel</TOKEN>
				<TOKEN end_char="3826" id="token-13-64" start_char="3826">8</TOKEN>
				<TOKEN end_char="3838" id="token-13-65" start_char="3828">interviewer</TOKEN>
				<TOKEN end_char="3843" id="token-13-66" start_char="3840">that</TOKEN>
				<TOKEN end_char="3846" id="token-13-67" start_char="3845">he</TOKEN>
				<TOKEN end_char="3854" id="token-13-68" start_char="3848">thought</TOKEN>
				<TOKEN end_char="3858" id="token-13-69" start_char="3856">the</TOKEN>
				<TOKEN end_char="3865" id="token-13-70" start_char="3860">agency</TOKEN>
				<TOKEN end_char="3871" id="token-13-71" start_char="3867">ought</TOKEN>
				<TOKEN end_char="3874" id="token-13-72" start_char="3873">to</TOKEN>
				<TOKEN end_char="3881" id="token-13-73" start_char="3876">remain</TOKEN>
				<TOKEN end_char="3884" id="token-13-74" start_char="3883">in</TOKEN>
				<TOKEN end_char="3888" id="token-13-75" start_char="3886">the</TOKEN>
				<TOKEN end_char="3897" id="token-13-76" start_char="3890">District</TOKEN>
				<TOKEN end_char="3898" id="token-13-77" start_char="3898">.</TOKEN>
			</SEG>
		</TEXT>
	</DOC>
</LCTL_TEXT>
